startupId,startupName,searchEngine,searchQuery,candidateURL,candidateDomain,candidateTitle,candidateType,score,scoreStatus,searchStatus,manualDecision,notes
6a72ee3ce4b0b55585a934f8,NK ENGINEERING & CONSTRUCTION COMPANY,,"""NK ENGINEERING & CONSTRUCTION COMPANY"" Nagpur official website",,,,NO_RESULT,0,NO_RESULT,GOOGLE_RELOAD_ERROR,NEEDS_REVIEW,No candidate URL found
6a6f841ce4b01a12d3b109fe,SANYAM GLOBAL (OPC) PRIVATE LIMITED,Google,"""SANYAM GLOBAL (OPC) PRIVATE LIMITED"" Nagpur official website",https://www.zaubacorp.com/SANYAM-GLOBAL-OPC-PRIVATE-LIMITED-U10795ME2026OPC474237,zaubacorp.com,Zauba Corp,DIRECTORY,0,DIRECTORY,SUCCESS,,
6a6f841ce4b01a12d3b109fe,SANYAM GLOBAL (OPC) PRIVATE LIMITED,Google,"""SANYAM GLOBAL (OPC) PRIVATE LIMITED"" Nagpur official website",https://www.zaubacorp.com/EARTHLINK-GEOSYSTEM-SOLUTIONS-PRIVATE-LIMITED-U93090MH2019PTC328905,zaubacorp.com,,DIRECTORY,0,DIRECTORY,SUCCESS,,
6a6f841ce4b01a12d3b109fe,SANYAM GLOBAL (OPC) PRIVATE LIMITED,Google,"""SANYAM GLOBAL (OPC) PRIVATE LIMITED"" Nagpur official website",https://tracxn.com/d/legal-entities/india/sanyam-global-opc-private-limited/__zJi9VLS7l4WnbJGK9yA0wi-ZBceyolFwTbEi6f1ehik,tracxn.com,SANYAM GLOBAL (OPC) PRIVATE LIMITED - Company Profile Tracxn https://tracxn.com › Discover › Legal Entities › India,DIRECTORY,0,DIRECTORY,SUCCESS,,
6a6f841ce4b01a12d3b109fe,SANYAM GLOBAL (OPC) PRIVATE LIMITED,Google,"""SANYAM GLOBAL (OPC) PRIVATE LIMITED"" Nagpur official website",https://www.falconebiz.com/company/SANYAM-GLOBAL-OPC-PRIVATE-LIMITED-U10795ME2026OPC474237,falconebiz.com,sanyam global (opc) private limited / u10795me2026opc474237 Falcon Ebiz Pvt Ltd https://www.falconebiz.com › ... › NAGPUR › 440018,WEBSITE,35,POSSIBLE_CANDIDATE|company_name_in_title,SUCCESS,,
6a6f841ce4b01a12d3b109fe,SANYAM GLOBAL (OPC) PRIVATE LIMITED,Google,"""SANYAM GLOBAL (OPC) PRIVATE LIMITED"" Nagpur official website",https://www.zaubacorp.com/company-by-address/F-NO--708--RAJAT-HIGHTS--WING-1--NAGPUR-NAGPUR-MAHARASHTRA-440030-INDIA,zaubacorp.com,F NO 708 RAJAT HIGHTS WING 1 NAGPUR ... ZaubaCorp https://www.zaubacorp.com › company-by-address › F-...,DIRECTORY,0,DIRECTORY,SUCCESS,,
6a6f841ce4b01a12d3b109fe,SANYAM GLOBAL (OPC) PRIVATE LIMITED,Google,"""SANYAM GLOBAL (OPC) PRIVATE LIMITED"" Nagpur official website",https://www.zaubacorp.com/company-by-address/F-NO--708--RAJAT-HIGHTS--WING-1--NAGPUR-NAGPUR-MAHARASHTRA-440030-INDIA#:~:text=Previous,zaubacorp.com,Read more,DIRECTORY,0,DIRECTORY,SUCCESS,,
6a6f841ce4b01a12d3b109fe,SANYAM GLOBAL (OPC) PRIVATE LIMITED,Google,"""SANYAM GLOBAL (OPC) PRIVATE LIMITED"" Nagpur official website",https://www.zaubacorp.com/company-by-address/W-NO-7-BEHIND-BARAKHOLINE-NEW-INDORA-ZOPADA--NAGPUR-NAGPUR-MAHARASHTRA-440017-INDIA,zaubacorp.com,W NO 7 BEHIND BARAKHOLINE NEW INDORA ZOPADA ... ZaubaCorp https://www.zaubacorp.com › company-by-address,DIRECTORY,0,DIRECTORY,SUCCESS,,
6a6f841ce4b01a12d3b109fe,SANYAM GLOBAL (OPC) PRIVATE LIMITED,Google,"""SANYAM GLOBAL (OPC) PRIVATE LIMITED"" Nagpur official website",https://www.zaubacorp.com/company-by-address/W-NO-7-BEHIND-BARAKHOLINE-NEW-INDORA-ZOPADA--NAGPUR-NAGPUR-MAHARASHTRA-440017-INDIA#:~:text=Previous,zaubacorp.com,Read more,DIRECTORY,0,DIRECTORY,SUCCESS,,
6a6f841ce4b01a12d3b109fe,SANYAM GLOBAL (OPC) PRIVATE LIMITED,Google,"""SANYAM GLOBAL (OPC) PRIVATE LIMITED"" Nagpur official website",https://www.zaubacorp.com/company-by-address/BUNGLOW-NO--D-25-ANTILLA-SANDESH-CITY-NAGPUR-NAGPUR-MAHARASHTRA-441122-INDIA,zaubacorp.com,BUNGLOW NO D 25 ANTILLA SANDESH CITY NAGPUR ... ZaubaCorp https://www.zaubacorp.com › company-by-address › B...,DIRECTORY,0,DIRECTORY,SUCCESS,,
6a6f841ce4b01a12d3b109fe,SANYAM GLOBAL (OPC) PRIVATE LIMITED,Google,"""SANYAM GLOBAL (OPC) PRIVATE LIMITED"" Nagpur official website",https://www.zaubacorp.com/company-by-address/BUNGLOW-NO--D-25-ANTILLA-SANDESH-CITY-NAGPUR-NAGPUR-MAHARASHTRA-441122-INDIA#:~:text=Previous,zaubacorp.com,Read more,DIRECTORY,0,DIRECTORY,SUCCESS,,
6a6c5386e4b01a12d3b051cc,ASTRAKIT TRADING AND MANPOWER SERVICES LLP,Google,"""ASTRAKIT TRADING AND MANPOWER SERVICES LLP"" Nagpur official website",https://www.falconebiz.com/LLP/ASTRAKIT-TRADING-AND-MANPOWER-SERVICES-LLP-ACR-6342,falconebiz.com,,WEBSITE,5,WEAK_CANDIDATE|,SUCCESS,,
6a6c5386e4b01a12d3b051cc,ASTRAKIT TRADING AND MANPOWER SERVICES LLP,Google,"""ASTRAKIT TRADING AND MANPOWER SERVICES LLP"" Nagpur official website",https://www.zaubacorp.com/companies-A-3298,zaubacorp.com,,DIRECTORY,0,DIRECTORY,SUCCESS,,
6a6c5386e4b01a12d3b051cc,ASTRAKIT TRADING AND MANPOWER SERVICES LLP,Google,"""ASTRAKIT TRADING AND MANPOWER SERVICES LLP"" Nagpur official website",https://www.zaubacorp.com/ASTRAKIT-TRADING-AND-MANPOWER-SERVICES-LLP-ACR-6342,zaubacorp.com,,DIRECTORY,0,DIRECTORY,SUCCESS,,
6a6c5386e4b01a12d3b051cc,ASTRAKIT TRADING AND MANPOWER SERVICES LLP,Google,"""ASTRAKIT TRADING AND MANPOWER SERVICES LLP"" Nagpur official website","https://www.falconebiz.com/LLP/ASTRAKIT-TRADING-AND-MANPOWER-SERVICES-LLP-ACR-6342#:~:text=ASTRAKIT%20TRADING%20AND%20MANPOWER%20SERVICES,MCA%20on%2025th%20September%2C%202025.",falconebiz.com,Read more,WEBSITE,5,WEAK_CANDIDATE|,SUCCESS,,
6a6c5386e4b01a12d3b051cc,ASTRAKIT TRADING AND MANPOWER SERVICES LLP,Google,"""ASTRAKIT TRADING AND MANPOWER SERVICES LLP"" Nagpur official website",https://www.zaubacorp.com/company-by-address/4B-605-PLOT-NO-R1-KH-NO-6-1-SDPL-ASHRAY-BELTARODI-NAGPUR-NAGPUR-MAHARASHTRA-440037-INDIA,zaubacorp.com,4B 605 PLOT NO R1 KH NO 6 1 SDPL ASHRAY ... ZaubaCorp https://www.zaubacorp.com › company-by-address › 4...,DIRECTORY,0,DIRECTORY,SUCCESS,,
6a6c5386e4b01a12d3b051cc,ASTRAKIT TRADING AND MANPOWER SERVICES LLP,Google,"""ASTRAKIT TRADING AND MANPOWER SERVICES LLP"" Nagpur official website",https://www.zaubacorp.com/company-by-address/4B-605-PLOT-NO-R1-KH-NO-6-1-SDPL-ASHRAY-BELTARODI-NAGPUR-NAGPUR-MAHARASHTRA-440037-INDIA#:~:text=Previous,zaubacorp.com,Read more,DIRECTORY,0,DIRECTORY,SUCCESS,,
6a6c5386e4b01a12d3b051cc,ASTRAKIT TRADING AND MANPOWER SERVICES LLP,Google,"""ASTRAKIT TRADING AND MANPOWER SERVICES LLP"" Nagpur official website",https://www.zaubacorp.com/company-by-address/SHOP-NO-101-102-SHRIRAM-SHYAM-TOWER-KINGSWAY-SADAR-NAGPUR-URBAN-NAGPUR-NAGPUR-MAHARASHTRA-440001-INDIA,zaubacorp.com,SHOP NO 101 102 SHRIRAM SHYAM TOWER ... ZaubaCorp https://www.zaubacorp.com › company-by-address › S...,DIRECTORY,0,DIRECTORY,SUCCESS,,
6a6c5386e4b01a12d3b051cc,ASTRAKIT TRADING AND MANPOWER SERVICES LLP,Google,"""ASTRAKIT TRADING AND MANPOWER SERVICES LLP"" Nagpur official website",https://www.zaubacorp.com/company-by-address/SHOP-NO-101-102-SHRIRAM-SHYAM-TOWER-KINGSWAY-SADAR-NAGPUR-URBAN-NAGPUR-NAGPUR-MAHARASHTRA-440001-INDIA#:~:text=Previous,zaubacorp.com,Read more,DIRECTORY,0,DIRECTORY,SUCCESS,,
6a6c5386e4b01a12d3b051cc,ASTRAKIT TRADING AND MANPOWER SERVICES LLP,Google,"""ASTRAKIT TRADING AND MANPOWER SERVICES LLP"" Nagpur official website","https://www.zaubacorp.com/companies-A-3298#:~:text=ASTRAKIT%20TRADING%20AND%20MANPOWER%20SERVICES,1ST%20FLOOR%2CRAJESHWAR%20PARK%2C%20SHRIRAM%20R%2CNagpur%2CNagpur%2CMaharashtra%2CIndia%2D440037",zaubacorp.com,Read more,DIRECTORY,0,DIRECTORY,SUCCESS,,
6a6c5386e4b01a12d3b051cc,ASTRAKIT TRADING AND MANPOWER SERVICES LLP,Google,"""ASTRAKIT TRADING AND MANPOWER SERVICES LLP"" Nagpur official website",https://www.zaubacorp.com/company-by-address/KHASRA-NO--135-3-BELTARODI-NAGPUR-NAGPUR-MAHARASHTRA-INDIA-440037,zaubacorp.com,Companies at address KHASRA NO 135 3 BELTARODI ... ZaubaCorp https://www.zaubacorp.com › company-by-address › K...,DIRECTORY,0,DIRECTORY,SUCCESS,,
6a6b4c0de4b01a12d3b01328,COFFEE PROJECT PRIVATE LIMITED,Google,"""COFFEE PROJECT PRIVATE LIMITED"" Nagpur official website",https://tracxn.com/d/legal-entities/india/coffee-project-private-limited/__G-3JMseFzcBxhHOGVNsIlxdcvUScEj62ycU5p2-5hD8,tracxn.com,,DIRECTORY,0,DIRECTORY,SUCCESS,,
6a6b4c0de4b01a12d3b01328,COFFEE PROJECT PRIVATE LIMITED,Google,"""COFFEE PROJECT PRIVATE LIMITED"" Nagpur official website",https://www.zaubacorp.com/COFFEE-PROJECT-PRIVATE-LIMITED-U56102MH2025PTC448359,zaubacorp.com,ZaubaCorp,DIRECTORY,0,DIRECTORY,SUCCESS,,
6a6b4c0de4b01a12d3b01328,COFFEE PROJECT PRIVATE LIMITED,Google,"""COFFEE PROJECT PRIVATE LIMITED"" Nagpur official website",https://www.filesure.in/company/coffee-project-private-limited/U56102MH2025PTC448359?tab=about,filesure.in,FileSure,WEBSITE,5,WEAK_CANDIDATE|,SUCCESS,,
6a6b4c0de4b01a12d3b01328,COFFEE PROJECT PRIVATE LIMITED,Google,"""COFFEE PROJECT PRIVATE LIMITED"" Nagpur official website",https://www.tofler.in/pocketly-infotech-private-limited/company/U72900MH2019PTC333380,tofler.in,,DIRECTORY,0,DIRECTORY,SUCCESS,,
6a6b4c0de4b01a12d3b01328,COFFEE PROJECT PRIVATE LIMITED,Google,"""COFFEE PROJECT PRIVATE LIMITED"" Nagpur official website",https://tracxn.com/d/legal-entities/india/coffee-project-private-limited/__G-3JMseFzcBxhHOGVNsIlxdcvUScEj62ycU5p2-5hD8#:~:text=Who%20are%20the%20authorized%20signatories,tracxn.com,Read more,DIRECTORY,0,DIRECTORY,SUCCESS,,
6a6b4c0de4b01a12d3b01328,COFFEE PROJECT PRIVATE LIMITED,Google,"""COFFEE PROJECT PRIVATE LIMITED"" Nagpur official website","https://www.filesure.in/company/coffee-project-private-limited/U56102MH2025PTC448359?tab=about#:~:text=COFFEE%20PROJECT%20PRIVATE%20LIMITED%20is,ACTIVITIES%20based%20in%20Nagpur%2C%20India.",filesure.in,Read more,WEBSITE,5,WEAK_CANDIDATE|,SUCCESS,,
6a6b4c0de4b01a12d3b01328,COFFEE PROJECT PRIVATE LIMITED,Google,"""COFFEE PROJECT PRIVATE LIMITED"" Nagpur official website",https://www.falconebiz.com/company/COFFEE-PROJECT-PRIVATE-LIMITED-U56102MH2025PTC448359,falconebiz.com,coffee project private limited / u56102mh2025ptc448359 Falcon Ebiz Pvt Ltd https://www.falconebiz.com › ... › NAGPUR › 440001,WEBSITE,35,POSSIBLE_CANDIDATE|company_name_in_title,SUCCESS,,
6a6b4c0de4b01a12d3b01328,COFFEE PROJECT PRIVATE LIMITED,Google,"""COFFEE PROJECT PRIVATE LIMITED"" Nagpur official website","https://www.falconebiz.com/company/COFFEE-PROJECT-PRIVATE-LIMITED-U56102MH2025PTC448359#:~:text=COFFEE%20PROJECT%20PRIVATE%20LIMITED%20having,MCA%20on%2015th%20May%2C%202025.",falconebiz.com,Read more,WEBSITE,5,WEAK_CANDIDATE|,SUCCESS,,
6a6b4c0de4b01a12d3b01328,COFFEE PROJECT PRIVATE LIMITED,Google,"""COFFEE PROJECT PRIVATE LIMITED"" Nagpur official website",https://www.zaubacorp.com/company-by-address/BLOCK-NO--7--MANGALWARI-COMPLEX-SADAR-----NAGPUR--MAHARASHTRA--INDIA---440001,zaubacorp.com,BLOCK NO 7 MANGALWARI COMPLEX SADAR NAGPUR ... ZaubaCorp https://www.zaubacorp.com › company-by-address › B...,DIRECTORY,0,DIRECTORY,SUCCESS,,
6a6b4c0de4b01a12d3b01328,COFFEE PROJECT PRIVATE LIMITED,Google,"""COFFEE PROJECT PRIVATE LIMITED"" Nagpur official website","https://www.zaubacorp.com/company-by-address/BLOCK-NO--7--MANGALWARI-COMPLEX-SADAR-----NAGPUR--MAHARASHTRA--INDIA---440001#:~:text=Previous&text=Regulatory%20%26%20Government,Copyright%20%C2%A9%202026%20Zauba%20Corp.",zaubacorp.com,Read more,DIRECTORY,0,DIRECTORY,SUCCESS,,
6a6b0e78e4b01a12d3afe77f,IR ENTERPRISES,Google,"""IR ENTERPRISES"" Nagpur official website",https://www.justdial.com/Mumbai/I-R-Enterprises-near-shankara-colony-Mankhurd/022PXX22-XX22-170323192606-D2J2_BZDET,justdial.com,,DIRECTORY,0,DIRECTORY,SUCCESS,,
6a6b0e78e4b01a12d3afe77f,IR ENTERPRISES,Google,"""IR ENTERPRISES"" Nagpur official website",https://www.instagram.com/p/DX53_mnjwTr/,instagram.com,,DIRECTORY,0,DIRECTORY,SUCCESS,,
6a6b0e78e4b01a12d3afe77f,IR ENTERPRISES,Google,"""IR ENTERPRISES"" Nagpur official website",https://www.justdial.com/Nagpur/Cooler-Kit-Manufacturers/nct-10136799,justdial.com,Top Cooler Kit Manufacturers in Nagpur near me Justdial https://www.justdial.com › ... › 7+ Listings,DIRECTORY,0,DIRECTORY,SUCCESS,,
6a6b0e78e4b01a12d3afe77f,IR ENTERPRISES,Google,"""IR ENTERPRISES"" Nagpur official website","https://www.justdial.com/Nagpur/Cooler-Kit-Manufacturers/nct-10136799#:~:text=8%20Yrs%20in%20Business,Call%20Now",justdial.com,Read more,DIRECTORY,0,DIRECTORY,SUCCESS,,
6a6b0e78e4b01a12d3afe77f,IR ENTERPRISES,Google,"""IR ENTERPRISES"" Nagpur official website",https://www.justdial.com/Jabalpur/I-R-Enterprises-Near-Bhura-Jewller-Gorakhpur/9999PX761-X761-150320184527-G8X1_BZDET,justdial.com,IR Enterprises - CCTV Installation Services In Jabalpur Justdial https://www.justdial.com › Jabalpur › I-R-Enterprises-Ne...,DIRECTORY,0,DIRECTORY,SUCCESS,,
6a6b0e78e4b01a12d3afe77f,IR ENTERPRISES,Google,"""IR ENTERPRISES"" Nagpur official website",https://in.linkedin.com/in/er-abdur-rahman-9ba185182,in.linkedin.com,Er Abdur Rahman - Civil Engineer | Project Execution LinkedIn · Er Abdur Rahman 160+ followers,DIRECTORY,0,DIRECTORY,SUCCESS,,
6a6b0e78e4b01a12d3afe77f,IR ENTERPRISES,Google,"""IR ENTERPRISES"" Nagpur official website","https://in.linkedin.com/in/er-abdur-rahman-9ba185182#:~:text=Site%20Engineer,2%20years%203%20months",in.linkedin.com,Read more,DIRECTORY,0,DIRECTORY,SUCCESS,,
6a6b0e78e4b01a12d3afe77f,IR ENTERPRISES,Google,"""IR ENTERPRISES"" Nagpur official website","https://www.instagram.com/p/DX53_mnjwTr/#:~:text=%F0%9F%93%8D%20Nagpur%2C%20Maharashtra,wholesale%20rates%20%26%20business%20enquiries.&text=T%26T%20a%20unit%20of%20IR,ENTERPRISES%20Trusted%20Quality.%20Better%20Performance.",instagram.com,Read more,DIRECTORY,0,DIRECTORY,SUCCESS,,
6a6b0e78e4b01a12d3afe77f,IR ENTERPRISES,Google,"""IR ENTERPRISES"" Nagpur official website",https://www.facebook.com/skylarkbattery/videos/%E0%A4%85%E0%A4%AC-%E0%A4%B9%E0%A4%B0-%E0%A4%97%E0%A4%BE%E0%A4%82%E0%A4%B5-%E0%A4%94%E0%A4%B0-%E0%A4%98%E0%A4%B0-%E0%A4%B9%E0%A5%8B%E0%A4%97%E0%A4%BE-%E0%A4%B0%E0%A5%8B%E0%A4%B6%E0%A4%A8-skylark-%E0%A4%95%E0%A5%87-%E0%A4%B8%E0%A4%BE%E0%A4%A5-%E0%A4%AA%E0%A4%BE%E0%A4%87%E0%A4%8F-%E0%A4%B8%E0%A4%AE%E0%A5%8D%E0%A4%AA%E0%A5%82%E0%A4%B0%E0%A5%8D%E0%A4%A3-%E0%A4%B8%E0%A5%8C%E0%A4%B0-%E0%A4%B8%E0%A4%AE%E0%A4%BE%E0%A4%A7%E0%A4%BE%E0%A4%A8-%E0%A4%94%E0%A4%B0-%E0%A4%9C%E0%A5%80%E0%A4%B5%E0%A4%A8-%E0%A4%AC%E0%A4%A8%E0%A4%BE%E0%A4%87%E0%A4%8F/1070160983513588/,facebook.com,अब हर गांव और घर होगा रोशन Skylark के साथ। पाइए सम्पूर्ण सौर ... Facebook · Skylark Battery 30+ reactions · 5 years ago,DIRECTORY,0,DIRECTORY,SUCCESS,,
6a6b0e78e4b01a12d3afe77f,IR ENTERPRISES,Google,"""IR ENTERPRISES"" Nagpur official website",https://www.justdial.com/Mumbai/I-R-Enterprises-Dharavi/022PXX22-XX22-200610132219-V6T1_BZDET,justdial.com,,DIRECTORY,0,DIRECTORY,SUCCESS,,
6a50c504e4b061f5fedf6ac3,MEENADEEP EXPERIENCES PRIVATE LIMITED,Google,"""MEENADEEP EXPERIENCES PRIVATE LIMITED"" Nagpur official website",https://www.falconebiz.com/company/MEENADEEP-EXPERIENCES-PRIVATE-LIMITED-U52291ME2026PTC475400,falconebiz.com,Falcon Ebiz,WEBSITE,5,WEAK_CANDIDATE|,SUCCESS,,
6a50c504e4b061f5fedf6ac3,MEENADEEP EXPERIENCES PRIVATE LIMITED,Google,"""MEENADEEP EXPERIENCES PRIVATE LIMITED"" Nagpur official website",https://internshala.com/internships-for-women/business-development-internship/,internshala.com,Business Development Internships for Women Internshala https://internshala.com › internships-for-women › busine...,WEBSITE,5,WEAK_CANDIDATE|,SUCCESS,,
6a50c504e4b061f5fedf6ac3,MEENADEEP EXPERIENCES PRIVATE LIMITED,Google,"""MEENADEEP EXPERIENCES PRIVATE LIMITED"" Nagpur official website","https://internshala.com/internships-for-women/business-development-internship/#:~:text=Growth%20%26%20Operations%20%2D%20Travel,Delhi%2C%20Gurgaon%20(Hybrid)",internshala.com,Read more,WEBSITE,5,WEAK_CANDIDATE|,SUCCESS,,
6a50c504e4b061f5fedf6ac3,MEENADEEP EXPERIENCES PRIVATE LIMITED,Google,"""MEENADEEP EXPERIENCES PRIVATE LIMITED"" Nagpur official website",https://internshala.com/internships-for-women/part-timepart-time-analytics-internship-in-dwarka/,internshala.com,Top 623 Paid Internships for Women in Dwarka Internshala https://internshala.com › internships-for-women › part-ti...,WEBSITE,5,WEAK_CANDIDATE|,SUCCESS,,
6a50c504e4b061f5fedf6ac3,MEENADEEP EXPERIENCES PRIVATE LIMITED,Google,"""MEENADEEP EXPERIENCES PRIVATE LIMITED"" Nagpur official website","https://internshala.com/internships-for-women/part-timepart-time-analytics-internship-in-dwarka/#:~:text=Growth%20%26%20Operations%20%2D%20Travel,Delhi%2C%20Gurgaon%20(Hybrid)",internshala.com,Read more,WEBSITE,5,WEAK_CANDIDATE|,SUCCESS,,
6a4f4b45e4b061f5feded1ec,SHIVAKHYA INFRA PRIVATE LIMITED,Google,"""SHIVAKHYA INFRA PRIVATE LIMITED"" Nagpur official website",https://www.zaubacorp.com/company-by-address/103--MAA-BHAGWATI-NAGAR-----NAGPUR--MAHARASHTRA--INDIA---440034,zaubacorp.com,Zauba Corp,DIRECTORY,0,DIRECTORY,SUCCESS,,
6a4f4b45e4b061f5feded1ec,SHIVAKHYA INFRA PRIVATE LIMITED,Google,"""SHIVAKHYA INFRA PRIVATE LIMITED"" Nagpur official website",https://www.falconebiz.com/company/SHIVAKHYA-INFRA-PRIVATE-LIMITED-U42101ME2026PTC474775,falconebiz.com,FalconeBiz,WEBSITE,5,WEAK_CANDIDATE|,SUCCESS,,
6a4f4b45e4b061f5feded1ec,SHIVAKHYA INFRA PRIVATE LIMITED,Google,"""SHIVAKHYA INFRA PRIVATE LIMITED"" Nagpur official website",https://www.planetexim.net/indian-company/shivakhya-infra-private-limited/cin/U42101ME2026PTC474775.html,planetexim.net,,WEBSITE,5,WEAK_CANDIDATE|,SUCCESS,,
6a4f4b45e4b061f5feded1ec,SHIVAKHYA INFRA PRIVATE LIMITED,Google,"""SHIVAKHYA INFRA PRIVATE LIMITED"" Nagpur official website",https://www.zaubacorp.com/company-by-address/103--MAA-BHAGWATI-NAGAR-----NAGPUR--MAHARASHTRA--INDIA---440034#:~:text=Previous,zaubacorp.com,Read more,DIRECTORY,0,DIRECTORY,SUCCESS,,
6a4f4b45e4b061f5feded1ec,SHIVAKHYA INFRA PRIVATE LIMITED,Google,"""SHIVAKHYA INFRA PRIVATE LIMITED"" Nagpur official website",https://www.zaubacorp.com/company-by-address/110-SHRI-RAM-NAGAR-RING-ROAD-NAGPUR-NAGPUR-MAHARASHTRA-INDIA-440034,zaubacorp.com,110 SHRI RAM NAGAR RING ROAD NAGPUR ... ZaubaCorp https://www.zaubacorp.com › company-by-address › 1...,DIRECTORY,0,DIRECTORY,SUCCESS,,
6a4f4b45e4b061f5feded1ec,SHIVAKHYA INFRA PRIVATE LIMITED,Google,"""SHIVAKHYA INFRA PRIVATE LIMITED"" Nagpur official website","https://www.zaubacorp.com/company-by-address/110-SHRI-RAM-NAGAR-RING-ROAD-NAGPUR-NAGPUR-MAHARASHTRA-INDIA-440034#:~:text=Previous&text=Regulatory%20%26%20Government,Copyright%20%C2%A9%202026%20Zauba%20Corp.",zaubacorp.com,Read more,DIRECTORY,0,DIRECTORY,SUCCESS,,
6a4f4b45e4b061f5feded1ec,SHIVAKHYA INFRA PRIVATE LIMITED,Google,"""SHIVAKHYA INFRA PRIVATE LIMITED"" Nagpur official website",https://www.zaubacorp.com/company-by-address/A-7-RAMKRUSHNA-NAGAR-NAGPUR-NAGPUR-MAHARASHTRA-440034-INDIA,zaubacorp.com,Companies at address A 7 RAMKRUSHNA NAGAR ... ZaubaCorp https://www.zaubacorp.com › company-by-address › A...,DIRECTORY,0,DIRECTORY,SUCCESS,,
6a4f4b45e4b061f5feded1ec,SHIVAKHYA INFRA PRIVATE LIMITED,Google,"""SHIVAKHYA INFRA PRIVATE LIMITED"" Nagpur official website","https://www.zaubacorp.com/company-by-address/A-7-RAMKRUSHNA-NAGAR-NAGPUR-NAGPUR-MAHARASHTRA-440034-INDIA#:~:text=Previous&text=Regulatory%20%26%20Government,Copyright%20%C2%A9%202026%20Zauba%20Corp.",zaubacorp.com,Read more,DIRECTORY,0,DIRECTORY,SUCCESS,,
6a4f4b45e4b061f5feded1ec,SHIVAKHYA INFRA PRIVATE LIMITED,Google,"""SHIVAKHYA INFRA PRIVATE LIMITED"" Nagpur official website",https://www.zaubacorp.com/company-by-address/32--CHANDRA-NAGAR-NAGPUR-NAGPUR-NAGPUR-MAHARASHTRA-440008-INDIA,zaubacorp.com,Companies at address 32 CHANDRA NAGAR NAGPUR ... ZaubaCorp https://www.zaubacorp.com › company-by-address › 3...,DIRECTORY,0,DIRECTORY,SUCCESS,,
6a4f4b45e4b061f5feded1ec,SHIVAKHYA INFRA PRIVATE LIMITED,Google,"""SHIVAKHYA INFRA PRIVATE LIMITED"" Nagpur official website",https://www.zaubacorp.com/company-by-address/32--CHANDRA-NAGAR-NAGPUR-NAGPUR-NAGPUR-MAHARASHTRA-440008-INDIA#:~:text=Previous,zaubacorp.com,Read more,DIRECTORY,0,DIRECTORY,SUCCESS,,
6a4f3e36e4b061f5fedeca61,UNIVERSAL REALTY FARM &amp; RESORT (OPC) PRIVATE LIMITED,Google,"""UNIVERSAL REALTY FARM &amp; RESORT (OPC) PRIVATE LIMITED"" Nagpur official website",https://www.indiafilings.com/search/universal-realty-farm-resort-opc-private-limited-cin-U68200MH2025OPC462562,indiafilings.com,IndiaFilings,DIRECTORY,0,DIRECTORY,SUCCESS,,
6a4f3e36e4b061f5fedeca61,UNIVERSAL REALTY FARM &amp; RESORT (OPC) PRIVATE LIMITED,Google,"""UNIVERSAL REALTY FARM &amp; RESORT (OPC) PRIVATE LIMITED"" Nagpur official website",https://www.zaubacorp.com/companies-UNIVERSA-11,zaubacorp.com,ZaubaCorp,DIRECTORY,0,DIRECTORY,SUCCESS,,
6a4f3e36e4b061f5fedeca61,UNIVERSAL REALTY FARM &amp; RESORT (OPC) PRIVATE LIMITED,Google,"""UNIVERSAL REALTY FARM &amp; RESORT (OPC) PRIVATE LIMITED"" Nagpur official website",https://www.facebook.com/BusinessNetworks.in/videos/become-a-franchise-manager-with-universal-realty-farm-resort-pvt-ltdfranchise-fe/1464390965276524/,facebook.com,,DIRECTORY,0,DIRECTORY,SUCCESS,,
6a4f3e36e4b061f5fedeca61,UNIVERSAL REALTY FARM &amp; RESORT (OPC) PRIVATE LIMITED,Google,"""UNIVERSAL REALTY FARM &amp; RESORT (OPC) PRIVATE LIMITED"" Nagpur official website",https://universalrealty.co.in/,universalrealty.co.in,Universal realty universalrealty.co.in https://universalrealty.co.in,WEBSITE,85,"STRONG_CANDIDATE|company_name_in_domain,company_name_in_title",SUCCESS,,
6a4f3e36e4b061f5fedeca61,UNIVERSAL REALTY FARM &amp; RESORT (OPC) PRIVATE LIMITED,Google,"""UNIVERSAL REALTY FARM &amp; RESORT (OPC) PRIVATE LIMITED"" Nagpur official website",https://www.falconebiz.com/company/UNIVERSAL-REALTY-FARM-RESORT-OPC-PRIVATE-LIMITED-U68200MH2025OPC462562,falconebiz.com,universal realty farm & resort (opc) private limited Falcon Ebiz Pvt Ltd https://www.falconebiz.com › ... › NAGPUR › 441102,WEBSITE,35,POSSIBLE_CANDIDATE|company_name_in_title,SUCCESS,,
6a4f3e36e4b061f5fedeca61,UNIVERSAL REALTY FARM &amp; RESORT (OPC) PRIVATE LIMITED,Google,"""UNIVERSAL REALTY FARM &amp; RESORT (OPC) PRIVATE LIMITED"" Nagpur official website","https://www.falconebiz.com/company/UNIVERSAL-REALTY-FARM-RESORT-OPC-PRIVATE-LIMITED-U68200MH2025OPC462562#:~:text=4%2C%20Aai%20Saheb%20Palace%2C%20Khaperkheda%2C,Contact%20Number",falconebiz.com,Read more,WEBSITE,5,WEAK_CANDIDATE|,SUCCESS,,
6a4f3e36e4b061f5fedeca61,UNIVERSAL REALTY FARM &amp; RESORT (OPC) PRIVATE LIMITED,Google,"""UNIVERSAL REALTY FARM &amp; RESORT (OPC) PRIVATE LIMITED"" Nagpur official website",https://www.zaubacorp.com/company/UNIVERSAL-HOUSE-PRIVATE-LIMITED/U45209MH2012PTC237828,zaubacorp.com,UNIVERSAL HOUSE PRIVATE LIMITED ZaubaCorp https://www.zaubacorp.com › company › UNIVERSAL...,DIRECTORY,0,DIRECTORY,SUCCESS,,
6a4f3e36e4b061f5fedeca61,UNIVERSAL REALTY FARM &amp; RESORT (OPC) PRIVATE LIMITED,Google,"""UNIVERSAL REALTY FARM &amp; RESORT (OPC) PRIVATE LIMITED"" Nagpur official website",https://tracxn.com/d/legal-entities/india/universal-realty-farm-resort-opc-private-limited/__6dHAKFEpa1CCjci_nKfWZWB3a1rrwc904Enm7i5jJFY,tracxn.com,UNIVERSAL REALTY FARM & RESORT (OPC) PRIVATE ... Tracxn https://tracxn.com › Discover › Legal Entities › India,DIRECTORY,0,DIRECTORY,SUCCESS,,
6a4f3e36e4b061f5fedeca61,UNIVERSAL REALTY FARM &amp; RESORT (OPC) PRIVATE LIMITED,Google,"""UNIVERSAL REALTY FARM &amp; RESORT (OPC) PRIVATE LIMITED"" Nagpur official website",https://tracxn.com/d/legal-entities/india/universal-realty-farm-resort-opc-private-limited/__6dHAKFEpa1CCjci_nKfWZWB3a1rrwc904Enm7i5jJFY#:~:text=Who%20are%20the%20authorized%20signatories,tracxn.com,Read more,DIRECTORY,0,DIRECTORY,SUCCESS,,
6a4f3e36e4b061f5fedeca61,UNIVERSAL REALTY FARM &amp; RESORT (OPC) PRIVATE LIMITED,Google,"""UNIVERSAL REALTY FARM &amp; RESORT (OPC) PRIVATE LIMITED"" Nagpur official website",https://www.universalrealty.co.in/blog-description,universalrealty.co.in,Universal realty universalrealty.co.in https://www.universalrealty.co.in › blog-description,WEBSITE,85,"STRONG_CANDIDATE|company_name_in_domain,company_name_in_title",SUCCESS,,
6a4bd358e4b0359e44e42daf,DEVDATTA PRODUCTION PRIVATE LIMITED,Google,"""DEVDATTA PRODUCTION PRIVATE LIMITED"" Nagpur official website",https://www.falconebiz.com/company/DEVDATTA-PRODUCTION-PRIVATE-LIMITED-U90009MH2023PTC416212,falconebiz.com,devdatta production private limited Falcon Ebiz Pvt Ltd https://www.falconebiz.com › ... › NAGPUR › 440008,WEBSITE,35,POSSIBLE_CANDIDATE|company_name_in_title,SUCCESS,,
6a4bd358e4b0359e44e42daf,DEVDATTA PRODUCTION PRIVATE LIMITED,Google,"""DEVDATTA PRODUCTION PRIVATE LIMITED"" Nagpur official website","https://www.falconebiz.com/company/DEVDATTA-PRODUCTION-PRIVATE-LIMITED-U90009MH2023PTC416212#:~:text=Plot%20No%2D627%2C%20Old%20Bagadganj%2C%20Dhawde,Nagpur%2C%20Nagpur%2C%20Maharashtra%2C%20India%2C%20440008.",falconebiz.com,Read more,WEBSITE,5,WEAK_CANDIDATE|,SUCCESS,,
6a4bd358e4b0359e44e42daf,DEVDATTA PRODUCTION PRIVATE LIMITED,Google,"""DEVDATTA PRODUCTION PRIVATE LIMITED"" Nagpur official website",https://tracxn.com/d/legal-entities/india/devdatta-production-private-limited/__8LvDmbJYLVsC4-zX2m09aLGUGOZaDV5PPglphAC_Od4,tracxn.com,DEVDATTA PRODUCTION PRIVATE LIMITED - Company ... Tracxn https://tracxn.com › Discover › Legal Entities › India,DIRECTORY,0,DIRECTORY,SUCCESS,,
6a4bd358e4b0359e44e42daf,DEVDATTA PRODUCTION PRIVATE LIMITED,Google,"""DEVDATTA PRODUCTION PRIVATE LIMITED"" Nagpur official website",https://tracxn.com/d/legal-entities/india/devdatta-production-private-limited/__8LvDmbJYLVsC4-zX2m09aLGUGOZaDV5PPglphAC_Od4#:~:text=Explore%20our%20recently%20published%20Legal,tracxn.com,Read more,DIRECTORY,0,DIRECTORY,SUCCESS,,
6a4bd358e4b0359e44e42daf,DEVDATTA PRODUCTION PRIVATE LIMITED,Google,"""DEVDATTA PRODUCTION PRIVATE LIMITED"" Nagpur official website",https://www.zaubacorp.com/company-by-address/H-NO--605-DADAJI-DHUNIWALE-CHOWK-OLD-BAGADGANJ-----NAGPUR--MAHARASHTRA--INDIA---440008,zaubacorp.com,H NO 605 DADAJI DHUNIWALE CHOWK OLD ... ZaubaCorp https://www.zaubacorp.com › company-by-address › H...,DIRECTORY,0,DIRECTORY,SUCCESS,,
6a4bd358e4b0359e44e42daf,DEVDATTA PRODUCTION PRIVATE LIMITED,Google,"""DEVDATTA PRODUCTION PRIVATE LIMITED"" Nagpur official website","https://www.zaubacorp.com/company-by-address/H-NO--605-DADAJI-DHUNIWALE-CHOWK-OLD-BAGADGANJ-----NAGPUR--MAHARASHTRA--INDIA---440008#:~:text=DEVDATTA%20PRODUCTION%20PRIVATE%20LIMITED,Mohalla%2CNagpur%2CNagpur%2CMaharashtra%2C440008%2DIndia%20Nagpur%20Maharashtra%20440008%20India&text=Previous",zaubacorp.com,Read more,DIRECTORY,0,DIRECTORY,SUCCESS,,
6a4bd358e4b0359e44e42daf,DEVDATTA PRODUCTION PRIVATE LIMITED,Google,"""DEVDATTA PRODUCTION PRIVATE LIMITED"" Nagpur official website",https://www.zaubacorp.com/company-by-address/PLOT-NO--74--OLD-KAMPTEE-ROAD-NEAR-RAILWAY-CROSING--KAWRA-PETH-----NAGPUR--MAHARASHTRA--INDIA---440008,zaubacorp.com,PLOT NO 74 OLD KAMPTEE ROAD NEAR RAILWAY ... ZaubaCorp https://www.zaubacorp.com › company-by-address › P...,DIRECTORY,0,DIRECTORY,SUCCESS,,
6a4bd358e4b0359e44e42daf,DEVDATTA PRODUCTION PRIVATE LIMITED,Google,"""DEVDATTA PRODUCTION PRIVATE LIMITED"" Nagpur official website",https://www.zaubacorp.com/company-by-address/PLOT-NO--74--OLD-KAMPTEE-ROAD-NEAR-RAILWAY-CROSING--KAWRA-PETH-----NAGPUR--MAHARASHTRA--INDIA---440008#:~:text=Previous,zaubacorp.com,Read more,DIRECTORY,0,DIRECTORY,SUCCESS,,
6a4bd358e4b0359e44e42daf,DEVDATTA PRODUCTION PRIVATE LIMITED,Google,"""DEVDATTA PRODUCTION PRIVATE LIMITED"" Nagpur official website",https://www.zaubacorp.com/company-by-address/PLOT-NO-8--BAHUBALI-NAGARRAMANA--MARUTI-ROAD-NAGPUR-NAGPUR-MAHARASHTRA-INDIA-440008,zaubacorp.com,PLOT NO 8 BAHUBALI NAGARRAMANA MARUTI ROAD ... ZaubaCorp https://www.zaubacorp.com › company-by-address › P...,DIRECTORY,0,DIRECTORY,SUCCESS,,
6a4bd358e4b0359e44e42daf,DEVDATTA PRODUCTION PRIVATE LIMITED,Google,"""DEVDATTA PRODUCTION PRIVATE LIMITED"" Nagpur official website",https://www.zaubacorp.com/company-by-address/PLOT-NO-8--BAHUBALI-NAGARRAMANA--MARUTI-ROAD-NAGPUR-NAGPUR-MAHARASHTRA-INDIA-440008#:~:text=Previous,zaubacorp.com,Read more,DIRECTORY,0,DIRECTORY,SUCCESS,,
6a4b6749e4b0359e44e3f22d,METAFORZE PRIVATE LIMITED,Google,"""METAFORZE PRIVATE LIMITED"" Nagpur official website",https://tenderkart.in/gst-number-search/27AABCI3702M1ZL,tenderkart.in,,WEBSITE,5,WEAK_CANDIDATE|,SUCCESS,,
6a4b6749e4b0359e44e3f22d,METAFORZE PRIVATE LIMITED,Google,"""METAFORZE PRIVATE LIMITED"" Nagpur official website",https://www.zaubacorp.com/companies-S-5411,zaubacorp.com,Companies list - S ZaubaCorp https://www.zaubacorp.com › companies-S-5411,DIRECTORY,0,DIRECTORY,SUCCESS,,
6a4b6749e4b0359e44e3f22d,METAFORZE PRIVATE LIMITED,Google,"""METAFORZE PRIVATE LIMITED"" Nagpur official website",https://www.thecompanycheck.com/org/swastik-metaforge-private-limited/a2718a05e4,thecompanycheck.com,"Swastik Metaforge Private Limited | Noida, Uttar Pradesh The Company Check https://www.thecompanycheck.com › org › swastik-met...",DIRECTORY,0,DIRECTORY,SUCCESS,,
6a4b6749e4b0359e44e3f22d,METAFORZE PRIVATE LIMITED,Google,"""METAFORZE PRIVATE LIMITED"" Nagpur official website","https://www.thecompanycheck.com/org/swastik-metaforge-private-limited/a2718a05e4#:~:text=Swastik%20Metaforge%20Private%20Limited%20is,Legal%20Name",thecompanycheck.com,Read more,DIRECTORY,0,DIRECTORY,SUCCESS,,
6a4b6749e4b0359e44e3f22d,METAFORZE PRIVATE LIMITED,Google,"""METAFORZE PRIVATE LIMITED"" Nagpur official website",https://www.zaubacorp.com/companies-SWASTIK-8,zaubacorp.com,Companies list - SWASTIK ZaubaCorp https://www.zaubacorp.com › companies-SWASTIK-8,DIRECTORY,0,DIRECTORY,SUCCESS,,
6a4b6749e4b0359e44e3f22d,METAFORZE PRIVATE LIMITED,Google,"""METAFORZE PRIVATE LIMITED"" Nagpur official website",https://in.linkedin.com/in/dheerraj-nandgave-88695348,in.linkedin.com,,DIRECTORY,0,DIRECTORY,SUCCESS,,
6a4b6749e4b0359e44e3f22d,METAFORZE PRIVATE LIMITED,Google,"""METAFORZE PRIVATE LIMITED"" Nagpur official website",https://www.scribd.com/document/744604426/CompReg-23-Jun-2024,scribd.com,New Indian Companies (May-Jun 2024) | PDF Scribd https://www.scribd.com › CompReg-23-Jun-2024,WEBSITE,5,WEAK_CANDIDATE|,SUCCESS,,
6a4b6749e4b0359e44e3f22d,METAFORZE PRIVATE LIMITED,Google,"""METAFORZE PRIVATE LIMITED"" Nagpur official website","https://www.scribd.com/document/744604426/CompReg-23-Jun-2024#:~:text=ONEKAIZEN%20METAFORGE%20PRIVATE%20LIMITED,KRAKEN%20STUDIO%20(OPC)%20PRIVATE%20LIMITED",scribd.com,Read more,WEBSITE,5,WEAK_CANDIDATE|,SUCCESS,,
6a4b6749e4b0359e44e3f22d,METAFORZE PRIVATE LIMITED,Google,"""METAFORZE PRIVATE LIMITED"" Nagpur official website",https://www.zaubacorp.com/company-by-address/B-105-MIDC-AHMEDNAGAR-MAHARASHTRA-INDIA-414111,zaubacorp.com,B 105 MIDC AHMEDNAGAR MAHARASHTRA INDIA 414111 ZaubaCorp https://www.zaubacorp.com › company-by-address › B...,DIRECTORY,0,DIRECTORY,SUCCESS,,
6a4b6749e4b0359e44e3f22d,METAFORZE PRIVATE LIMITED,Google,"""METAFORZE PRIVATE LIMITED"" Nagpur official website",https://www.zaubacorp.com/company-by-address/B-105-MIDC-AHMEDNAGAR-MAHARASHTRA-INDIA-414111#:~:text=Previous,zaubacorp.com,Read more,DIRECTORY,0,DIRECTORY,SUCCESS,,
6a48bdfae4b0359e44e363b7,VIDARBHA SALES & ENGINEERING,Google,"""VIDARBHA SALES & ENGINEERING"" Nagpur official website",http://www.sanjivanii.com/,sanjivanii.com,Website,WEBSITE,5,WEAK_CANDIDATE|,SUCCESS,,
6a48bdfae4b0359e44e363b7,VIDARBHA SALES & ENGINEERING,Google,"""VIDARBHA SALES & ENGINEERING"" Nagpur official website",https://www.vidarbhaengineering.co.in/,vidarbhaengineering.co.in,Website,WEBSITE,55,POSSIBLE_CANDIDATE|company_name_in_domain,SUCCESS,,
6a4792f3e4b0359e44e30532,PUNAM CONSTRUCTION INFRA LLP,Google,"""PUNAM CONSTRUCTION INFRA LLP"" Nagpur official website",https://www.zaubacorp.com/PUNAM-CONSTRUCTION-INFRA-LLP-ACW-3518,zaubacorp.com,ZaubaCorp,DIRECTORY,0,DIRECTORY,SUCCESS,,
6a4792f3e4b0359e44e30532,PUNAM CONSTRUCTION INFRA LLP,Google,"""PUNAM CONSTRUCTION INFRA LLP"" Nagpur official website",https://www.zaubacorp.com/company-by-address/KHASRA-NO--135-3-BELTARODI-NAGPUR-NAGPUR-MAHARASHTRA-INDIA-440037,zaubacorp.com,,DIRECTORY,0,DIRECTORY,SUCCESS,,
6a4792f3e4b0359e44e30532,PUNAM CONSTRUCTION INFRA LLP,Google,"""PUNAM CONSTRUCTION INFRA LLP"" Nagpur official website","https://www.zaubacorp.com/PUNAM-CONSTRUCTION-INFRA-LLP-ACW-3518#:~:text=PUNAM%20CONSTRUCTION%20INFRA%20LLP%20(LLPIN%3A,at%20Registrar%20of%20Companies%2C%20Nagpur.",zaubacorp.com,Read more,DIRECTORY,0,DIRECTORY,SUCCESS,,
6a4792f3e4b0359e44e30532,PUNAM CONSTRUCTION INFRA LLP,Google,"""PUNAM CONSTRUCTION INFRA LLP"" Nagpur official website",https://www.falconebiz.com/LLP/PUNAM-CONSTRUCTION-INFRA-LLP-ACW-3518,falconebiz.com,punam construction infra llp / acw-3518 Falcon Ebiz Pvt Ltd https://www.falconebiz.com › ... › NAGPUR › 440037,WEBSITE,35,POSSIBLE_CANDIDATE|company_name_in_title,SUCCESS,,
6a4792f3e4b0359e44e30532,PUNAM CONSTRUCTION INFRA LLP,Google,"""PUNAM CONSTRUCTION INFRA LLP"" Nagpur official website","https://www.zaubacorp.com/company-by-address/KHASRA-NO--135-3-BELTARODI-NAGPUR-NAGPUR-MAHARASHTRA-INDIA-440037#:~:text=PUNAM%20CONSTRUCTION%20INFRA%20LLP,135%2F3%2CBELTARODI%2CNagpur%2CNagpur%2CMaharashtra%2CIndia%2D440037%20Nagpur%20Maharashtra%20440037%20India&text=FLAT%20NO.501%2CSAI%20VILLA%20%2D3%2C%20NAGPUR%2CNagpur%2CNagpur%2CMaharashtra%2C440037%2DIndia,Nagpur%20Maharashtra%20440037%20India",zaubacorp.com,Read more,DIRECTORY,0,DIRECTORY,SUCCESS,,
6a4792f3e4b0359e44e30532,PUNAM CONSTRUCTION INFRA LLP,Google,"""PUNAM CONSTRUCTION INFRA LLP"" Nagpur official website",https://www.zaubacorp.com/company-by-address/FLAT-NO--405-B-WING--GAURI-MEDOW-3-NAGPUR-NAGPUR-MAHARASHTRA-440037-INDIA,zaubacorp.com,FLAT NO 405 B WING GAURI MEDOW 3 NAGPUR ... ZaubaCorp https://www.zaubacorp.com › company-by-address › F...,DIRECTORY,0,DIRECTORY,SUCCESS,,
6a4792f3e4b0359e44e30532,PUNAM CONSTRUCTION INFRA LLP,Google,"""PUNAM CONSTRUCTION INFRA LLP"" Nagpur official website",https://www.zaubacorp.com/company-update/INFOVERSE-TECH-SERVICES-OPC-PRIVATELIMITED/U72900MH2021OPC368934,zaubacorp.com,INFOVERSE TECH SERVICES (OPC) PRIVATE LIMITED ZaubaCorp https://www.zaubacorp.com › company-update › INFO...,DIRECTORY,0,DIRECTORY,SUCCESS,,
6a4792f3e4b0359e44e30532,PUNAM CONSTRUCTION INFRA LLP,Google,"""PUNAM CONSTRUCTION INFRA LLP"" Nagpur official website",https://www.zaubacorp.com/BATACH-WELLNESS-PRIVATE-LIMITED-U21001MH2024PTC420119,zaubacorp.com,BATACH WELLNESS PRIVATE LIMITED ZaubaCorp https://www.zaubacorp.com › ...,DIRECTORY,0,DIRECTORY,SUCCESS,,
6a4792f3e4b0359e44e30532,PUNAM CONSTRUCTION INFRA LLP,Google,"""PUNAM CONSTRUCTION INFRA LLP"" Nagpur official website",https://www.zaubacorp.com/company-by-address/FLAT-NO--402--WING-B--ORCHID-METROPLEX-RESIDENCY-NAGPUR-NAGPUR-MAHARASHTRA-INDIA-440037,zaubacorp.com,FLAT NO 402 WING B ORCHID METROPLEX ... ZaubaCorp https://www.zaubacorp.com › company-by-address › F...,DIRECTORY,0,DIRECTORY,SUCCESS,,
6a4792f3e4b0359e44e30532,PUNAM CONSTRUCTION INFRA LLP,Google,"""PUNAM CONSTRUCTION INFRA LLP"" Nagpur official website",https://www.zaubacorp.com/company-by-address/FLAT-NO--402--WING-B--ORCHID-METROPLEX-RESIDENCY-NAGPUR-NAGPUR-MAHARASHTRA-INDIA-440037#:~:text=Previous,zaubacorp.com,Read more,DIRECTORY,0,DIRECTORY,SUCCESS,,
6a467727e4b0359e44e2b7f4,DEEPVRUKSHA SECURITY SERVICES PRIVATE LIMITED,Google,"""DEEPVRUKSHA SECURITY SERVICES PRIVATE LIMITED"" Nagpur official website",https://www.indiafilings.com/search/deepvruksha-security-services-private-limited-cin-U80200MH2025PTC439260,indiafilings.com,IndiaFilings,DIRECTORY,0,DIRECTORY,SUCCESS,,
6a467727e4b0359e44e2b7f4,DEEPVRUKSHA SECURITY SERVICES PRIVATE LIMITED,Google,"""DEEPVRUKSHA SECURITY SERVICES PRIVATE LIMITED"" Nagpur official website",https://tracxn.com/d/legal-entities/india/deepvruksha-security-services-private-limited/__mmFP1NX-m-c_JnhVE7gmRfwJ3OQtraoEJckgX8ERNlE,tracxn.com,Tracxn,DIRECTORY,0,DIRECTORY,SUCCESS,,
6a467727e4b0359e44e2b7f4,DEEPVRUKSHA SECURITY SERVICES PRIVATE LIMITED,Google,"""DEEPVRUKSHA SECURITY SERVICES PRIVATE LIMITED"" Nagpur official website",https://www.zaubacorp.com/company-by-address/PLOT-NO-173-NARA-ROAD-JARIPATKA-NAGPUR-NAGPUR-MAHARASHTRA-440014-INDIA,zaubacorp.com,,DIRECTORY,0,DIRECTORY,SUCCESS,,
6a467727e4b0359e44e2b7f4,DEEPVRUKSHA SECURITY SERVICES PRIVATE LIMITED,Google,"""DEEPVRUKSHA SECURITY SERVICES PRIVATE LIMITED"" Nagpur official website",https://www.zaubacorp.com/company-by-address/H-NO-303-HARIJAN-COLONY-JARIPATKA-NAGPUR-NAGPUR-NAGPUR-NAGPUR-MAHARASHTRA-440014-INDIA,zaubacorp.com,,DIRECTORY,0,DIRECTORY,SUCCESS,,
6a467727e4b0359e44e2b7f4,DEEPVRUKSHA SECURITY SERVICES PRIVATE LIMITED,Google,"""DEEPVRUKSHA SECURITY SERVICES PRIVATE LIMITED"" Nagpur official website","https://www.indiafilings.com/search/deepvruksha-security-services-private-limited-cin-U80200MH2025PTC439260#:~:text=DEEPVRUKSHA%20SECURITY%20SERVICES%20PRIVATE%20LIMITED&text=Date%20of%20Incorporation,29%2D01%2D2025&text=Registered%20Address,Jaripatka%20Nagpur%20Maharashtra%20India%20440014",indiafilings.com,Read more,DIRECTORY,0,DIRECTORY,SUCCESS,,
6a467727e4b0359e44e2b7f4,DEEPVRUKSHA SECURITY SERVICES PRIVATE LIMITED,Google,"""DEEPVRUKSHA SECURITY SERVICES PRIVATE LIMITED"" Nagpur official website",https://www.falconebiz.com/company/DEEPVRUKSHA-SECURITY-SERVICES-PRIVATE-LIMITED-U80200MH2025PTC439260,falconebiz.com,deepvruksha security services private limited ... Falcon Ebiz Pvt Ltd https://www.falconebiz.com › ... › NAGPUR › 440014,WEBSITE,35,POSSIBLE_CANDIDATE|company_name_in_title,SUCCESS,,
6a467727e4b0359e44e2b7f4,DEEPVRUKSHA SECURITY SERVICES PRIVATE LIMITED,Google,"""DEEPVRUKSHA SECURITY SERVICES PRIVATE LIMITED"" Nagpur official website",https://www.zaubacorp.com/company-by-address/H-NO-22-BHAISARAE-NIWAS-INDORA-JARIPATKA-NAGPUR-NAGPUR-MAHARASHTRA-440014-INDIA,zaubacorp.com,H NO 22 BHAISARAE NIWAS INDORA JARIPATKA ... ZaubaCorp https://www.zaubacorp.com › company-by-address › H...,DIRECTORY,0,DIRECTORY,SUCCESS,,
6a467727e4b0359e44e2b7f4,DEEPVRUKSHA SECURITY SERVICES PRIVATE LIMITED,Google,"""DEEPVRUKSHA SECURITY SERVICES PRIVATE LIMITED"" Nagpur official website","https://www.zaubacorp.com/company-by-address/H-NO-22-BHAISARAE-NIWAS-INDORA-JARIPATKA-NAGPUR-NAGPUR-MAHARASHTRA-440014-INDIA#:~:text=DEEPVRUKSHA%20SECURITY%20SERVICES%20PRIVATE%20LIMITED,Jaripatka%2CNagpur%2CNagpur%2CMaharashtra%2C440014%2DIndia%20Nagpur%20Maharashtra%20440014%20India",zaubacorp.com,Read more,DIRECTORY,0,DIRECTORY,SUCCESS,,
6a467727e4b0359e44e2b7f4,DEEPVRUKSHA SECURITY SERVICES PRIVATE LIMITED,Google,"""DEEPVRUKSHA SECURITY SERVICES PRIVATE LIMITED"" Nagpur official website","https://www.zaubacorp.com/company-by-address/H-NO-303-HARIJAN-COLONY-JARIPATKA-NAGPUR-NAGPUR-NAGPUR-NAGPUR-MAHARASHTRA-440014-INDIA#:~:text=DEEPVRUKSHA%20SECURITY%20SERVICES%20PRIVATE%20LIMITED,U80200MH2025PTC439260&text=Regulatory%20%26%20Government,Copyright%20%C2%A9%202026%20Zauba%20Corp.",zaubacorp.com,Read more,DIRECTORY,0,DIRECTORY,SUCCESS,,
6a467727e4b0359e44e2b7f4,DEEPVRUKSHA SECURITY SERVICES PRIVATE LIMITED,Google,"""DEEPVRUKSHA SECURITY SERVICES PRIVATE LIMITED"" Nagpur official website",https://www.zaubacorp.com/company-by-address/DR--BALDEO-DASWANI--OPP-GOPAL-KIRANA--JARIPATKA----NAGPUR--MAHARASHTRA--INDIA---440014,zaubacorp.com,DR BALDEO DASWANI OPP GOPAL KIRANA JARIPATKA ... ZaubaCorp https://www.zaubacorp.com › company-by-address › D...,DIRECTORY,0,DIRECTORY,SUCCESS,,
6a450b8be4b0359e44e23a77,MINDFULNESS NETWORK PRIVATE LIMITED,Google,"""MINDFULNESS NETWORK PRIVATE LIMITED"" Nagpur official website",https://tracxn.com/d/legal-entities/india/mindfulness-network-private-limited/__v7sazL8CWySe_hhOJZrIiWw4p5yla7JVcBAkT7hqhaI,tracxn.com,,DIRECTORY,0,DIRECTORY,SUCCESS,,
6a450b8be4b0359e44e23a77,MINDFULNESS NETWORK PRIVATE LIMITED,Google,"""MINDFULNESS NETWORK PRIVATE LIMITED"" Nagpur official website",https://www.zaubacorp.com/company/U59113ME2026PTC474215,zaubacorp.com,ZaubaCorp,DIRECTORY,0,DIRECTORY,SUCCESS,,
6a450b8be4b0359e44e23a77,MINDFULNESS NETWORK PRIVATE LIMITED,Google,"""MINDFULNESS NETWORK PRIVATE LIMITED"" Nagpur official website",https://www.zaubacorp.com/company-by-address/H-NO-992-JAIBHIM-NAGAR-NAGPUR-NAGPUR-MAHARASHTRA-440027-INDIA,zaubacorp.com,,DIRECTORY,0,DIRECTORY,SUCCESS,,
6a450b8be4b0359e44e23a77,MINDFULNESS NETWORK PRIVATE LIMITED,Google,"""MINDFULNESS NETWORK PRIVATE LIMITED"" Nagpur official website","https://www.zaubacorp.com/company/U59113ME2026PTC474215#:~:text=Registered%20address%20of%20MINDFULNESS%20NETWORK,PRIVATE%20LIMITED%20is%20%2D%20Active.",zaubacorp.com,Read more,DIRECTORY,0,DIRECTORY,SUCCESS,,
6a450b8be4b0359e44e23a77,MINDFULNESS NETWORK PRIVATE LIMITED,Google,"""MINDFULNESS NETWORK PRIVATE LIMITED"" Nagpur official website",https://tracxn.com/d/legal-entities/india/mindfulness-network-private-limited/__v7sazL8CWySe_hhOJZrIiWw4p5yla7JVcBAkT7hqhaI#:~:text=Who%20are%20the%20authorized%20signatories,tracxn.com,Read more,DIRECTORY,0,DIRECTORY,SUCCESS,,
6a450b8be4b0359e44e23a77,MINDFULNESS NETWORK PRIVATE LIMITED,Google,"""MINDFULNESS NETWORK PRIVATE LIMITED"" Nagpur official website",https://www.falconebiz.com/company/MINDFULNESS-NETWORK-PRIVATE-LIMITED-U59113ME2026PTC474215,falconebiz.com,mindfulness network private limited ... Falcon Ebiz Pvt Ltd https://www.falconebiz.com › ... › NAGPUR › 440027,WEBSITE,35,POSSIBLE_CANDIDATE|company_name_in_title,SUCCESS,,
6a450b8be4b0359e44e23a77,MINDFULNESS NETWORK PRIVATE LIMITED,Google,"""MINDFULNESS NETWORK PRIVATE LIMITED"" Nagpur official website","https://www.falconebiz.com/company/MINDFULNESS-NETWORK-PRIVATE-LIMITED-U59113ME2026PTC474215#:~:text=MINDFULNESS%20NETWORK%20PRIVATE%20LIMITED%20is,This%20company%20is%20registered%20at",falconebiz.com,Read more,WEBSITE,5,WEAK_CANDIDATE|,SUCCESS,,
6a450b8be4b0359e44e23a77,MINDFULNESS NETWORK PRIVATE LIMITED,Google,"""MINDFULNESS NETWORK PRIVATE LIMITED"" Nagpur official website","https://www.zaubacorp.com/company-by-address/H-NO-992-JAIBHIM-NAGAR-NAGPUR-NAGPUR-MAHARASHTRA-440027-INDIA#:~:text=MINDFULNESS%20NETWORK%20PRIVATE%20LIMITED,CHANDRAMANI%2CNAGAR%2CNagpur%2CNagpur%2CMaharashtra%2C440027%2DIndia%20Nagpur%20Maharashtra%20440027%20India&text=Regulatory%20%26%20Government,Copyright%20%C2%A9%202026%20Zauba%20Corp.",zaubacorp.com,Read more,DIRECTORY,0,DIRECTORY,SUCCESS,,
6a450b8be4b0359e44e23a77,MINDFULNESS NETWORK PRIVATE LIMITED,Google,"""MINDFULNESS NETWORK PRIVATE LIMITED"" Nagpur official website",https://www.zaubacorp.com/companies-MIND-12,zaubacorp.com,Companies with names starting with MIND ZaubaCorp https://www.zaubacorp.com › companies-MIND-12,DIRECTORY,0,DIRECTORY,SUCCESS,,
6a450b8be4b0359e44e23a77,MINDFULNESS NETWORK PRIVATE LIMITED,Google,"""MINDFULNESS NETWORK PRIVATE LIMITED"" Nagpur official website","https://www.zaubacorp.com/companies-MIND-12#:~:text=MINDFULNESS%20NETWORK%20PRIVATE%20LIMITED,H%20NO.%201487%20CHANDRAMANI%2CNAGAR%2CNagpur%2CNagpur%2CMaharashtra%2C440027%2DIndia",zaubacorp.com,Read more,DIRECTORY,0,DIRECTORY,SUCCESS,,
6a4381a0e4b0359e44e1abab,NEOPADAU SOLUTION PRIVATE LIMITED,Google,"""NEOPADAU SOLUTION PRIVATE LIMITED"" Nagpur official website",https://www.zaubacorp.com/company-by-address/HOUSE-NO-598-OPP-HOTEL-GHAT-ROAD-NAGPUR-NAGPUR-MAHARASHTRA-INDIA-440018,zaubacorp.com,ZaubaCorp,DIRECTORY,0,DIRECTORY,SUCCESS,,
6a4381a0e4b0359e44e1abab,NEOPADAU SOLUTION PRIVATE LIMITED,Google,"""NEOPADAU SOLUTION PRIVATE LIMITED"" Nagpur official website",https://www.zaubacorp.com/company/U42900MH2025PTC449797,zaubacorp.com,,DIRECTORY,0,DIRECTORY,SUCCESS,,
6a4381a0e4b0359e44e1abab,NEOPADAU SOLUTION PRIVATE LIMITED,Google,"""NEOPADAU SOLUTION PRIVATE LIMITED"" Nagpur official website","https://www.zaubacorp.com/company-by-address/HOUSE-NO-598-OPP-HOTEL-GHAT-ROAD-NAGPUR-NAGPUR-MAHARASHTRA-INDIA-440018#:~:text=Previous&text=Regulatory%20%26%20Government,Copyright%20%C2%A9%202026%20Zauba%20Corp.",zaubacorp.com,Read more,DIRECTORY,0,DIRECTORY,SUCCESS,,
6a4381a0e4b0359e44e1abab,NEOPADAU SOLUTION PRIVATE LIMITED,Google,"""NEOPADAU SOLUTION PRIVATE LIMITED"" Nagpur official website",https://www.zaubacorp.com/company-by-address/HOUSE-NO-33-NEW-CHANDAK-KOTI-SUBHASH-ROAD-NAGPUR-NAGPUR-MH-440018-IN,zaubacorp.com,HOUSE NO 33 NEW CHANDAK KOTI SUBHASH ROAD ... ZaubaCorp https://www.zaubacorp.com › company-by-address › H...,DIRECTORY,0,DIRECTORY,SUCCESS,,
6a4381a0e4b0359e44e1abab,NEOPADAU SOLUTION PRIVATE LIMITED,Google,"""NEOPADAU SOLUTION PRIVATE LIMITED"" Nagpur official website",https://www.zaubacorp.com/company-by-address/HOUSE-NO-33-NEW-CHANDAK-KOTI-SUBHASH-ROAD-NAGPUR-NAGPUR-MH-440018-IN#:~:text=Previous,zaubacorp.com,Read more,DIRECTORY,0,DIRECTORY,SUCCESS,,
6a4381a0e4b0359e44e1abab,NEOPADAU SOLUTION PRIVATE LIMITED,Google,"""NEOPADAU SOLUTION PRIVATE LIMITED"" Nagpur official website",https://www.zaubacorp.com/company-by-address/SHOP-NO--03--GROUND-FLOOR-ANANDAM-ARACADE-01--NAGPUR-NAGPUR-MAHARASHTRA-440018-INDIA,zaubacorp.com,SHOP NO 03 GROUND FLOOR ANANDAM ARACADE 01 ... ZaubaCorp https://www.zaubacorp.com › company-by-address › S...,DIRECTORY,0,DIRECTORY,SUCCESS,,
6a4381a0e4b0359e44e1abab,NEOPADAU SOLUTION PRIVATE LIMITED,Google,"""NEOPADAU SOLUTION PRIVATE LIMITED"" Nagpur official website",https://www.zaubacorp.com/company-by-address/SHOP-NO--03--GROUND-FLOOR-ANANDAM-ARACADE-01--NAGPUR-NAGPUR-MAHARASHTRA-440018-INDIA#:~:text=Previous,zaubacorp.com,Read more,DIRECTORY,0,DIRECTORY,SUCCESS,,
6a4381a0e4b0359e44e1abab,NEOPADAU SOLUTION PRIVATE LIMITED,Google,"""NEOPADAU SOLUTION PRIVATE LIMITED"" Nagpur official website",https://www.zaubacorp.com/company-by-address/HOUSE-NO-18--GANESHPETH--SINDHI-KHANA--NEAR-KHURANA-TRAVELS-------NAGPUR--MAHARASHTRA--INDIA---440018,zaubacorp.com,HOUSE NO 18 GANESHPETH SINDHI KHANA NEAR ... ZaubaCorp https://www.zaubacorp.com › company-by-address › H...,DIRECTORY,0,DIRECTORY,SUCCESS,,
6a4381a0e4b0359e44e1abab,NEOPADAU SOLUTION PRIVATE LIMITED,Google,"""NEOPADAU SOLUTION PRIVATE LIMITED"" Nagpur official website",https://www.zaubacorp.com/company-by-address/HOUSE-NO-18--GANESHPETH--SINDHI-KHANA--NEAR-KHURANA-TRAVELS-------NAGPUR--MAHARASHTRA--INDIA---440018#:~:text=Previous,zaubacorp.com,Read more,DIRECTORY,0,DIRECTORY,SUCCESS,,
6a4381a0e4b0359e44e1abab,NEOPADAU SOLUTION PRIVATE LIMITED,Google,"""NEOPADAU SOLUTION PRIVATE LIMITED"" Nagpur official website",https://www.zaubacorp.com/company-by-address/ABAJI-WAGHMARE-CHOWK-JALALPURA--GANDHIBAGH-----NAGPUR--MAHARASHTRA--INDIA---440032,zaubacorp.com,ABAJI WAGHMARE CHOWK JALALPURA GANDHIBAGH ... ZaubaCorp https://www.zaubacorp.com › company-by-address › A...,DIRECTORY,0,DIRECTORY,SUCCESS,,
6a424457e4b0359e44e13dca,MAVELII'S SOCIAL DEVELOPMENT FOUNDATION,Google,"""MAVELII'S SOCIAL DEVELOPMENT FOUNDATION"" Nagpur official website",https://mavelii.org/,mavelii.org,mavelii.org: Home mavelii.org https://mavelii.org,WEBSITE,45,"POSSIBLE_CANDIDATE|company_name_in_domain,company_name_in_title",SUCCESS,,
6a424457e4b0359e44e13dca,MAVELII'S SOCIAL DEVELOPMENT FOUNDATION,Google,"""MAVELII'S SOCIAL DEVELOPMENT FOUNDATION"" Nagpur official website","https://mavelii.org/#:~:text=Mavelii's%20Social%20Development%20Foundation%20aims,to%20achieve%20their%20full%20potential.",mavelii.org,Read more,WEBSITE,30,POSSIBLE_CANDIDATE|company_name_in_domain,SUCCESS,,
6a424457e4b0359e44e13dca,MAVELII'S SOCIAL DEVELOPMENT FOUNDATION,Google,"""MAVELII'S SOCIAL DEVELOPMENT FOUNDATION"" Nagpur official website",https://www.zaubacorp.com/company-by-address/NIRMAN-MANOR-F-NO-T-2-NAGPUR-NAGPUR-NAGPUR-MAHARASHTRA-440027-INDIA,zaubacorp.com,,DIRECTORY,0,DIRECTORY,SUCCESS,,
6a424457e4b0359e44e13dca,MAVELII'S SOCIAL DEVELOPMENT FOUNDATION,Google,"""MAVELII'S SOCIAL DEVELOPMENT FOUNDATION"" Nagpur official website",https://mavelii.org/about-us/,mavelii.org,Who We Are mavelii.org https://mavelii.org › about-us,WEBSITE,45,"POSSIBLE_CANDIDATE|company_name_in_domain,company_name_in_title",SUCCESS,,
6a424457e4b0359e44e13dca,MAVELII'S SOCIAL DEVELOPMENT FOUNDATION,Google,"""MAVELII'S SOCIAL DEVELOPMENT FOUNDATION"" Nagpur official website","https://mavelii.org/about-us/#:~:text=Mavelii's%20Social%20Development%20Foundation%20stands,staying%20connected%20to%20their%20roots.",mavelii.org,Read more,WEBSITE,30,POSSIBLE_CANDIDATE|company_name_in_domain,SUCCESS,,
6a424457e4b0359e44e13dca,MAVELII'S SOCIAL DEVELOPMENT FOUNDATION,Google,"""MAVELII'S SOCIAL DEVELOPMENT FOUNDATION"" Nagpur official website",https://www.zaubacorp.com/company/U88900ME2026NPL473992,zaubacorp.com,MAVELII'S SOCIAL DEVELOPMENT FOUNDATION ZaubaCorp https://www.zaubacorp.com › company,DIRECTORY,0,DIRECTORY,SUCCESS,,
6a424457e4b0359e44e13dca,MAVELII'S SOCIAL DEVELOPMENT FOUNDATION,Google,"""MAVELII'S SOCIAL DEVELOPMENT FOUNDATION"" Nagpur official website",https://www.sensibook.com/companies/3948816/U88900ME2026NPL473992/MAVELIIS-SOCIAL-DEVELOPMENT-FOUNDATION,sensibook.com,MAVELII'S SOCIAL DEVELOPMENT FOUNDATION SensiBook https://www.sensibook.com › companies › MAVELIIS-...,WEBSITE,35,POSSIBLE_CANDIDATE|company_name_in_title,SUCCESS,,
6a424457e4b0359e44e13dca,MAVELII'S SOCIAL DEVELOPMENT FOUNDATION,Google,"""MAVELII'S SOCIAL DEVELOPMENT FOUNDATION"" Nagpur official website",https://www.zaubacorp.com/company-by-address/H--NO-3901--WD-NO-2-AMAR-NAGAR-HINGNA-NAGPUR-MAHARASHTRA-441110-INDIA,zaubacorp.com,H NO 3901 WD NO 2 AMAR NAGAR HINGNA NAGPUR ... ZaubaCorp https://www.zaubacorp.com › company-by-address › H...,DIRECTORY,0,DIRECTORY,SUCCESS,,
6a424457e4b0359e44e13dca,MAVELII'S SOCIAL DEVELOPMENT FOUNDATION,Google,"""MAVELII'S SOCIAL DEVELOPMENT FOUNDATION"" Nagpur official website","https://www.zaubacorp.com/company-by-address/H--NO-3901--WD-NO-2-AMAR-NAGAR-HINGNA-NAGPUR-MAHARASHTRA-441110-INDIA#:~:text=Previous&text=Regulatory%20%26%20Government,Copyright%20%C2%A9%202026%20Zauba%20Corp.",zaubacorp.com,Read more,DIRECTORY,0,DIRECTORY,SUCCESS,,
6a424457e4b0359e44e13dca,MAVELII'S SOCIAL DEVELOPMENT FOUNDATION,Google,"""MAVELII'S SOCIAL DEVELOPMENT FOUNDATION"" Nagpur official website","https://www.zaubacorp.com/company-by-address/NIRMAN-MANOR-F-NO-T-2-NAGPUR-NAGPUR-NAGPUR-MAHARASHTRA-440027-INDIA#:~:text=MAVELII'S%20SOCIAL%20DEVELOPMENT%20FOUNDATION,H%20No.6642%2F2%2C%20Mangaldeep%2CNagar%20No.&text=Regulatory%20%26%20Government,Copyright%20%C2%A9%202026%20Zauba%20Corp.",zaubacorp.com,Read more,DIRECTORY,0,DIRECTORY,SUCCESS,,
6a4217f3e4b0359e44e11f93,KRISHIAI PRIVATE LIMITED,Google,"""KRISHIAI PRIVATE LIMITED"" Nagpur official website",https://tracxn.com/d/legal-entities/india/krishiai-private-limited/__WB9mN9X8QQ1sh_hvq8CewOk43cmpM1kHQ780fdYy8Lk,tracxn.com,,DIRECTORY,0,DIRECTORY,SUCCESS,,
6a4217f3e4b0359e44e11f93,KRISHIAI PRIVATE LIMITED,Google,"""KRISHIAI PRIVATE LIMITED"" Nagpur official website",https://tracxn.com/d/legal-entities/india/krishiai-private-limited/__WB9mN9X8QQ1sh_hvq8CewOk43cmpM1kHQ780fdYy8Lk#:~:text=Who%20are%20the%20authorized%20signatories,tracxn.com,Read more,DIRECTORY,0,DIRECTORY,SUCCESS,,
6a4217f3e4b0359e44e11f93,KRISHIAI PRIVATE LIMITED,Google,"""KRISHIAI PRIVATE LIMITED"" Nagpur official website",https://www.planetexim.net/indian-company/krishiai-private-limited/cin/U58200MH2026PTC468064.html,planetexim.net,Details of KRISHIAI PRIVATE LIMITED planetexim.net https://www.planetexim.net › indian-company › cin,WEBSITE,20,WEAK_CANDIDATE|company_name_in_title,SUCCESS,,
6a4217f3e4b0359e44e11f93,KRISHIAI PRIVATE LIMITED,Google,"""KRISHIAI PRIVATE LIMITED"" Nagpur official website","https://www.planetexim.net/indian-company/krishiai-private-limited/cin/U58200MH2026PTC468064.html#:~:text=Address,PLOT%20NO.60%2CNAGOMALI%20LAYOUT%2CRESHIMBAG%2CHanuman%20Nagar%2CNagpur%2CNagpur%2CMaharashtra%2CIndia%2C440024",planetexim.net,Read more,WEBSITE,5,WEAK_CANDIDATE|,SUCCESS,,
6a4217f3e4b0359e44e11f93,KRISHIAI PRIVATE LIMITED,Google,"""KRISHIAI PRIVATE LIMITED"" Nagpur official website",https://www.zaubacorp.com/company-by-address/PLOT-NO-649-NEW-SUBHEDAR-LAYOUT-NAGPUR-NAGPUR-MAHARASHTRA-440024-INDIA,zaubacorp.com,PLOT NO 649 NEW SUBHEDAR LAYOUT NAGPUR ... ZaubaCorp https://www.zaubacorp.com › company-by-address › P...,DIRECTORY,0,DIRECTORY,SUCCESS,,
6a4217f3e4b0359e44e11f93,KRISHIAI PRIVATE LIMITED,Google,"""KRISHIAI PRIVATE LIMITED"" Nagpur official website",https://www.zaubacorp.com/company-by-address/PLOT-NO-649-NEW-SUBHEDAR-LAYOUT-NAGPUR-NAGPUR-MAHARASHTRA-440024-INDIA#:~:text=Previous,zaubacorp.com,Read more,DIRECTORY,0,DIRECTORY,SUCCESS,,
6a4217f3e4b0359e44e11f93,KRISHIAI PRIVATE LIMITED,Google,"""KRISHIAI PRIVATE LIMITED"" Nagpur official website",https://www.zaubacorp.com/company-by-address/PLOT-NO--B-4--NIT-LAYOUT-DARSHAN-COLONY-NAGPUR-NAGPUR-MAHARASHTRA-INDIA-440024,zaubacorp.com,PLOT NO B 4 NIT LAYOUT DARSHAN COLONY NAGPUR ... ZaubaCorp https://www.zaubacorp.com › company-by-address › P...,DIRECTORY,0,DIRECTORY,SUCCESS,,
6a4217f3e4b0359e44e11f93,KRISHIAI PRIVATE LIMITED,Google,"""KRISHIAI PRIVATE LIMITED"" Nagpur official website",https://www.zaubacorp.com/company-by-address/PLOT-NO--B-4--NIT-LAYOUT-DARSHAN-COLONY-NAGPUR-NAGPUR-MAHARASHTRA-INDIA-440024#:~:text=Previous,zaubacorp.com,Read more,DIRECTORY,0,DIRECTORY,SUCCESS,,
6a4217f3e4b0359e44e11f93,KRISHIAI PRIVATE LIMITED,Google,"""KRISHIAI PRIVATE LIMITED"" Nagpur official website",https://tracxn.com/d/legal-entities/india/contetial-systems-private-limited/__DIXAEyP_mEyGEoPU7ZaIsNxnx5kMa0mRhbCq4_U5RmM,tracxn.com,CONTETIAL SYSTEMS PRIVATE LIMITED - Company Profile Tracxn https://tracxn.com › Discover › Legal Entities › India,DIRECTORY,0,DIRECTORY,SUCCESS,,
6a4217f3e4b0359e44e11f93,KRISHIAI PRIVATE LIMITED,Google,"""KRISHIAI PRIVATE LIMITED"" Nagpur official website","https://tracxn.com/d/legal-entities/india/contetial-systems-private-limited/__DIXAEyP_mEyGEoPU7ZaIsNxnx5kMa0mRhbCq4_U5RmM#:~:text=KRISHIAI%20PRIVATE%20LIMITED,authorized%20signatories%2C%20Buy%20Detailed%20Report",tracxn.com,Read more,DIRECTORY,0,DIRECTORY,SUCCESS,,
6a3e6e2ee4b0359e44e049be,JAYSHREE GROUP OF INDUSTRIES PRIVATE LIMITED,Google,"""JAYSHREE GROUP OF INDUSTRIES PRIVATE LIMITED"" Nagpur official website",https://www.tofler.in/jayshree-group-of-industries-private-limited/company/U11043MH2025PTC460333,tofler.in,Tofler,DIRECTORY,0,DIRECTORY,SUCCESS,,
6a3e6e2ee4b0359e44e049be,JAYSHREE GROUP OF INDUSTRIES PRIVATE LIMITED,Google,"""JAYSHREE GROUP OF INDUSTRIES PRIVATE LIMITED"" Nagpur official website",https://tracxn.com/d/legal-entities/india/jayshree-group-of-industries-private-limited/__RviZQFaYqDvEYed1dsYXUJgwsO4m4_LR_7xUh575jxc,tracxn.com,Tracxn,DIRECTORY,0,DIRECTORY,SUCCESS,,
6a3e6e2ee4b0359e44e049be,JAYSHREE GROUP OF INDUSTRIES PRIVATE LIMITED,Google,"""JAYSHREE GROUP OF INDUSTRIES PRIVATE LIMITED"" Nagpur official website",https://www.zaubacorp.com/company-by-address/27-CANARA-BANK-SUNDAY-MARKET-KALMESHWAR-KALMESHWAR-NAGPUR-MAHARASHTRA-441501-INDIA,zaubacorp.com,,DIRECTORY,0,DIRECTORY,SUCCESS,,
6a3e6e2ee4b0359e44e049be,JAYSHREE GROUP OF INDUSTRIES PRIVATE LIMITED,Google,"""JAYSHREE GROUP OF INDUSTRIES PRIVATE LIMITED"" Nagpur official website",https://tracxn.com/d/legal-entities/india/jayshree-group-of-industries-private-limited/__RviZQFaYqDvEYed1dsYXUJgwsO4m4_LR_7xUh575jxc#:~:text=What%20is%20the%20registered%20address,tracxn.com,Read more,DIRECTORY,0,DIRECTORY,SUCCESS,,
6a3e6e2ee4b0359e44e049be,JAYSHREE GROUP OF INDUSTRIES PRIVATE LIMITED,Google,"""JAYSHREE GROUP OF INDUSTRIES PRIVATE LIMITED"" Nagpur official website","https://www.tofler.in/jayshree-group-of-industries-private-limited/company/U11043MH2025PTC460333#:~:text=Jayshree%20Group%20Of%20Industries%20Private,incorporated%20on%2006%20November%2C%202025.",tofler.in,Read more,DIRECTORY,0,DIRECTORY,SUCCESS,,
6a3e6e2ee4b0359e44e049be,JAYSHREE GROUP OF INDUSTRIES PRIVATE LIMITED,Google,"""JAYSHREE GROUP OF INDUSTRIES PRIVATE LIMITED"" Nagpur official website",https://www.falconebiz.com/company/JAYSHREE-GROUP-OF-INDUSTRIES-PRIVATE-LIMITED-U11043MH2025PTC460333,falconebiz.com,jayshree group of industries private limited Falcon Ebiz Pvt Ltd https://www.falconebiz.com › ... › NAGPUR › 441501,WEBSITE,35,POSSIBLE_CANDIDATE|company_name_in_title,SUCCESS,,
6a3e6e2ee4b0359e44e049be,JAYSHREE GROUP OF INDUSTRIES PRIVATE LIMITED,Google,"""JAYSHREE GROUP OF INDUSTRIES PRIVATE LIMITED"" Nagpur official website",https://www.zaubacorp.com/company-by-address/C-O-JAYSHREE-VIJAY-BOKDE-102-1-N-A-KALMESHWAR--BUD-KALMESHWAR-NAGPUR-MAHARASHTRA-441501-INDIA,zaubacorp.com,C O JAYSHREE VIJAY BOKDE 102 1 N A KALMESHWAR ... ZaubaCorp https://www.zaubacorp.com › company-by-address › C...,DIRECTORY,0,DIRECTORY,SUCCESS,,
6a3e6e2ee4b0359e44e049be,JAYSHREE GROUP OF INDUSTRIES PRIVATE LIMITED,Google,"""JAYSHREE GROUP OF INDUSTRIES PRIVATE LIMITED"" Nagpur official website","https://www.zaubacorp.com/company-by-address/C-O-JAYSHREE-VIJAY-BOKDE-102-1-N-A-KALMESHWAR--BUD-KALMESHWAR-NAGPUR-MAHARASHTRA-441501-INDIA#:~:text=JAYSHREE%20GROUP%20OF%20INDUSTRIES%20PRIVATE,C&text=Previous",zaubacorp.com,Read more,DIRECTORY,0,DIRECTORY,SUCCESS,,
6a3e6e2ee4b0359e44e049be,JAYSHREE GROUP OF INDUSTRIES PRIVATE LIMITED,Google,"""JAYSHREE GROUP OF INDUSTRIES PRIVATE LIMITED"" Nagpur official website",https://www.zaubacorp.com/company-by-address/B-26-1-MIDC-KALMESHWAR-KALMESHWAR-NAGPUR-MAHARASHTRA-441501-INDIA,zaubacorp.com,Companies at address B 26 1 MIDC KALMESHWAR ... ZaubaCorp https://www.zaubacorp.com › company-by-address › B...,DIRECTORY,0,DIRECTORY,SUCCESS,,
6a3e6e2ee4b0359e44e049be,JAYSHREE GROUP OF INDUSTRIES PRIVATE LIMITED,Google,"""JAYSHREE GROUP OF INDUSTRIES PRIVATE LIMITED"" Nagpur official website","https://www.zaubacorp.com/company-by-address/B-26-1-MIDC-KALMESHWAR-KALMESHWAR-NAGPUR-MAHARASHTRA-441501-INDIA#:~:text=JAYSHREE%20GROUP%20OF%20INDUSTRIES%20PRIVATE,C&text=Previous",zaubacorp.com,Read more,DIRECTORY,0,DIRECTORY,SUCCESS,,
6a393dbde4b0359e44de8219,OMEVEDIC TECHNOLOGIES LLP,Google,"""OMEVEDIC TECHNOLOGIES LLP"" Nagpur official website",https://www.falconebiz.com/LLP/OMEVEDIC-TECHNOLOGIES-LLP-ACZ-0841,falconebiz.com,,WEBSITE,5,WEAK_CANDIDATE|,SUCCESS,,
6a393dbde4b0359e44de8219,OMEVEDIC TECHNOLOGIES LLP,Google,"""OMEVEDIC TECHNOLOGIES LLP"" Nagpur official website",https://www.planetexim.net/indian-company/omevedic-technologies-llp/llpin/ACZ-0841.html,planetexim.net,,WEBSITE,5,WEAK_CANDIDATE|,SUCCESS,,
6a3532a3e4b06921f1d6d261,WEDTRIX GLOBAL PRIVATE LIMITED,Google,"""WEDTRIX GLOBAL PRIVATE LIMITED"" Nagpur official website",https://www.planetexim.net/indian-corporate-data/list/active-company/W/page-594.html,planetexim.net,,WEBSITE,5,WEAK_CANDIDATE|,SUCCESS,,
6a3532a3e4b06921f1d6d261,WEDTRIX GLOBAL PRIVATE LIMITED,Google,"""WEDTRIX GLOBAL PRIVATE LIMITED"" Nagpur official website",https://www.falconebiz.com/company/WEDTRIX-GLOBAL-PRIVATE-LIMITED-U62099ME2026PTC475168,falconebiz.com,,WEBSITE,5,WEAK_CANDIDATE|,SUCCESS,,
6a3532a3e4b06921f1d6d261,WEDTRIX GLOBAL PRIVATE LIMITED,Google,"""WEDTRIX GLOBAL PRIVATE LIMITED"" Nagpur official website",https://www.planetexim.net/indian-company/wedtrix-global-private-limited/cin/U62099ME2026PTC475168.html,planetexim.net,Details of WEDTRIX GLOBAL PRIVATE LIMITED planetexim.net https://www.planetexim.net › indian-company › cin,WEBSITE,35,POSSIBLE_CANDIDATE|company_name_in_title,SUCCESS,,
6a3532a3e4b06921f1d6d261,WEDTRIX GLOBAL PRIVATE LIMITED,Google,"""WEDTRIX GLOBAL PRIVATE LIMITED"" Nagpur official website","https://www.planetexim.net/indian-company/wedtrix-global-private-limited/cin/U62099ME2026PTC475168.html#:~:text=Company%20Details&text=CIN,U62099ME2026PTC475168&text=Company%20Name,WEDTRIX%20GLOBAL%20PRIVATE%20LIMITED&text=Date%20of%20Incorporation,04%20June%202026&text=Activity,and%20computer%20service%20activities%20n.e.c",planetexim.net,Read more,WEBSITE,5,WEAK_CANDIDATE|,SUCCESS,,
6a3532a3e4b06921f1d6d261,WEDTRIX GLOBAL PRIVATE LIMITED,Google,"""WEDTRIX GLOBAL PRIVATE LIMITED"" Nagpur official website","https://www.falconebiz.com/company/WEDTRIX-GLOBAL-PRIVATE-LIMITED-U62099ME2026PTC475168#:~:text=Plot%20No%20225%20Rajgruh%20Nagar%2C,Nagpur%2C%20Nagpur%2C%20Maharashtra%2C%20India%2C%20440026.",falconebiz.com,Read more,WEBSITE,5,WEAK_CANDIDATE|,SUCCESS,,
6a3532a3e4b06921f1d6d261,WEDTRIX GLOBAL PRIVATE LIMITED,Google,"""WEDTRIX GLOBAL PRIVATE LIMITED"" Nagpur official website",https://compfilings.com/company/WEDTRIX-GLOBAL-PRIVATE-LIMITED-U62099ME2026PTC475168,compfilings.com,WEDTRIX GLOBAL PRIVATE LIMITED | CompFilings | CompFilings compfilings.com https://compfilings.com › Companies,WEBSITE,35,POSSIBLE_CANDIDATE|company_name_in_title,SUCCESS,,
6a329a0be4b06921f1d5f6b4,NEXBRIDGE VENTURES PRIVATE LIMITED,Google,"""NEXBRIDGE VENTURES PRIVATE LIMITED"" Nagpur official website",https://www.zaubacorp.com/companies-NEXBRI,zaubacorp.com,ZaubaCorp,DIRECTORY,0,DIRECTORY,SUCCESS,,
6a329a0be4b06921f1d5f6b4,NEXBRIDGE VENTURES PRIVATE LIMITED,Google,"""NEXBRIDGE VENTURES PRIVATE LIMITED"" Nagpur official website",https://in.linkedin.com/in/sanskaragarwalgiglearn,in.linkedin.com,GigLearn on LinkedIn,DIRECTORY,0,DIRECTORY,SUCCESS,,
6a329a0be4b06921f1d5f6b4,NEXBRIDGE VENTURES PRIVATE LIMITED,Google,"""NEXBRIDGE VENTURES PRIVATE LIMITED"" Nagpur official website",https://www.falconebiz.com/company/NEXBRIDGE-VENTURES-PRIVATE-LIMITED-U66190ME2026PTC474523,falconebiz.com,,WEBSITE,5,WEAK_CANDIDATE|,SUCCESS,,
6a329a0be4b06921f1d5f6b4,NEXBRIDGE VENTURES PRIVATE LIMITED,Google,"""NEXBRIDGE VENTURES PRIVATE LIMITED"" Nagpur official website","https://www.falconebiz.com/company/NEXBRIDGE-VENTURES-PRIVATE-LIMITED-U66190ME2026PTC474523#:~:text=Pno166%20Shop%20No%20G2%20Safal%2C,Nagpur%2C%20Nagpur%2C%20Maharashtra%2C%20India%2C%20440022.",falconebiz.com,Read more,WEBSITE,5,WEAK_CANDIDATE|,SUCCESS,,
6a329a0be4b06921f1d5f6b4,NEXBRIDGE VENTURES PRIVATE LIMITED,Google,"""NEXBRIDGE VENTURES PRIVATE LIMITED"" Nagpur official website",https://www.planetexim.net/indian-company/nexbridge-ventures-private-limited/cin/U66190ME2026PTC474523.html,planetexim.net,Details of NEXBRIDGE VENTURES PRIVATE LIMITED planetexim.net https://www.planetexim.net › indian-company › cin,WEBSITE,35,POSSIBLE_CANDIDATE|company_name_in_title,SUCCESS,,
6a329a0be4b06921f1d5f6b4,NEXBRIDGE VENTURES PRIVATE LIMITED,Google,"""NEXBRIDGE VENTURES PRIVATE LIMITED"" Nagpur official website","https://www.planetexim.net/indian-company/nexbridge-ventures-private-limited/cin/U66190ME2026PTC474523.html#:~:text=CIN,21%20April%202026",planetexim.net,Read more,WEBSITE,5,WEAK_CANDIDATE|,SUCCESS,,
6a329a0be4b06921f1d5f6b4,NEXBRIDGE VENTURES PRIVATE LIMITED,Google,"""NEXBRIDGE VENTURES PRIVATE LIMITED"" Nagpur official website",https://www.zaubacorp.com/company-by-address/PNO-166-SHOP-NO-G2-SAFALYA-APPT-NELCO-SOC-SUBHASH-NGR-NAGPUR-NAGPUR-MAHARASHTRA-440022-INDIA,zaubacorp.com,PNO 166 SHOP NO G2 SAFALYA APPT NELCO SOC ... ZaubaCorp https://www.zaubacorp.com › company-by-address › P...,DIRECTORY,0,DIRECTORY,SUCCESS,,
6a329a0be4b06921f1d5f6b4,NEXBRIDGE VENTURES PRIVATE LIMITED,Google,"""NEXBRIDGE VENTURES PRIVATE LIMITED"" Nagpur official website","https://www.zaubacorp.com/company-by-address/PNO-166-SHOP-NO-G2-SAFALYA-APPT-NELCO-SOC-SUBHASH-NGR-NAGPUR-NAGPUR-MAHARASHTRA-440022-INDIA#:~:text=NEXBRIDGE%20VENTURES%20PRIVATE%20LIMITED,SUBHASH%2CNagpur%2CNagpur%2CMaharashtra%2C440022%2DIndia%20Nagpur%20Maharashtra%20440022%20India&text=Previous",zaubacorp.com,Read more,DIRECTORY,0,DIRECTORY,SUCCESS,,
6a329a0be4b06921f1d5f6b4,NEXBRIDGE VENTURES PRIVATE LIMITED,Google,"""NEXBRIDGE VENTURES PRIVATE LIMITED"" Nagpur official website",https://www.zaubacorp.com/company-by-address/PNO-28--FN-101--REKHA-RES-GHARKUL-HSG-SOC-BHAMTI-RD-NAGPUR-NAGPUR-MAHARASHTRA-440022-INDIA,zaubacorp.com,PNO 28 FN 101 REKHA RES GHARKUL HSG SOC ... ZaubaCorp https://www.zaubacorp.com › company-by-address › P...,DIRECTORY,0,DIRECTORY,SUCCESS,,
6a329a0be4b06921f1d5f6b4,NEXBRIDGE VENTURES PRIVATE LIMITED,Google,"""NEXBRIDGE VENTURES PRIVATE LIMITED"" Nagpur official website","https://www.zaubacorp.com/company-by-address/PNO-28--FN-101--REKHA-RES-GHARKUL-HSG-SOC-BHAMTI-RD-NAGPUR-NAGPUR-MAHARASHTRA-440022-INDIA#:~:text=P%2F2%2C%20F.N.104%2C%201%20FLOOR%2C%2CRPTS%20Rd.,NEXBRIDGE%20VENTURES%20PRIVATE%20LIMITED",zaubacorp.com,Read more,DIRECTORY,0,DIRECTORY,SUCCESS,,
6a2fed05e4b06921f1d4e9b6,UPDON VENTURES PRIVATE LIMITED,Google,"""UPDON VENTURES PRIVATE LIMITED"" Nagpur official website",https://www.zaubacorp.com/company-by-address/P-NO-33--GEETANJALI-SOC-MANISH-NAGAR--NAGPUR-NAGPUR-MAHARASHTRA-440015-INDIA,zaubacorp.com,ZaubaCorp,DIRECTORY,0,DIRECTORY,SUCCESS,,
6a2fed05e4b06921f1d4e9b6,UPDON VENTURES PRIVATE LIMITED,Google,"""UPDON VENTURES PRIVATE LIMITED"" Nagpur official website",https://www.zaubacorp.com/company-by-address/P-NO-195-BHARTIYA-GRUH-SAMSYA-NIVA-NAGPUR-NAGPUR-MAHARASHTRA-INDIA-440015,zaubacorp.com,,DIRECTORY,0,DIRECTORY,SUCCESS,,
6a2fed05e4b06921f1d4e9b6,UPDON VENTURES PRIVATE LIMITED,Google,"""UPDON VENTURES PRIVATE LIMITED"" Nagpur official website",https://www.zaubacorp.com/HIMSOFT-TECHNOLOGY-PRIVATE-LIMITED-U62099MH2025PTC442948,zaubacorp.com,,DIRECTORY,0,DIRECTORY,SUCCESS,,
6a2fed05e4b06921f1d4e9b6,UPDON VENTURES PRIVATE LIMITED,Google,"""UPDON VENTURES PRIVATE LIMITED"" Nagpur official website",https://www.falconebiz.com/company/UPDON-VENTURES-PRIVATE-LIMITED-U62011ME2026PTC474868,falconebiz.com,updon ventures private limited / u62011me2026ptc474868 Falcon Ebiz Pvt Ltd https://www.falconebiz.com › ... › NAGPUR › 440015,WEBSITE,35,POSSIBLE_CANDIDATE|company_name_in_title,SUCCESS,,
6a2fed05e4b06921f1d4e9b6,UPDON VENTURES PRIVATE LIMITED,Google,"""UPDON VENTURES PRIVATE LIMITED"" Nagpur official website","https://www.zaubacorp.com/company-by-address/P-NO-195-BHARTIYA-GRUH-SAMSYA-NIVA-NAGPUR-NAGPUR-MAHARASHTRA-INDIA-440015#:~:text=195%2C%20BHARTIYA%20GRUH%20SAMASYA%20NIVA%2C,UPDON%20VENTURES%20PRIVATE%20LIMITED",zaubacorp.com,Read more,DIRECTORY,0,DIRECTORY,SUCCESS,,
6a2fed05e4b06921f1d4e9b6,UPDON VENTURES PRIVATE LIMITED,Google,"""UPDON VENTURES PRIVATE LIMITED"" Nagpur official website","https://www.zaubacorp.com/company-by-address/P-NO-33--GEETANJALI-SOC-MANISH-NAGAR--NAGPUR-NAGPUR-MAHARASHTRA-440015-INDIA#:~:text=Previous&text=Regulatory%20%26%20Government,Copyright%20%C2%A9%202026%20Zauba%20Corp.",zaubacorp.com,Read more,DIRECTORY,0,DIRECTORY,SUCCESS,,
6a2fed05e4b06921f1d4e9b6,UPDON VENTURES PRIVATE LIMITED,Google,"""UPDON VENTURES PRIVATE LIMITED"" Nagpur official website",https://compfilings.com/company/UPDON-VENTURES-PRIVATE-LIMITED-U62011ME2026PTC474868,compfilings.com,UPDON VENTURES PRIVATE LIMITED | CompFilings | CompFilings compfilings.com https://compfilings.com › Companies,WEBSITE,35,POSSIBLE_CANDIDATE|company_name_in_title,SUCCESS,,
6a2fed05e4b06921f1d4e9b6,UPDON VENTURES PRIVATE LIMITED,Google,"""UPDON VENTURES PRIVATE LIMITED"" Nagpur official website",https://www.zaubacorp.com/company-by-address/P-NO--48-49--F-NO--202--TIRUPATI-RESIDENCY-GITANJALI-SOCIETY--MANISH-NAGAR-----NAGPUR--MAHARASHTRA--INDIA---440015,zaubacorp.com,P NO 48 49 F NO 202 TIRUPATI RESIDENCY GITANJALI ... ZaubaCorp https://www.zaubacorp.com › company-by-address › P-...,DIRECTORY,0,DIRECTORY,SUCCESS,,
6a2fed05e4b06921f1d4e9b6,UPDON VENTURES PRIVATE LIMITED,Google,"""UPDON VENTURES PRIVATE LIMITED"" Nagpur official website",https://www.zaubacorp.com/company-by-address/P-NO--48-49--F-NO--202--TIRUPATI-RESIDENCY-GITANJALI-SOCIETY--MANISH-NAGAR-----NAGPUR--MAHARASHTRA--INDIA---440015#:~:text=Previous,zaubacorp.com,Read more,DIRECTORY,0,DIRECTORY,SUCCESS,,
6a2fed05e4b06921f1d4e9b6,UPDON VENTURES PRIVATE LIMITED,Google,"""UPDON VENTURES PRIVATE LIMITED"" Nagpur official website",https://www.zaubacorp.com/company-by-address/A-302--AMAR-ENCLAVE--PRASHANT-NAGAR--AJNI-----NAGPUR--MAHARASHTRA--INDIA---440015,zaubacorp.com,A 302 AMAR ENCLAVE PRASHANT NAGAR AJNI ... ZaubaCorp https://www.zaubacorp.com › company-by-address › A...,DIRECTORY,0,DIRECTORY,SUCCESS,,
6a2fd617e4b06921f1d4da9f,YOUFINITY WELLBEING PRIVATE LIMITED,Google,"""YOUFINITY WELLBEING PRIVATE LIMITED"" Nagpur official website",https://tracxn.com/d/legal-entities/india/youfinity-wellbeing-private-limited/__8nIP-DAINWLPs512vatv4usvsFmZMTwstCTWvOjRsMU,tracxn.com,Tracxn,DIRECTORY,0,DIRECTORY,SUCCESS,,
6a2fd617e4b06921f1d4da9f,YOUFINITY WELLBEING PRIVATE LIMITED,Google,"""YOUFINITY WELLBEING PRIVATE LIMITED"" Nagpur official website",https://www.falconebiz.com/company/YOUFINITY-WELLBEING-PRIVATE-LIMITED-U87200ME2026PTC474505,falconebiz.com,FalconeBiz,WEBSITE,5,WEAK_CANDIDATE|,SUCCESS,,
6a2fd617e4b06921f1d4da9f,YOUFINITY WELLBEING PRIVATE LIMITED,Google,"""YOUFINITY WELLBEING PRIVATE LIMITED"" Nagpur official website",https://tracxn.com/d/legal-entities/india/youfinity-wellbeing-private-limited/__8nIP-DAINWLPs512vatv4usvsFmZMTwstCTWvOjRsMU#:~:text=Who%20are%20the%20authorized%20signatories,tracxn.com,Read more,DIRECTORY,0,DIRECTORY,SUCCESS,,
6a2fd617e4b06921f1d4da9f,YOUFINITY WELLBEING PRIVATE LIMITED,Google,"""YOUFINITY WELLBEING PRIVATE LIMITED"" Nagpur official website","https://www.falconebiz.com/company/YOUFINITY-WELLBEING-PRIVATE-LIMITED-U87200ME2026PTC474505#:~:text=YOUFINITY%20WELLBEING%20PRIVATE%20LIMITED%20having,MCA%20on%2020th%20April%2C%202026.",falconebiz.com,Read more,WEBSITE,5,WEAK_CANDIDATE|,SUCCESS,,
6a2fd617e4b06921f1d4da9f,YOUFINITY WELLBEING PRIVATE LIMITED,Google,"""YOUFINITY WELLBEING PRIVATE LIMITED"" Nagpur official website",https://www.zaubacorp.com/company-by-address/97--VIVEKANAND-NAGAR--AJNI-----NAGPUR--MAHARASHTRA--INDIA---440015,zaubacorp.com,97 VIVEKANAND NAGAR AJNI NAGPUR MAHARASHTRA ... ZaubaCorp https://www.zaubacorp.com › company-by-address › 9...,DIRECTORY,0,DIRECTORY,SUCCESS,,
6a2fd617e4b06921f1d4da9f,YOUFINITY WELLBEING PRIVATE LIMITED,Google,"""YOUFINITY WELLBEING PRIVATE LIMITED"" Nagpur official website","https://www.zaubacorp.com/company-by-address/97--VIVEKANAND-NAGAR--AJNI-----NAGPUR--MAHARASHTRA--INDIA---440015#:~:text=YOUFINITY%20WELLBEING%20PRIVATE%20LIMITED,201%2C%20PLOT&text=Regulatory%20%26%20Government,Copyright%20%C2%A9%202026%20Zauba%20Corp.",zaubacorp.com,Read more,DIRECTORY,0,DIRECTORY,SUCCESS,,
6a2fd617e4b06921f1d4da9f,YOUFINITY WELLBEING PRIVATE LIMITED,Google,"""YOUFINITY WELLBEING PRIVATE LIMITED"" Nagpur official website",https://www.zaubacorp.com/SAKA-MULTI-TRADE-SERVE-PRIVATE-LIMITED-U21002MH2024PTC437362,zaubacorp.com,SAKA MULTI TRADE SERVE PRIVATE LIMITED ZaubaCorp https://www.zaubacorp.com › ...,DIRECTORY,0,DIRECTORY,SUCCESS,,
6a2fd617e4b06921f1d4da9f,YOUFINITY WELLBEING PRIVATE LIMITED,Google,"""YOUFINITY WELLBEING PRIVATE LIMITED"" Nagpur official website",https://www.zaubacorp.com/company/U74120MH2011PTC218391,zaubacorp.com,RAVIRAJ WEALTH STRATEGIES PRIVATE LIMITED ZaubaCorp https://www.zaubacorp.com › company,DIRECTORY,0,DIRECTORY,SUCCESS,,
6a2fd617e4b06921f1d4da9f,YOUFINITY WELLBEING PRIVATE LIMITED,Google,"""YOUFINITY WELLBEING PRIVATE LIMITED"" Nagpur official website",https://www.zaubacorp.com/company/ACQ-8776,zaubacorp.com,COMPLEX DOUGH KITCHEN LLP ZaubaCorp https://www.zaubacorp.com › company › ACQ-8776,DIRECTORY,0,DIRECTORY,SUCCESS,,
6a2fd617e4b06921f1d4da9f,YOUFINITY WELLBEING PRIVATE LIMITED,Google,"""YOUFINITY WELLBEING PRIVATE LIMITED"" Nagpur official website","https://www.zaubacorp.com/company/ACQ-8776#:~:text=YOUFINITY%20WELLBEING%20PRIVATE%20LIMITED,201%2C%20PLOT%20NO.11%2C%20ANANYA%2CACENT%2CVIVEKANAND%20NAGAR%2C%2CNagpur%2CNagpur%2CMaharashtra%2C440015%2DIndia&text=Plot%20no%204%2C%20Flat%20no,201%2C%20Akshay%20Appartment%2CNarendra%20Nagar%20(Nagpur)%2C%2CNagpur%2CNagpur%2CMaharashtra%2C440015%2DIndia",zaubacorp.com,Read more,DIRECTORY,0,DIRECTORY,SUCCESS,,
6a2d57dae4b06921f1d436f7,SHREEKIRTI MEDITECH CONSULTANCY PRIVATE LIMITED,Google,"""SHREEKIRTI MEDITECH CONSULTANCY PRIVATE LIMITED"" Nagpur official website",https://www.zaubacorp.com/company-by-address/H-NO-327-GANDHI-CHOWK-SADAR-----NAGPUR--MAHARASHTRA--INDIA---440001,zaubacorp.com,ZaubaCorp,DIRECTORY,0,DIRECTORY,SUCCESS,,
6a2d57dae4b06921f1d436f7,SHREEKIRTI MEDITECH CONSULTANCY PRIVATE LIMITED,Google,"""SHREEKIRTI MEDITECH CONSULTANCY PRIVATE LIMITED"" Nagpur official website",https://www.falconebiz.com/company/SHREEKIRTI-MEDITECH-CONSULTANCY-PRIVATE-LIMITED-U46497ME2026PTC473430,falconebiz.com,SHREEKIRTI MEDITECH CONSULTANCY PRIVATE LIMITED ... Falcon Ebiz Pvt Ltd https://www.falconebiz.com › ... › NAGPUR › 440001,WEBSITE,35,POSSIBLE_CANDIDATE|company_name_in_title,SUCCESS,,
6a2d57dae4b06921f1d436f7,SHREEKIRTI MEDITECH CONSULTANCY PRIVATE LIMITED,Google,"""SHREEKIRTI MEDITECH CONSULTANCY PRIVATE LIMITED"" Nagpur official website","https://www.zaubacorp.com/company-by-address/H-NO-327-GANDHI-CHOWK-SADAR-----NAGPUR--MAHARASHTRA--INDIA---440001#:~:text=H.NO.314%2F02%20AZAD%20CHOWK%20SA%2CB%2FH%20LIQUAR,U46497ME2026PTC473430",zaubacorp.com,Read more,DIRECTORY,0,DIRECTORY,SUCCESS,,
6a2d57dae4b06921f1d436f7,SHREEKIRTI MEDITECH CONSULTANCY PRIVATE LIMITED,Google,"""SHREEKIRTI MEDITECH CONSULTANCY PRIVATE LIMITED"" Nagpur official website",https://www.zaubacorp.com/company-by-address/294-FIRST-FLOOROPP-CORPORATION-OPEN-PARK-GHANDHI-CHOWK-SADAR-----NAGPUR-440001--MAHARASHTRA--INDIA---000000,zaubacorp.com,294 FIRST FLOOROPP CORPORATION OPEN PARK ... ZaubaCorp https://www.zaubacorp.com › company-by-address › 2...,DIRECTORY,0,DIRECTORY,SUCCESS,,
6a2d57dae4b06921f1d436f7,SHREEKIRTI MEDITECH CONSULTANCY PRIVATE LIMITED,Google,"""SHREEKIRTI MEDITECH CONSULTANCY PRIVATE LIMITED"" Nagpur official website","https://www.zaubacorp.com/company-by-address/294-FIRST-FLOOROPP-CORPORATION-OPEN-PARK-GHANDHI-CHOWK-SADAR-----NAGPUR-440001--MAHARASHTRA--INDIA---000000#:~:text=4%2C%20SANYAL%20HOUSE%2COPP%2DCORP%2CPARK%2C%20GANDHI%20CHOWK%2CNagpur%2CNagpur%2CMaharashtra%2C440001%2DIndia,U46497ME2026PTC473430",zaubacorp.com,Read more,DIRECTORY,0,DIRECTORY,SUCCESS,,
6a2d57dae4b06921f1d436f7,SHREEKIRTI MEDITECH CONSULTANCY PRIVATE LIMITED,Google,"""SHREEKIRTI MEDITECH CONSULTANCY PRIVATE LIMITED"" Nagpur official website",https://www.zaubacorp.com/company/U45200MH2005PTC158181,zaubacorp.com,RAVI MAYA PROPERTY PROJECT PRIVATE LIMITED ZaubaCorp https://www.zaubacorp.com › company,DIRECTORY,0,DIRECTORY,SUCCESS,,
6a2d57dae4b06921f1d436f7,SHREEKIRTI MEDITECH CONSULTANCY PRIVATE LIMITED,Google,"""SHREEKIRTI MEDITECH CONSULTANCY PRIVATE LIMITED"" Nagpur official website",https://www.zaubacorp.com/company/U70200MH2026PTC465997,zaubacorp.com,ELEVENGATE ADVISORY PRIVATE LIMITED ZaubaCorp https://www.zaubacorp.com › company,DIRECTORY,0,DIRECTORY,SUCCESS,,
6a2d57dae4b06921f1d436f7,SHREEKIRTI MEDITECH CONSULTANCY PRIVATE LIMITED,Google,"""SHREEKIRTI MEDITECH CONSULTANCY PRIVATE LIMITED"" Nagpur official website",https://www.zaubacorp.com/company-by-address/7--ANJUMAN-BUILDING--SADAR------NAGPUR--MAHARASHTRA--INDIA---440001,zaubacorp.com,7 ANJUMAN BUILDING SADAR NAGPUR MAHARASHTRA ... ZaubaCorp https://www.zaubacorp.com › company-by-address › 7-...,DIRECTORY,0,DIRECTORY,SUCCESS,,
6a2d57dae4b06921f1d436f7,SHREEKIRTI MEDITECH CONSULTANCY PRIVATE LIMITED,Google,"""SHREEKIRTI MEDITECH CONSULTANCY PRIVATE LIMITED"" Nagpur official website",https://www.zaubacorp.com/company-by-address/499-B-PRIYA-VILLAKADBI-CHOWK-NAGPUR-MAHARASHTRA-INDIA-440004,zaubacorp.com,499 B PRIYA VILLAKADBI CHOWK NAGPUR ... ZaubaCorp https://www.zaubacorp.com › company-by-address › 4...,DIRECTORY,0,DIRECTORY,SUCCESS,,
6a2d57dae4b06921f1d436f7,SHREEKIRTI MEDITECH CONSULTANCY PRIVATE LIMITED,Google,"""SHREEKIRTI MEDITECH CONSULTANCY PRIVATE LIMITED"" Nagpur official website","https://www.zaubacorp.com/company-by-address/499-B-PRIYA-VILLAKADBI-CHOWK-NAGPUR-MAHARASHTRA-INDIA-440004#:~:text=Previous&text=Regulatory%20%26%20Government,Zauba%20Corp.%20All%20rights%20reserved.",zaubacorp.com,Read more,DIRECTORY,0,DIRECTORY,SUCCESS,,
6a2a91a3e4b06921f1d3495b,GN GLOBAL CONSULTING LLP,Google,"""GN GLOBAL CONSULTING LLP"" Nagpur official website",https://www.zaubacorp.com/companies-G-304,zaubacorp.com,ZaubaCorp,DIRECTORY,0,DIRECTORY,SUCCESS,,
6a2a91a3e4b06921f1d3495b,GN GLOBAL CONSULTING LLP,Google,"""GN GLOBAL CONSULTING LLP"" Nagpur official website",https://www.zaubacorp.com/company/SUPERB-TECHNOENGINEERING-LLP/AAM-8559,zaubacorp.com,,DIRECTORY,0,DIRECTORY,SUCCESS,,
6a2a91a3e4b06921f1d3495b,GN GLOBAL CONSULTING LLP,Google,"""GN GLOBAL CONSULTING LLP"" Nagpur official website",https://www.zaubacorp.com/company-by-address/HO-NO--841--PL--NO--220--GANDHI-NAGAR-NAGPUR-NAGPUR-MAHARASHTRA-440010-INDIA,zaubacorp.com,HO NO 841 PL NO 220 GANDHI NAGAR NAGPUR ... ZaubaCorp https://www.zaubacorp.com › company-by-address › H...,DIRECTORY,0,DIRECTORY,SUCCESS,,
6a2a91a3e4b06921f1d3495b,GN GLOBAL CONSULTING LLP,Google,"""GN GLOBAL CONSULTING LLP"" Nagpur official website","https://www.zaubacorp.com/company-by-address/HO-NO--841--PL--NO--220--GANDHI-NAGAR-NAGPUR-NAGPUR-MAHARASHTRA-440010-INDIA#:~:text=1016%2C%20Nakshatra%20Apartment%201st%20Floor%2C,NAGAR%2CNagpur%2CNagpur%2CMaharashtra%2CIndia%2D440010%20Nagpur%20Maharashtra%20440010%20India",zaubacorp.com,Read more,DIRECTORY,0,DIRECTORY,SUCCESS,,
6a2a91a3e4b06921f1d3495b,GN GLOBAL CONSULTING LLP,Google,"""GN GLOBAL CONSULTING LLP"" Nagpur official website",https://www.zaubacorp.com/company-by-address/PL-NO--71--MADHAV-NAGAR-NEAR-PMG-HALL-NAGPUR-NAGPUR-MAHARASHTRA-440010-INDIA,zaubacorp.com,PL NO 71 MADHAV NAGAR NEAR PMG HALL NAGPUR ... ZaubaCorp https://www.zaubacorp.com › company-by-address › P...,DIRECTORY,0,DIRECTORY,SUCCESS,,
6a2a91a3e4b06921f1d3495b,GN GLOBAL CONSULTING LLP,Google,"""GN GLOBAL CONSULTING LLP"" Nagpur official website","https://www.zaubacorp.com/company-by-address/PL-NO--71--MADHAV-NAGAR-NEAR-PMG-HALL-NAGPUR-NAGPUR-MAHARASHTRA-440010-INDIA#:~:text=71%2C%20MADHAV%20NAGAR%2C%20NEAR%20PMG,PL%20NO",zaubacorp.com,Read more,DIRECTORY,0,DIRECTORY,SUCCESS,,
6a2a91a3e4b06921f1d3495b,GN GLOBAL CONSULTING LLP,Google,"""GN GLOBAL CONSULTING LLP"" Nagpur official website",https://www.zaubacorp.com/company-by-address/PL-NO-234--FL-NO--102--RATAN-LOTUS---CHATRAPATI-NAGAR-NAGPUR-NAGPUR-MAHARASHTRA-440015-INDIA,zaubacorp.com,PL NO 234 FL NO 102 RATAN LOTUS CHATRAPATI ... ZaubaCorp https://www.zaubacorp.com › company-by-address › P...,DIRECTORY,0,DIRECTORY,SUCCESS,,
6a2a91a3e4b06921f1d3495b,GN GLOBAL CONSULTING LLP,Google,"""GN GLOBAL CONSULTING LLP"" Nagpur official website","https://www.zaubacorp.com/company-by-address/PL-NO-234--FL-NO--102--RATAN-LOTUS---CHATRAPATI-NAGAR-NAGPUR-NAGPUR-MAHARASHTRA-440015-INDIA#:~:text=GN%20GLOBAL%20CONSULTING%20LLP,NAGAR%2CNagpur%2CNagpur%2CMaharashtra%2CIndia%2D440010%20Nagpur%20Maharashtra%20440010%20India&text=Previous",zaubacorp.com,Read more,DIRECTORY,0,DIRECTORY,SUCCESS,,
6a2a91a3e4b06921f1d3495b,GN GLOBAL CONSULTING LLP,Google,"""GN GLOBAL CONSULTING LLP"" Nagpur official website",https://www.zaubacorp.com/company-by-address/PL-NO-49-FL-NO-A-8-NANDODAYA-APT-GOKULPETH-HILL-ROAD-NAGPUR-NAGPUR-MAHARASHTRA-440010-INDIA,zaubacorp.com,PL NO 49 FL NO A 8 NANDODAYA APT GOKULPETH ... ZaubaCorp https://www.zaubacorp.com › company-by-address › P...,DIRECTORY,0,DIRECTORY,SUCCESS,,
6a2a91a3e4b06921f1d3495b,GN GLOBAL CONSULTING LLP,Google,"""GN GLOBAL CONSULTING LLP"" Nagpur official website","https://www.zaubacorp.com/company-by-address/PL-NO-49-FL-NO-A-8-NANDODAYA-APT-GOKULPETH-HILL-ROAD-NAGPUR-NAGPUR-MAHARASHTRA-440010-INDIA#:~:text=GN%20GLOBAL%20CONSULTING%20LLP,NAGAR%2CNagpur%2CNagpur%2CMaharashtra%2CIndia%2D440010%20Nagpur%20Maharashtra%20440010%20India&text=F.NO.G%2D1%2C%20P.NO.8A%2C%20NABAB%20AR%2C%2CTILAK%20NAGAR%2C,NAGPUR%2CNagpur%2CNagpur%2CMaharashtra%2C440010%2DIndia%20Nagpur%20Maharashtra%20440010%20India",zaubacorp.com,Read more,DIRECTORY,0,DIRECTORY,SUCCESS,,
6a2a682ce4b06921f1d329be,INDOOR SYSTEMS SOLUTIONS PRIVATE LIMITED,Google,"""INDOOR SYSTEMS SOLUTIONS PRIVATE LIMITED"" Nagpur official website",https://www.indiamart.com/indoor-systems-solutions-private-limited/?srsltid=AfmBOoptSgAM1C_GeYEXoa9LfEv9GGAcyrv_-cwsh4TkXlA0n1Lg11an,indiamart.com,IndiaMART Profile,DIRECTORY,0,DIRECTORY,SUCCESS,,
6a2a682ce4b06921f1d329be,INDOOR SYSTEMS SOLUTIONS PRIVATE LIMITED,Google,"""INDOOR SYSTEMS SOLUTIONS PRIVATE LIMITED"" Nagpur official website",https://www.zaubacorp.com/INDOOR-SYSTEMS-SOLUTIONS-PRIVATE-LIMITED-U72200MH2017PTC297875,zaubacorp.com,ZaubaCorp,DIRECTORY,0,DIRECTORY,SUCCESS,,
6a2a682ce4b06921f1d329be,INDOOR SYSTEMS SOLUTIONS PRIVATE LIMITED,Google,"""INDOOR SYSTEMS SOLUTIONS PRIVATE LIMITED"" Nagpur official website",https://www.indiamart.com/indoor-systems-solutions-private-limited/photos.html,indiamart.com,,DIRECTORY,0,DIRECTORY,SUCCESS,,
6a2a682ce4b06921f1d329be,INDOOR SYSTEMS SOLUTIONS PRIVATE LIMITED,Google,"""INDOOR SYSTEMS SOLUTIONS PRIVATE LIMITED"" Nagpur official website",https://www.indiamart.com/indoor-systems-solutions-private-limited/photos.html?srsltid=AfmBOoq-x1m0UK8Z2u8jk7c7mQp2lqmDiXq_-KG6c9AKitSoNmFIX4o8,indiamart.com,,DIRECTORY,0,DIRECTORY,SUCCESS,,
6a2a682ce4b06921f1d329be,INDOOR SYSTEMS SOLUTIONS PRIVATE LIMITED,Google,"""INDOOR SYSTEMS SOLUTIONS PRIVATE LIMITED"" Nagpur official website",https://tracxn.com/d/companies/indoor-system-solution/__1De5AuI-lw0iA_1U_EGjfEH-QAspkndknZECEspLgec,tracxn.com,,DIRECTORY,0,DIRECTORY,SUCCESS,,
6a2a682ce4b06921f1d329be,INDOOR SYSTEMS SOLUTIONS PRIVATE LIMITED,Google,"""INDOOR SYSTEMS SOLUTIONS PRIVATE LIMITED"" Nagpur official website",https://www.instagram.com/reel/DNixIIWpdYp/,instagram.com,,DIRECTORY,0,DIRECTORY,SUCCESS,,
6a2a682ce4b06921f1d329be,INDOOR SYSTEMS SOLUTIONS PRIVATE LIMITED,Google,"""INDOOR SYSTEMS SOLUTIONS PRIVATE LIMITED"" Nagpur official website",https://www.instagram.com/p/DaMSaE0KOni/,instagram.com,,DIRECTORY,0,DIRECTORY,SUCCESS,,
6a2a682ce4b06921f1d329be,INDOOR SYSTEMS SOLUTIONS PRIVATE LIMITED,Google,"""INDOOR SYSTEMS SOLUTIONS PRIVATE LIMITED"" Nagpur official website","https://www.zaubacorp.com/INDOOR-SYSTEMS-SOLUTIONS-PRIVATE-LIMITED-U72200MH2017PTC297875#:~:text=Registered%20address%20of%20INDOOR%20SYSTEMS,PRIVATE%20LIMITED%20is%20%2D%20Active.",zaubacorp.com,Read more,DIRECTORY,0,DIRECTORY,SUCCESS,,
6a2a682ce4b06921f1d329be,INDOOR SYSTEMS SOLUTIONS PRIVATE LIMITED,Google,"""INDOOR SYSTEMS SOLUTIONS PRIVATE LIMITED"" Nagpur official website",https://www.indiamart.com/indoor-systems-solutions-private-limited/?srsltid=AfmBOorPOOzYHiXnb4dBEoAzuL2FElCX8a8g9sj183EBN11zX4ivm7LW,indiamart.com,Indoor Systems Solutions Private Limited IndiaMART https://www.indiamart.com › indoor-systems-solutions-pr...,DIRECTORY,0,DIRECTORY,SUCCESS,,
6a2a682ce4b06921f1d329be,INDOOR SYSTEMS SOLUTIONS PRIVATE LIMITED,Google,"""INDOOR SYSTEMS SOLUTIONS PRIVATE LIMITED"" Nagpur official website",https://www.indiamart.com/indoor-systems-solutions-private-limited/photos.html?srsltid=AfmBOoqdWa3R_gEv6ZRROVKSPBzDKMMCMk6WKYn9aOYeSNzJieWnQhq4,indiamart.com,Indoor Systems Solutions Private Limited IndiaMART https://www.indiamart.com › photos,DIRECTORY,0,DIRECTORY,SUCCESS,,
6a270f59e4b075ab1c5c71e1,ZELES TECHNOLOGIES PRIVATE LIMITED,Google,"""ZELES TECHNOLOGIES PRIVATE LIMITED"" Nagpur official website",https://zelestech.com/,zelestech.com,Zeles Technologies | Cybersecurity & Cloud Solutions — India zelestech.com https://zelestech.com,WEBSITE,60,"STRONG_CANDIDATE|company_name_in_domain,company_name_in_title",SUCCESS,,
6a270f59e4b075ab1c5c71e1,ZELES TECHNOLOGIES PRIVATE LIMITED,Google,"""ZELES TECHNOLOGIES PRIVATE LIMITED"" Nagpur official website",https://zelestech.com/#:~:text=Zeles%20TechnologiesPrivate%20Limited,zelestech.com,Read more,WEBSITE,30,POSSIBLE_CANDIDATE|company_name_in_domain,SUCCESS,,
6a270f59e4b075ab1c5c71e1,ZELES TECHNOLOGIES PRIVATE LIMITED,Google,"""ZELES TECHNOLOGIES PRIVATE LIMITED"" Nagpur official website",https://tracxn.com/d/legal-entities/india/zeles-technologies-private-limited/__u7or7AqgQWvKIhD7fF_f9oU1nBMUb546HNW4FEmFQS0,tracxn.com,,DIRECTORY,0,DIRECTORY,SUCCESS,,
6a270f59e4b075ab1c5c71e1,ZELES TECHNOLOGIES PRIVATE LIMITED,Google,"""ZELES TECHNOLOGIES PRIVATE LIMITED"" Nagpur official website","https://tracxn.com/d/legal-entities/india/zeles-technologies-private-limited/__u7or7AqgQWvKIhD7fF_f9oU1nBMUb546HNW4FEmFQS0#:~:text=ZELES%20TECHNOLOGIES%20PRIVATE%20LIMITED%20is,Registrar%20of%20Companies%2C%20ROC%20Nagpur.",tracxn.com,Read more,DIRECTORY,0,DIRECTORY,SUCCESS,,
6a270f59e4b075ab1c5c71e1,ZELES TECHNOLOGIES PRIVATE LIMITED,Google,"""ZELES TECHNOLOGIES PRIVATE LIMITED"" Nagpur official website",https://www.planetexim.net/indian-company/zeles-technologies-private-limited/cin/U62090ME2026PTC474853.html,planetexim.net,Details of ZELES TECHNOLOGIES PRIVATE LIMITED planetexim.net https://www.planetexim.net › indian-company › cin,WEBSITE,35,POSSIBLE_CANDIDATE|company_name_in_title,SUCCESS,,
6a270f59e4b075ab1c5c71e1,ZELES TECHNOLOGIES PRIVATE LIMITED,Google,"""ZELES TECHNOLOGIES PRIVATE LIMITED"" Nagpur official website",https://www.falconebiz.com/company/ZELES-TECHNOLOGIES-PRIVATE-LIMITED-U62090ME2026PTC474853,falconebiz.com,zeles technologies private limited Falcon Ebiz Pvt Ltd https://www.falconebiz.com › ... › NAGPUR › 441108,WEBSITE,35,POSSIBLE_CANDIDATE|company_name_in_title,SUCCESS,,
6a270f59e4b075ab1c5c71e1,ZELES TECHNOLOGIES PRIVATE LIMITED,Google,"""ZELES TECHNOLOGIES PRIVATE LIMITED"" Nagpur official website","https://www.falconebiz.com/company/ZELES-TECHNOLOGIES-PRIVATE-LIMITED-U62090ME2026PTC474853#:~:text=ZELES%20TECHNOLOGIES%20PRIVATE%20LIMITED%20having,MCA%20on%2014th%20May%2C%202026.",falconebiz.com,Read more,WEBSITE,5,WEAK_CANDIDATE|,SUCCESS,,
6a270f59e4b075ab1c5c71e1,ZELES TECHNOLOGIES PRIVATE LIMITED,Google,"""ZELES TECHNOLOGIES PRIVATE LIMITED"" Nagpur official website",https://www.zaubacorp.com/company-by-address/KH-NO--128-2--MODERN-PETR-WARDHA-ROAD--JAMTHA-NAGPUR-NAGPUR-MAHARASHTRA-441108-INDIA,zaubacorp.com,KH NO 128 2 MODERN PETR WARDHA ROAD JAMTHA ... ZaubaCorp https://www.zaubacorp.com › company-by-address › K...,DIRECTORY,0,DIRECTORY,SUCCESS,,
6a270f59e4b075ab1c5c71e1,ZELES TECHNOLOGIES PRIVATE LIMITED,Google,"""ZELES TECHNOLOGIES PRIVATE LIMITED"" Nagpur official website","https://www.zaubacorp.com/company-by-address/KH-NO--128-2--MODERN-PETR-WARDHA-ROAD--JAMTHA-NAGPUR-NAGPUR-MAHARASHTRA-441108-INDIA#:~:text=ZELES%20TECHNOLOGIES%20PRIVATE%20LIMITED,FLAT%20NO%20504&text=Previous",zaubacorp.com,Read more,DIRECTORY,0,DIRECTORY,SUCCESS,,
6a270f59e4b075ab1c5c71e1,ZELES TECHNOLOGIES PRIVATE LIMITED,Google,"""ZELES TECHNOLOGIES PRIVATE LIMITED"" Nagpur official website",https://www.zaubacorp.com/company-by-address/TOWER-NO-2-FLAT-NO-504-CAPITOL-HEIGHTS-NAGPUR-NAGPUR-MAHARASHTRA-440003-INDIA,zaubacorp.com,TOWER NO 2 FLAT NO 504 CAPITOL HEIGHTS NAGPUR ... ZaubaCorp https://www.zaubacorp.com › company-by-address › T...,DIRECTORY,0,DIRECTORY,SUCCESS,,
6a26dc0ee4b075ab1c5c6627,H SQUARE MEDIA &amp; TECHNOLOGIES PRIVATE LIMITED,Google,"""H SQUARE MEDIA &amp; TECHNOLOGIES PRIVATE LIMITED"" Nagpur official website",http://www.h2media.in/,h2media.in,Website,WEBSITE,30,POSSIBLE_CANDIDATE|company_name_in_domain,SUCCESS,,
6a26dc0ee4b075ab1c5c6627,H SQUARE MEDIA &amp; TECHNOLOGIES PRIVATE LIMITED,Google,"""H SQUARE MEDIA &amp; TECHNOLOGIES PRIVATE LIMITED"" Nagpur official website",https://www.youtube.com/@h-squaremediasolutions4492,youtube.com,YouTube,DIRECTORY,0,DIRECTORY,SUCCESS,,
6a210cefe4b075ab1c5ad241,EVQUICK LLP,Google,"""EVQUICK LLP"" Nagpur official website",https://www.zaubacorp.com/companies-list/pincode-440030/companytype-LLP/roc-ROC%20Nagpur-company.html,zaubacorp.com,,DIRECTORY,0,DIRECTORY,SUCCESS,,
6a210cefe4b075ab1c5ad241,EVQUICK LLP,Google,"""EVQUICK LLP"" Nagpur official website",https://www.planetexim.net/indian-company/evquick-llp/llpin/ACX-9376.html,planetexim.net,,WEBSITE,5,WEAK_CANDIDATE|,SUCCESS,,
6a210cefe4b075ab1c5ad241,EVQUICK LLP,Google,"""EVQUICK LLP"" Nagpur official website",https://www.falconebiz.com/LLP/EVQUICK-LLP-ACX-9376,falconebiz.com,EVQUICK LLP HAVING LLPIN ACX-9376 IS 1 DAYS OLD ... Falcon Ebiz Pvt Ltd https://www.falconebiz.com › ... › NAGPUR › 440030,WEBSITE,20,WEAK_CANDIDATE|company_name_in_title,SUCCESS,,
6a210cefe4b075ab1c5ad241,EVQUICK LLP,Google,"""EVQUICK LLP"" Nagpur official website","https://www.zaubacorp.com/companies-list/pincode-440030/companytype-LLP/roc-ROC%20Nagpur-company.html#:~:text=ACW%2D4456,P%20P%20ENCLAVE%20NEW%2CNAGPUR%20SOCIETY%20ZINGABAI%2CNagpur%2CNagpur%2CMaharashtra%2CIndia%2D440030&text=EVQUICK%20LLP,GORAKHNATH%20SOCIETY%2CGAYATRI%20NAGAR%20GODHNI%20ROAD%2CNagpur%2CNagpur%2CMaharashtra%2CIndia%2D440030",zaubacorp.com,Read more,DIRECTORY,0,DIRECTORY,SUCCESS,,
6a210cefe4b075ab1c5ad241,EVQUICK LLP,Google,"""EVQUICK LLP"" Nagpur official website",https://www.zaubacorp.com/company-by-address/154-ZINGABAI-TAKLI--GODHANI-ROAD--NAGPUR-NAGPUR-NAGPUR-MAHARASHTRA-440030-INDIA,zaubacorp.com,154 ZINGABAI TAKLI GODHANI ROAD NAGPUR ... ZaubaCorp https://www.zaubacorp.com › company-by-address › 1...,DIRECTORY,0,DIRECTORY,SUCCESS,,
6a210cefe4b075ab1c5ad241,EVQUICK LLP,Google,"""EVQUICK LLP"" Nagpur official website",https://www.zaubacorp.com/company-by-address/154-ZINGABAI-TAKLI--GODHANI-ROAD--NAGPUR-NAGPUR-NAGPUR-MAHARASHTRA-440030-INDIA#:~:text=Previous,zaubacorp.com,Read more,DIRECTORY,0,DIRECTORY,SUCCESS,,
6a210cefe4b075ab1c5ad241,EVQUICK LLP,Google,"""EVQUICK LLP"" Nagpur official website",https://www.zaubacorp.com/company-by-address/20-GANPATI-NAGAR-ZINGABAI-TAKLI--NAGPUR--URBAN--NAGPUR-NAGPUR-MAHARASHTRA-INDIA-440030,zaubacorp.com,20 GANPATI NAGAR ZINGABAI TAKLI NAGPUR URBAN ... ZaubaCorp https://www.zaubacorp.com › company-by-address › 2...,DIRECTORY,0,DIRECTORY,SUCCESS,,
6a210cefe4b075ab1c5ad241,EVQUICK LLP,Google,"""EVQUICK LLP"" Nagpur official website","https://www.zaubacorp.com/company-by-address/20-GANPATI-NAGAR-ZINGABAI-TAKLI--NAGPUR--URBAN--NAGPUR-NAGPUR-MAHARASHTRA-INDIA-440030#:~:text=Previous&text=Regulatory%20%26%20Government,Copyright%20%C2%A9%202026%20Zauba%20Corp.",zaubacorp.com,Read more,DIRECTORY,0,DIRECTORY,SUCCESS,,
6a210cefe4b075ab1c5ad241,EVQUICK LLP,Google,"""EVQUICK LLP"" Nagpur official website",https://www.zaubacorp.com/company-by-address/62-NEEL-KAMAL-SOCIETY-BAJAJ-NAGAR-NAGPUR-NAGPUR-MAHARASHTRA-440010-INDIA,zaubacorp.com,62 NEEL KAMAL SOCIETY BAJAJ NAGAR NAGPUR ... ZaubaCorp https://www.zaubacorp.com › company-by-address › 6...,DIRECTORY,0,DIRECTORY,SUCCESS,,
6a210cefe4b075ab1c5ad241,EVQUICK LLP,Google,"""EVQUICK LLP"" Nagpur official website",https://www.zaubacorp.com/company-by-address/62-NEEL-KAMAL-SOCIETY-BAJAJ-NAGAR-NAGPUR-NAGPUR-MAHARASHTRA-440010-INDIA#:~:text=Previous,zaubacorp.com,Read more,DIRECTORY,0,DIRECTORY,SUCCESS,,
6a201f27e4b075ab1c5aa829,IRREGULAR PRODUCTION &amp; FILMS LLP,Google,"""IRREGULAR PRODUCTION &amp; FILMS LLP"" Nagpur official website",https://www.irregularproduction.com/,irregularproduction.com,Irregular Production | A creative media house specialising in ... Irregular Production https://www.irregularproduction.com,WEBSITE,85,"STRONG_CANDIDATE|company_name_in_domain,company_name_in_title",SUCCESS,,
6a201f27e4b075ab1c5aa829,IRREGULAR PRODUCTION &amp; FILMS LLP,Google,"""IRREGULAR PRODUCTION &amp; FILMS LLP"" Nagpur official website",https://www.zaubacorp.com/IRREGULAR-PRODUCTION-AND-FILMS-LLP-ACW-5525,zaubacorp.com,,DIRECTORY,0,DIRECTORY,SUCCESS,,
6a201f27e4b075ab1c5aa829,IRREGULAR PRODUCTION &amp; FILMS LLP,Google,"""IRREGULAR PRODUCTION &amp; FILMS LLP"" Nagpur official website",https://www.irregularproduction.com/contact,irregularproduction.com,contact Irregular Production https://www.irregularproduction.com › contact,WEBSITE,85,"STRONG_CANDIDATE|company_name_in_domain,company_name_in_title",SUCCESS,,
6a201f27e4b075ab1c5aa829,IRREGULAR PRODUCTION &amp; FILMS LLP,Google,"""IRREGULAR PRODUCTION &amp; FILMS LLP"" Nagpur official website",https://www.irregularproduction.com/irregularity,irregularproduction.com,irregularity - Shreyas Dhapodkar Irregular Production https://www.irregularproduction.com › irregularity,WEBSITE,85,"STRONG_CANDIDATE|company_name_in_domain,company_name_in_title",SUCCESS,,
6a201f27e4b075ab1c5aa829,IRREGULAR PRODUCTION &amp; FILMS LLP,Google,"""IRREGULAR PRODUCTION &amp; FILMS LLP"" Nagpur official website",https://www.irregularproduction.com/irregularity#:~:text=A%20proud%20couch%20potato.%20A,irregularproduction.com,Read more,WEBSITE,55,POSSIBLE_CANDIDATE|company_name_in_domain,SUCCESS,,
6a201f27e4b075ab1c5aa829,IRREGULAR PRODUCTION &amp; FILMS LLP,Google,"""IRREGULAR PRODUCTION &amp; FILMS LLP"" Nagpur official website",https://www.irregularproduction.com/gallery,irregularproduction.com,gallery Irregular Production https://www.irregularproduction.com › gallery,WEBSITE,85,"STRONG_CANDIDATE|company_name_in_domain,company_name_in_title",SUCCESS,,
6a201f27e4b075ab1c5aa829,IRREGULAR PRODUCTION &amp; FILMS LLP,Google,"""IRREGULAR PRODUCTION &amp; FILMS LLP"" Nagpur official website","https://www.irregularproduction.com/gallery#:~:text=Welcome%20to%20the%20room%20where,authentic%20storytelling%20meets%20fearless%20execution.",irregularproduction.com,Read more,WEBSITE,55,POSSIBLE_CANDIDATE|company_name_in_domain,SUCCESS,,
6a201f27e4b075ab1c5aa829,IRREGULAR PRODUCTION &amp; FILMS LLP,Google,"""IRREGULAR PRODUCTION &amp; FILMS LLP"" Nagpur official website",https://www.irregularproduction.com/careers,irregularproduction.com,careers Irregular Production https://www.irregularproduction.com › careers,WEBSITE,85,"STRONG_CANDIDATE|company_name_in_domain,company_name_in_title",SUCCESS,,
6a201f27e4b075ab1c5aa829,IRREGULAR PRODUCTION &amp; FILMS LLP,Google,"""IRREGULAR PRODUCTION &amp; FILMS LLP"" Nagpur official website","https://www.irregularproduction.com/careers#:~:text=Irregular%20is%20a%20visual%20storytelling,designers%2C%20and%20everything%20in%20between.",irregularproduction.com,Read more,WEBSITE,55,POSSIBLE_CANDIDATE|company_name_in_domain,SUCCESS,,
6a201f27e4b075ab1c5aa829,IRREGULAR PRODUCTION &amp; FILMS LLP,Google,"""IRREGULAR PRODUCTION &amp; FILMS LLP"" Nagpur official website",https://gstcouncil.gov.in/hi/node/4974,gstcouncil.gov.in,जीएसटी परिषद की 52वीं बैठक | Goods and Services Tax Council GST Council https://gstcouncil.gov.in › मुख्य पृष्ठ › Node,WEBSITE,5,WEAK_CANDIDATE|,SUCCESS,,
6a1ee8f3e4b061f008cca4aa,RAVINDRA SINGH INFRA PROJECT PRIVATE LIMITED,Google,"""RAVINDRA SINGH INFRA PROJECT PRIVATE LIMITED"" Nagpur official website",https://tracxn.com/d/legal-entities/india/ravindra-singh-infra-project-private-limited/__WXua3Y9j6u-XnEhFiPZz1A-pgFdRBTe9EgxOonEXfGs,tracxn.com,RAVINDRA SINGH INFRA PROJECT PRIVATE LIMITED Tracxn https://tracxn.com › Discover › Legal Entities › India,DIRECTORY,0,DIRECTORY,SUCCESS,,
6a1ee8f3e4b061f008cca4aa,RAVINDRA SINGH INFRA PROJECT PRIVATE LIMITED,Google,"""RAVINDRA SINGH INFRA PROJECT PRIVATE LIMITED"" Nagpur official website",https://www.falconebiz.com/company/RAVINDRA-SINGH-INFRA-PROJECT-PRIVATE-LIMITED-U42100MH2025PTC442729,falconebiz.com,ravindra singh infra project private limited Falcon Ebiz Pvt Ltd https://www.falconebiz.com › ... › NAGPUR › 440013,WEBSITE,35,POSSIBLE_CANDIDATE|company_name_in_title,SUCCESS,,
6a1ee8f3e4b061f008cca4aa,RAVINDRA SINGH INFRA PROJECT PRIVATE LIMITED,Google,"""RAVINDRA SINGH INFRA PROJECT PRIVATE LIMITED"" Nagpur official website",https://www.zaubacorp.com/company-by-address/FLAT-NO-101-SHIRKE-LAYOUT-RAJ-NAGAR-NAGPUR-NAGPUR-MAHARASHTRA-440013-INDIA,zaubacorp.com,FLAT NO 101 SHIRKE LAYOUT RAJ NAGAR NAGPUR ... ZaubaCorp https://www.zaubacorp.com › company-by-address › F...,DIRECTORY,0,DIRECTORY,SUCCESS,,
6a1ee8f3e4b061f008cca4aa,RAVINDRA SINGH INFRA PROJECT PRIVATE LIMITED,Google,"""RAVINDRA SINGH INFRA PROJECT PRIVATE LIMITED"" Nagpur official website","https://www.zaubacorp.com/company-by-address/FLAT-NO-101-SHIRKE-LAYOUT-RAJ-NAGAR-NAGPUR-NAGPUR-MAHARASHTRA-440013-INDIA#:~:text=101%2C%20Dev%20Heights%2CK.%20Nagpur%2CNagpur%2CNagpur%2CMaharashtra%2CIndia%2D440013%20Nagpur,SINGH%20INFRA%20PROJECT%20PRIVATE%20LIMITED",zaubacorp.com,Read more,DIRECTORY,0,DIRECTORY,SUCCESS,,
6a1ee8f3e4b061f008cca4aa,RAVINDRA SINGH INFRA PROJECT PRIVATE LIMITED,Google,"""RAVINDRA SINGH INFRA PROJECT PRIVATE LIMITED"" Nagpur official website",https://www.zaubacorp.com/companies-R-718,zaubacorp.com,Companies list - R ZaubaCorp https://www.zaubacorp.com › companies-R-718,DIRECTORY,0,DIRECTORY,SUCCESS,,
6a1ee8f3e4b061f008cca4aa,RAVINDRA SINGH INFRA PROJECT PRIVATE LIMITED,Google,"""RAVINDRA SINGH INFRA PROJECT PRIVATE LIMITED"" Nagpur official website","https://www.zaubacorp.com/companies-R-718#:~:text=RAVINDRA%20SINGH%20INFRA%20PROJECT%20PRIVATE,No.%20101%2CNetaji%20Society%2C%20Nagpur%20(Urban)%2CNagpur%2CNagpur%2CMaharashtra%2C440013%2DIndia",zaubacorp.com,Read more,DIRECTORY,0,DIRECTORY,SUCCESS,,
6a1ee8f3e4b061f008cca4aa,RAVINDRA SINGH INFRA PROJECT PRIVATE LIMITED,Google,"""RAVINDRA SINGH INFRA PROJECT PRIVATE LIMITED"" Nagpur official website",https://www.zaubacorp.com/company-by-address/P-NO-17-KIRTIDHAR-SOCIETY-NAGPUR-NAGPUR-MAHARASHTRA-INDIA-440035,zaubacorp.com,P NO 17 KIRTIDHAR SOCIETY NAGPUR ... ZaubaCorp https://www.zaubacorp.com › company-by-address › P-...,DIRECTORY,0,DIRECTORY,SUCCESS,,
6a1ee8f3e4b061f008cca4aa,RAVINDRA SINGH INFRA PROJECT PRIVATE LIMITED,Google,"""RAVINDRA SINGH INFRA PROJECT PRIVATE LIMITED"" Nagpur official website",https://www.zaubacorp.com/company-by-address/P-NO-17-KIRTIDHAR-SOCIETY-NAGPUR-NAGPUR-MAHARASHTRA-INDIA-440035#:~:text=Previous,zaubacorp.com,Read more,DIRECTORY,0,DIRECTORY,SUCCESS,,
6a1ee8f3e4b061f008cca4aa,RAVINDRA SINGH INFRA PROJECT PRIVATE LIMITED,Google,"""RAVINDRA SINGH INFRA PROJECT PRIVATE LIMITED"" Nagpur official website",https://www.zaubacorp.com/company-by-address/FLAT-NO-702--7TH-FLOOR-GOKULHRISHIKESH-RESIDENCY-NAGPUR-NAGPUR-MAHARASHTRA-440013-INDIA,zaubacorp.com,FLAT NO 702 7TH FLOOR GOKULHRISHIKESH ... ZaubaCorp https://www.zaubacorp.com › company-by-address › F...,DIRECTORY,0,DIRECTORY,SUCCESS,,
6a1ee8f3e4b061f008cca4aa,RAVINDRA SINGH INFRA PROJECT PRIVATE LIMITED,Google,"""RAVINDRA SINGH INFRA PROJECT PRIVATE LIMITED"" Nagpur official website","https://www.zaubacorp.com/company-by-address/FLAT-NO-702--7TH-FLOOR-GOKULHRISHIKESH-RESIDENCY-NAGPUR-NAGPUR-MAHARASHTRA-440013-INDIA#:~:text=Flat%20No%20.301%2CShagun%20Appt.%20K.T.,SINGH%20INFRA%20PROJECT%20PRIVATE%20LIMITED",zaubacorp.com,Read more,DIRECTORY,0,DIRECTORY,SUCCESS,,
6a1ecb14e4b061f008cc992d,SOLARJUNCTION LLP,Google,"""SOLARJUNCTION LLP"" Nagpur official website",https://www.planetexim.net/indian-company/solarjunction-llp/llpin/ACY-0607.html,planetexim.net,Planetexim,WEBSITE,5,WEAK_CANDIDATE|,SUCCESS,,
6a1ecb14e4b061f008cc992d,SOLARJUNCTION LLP,Google,"""SOLARJUNCTION LLP"" Nagpur official website",https://www.zaubacorp.com/company/ACQ-6723,zaubacorp.com,,DIRECTORY,0,DIRECTORY,SUCCESS,,
6a1ecb14e4b061f008cc992d,SOLARJUNCTION LLP,Google,"""SOLARJUNCTION LLP"" Nagpur official website",https://www.falconebiz.com/LLP/SOLARJUNCTION-LLP-ACY-0607,falconebiz.com,SOLARJUNCTION LLP HAVING LLPIN ACY-0607 IS 2 ... Falcon Ebiz Pvt Ltd https://www.falconebiz.com › ... › NAGPUR › 441203,WEBSITE,20,WEAK_CANDIDATE|company_name_in_title,SUCCESS,,
6a1ecb14e4b061f008cc992d,SOLARJUNCTION LLP,Google,"""SOLARJUNCTION LLP"" Nagpur official website","https://www.falconebiz.com/LLP/SOLARJUNCTION-LLP-ACY-0607#:~:text=SOLARJUNCTION%20LLP%20%2F%20ACY%2D0607&text=Date%20of%20Incorporation,12th%20May%2C%202026&text=RoC,RoC%2DNagpur&text=Company%20Age,2%20months%20%26%2012%20days&text=Paid%2Dup%20capital,%E2%82%B950%2C000&text=Activity",falconebiz.com,Read more,WEBSITE,5,WEAK_CANDIDATE|,SUCCESS,,
6a1ecb14e4b061f008cc992d,SOLARJUNCTION LLP,Google,"""SOLARJUNCTION LLP"" Nagpur official website",https://www.zaubacorp.com/SHREE-GANESH-FABRICATION-WORK-LLP-AAI-3459,zaubacorp.com,SHREE GANESH FABRICATION WORK LLP ZaubaCorp https://www.zaubacorp.com › SHREE-GANESH-FABR...,DIRECTORY,0,DIRECTORY,SUCCESS,,
6a1ecb14e4b061f008cc992d,SOLARJUNCTION LLP,Google,"""SOLARJUNCTION LLP"" Nagpur official website",https://www.zaubacorp.com/company-by-address/H-NO--106-3--BHAGWAGHAR-LAYOUT--DHARAMPETH------NAGPUR--MAHARASHTRA--INDIA---440010,zaubacorp.com,H NO 106 3 BHAGWAGHAR LAYOUT DHARAMPETH ... ZaubaCorp https://www.zaubacorp.com › company-by-address › H...,DIRECTORY,0,DIRECTORY,SUCCESS,,
6a1ecb14e4b061f008cc992d,SOLARJUNCTION LLP,Google,"""SOLARJUNCTION LLP"" Nagpur official website",https://www.zaubacorp.com/company-by-address/H-NO--106-3--BHAGWAGHAR-LAYOUT--DHARAMPETH------NAGPUR--MAHARASHTRA--INDIA---440010#:~:text=Previous,zaubacorp.com,Read more,DIRECTORY,0,DIRECTORY,SUCCESS,,
6a1ecb14e4b061f008cc992d,SOLARJUNCTION LLP,Google,"""SOLARJUNCTION LLP"" Nagpur official website",https://www.zaubacorp.com/company-by-address/H--NO--380-A-154--KHAWJA-LAYOUT-SONEGOAN-----NAGPUR--MAHARASHTRA--INDIA---441001,zaubacorp.com,H NO 380 A 154 KHAWJA LAYOUT SONEGOAN NAGPUR ... ZaubaCorp https://www.zaubacorp.com › company-by-address › H...,DIRECTORY,0,DIRECTORY,SUCCESS,,
6a1ecb14e4b061f008cc992d,SOLARJUNCTION LLP,Google,"""SOLARJUNCTION LLP"" Nagpur official website",https://www.zaubacorp.com/company-by-address/H--NO--380-A-154--KHAWJA-LAYOUT-SONEGOAN-----NAGPUR--MAHARASHTRA--INDIA---441001#:~:text=Previous,zaubacorp.com,Read more,DIRECTORY,0,DIRECTORY,SUCCESS,,
6a1ecb14e4b061f008cc992d,SOLARJUNCTION LLP,Google,"""SOLARJUNCTION LLP"" Nagpur official website",https://www.zaubacorp.com/company-by-address/WARD-NO--05--H--NO--1803-TAWAKKAL-LAYOUT-NAGPUR--URBAN--NAGPUR-MAHARASHTRA-440023-INDIA,zaubacorp.com,WARD NO 05 H NO 1803 TAWAKKAL LAYOUT NAGPUR ... ZaubaCorp https://www.zaubacorp.com › company-by-address,DIRECTORY,0,DIRECTORY,SUCCESS,,
6a1bd48ce4b061f008cb9222,PRIMIL CONSTRUCTIONS PRIVATE LIMITED,,"""PRIMIL CONSTRUCTIONS PRIVATE LIMITED"" Nagpur official website",,,,NO_RESULT,0,NO_RESULT,SUCCESS,NEEDS_REVIEW,No candidate URL found
6a1af9cee4b061f008cb6dd0,INDENTRA DENTAL GLOBAL TOURISM PRIVATE LIMITED,,"""INDENTRA DENTAL GLOBAL TOURISM PRIVATE LIMITED"" Nagpur official website",,,,NO_RESULT,0,NO_RESULT,GOOGLE_RELOAD_ERROR,NEEDS_REVIEW,No candidate URL found
6a19988be4b061f008cb0073,RSQUAREMG LLP,Google,"""RSQUAREMG LLP"" Nagpur official website",https://rsquaremg.com/,rsquaremg.com,RSQUAREMG,WEBSITE,45,"POSSIBLE_CANDIDATE|company_name_in_domain,company_name_in_title",SUCCESS,,
6a19988be4b061f008cb0073,RSQUAREMG LLP,Google,"""RSQUAREMG LLP"" Nagpur official website",https://training.rsquaremg.com/,training.rsquaremg.com,CANOE Solutions,WEBSITE,30,POSSIBLE_CANDIDATE|company_name_in_domain,SUCCESS,,
6a19988be4b061f008cb0073,RSQUAREMG LLP,Google,"""RSQUAREMG LLP"" Nagpur official website",https://tracxn.com/d/legal-entities/india/rsquaremg-llp/__pZnQOuB1P-N0E_jwPPSuoOh0J8XtGAVb7ZXVfHeopZM,tracxn.com,,DIRECTORY,0,DIRECTORY,SUCCESS,,
6a19988be4b061f008cb0073,RSQUAREMG LLP,Google,"""RSQUAREMG LLP"" Nagpur official website","https://rsquaremg.com/#:~:text=Services,RSQUAREMG%20LLP.%20All%20rights%20reserved",rsquaremg.com,Read more,WEBSITE,30,POSSIBLE_CANDIDATE|company_name_in_domain,SUCCESS,,
6a19988be4b061f008cb0073,RSQUAREMG LLP,Google,"""RSQUAREMG LLP"" Nagpur official website","https://training.rsquaremg.com/#:~:text=Qualys%20Guard%20VMDR%2C%20Cloud%20Agent,Shankapur%2C%20Khapri%2C",training.rsquaremg.com,Read more,WEBSITE,30,POSSIBLE_CANDIDATE|company_name_in_domain,SUCCESS,,
6a19988be4b061f008cb0073,RSQUAREMG LLP,Google,"""RSQUAREMG LLP"" Nagpur official website",https://in.linkedin.com/company/rsquaremg,in.linkedin.com,RSQUAREMG LinkedIn · RSQUAREMG 240+ followers,DIRECTORY,0,DIRECTORY,SUCCESS,,
6a19988be4b061f008cb0073,RSQUAREMG LLP,Google,"""RSQUAREMG LLP"" Nagpur official website","https://in.linkedin.com/company/rsquaremg#:~:text=At%20RSQUAREMG%20LLP%2C%20we%20are,of%20cloud%20computing%20and%20cybersecurity.",in.linkedin.com,Read more,DIRECTORY,0,DIRECTORY,SUCCESS,,
6a19988be4b061f008cb0073,RSQUAREMG LLP,Google,"""RSQUAREMG LLP"" Nagpur official website",https://www.justdial.com/Nagpur/Consultants-in-Tembhari/nct-10131112/page-3,justdial.com,"Consultants in Tembhari, Nagpur - Page 3 Justdial https://www.justdial.com › ... › 577+ Listings",DIRECTORY,0,DIRECTORY,SUCCESS,,
6a19988be4b061f008cb0073,RSQUAREMG LLP,Google,"""RSQUAREMG LLP"" Nagpur official website",https://www.zaubacorp.com/company-by-address/KH-NO--128-2--MODERN-PETR-WARDHA-ROAD--JAMTHA-NAGPUR-NAGPUR-MAHARASHTRA-441108-INDIA,zaubacorp.com,KH NO 128 2 MODERN PETR WARDHA ROAD JAMTHA ... ZaubaCorp https://www.zaubacorp.com › company-by-address › K...,DIRECTORY,0,DIRECTORY,SUCCESS,,
6a19988be4b061f008cb0073,RSQUAREMG LLP,Google,"""RSQUAREMG LLP"" Nagpur official website","https://www.zaubacorp.com/company-by-address/KH-NO--128-2--MODERN-PETR-WARDHA-ROAD--JAMTHA-NAGPUR-NAGPUR-MAHARASHTRA-441108-INDIA#:~:text=RSQUAREMG%20LLP,VCA%20RECREATION%20CLUB",zaubacorp.com,Read more,DIRECTORY,0,DIRECTORY,SUCCESS,,
6a198b67e4b061f008cafa54,VITTUS WEALTH PRIVATE LIMITED,Google,"""VITTUS WEALTH PRIVATE LIMITED"" Nagpur official website",https://vittuswealth.com/,vittuswealth.com,vittuswealth.com,WEBSITE,85,"STRONG_CANDIDATE|company_name_in_domain,company_name_in_title",SUCCESS,,
6a198b67e4b061f008cafa54,VITTUS WEALTH PRIVATE LIMITED,Google,"""VITTUS WEALTH PRIVATE LIMITED"" Nagpur official website",https://in.linkedin.com/in/ca-chandraprakash-bhutada-7b8bab155,in.linkedin.com,,DIRECTORY,0,DIRECTORY,SUCCESS,,
6a198b67e4b061f008cafa54,VITTUS WEALTH PRIVATE LIMITED,Google,"""VITTUS WEALTH PRIVATE LIMITED"" Nagpur official website",https://www.falconebiz.com/company/VITTUS-WEALTH-PRIVATE-LIMITED-U64990MH2026PTC464707,falconebiz.com,,WEBSITE,5,WEAK_CANDIDATE|,SUCCESS,,
6a198b67e4b061f008cafa54,VITTUS WEALTH PRIVATE LIMITED,Google,"""VITTUS WEALTH PRIVATE LIMITED"" Nagpur official website",https://www.instagram.com/reel/DacSNYZIdTZ/,instagram.com,,DIRECTORY,0,DIRECTORY,SUCCESS,,
6a198b67e4b061f008cafa54,VITTUS WEALTH PRIVATE LIMITED,Google,"""VITTUS WEALTH PRIVATE LIMITED"" Nagpur official website",https://foliyo.ai/fee-only-investment-advisors/nagpur/,foliyo.ai,,WEBSITE,5,WEAK_CANDIDATE|,SUCCESS,,
6a198b67e4b061f008cafa54,VITTUS WEALTH PRIVATE LIMITED,Google,"""VITTUS WEALTH PRIVATE LIMITED"" Nagpur official website",https://vittuswealth.com/privacy-policy,vittuswealth.com,Privacy Policy - VittUs vittuswealth.com https://vittuswealth.com › privacy-policy,WEBSITE,85,"STRONG_CANDIDATE|company_name_in_domain,company_name_in_title",SUCCESS,,
6a198b67e4b061f008cafa54,VITTUS WEALTH PRIVATE LIMITED,Google,"""VITTUS WEALTH PRIVATE LIMITED"" Nagpur official website","https://vittuswealth.com/privacy-policy#:~:text=%C2%A9%202026%20Vittus%20Wealth%20Private,reserved.%20Privacy%20Policy%20Version%201.1.",vittuswealth.com,Read more,WEBSITE,55,POSSIBLE_CANDIDATE|company_name_in_domain,SUCCESS,,
6a198b67e4b061f008cafa54,VITTUS WEALTH PRIVATE LIMITED,Google,"""VITTUS WEALTH PRIVATE LIMITED"" Nagpur official website","https://www.falconebiz.com/company/VITTUS-WEALTH-PRIVATE-LIMITED-U64990MH2026PTC464707#:~:text=VITTUS%20WEALTH%20PRIVATE%20LIMITED%20having,MCA%20on%202nd%20January%2C%202026.",falconebiz.com,Read more,WEBSITE,5,WEAK_CANDIDATE|,SUCCESS,,
6a198b67e4b061f008cafa54,VITTUS WEALTH PRIVATE LIMITED,Google,"""VITTUS WEALTH PRIVATE LIMITED"" Nagpur official website",https://www.signalhire.com/companies/vittus-wealth-private-limited-sebi-ria,signalhire.com,Vittus Wealth Private Limited | SEBI RIA Information SignalHire https://www.signalhire.com › Companies directory,DIRECTORY,0,DIRECTORY,SUCCESS,,
6a198b67e4b061f008cafa54,VITTUS WEALTH PRIVATE LIMITED,Google,"""VITTUS WEALTH PRIVATE LIMITED"" Nagpur official website","https://foliyo.ai/fee-only-investment-advisors/nagpur/#:~:text=Nagpur,Only%20Financial%20Advisors%20in%20Nagpur&text=Verify%20any%20advisor's%20registration%20status",foliyo.ai,Read more,WEBSITE,5,WEAK_CANDIDATE|,SUCCESS,,
6a16d5d3e4b061f008c9fdf9,POWERARCH INNOVATIONS PRIVATE LIMITED,Google,"""POWERARCH INNOVATIONS PRIVATE LIMITED"" Nagpur official website",https://www.zaubacorp.com/company/U42101MH2024PTC436715,zaubacorp.com,ZaubaCorp,DIRECTORY,0,DIRECTORY,SUCCESS,,
6a16d5d3e4b061f008c9fdf9,POWERARCH INNOVATIONS PRIVATE LIMITED,Google,"""POWERARCH INNOVATIONS PRIVATE LIMITED"" Nagpur official website",https://www.indiafilings.com/search/powerarch-innovations-private-limited-cin-U42101MH2024PTC436715,indiafilings.com,IndiaFilings,DIRECTORY,0,DIRECTORY,SUCCESS,,
6a16d5d3e4b061f008c9fdf9,POWERARCH INNOVATIONS PRIVATE LIMITED,Google,"""POWERARCH INNOVATIONS PRIVATE LIMITED"" Nagpur official website",https://tracxn.com/d/legal-entities/india/powerarch-innovations-private-limited/__zoOMrwTavOMzaqZHdNt83wKbIafUfCi6oM0tSZPshOk,tracxn.com,Tracxn,DIRECTORY,0,DIRECTORY,SUCCESS,,
6a16d5d3e4b061f008c9fdf9,POWERARCH INNOVATIONS PRIVATE LIMITED,Google,"""POWERARCH INNOVATIONS PRIVATE LIMITED"" Nagpur official website",https://tracxn.com/d/legal-entities/india/powerarch-innovations-private-limited/__zoOMrwTavOMzaqZHdNt83wKbIafUfCi6oM0tSZPshOk#:~:text=Explore%20our%20recently%20published%20Legal,tracxn.com,Read more,DIRECTORY,0,DIRECTORY,SUCCESS,,
6a16d5d3e4b061f008c9fdf9,POWERARCH INNOVATIONS PRIVATE LIMITED,Google,"""POWERARCH INNOVATIONS PRIVATE LIMITED"" Nagpur official website","https://www.indiafilings.com/search/powerarch-innovations-private-limited-cin-U42101MH2024PTC436715#:~:text=POWERARCH%20INNOVATIONS%20PRIVATE%20LIMITED&text=Date%20of%20Incorporation,19%2D12%2D2024&text=Registered%20Address,Bazar%20Nagpur%20Maharashtra%20India%20440018",indiafilings.com,Read more,DIRECTORY,0,DIRECTORY,SUCCESS,,
6a16d5d3e4b061f008c9fdf9,POWERARCH INNOVATIONS PRIVATE LIMITED,Google,"""POWERARCH INNOVATIONS PRIVATE LIMITED"" Nagpur official website",https://www.falconebiz.com/company/POWERARCH-INNOVATIONS-PRIVATE-LIMITED-U42101MH2024PTC436715,falconebiz.com,powerarch innovations private limited Falcon Ebiz Pvt Ltd https://www.falconebiz.com › ... › NAGPUR › 440018,WEBSITE,35,POSSIBLE_CANDIDATE|company_name_in_title,SUCCESS,,
6a16d5d3e4b061f008c9fdf9,POWERARCH INNOVATIONS PRIVATE LIMITED,Google,"""POWERARCH INNOVATIONS PRIVATE LIMITED"" Nagpur official website","https://www.falconebiz.com/company/POWERARCH-INNOVATIONS-PRIVATE-LIMITED-U42101MH2024PTC436715#:~:text=Flat%20No%20402%20Wing%20Ii%2C,Nagpur%2C%20Nagpur%2C%20Maharashtra%2C%20India%2C%20440018.",falconebiz.com,Read more,WEBSITE,5,WEAK_CANDIDATE|,SUCCESS,,
6a16d5d3e4b061f008c9fdf9,POWERARCH INNOVATIONS PRIVATE LIMITED,Google,"""POWERARCH INNOVATIONS PRIVATE LIMITED"" Nagpur official website",https://www.tofler.in/powerarch-constructions-private-limited/company/U41000MH2025PTC454826,tofler.in,"Powerarch Constructions Financials | Company Details Tofler https://www.tofler.in › ... › Electricity, Gas & Water",DIRECTORY,0,DIRECTORY,SUCCESS,,
6a16d5d3e4b061f008c9fdf9,POWERARCH INNOVATIONS PRIVATE LIMITED,Google,"""POWERARCH INNOVATIONS PRIVATE LIMITED"" Nagpur official website","https://www.tofler.in/powerarch-constructions-private-limited/company/U41000MH2025PTC454826#:~:text=402%2C%20WING%20II%2C%20RAHUL%20COMPLEX,Maharashtra%2C%20India%2C%20440018%20%2D%20440018&text=POWERARCH%20INNOVATIONS%20PRIVATE%20LIMITED,REDROOTS%20WELLNESS%20PRIVATE%20LIMITED",tofler.in,Read more,DIRECTORY,0,DIRECTORY,SUCCESS,,
6a16d5d3e4b061f008c9fdf9,POWERARCH INNOVATIONS PRIVATE LIMITED,Google,"""POWERARCH INNOVATIONS PRIVATE LIMITED"" Nagpur official website",https://www.zaubacorp.com/POWERARCH-TECHNOLOGIES-IP-PRIVATE-LIMITED-U43900MH2025PTC455489,zaubacorp.com,POWERARCH TECHNOLOGIES IP PRIVATE LIMITED ZaubaCorp https://www.zaubacorp.com › ...,DIRECTORY,0,DIRECTORY,SUCCESS,,
6a115dbfe4b061f008c87788,AGARKARMEDIA PRIVATE LIMITED,Google,"""AGARKARMEDIA PRIVATE LIMITED"" Nagpur official website",https://in.linkedin.com/company/agarkarmedia,in.linkedin.com,AgarkarMedia Pvt. Ltd. LinkedIn · AgarkarMedia Pvt. Ltd. 220+ followers,DIRECTORY,0,DIRECTORY,SUCCESS,,
6a115dbfe4b061f008c87788,AGARKARMEDIA PRIVATE LIMITED,Google,"""AGARKARMEDIA PRIVATE LIMITED"" Nagpur official website","https://in.linkedin.com/company/agarkarmedia#:~:text=Internship%20Opportunity%20at%20AgarkarMedia%20AgarkarMedia,join%20our%20team%20in%20Nagpur.",in.linkedin.com,Read more,DIRECTORY,0,DIRECTORY,SUCCESS,,
6a115dbfe4b061f008c87788,AGARKARMEDIA PRIVATE LIMITED,Google,"""AGARKARMEDIA PRIVATE LIMITED"" Nagpur official website",https://www.zaubacorp.com/AGARKARMEDIA-PRIVATE-LIMITED-U72900MH2021PTC372026,zaubacorp.com,AGARKARMEDIA PRIVATE LIMITED ZaubaCorp https://www.zaubacorp.com › AGARKARMEDIA-PRI...,DIRECTORY,0,DIRECTORY,SUCCESS,,
6a115dbfe4b061f008c87788,AGARKARMEDIA PRIVATE LIMITED,Google,"""AGARKARMEDIA PRIVATE LIMITED"" Nagpur official website","https://www.zaubacorp.com/AGARKARMEDIA-PRIVATE-LIMITED-U72900MH2021PTC372026#:~:text=Registered%20address%20of%20AGARKARMEDIA%20PRIVATE,PRIVATE%20LIMITED%20is%20%2D%20Active.",zaubacorp.com,Read more,DIRECTORY,0,DIRECTORY,SUCCESS,,
6a115dbfe4b061f008c87788,AGARKARMEDIA PRIVATE LIMITED,Google,"""AGARKARMEDIA PRIVATE LIMITED"" Nagpur official website",https://www.agarkarmedia.com/,agarkarmedia.com,Website,WEBSITE,30,POSSIBLE_CANDIDATE|company_name_in_domain,SUCCESS,,
6a115dbfe4b061f008c87788,AGARKARMEDIA PRIVATE LIMITED,Google,"""AGARKARMEDIA PRIVATE LIMITED"" Nagpur official website",https://academy.agarkarmedia.com/,academy.agarkarmedia.com,Website,WEBSITE,30,POSSIBLE_CANDIDATE|company_name_in_domain,SUCCESS,,
6a115dbfe4b061f008c87788,AGARKARMEDIA PRIVATE LIMITED,Google,"""AGARKARMEDIA PRIVATE LIMITED"" Nagpur official website",https://www.indiamart.com/agarkarmedia-private-limited/aboutus.html?srsltid=AfmBOoq70g73tlvw3sKmUzwPFxVwRTtVlLGuBJQhBq-_IuS07xu_jDGJ,indiamart.com,Agarkarmedia Private Limited - Service Provider from Nagpur ... IndiaMART https://www.indiamart.com › aboutus,DIRECTORY,0,DIRECTORY,SUCCESS,,
6a115dbfe4b061f008c87788,AGARKARMEDIA PRIVATE LIMITED,Google,"""AGARKARMEDIA PRIVATE LIMITED"" Nagpur official website",https://tracxn.com/d/legal-entities/india/agarkarmedia-private-limited/__rL6DEe843TwbZrun5txAOgzz8l_YOivAa_LifNdZuFI,tracxn.com,AGARKARMEDIA PRIVATE LIMITED - Company Profile Tracxn https://tracxn.com › Discover › Legal Entities › India,DIRECTORY,0,DIRECTORY,SUCCESS,,
6a115dbfe4b061f008c87788,AGARKARMEDIA PRIVATE LIMITED,Google,"""AGARKARMEDIA PRIVATE LIMITED"" Nagpur official website",https://www.tender247.com/result-details/16962893?searchtext=website+design,tender247.com,"Website Consultancy Service Results, Nagpur ... Tender247 https://www.tender247.com › result-details › searchtext...",WEBSITE,5,WEAK_CANDIDATE|,SUCCESS,,
6a115dbfe4b061f008c87788,AGARKARMEDIA PRIVATE LIMITED,Google,"""AGARKARMEDIA PRIVATE LIMITED"" Nagpur official website",https://www.tendertiger.co.in/Result/ResultList?searchtext=sharajman%20technologies%20private%20limited,tendertiger.co.in,sharajman technologies private limited results. Tender Tiger https://www.tendertiger.co.in › Result › ResultList,WEBSITE,5,WEAK_CANDIDATE|,SUCCESS,,
6a0eade5e4b061f008c7655c,PRIMECON MEGA PROJECTS PRIVATE LIMITED,Google,"""PRIMECON MEGA PROJECTS PRIVATE LIMITED"" Nagpur official website",https://tracxn.com/d/legal-entities/india/primecon-mega-projects-private-limited/__maPJqRXkzdJW1Sk0OqSn4pmFsfsPFwUm6dlCgw_J5ZI,tracxn.com,Tracxn Profile,DIRECTORY,0,DIRECTORY,SUCCESS,,
6a0eade5e4b061f008c7655c,PRIMECON MEGA PROJECTS PRIVATE LIMITED,Google,"""PRIMECON MEGA PROJECTS PRIVATE LIMITED"" Nagpur official website",https://www.falconebiz.com/company/PRIMECON-MEGA-PROJECTS-PRIVATE-LIMITED-U43900MH2025PTC454030,falconebiz.com,,WEBSITE,5,WEAK_CANDIDATE|,SUCCESS,,
6a0eade5e4b061f008c7655c,PRIMECON MEGA PROJECTS PRIVATE LIMITED,Google,"""PRIMECON MEGA PROJECTS PRIVATE LIMITED"" Nagpur official website",https://tracxn.com/d/legal-entities/india/primecon-mega-projects-private-limited/__maPJqRXkzdJW1Sk0OqSn4pmFsfsPFwUm6dlCgw_J5ZI#:~:text=Who%20are%20the%20authorized%20signatories,tracxn.com,Read more,DIRECTORY,0,DIRECTORY,SUCCESS,,
6a0eade5e4b061f008c7655c,PRIMECON MEGA PROJECTS PRIVATE LIMITED,Google,"""PRIMECON MEGA PROJECTS PRIVATE LIMITED"" Nagpur official website",https://www.zaubacorp.com/company-by-address/C-O-ASHOK-K-SAHNI-B6-ANJUMAN-COMPLEX-SADAR-NAGPUR-NAGPUR-MAHARASHTRA-440001-INDIA,zaubacorp.com,C O ASHOK K SAHNI B6 ANJUMAN COMPLEX SADAR ... ZaubaCorp https://www.zaubacorp.com › company-by-address › C...,DIRECTORY,0,DIRECTORY,SUCCESS,,
6a0eade5e4b061f008c7655c,PRIMECON MEGA PROJECTS PRIVATE LIMITED,Google,"""PRIMECON MEGA PROJECTS PRIVATE LIMITED"" Nagpur official website","https://www.zaubacorp.com/company-by-address/C-O-ASHOK-K-SAHNI-B6-ANJUMAN-COMPLEX-SADAR-NAGPUR-NAGPUR-MAHARASHTRA-440001-INDIA#:~:text=PRIMECON%20MEGA%20PROJECTS%20PRIVATE%20LIMITED,ROAD%2CNagpur%2CNagpur%2CMaharashtra%2C440001%2DIndia%20Nagpur%20Maharashtra%20440001%20India&text=BLOCK%20NO.7%20NMC%20COMPLEX%2CSADAR%20MANGALWARI,NAGPUR%2CNagpur%2CNagpur%2CMaharashtra%2CIndia%2D440001%20Nagpur%20Maharashtra%20440001%20India",zaubacorp.com,Read more,DIRECTORY,0,DIRECTORY,SUCCESS,,
6a0eade5e4b061f008c7655c,PRIMECON MEGA PROJECTS PRIVATE LIMITED,Google,"""PRIMECON MEGA PROJECTS PRIVATE LIMITED"" Nagpur official website",https://www.zaubacorp.com/company-by-address/BLOCK-NO--7--MANGALWARI-COMPLEX-SADAR-----NAGPUR--MAHARASHTRA--INDIA---440001,zaubacorp.com,BLOCK NO 7 MANGALWARI COMPLEX SADAR NAGPUR ... ZaubaCorp https://www.zaubacorp.com › company-by-address › B...,DIRECTORY,0,DIRECTORY,SUCCESS,,
6a0eade5e4b061f008c7655c,PRIMECON MEGA PROJECTS PRIVATE LIMITED,Google,"""PRIMECON MEGA PROJECTS PRIVATE LIMITED"" Nagpur official website","https://www.zaubacorp.com/company-by-address/BLOCK-NO--7--MANGALWARI-COMPLEX-SADAR-----NAGPUR--MAHARASHTRA--INDIA---440001#:~:text=Previous&text=Regulatory%20%26%20Government,Copyright%20%C2%A9%202026%20Zauba%20Corp.",zaubacorp.com,Read more,DIRECTORY,0,DIRECTORY,SUCCESS,,
6a0eade5e4b061f008c7655c,PRIMECON MEGA PROJECTS PRIVATE LIMITED,Google,"""PRIMECON MEGA PROJECTS PRIVATE LIMITED"" Nagpur official website",https://www.zaubacorp.com/company-by-address/33-1--MOUNT-ROAD--SADAR-NAGPUR-NAGPUR-MAHARASHTRA-440001-INDIA,zaubacorp.com,33 1 MOUNT ROAD SADAR NAGPUR ... ZaubaCorp https://www.zaubacorp.com › company-by-address › 3...,DIRECTORY,0,DIRECTORY,SUCCESS,,
6a0eade5e4b061f008c7655c,PRIMECON MEGA PROJECTS PRIVATE LIMITED,Google,"""PRIMECON MEGA PROJECTS PRIVATE LIMITED"" Nagpur official website","https://www.zaubacorp.com/company-by-address/33-1--MOUNT-ROAD--SADAR-NAGPUR-NAGPUR-MAHARASHTRA-440001-INDIA#:~:text=Previous&text=Regulatory%20%26%20Government,Copyright%20%C2%A9%202026%20Zauba%20Corp.",zaubacorp.com,Read more,DIRECTORY,0,DIRECTORY,SUCCESS,,
6a0eade5e4b061f008c7655c,PRIMECON MEGA PROJECTS PRIVATE LIMITED,Google,"""PRIMECON MEGA PROJECTS PRIVATE LIMITED"" Nagpur official website",https://www.zaubacorp.com/company-by-address/603--SHREERAM-SHYAM-TOWER-KINGSWAY--SADAR-NAGPUR-NAGPUR-MAHARASHTRA-440001-INDIA,zaubacorp.com,603 SHREERAM SHYAM TOWER KINGSWAY SADAR ... ZaubaCorp https://www.zaubacorp.com › company-by-address › 6...,DIRECTORY,0,DIRECTORY,SUCCESS,,
6a0d8f91e4b061f008c715fa,VEDARTH HOSPITALITY MANAGEMENT PRIVATE LIMITED,Google,"""VEDARTH HOSPITALITY MANAGEMENT PRIVATE LIMITED"" Nagpur official website",https://tracxn.com/d/legal-entities/india/vedarth-hospitality-management-private-limited/__Ag-VrOP4vJj7PWLBlOoojmkQ04TIsFIUTxeAciPe_wI,tracxn.com,Tracxn,DIRECTORY,0,DIRECTORY,SUCCESS,,
6a0d8f91e4b061f008c715fa,VEDARTH HOSPITALITY MANAGEMENT PRIVATE LIMITED,Google,"""VEDARTH HOSPITALITY MANAGEMENT PRIVATE LIMITED"" Nagpur official website",https://www.falconebiz.com/company/VEDARTH-HOSPITALITY-MANAGEMENT-PRIVATE-LIMITED-U55109ME2026PTC474400,falconebiz.com,FalconeBiz,WEBSITE,5,WEAK_CANDIDATE|,SUCCESS,,
6a0d8f91e4b061f008c715fa,VEDARTH HOSPITALITY MANAGEMENT PRIVATE LIMITED,Google,"""VEDARTH HOSPITALITY MANAGEMENT PRIVATE LIMITED"" Nagpur official website",https://tracxn.com/d/legal-entities/india/vedarth-hospitality-management-private-limited/__Ag-VrOP4vJj7PWLBlOoojmkQ04TIsFIUTxeAciPe_wI#:~:text=Who%20are%20the%20authorized%20signatories,tracxn.com,Read more,DIRECTORY,0,DIRECTORY,SUCCESS,,
6a0d8f91e4b061f008c715fa,VEDARTH HOSPITALITY MANAGEMENT PRIVATE LIMITED,Google,"""VEDARTH HOSPITALITY MANAGEMENT PRIVATE LIMITED"" Nagpur official website","https://www.falconebiz.com/company/VEDARTH-HOSPITALITY-MANAGEMENT-PRIVATE-LIMITED-U55109ME2026PTC474400#:~:text=VEDARTH%20HOSPITALITY%20MANAGEMENT%20PRIVATE%20LIMITED,Non%2Dgovt%20company.%20This%20company%20is",falconebiz.com,Read more,WEBSITE,5,WEAK_CANDIDATE|,SUCCESS,,
6a0d8f91e4b061f008c715fa,VEDARTH HOSPITALITY MANAGEMENT PRIVATE LIMITED,Google,"""VEDARTH HOSPITALITY MANAGEMENT PRIVATE LIMITED"" Nagpur official website",https://www.planetexim.net/indian-company/vedarth-hospitality-management-private-limited/cin/U55109ME2026PTC474400.html,planetexim.net,vedarth hospitality management private limited planetexim.net https://www.planetexim.net › indian-company › cin,WEBSITE,35,POSSIBLE_CANDIDATE|company_name_in_title,SUCCESS,,
6a0d8f91e4b061f008c715fa,VEDARTH HOSPITALITY MANAGEMENT PRIVATE LIMITED,Google,"""VEDARTH HOSPITALITY MANAGEMENT PRIVATE LIMITED"" Nagpur official website","https://www.planetexim.net/indian-company/vedarth-hospitality-management-private-limited/cin/U55109ME2026PTC474400.html#:~:text=Company%20Name,VEDARTH%20HOSPITALITY%20MANAGEMENT%20PRIVATE%20LIMITED&text=Date%20of%20Incorporation,13%20April%202026&text=Activity,n.e.c.%20(e.g.%20holiday%20homes%2C%20private",planetexim.net,Read more,WEBSITE,5,WEAK_CANDIDATE|,SUCCESS,,
6a0d8f91e4b061f008c715fa,VEDARTH HOSPITALITY MANAGEMENT PRIVATE LIMITED,Google,"""VEDARTH HOSPITALITY MANAGEMENT PRIVATE LIMITED"" Nagpur official website",https://www.sensibook.com/companies/3975811/U55109ME2026PTC474400/VEDARTH-HOSPITALITY-MANAGEMENT-PRIVATE-LIMITED,sensibook.com,VEDARTH HOSPITALITY MANAGEMENT | Financials & Director ... SensiBook https://www.sensibook.com › companies › VEDARTH-...,WEBSITE,35,POSSIBLE_CANDIDATE|company_name_in_title,SUCCESS,,
6a0d8f91e4b061f008c715fa,VEDARTH HOSPITALITY MANAGEMENT PRIVATE LIMITED,Google,"""VEDARTH HOSPITALITY MANAGEMENT PRIVATE LIMITED"" Nagpur official website",https://www.zaubacorp.com/company-by-address/WARD-NO-03--HOUSE-NO--240-DURGA-NAGAR--HINGNA--HINGNA-NAGPUR-MAHARASHTRA-441110-INDIA,zaubacorp.com,WARD NO 03 HOUSE NO 240 DURGA NAGAR HINGNA ... ZaubaCorp https://www.zaubacorp.com › company-by-address,DIRECTORY,0,DIRECTORY,SUCCESS,,
6a0d8f91e4b061f008c715fa,VEDARTH HOSPITALITY MANAGEMENT PRIVATE LIMITED,Google,"""VEDARTH HOSPITALITY MANAGEMENT PRIVATE LIMITED"" Nagpur official website","https://www.zaubacorp.com/company-by-address/WARD-NO-03--HOUSE-NO--240-DURGA-NAGAR--HINGNA--HINGNA-NAGPUR-MAHARASHTRA-441110-INDIA#:~:text=VEDARTH%20HOSPITALITY%20MANAGEMENT%20PRIVATE%20LIMITED,U55109ME2026PTC474400&text=Previous",zaubacorp.com,Read more,DIRECTORY,0,DIRECTORY,SUCCESS,,
6a0d8f91e4b061f008c715fa,VEDARTH HOSPITALITY MANAGEMENT PRIVATE LIMITED,Google,"""VEDARTH HOSPITALITY MANAGEMENT PRIVATE LIMITED"" Nagpur official website",https://in.linkedin.com/company/lemonideas,in.linkedin.com,Lemon Ideas - An ecosystem LinkedIn · Lemon Ideas - An ecosystem ! 4.7K+ followers,DIRECTORY,0,DIRECTORY,SUCCESS,,
6a0cc201e4b0d6b314d72703,SOLIVAGUARD PRIVATE LIMITED,Google,"""SOLIVAGUARD PRIVATE LIMITED"" Nagpur official website",https://www.zaubacorp.com/SOLIVAGUARD-PRIVATE-LIMITED-U47912MH2026PTC465072,zaubacorp.com,ZaubaCorp,DIRECTORY,0,DIRECTORY,SUCCESS,,
6a0cc201e4b0d6b314d72703,SOLIVAGUARD PRIVATE LIMITED,Google,"""SOLIVAGUARD PRIVATE LIMITED"" Nagpur official website",https://www.falconebiz.com/company/SOLIVAGUARD-PRIVATE-LIMITED-U47912MH2026PTC465072,falconebiz.com,Falcon Ebiz,WEBSITE,5,WEAK_CANDIDATE|,SUCCESS,,
6a0cc201e4b0d6b314d72703,SOLIVAGUARD PRIVATE LIMITED,Google,"""SOLIVAGUARD PRIVATE LIMITED"" Nagpur official website",https://www.planetexim.net/indian-company/solivaguard-private-limited/cin/U47912MH2026PTC465072.html,planetexim.net,,WEBSITE,5,WEAK_CANDIDATE|,SUCCESS,,
6a0cc201e4b0d6b314d72703,SOLIVAGUARD PRIVATE LIMITED,Google,"""SOLIVAGUARD PRIVATE LIMITED"" Nagpur official website","https://www.falconebiz.com/company/SOLIVAGUARD-PRIVATE-LIMITED-U47912MH2026PTC465072#:~:text=SOLIVAGUARD%20PRIVATE%20LIMITED%20having%20CIN,MCA%20on%207th%20January%2C%202026.",falconebiz.com,Read more,WEBSITE,5,WEAK_CANDIDATE|,SUCCESS,,
6a0cc201e4b0d6b314d72703,SOLIVAGUARD PRIVATE LIMITED,Google,"""SOLIVAGUARD PRIVATE LIMITED"" Nagpur official website","https://www.planetexim.net/indian-company/solivaguard-private-limited/cin/U47912MH2026PTC465072.html#:~:text=Company%20Name,SOLIVAGUARD%20PRIVATE%20LIMITED&text=Date%20of%20Incorporation,07%20January%202026&text=Activity,OF%20MOTOR%20VEHICLES%20AND%20MOTORCYCLES",planetexim.net,Read more,WEBSITE,5,WEAK_CANDIDATE|,SUCCESS,,
6a0cc201e4b0d6b314d72703,SOLIVAGUARD PRIVATE LIMITED,Google,"""SOLIVAGUARD PRIVATE LIMITED"" Nagpur official website",https://www.zaubacorp.com/company-by-address/PN22-38SUMEETCO-OPSTYSHS-NAGRROADNEWHANUMANNAGAR-NAGPUR-NAGPUR-MAHARASHTRA-440034-INDIA,zaubacorp.com,Companies at address PN22 38SUMEETCO OPSTYSHS ... ZaubaCorp https://www.zaubacorp.com › company-by-address › P...,DIRECTORY,0,DIRECTORY,SUCCESS,,
6a0cc201e4b0d6b314d72703,SOLIVAGUARD PRIVATE LIMITED,Google,"""SOLIVAGUARD PRIVATE LIMITED"" Nagpur official website",https://www.zaubacorp.com/company-by-address/PN22-38SUMEETCO-OPSTYSHS-NAGRROADNEWHANUMANNAGAR-NAGPUR-NAGPUR-MAHARASHTRA-440034-INDIA#:~:text=Previous,zaubacorp.com,Read more,DIRECTORY,0,DIRECTORY,SUCCESS,,
6a0cc201e4b0d6b314d72703,SOLIVAGUARD PRIVATE LIMITED,Google,"""SOLIVAGUARD PRIVATE LIMITED"" Nagpur official website",https://www.zaubacorp.com/company-by-address/44-POPULARS-SOC-DEVKINANDAN-NAGAR-HUDKESHWAR-BZ-NAGPUR-NAGPUR-440034-NAGPUR-MAHARASHTRA-INDIA-440034,zaubacorp.com,44 POPULARS SOC DEVKINANDAN NAGAR ... ZaubaCorp https://www.zaubacorp.com › company-by-address › 4...,DIRECTORY,0,DIRECTORY,SUCCESS,,
6a0cc201e4b0d6b314d72703,SOLIVAGUARD PRIVATE LIMITED,Google,"""SOLIVAGUARD PRIVATE LIMITED"" Nagpur official website",https://www.zaubacorp.com/company-by-address/44-POPULARS-SOC-DEVKINANDAN-NAGAR-HUDKESHWAR-BZ-NAGPUR-NAGPUR-440034-NAGPUR-MAHARASHTRA-INDIA-440034#:~:text=Previous,zaubacorp.com,Read more,DIRECTORY,0,DIRECTORY,SUCCESS,,
6a0cc201e4b0d6b314d72703,SOLIVAGUARD PRIVATE LIMITED,Google,"""SOLIVAGUARD PRIVATE LIMITED"" Nagpur official website",https://www.zaubacorp.com/company-by-address/150--SIDDHIVINAYAK-INFRAS-RAMESH-ESTATE-GHOGLI-NAGPUR-NAGPUR-MAHARASHTRA-440034-INDIA,zaubacorp.com,150 SIDDHIVINAYAK INFRAS RAMESH ESTATE GHOGLI ... ZaubaCorp https://www.zaubacorp.com › company-by-address › 1...,DIRECTORY,0,DIRECTORY,SUCCESS,,
6a0c353fe4b07cca57a369ef,MSSKREBIRTHZING RECRUIT RIGHT PRIVATE LIMITED,Google,"""MSSKREBIRTHZING RECRUIT RIGHT PRIVATE LIMITED"" Nagpur official website",https://tracxn.com/d/legal-entities/india/msskrebirthzing-recruit-right-private-limited/__cqhP0FvVrRMa4i-OrWuGqPN_NxJ59xfrPm7UZXk9AUs,tracxn.com,Tracxn,DIRECTORY,0,DIRECTORY,SUCCESS,,
6a0c353fe4b07cca57a369ef,MSSKREBIRTHZING RECRUIT RIGHT PRIVATE LIMITED,Google,"""MSSKREBIRTHZING RECRUIT RIGHT PRIVATE LIMITED"" Nagpur official website",https://www.zaubacorp.com/company-by-address/H-NO-22-BHAISARAE-NIWAS-INDORA-JARIPATKA-NAGPUR-NAGPUR-MAHARASHTRA-440014-INDIA,zaubacorp.com,,DIRECTORY,0,DIRECTORY,SUCCESS,,
6a0c353fe4b07cca57a369ef,MSSKREBIRTHZING RECRUIT RIGHT PRIVATE LIMITED,Google,"""MSSKREBIRTHZING RECRUIT RIGHT PRIVATE LIMITED"" Nagpur official website",https://tracxn.com/d/legal-entities/india/deepvruksha-security-services-private-limited/__mmFP1NX-m-c_JnhVE7gmRfwJ3OQtraoEJckgX8ERNlE,tracxn.com,,DIRECTORY,0,DIRECTORY,SUCCESS,,
6a0c353fe4b07cca57a369ef,MSSKREBIRTHZING RECRUIT RIGHT PRIVATE LIMITED,Google,"""MSSKREBIRTHZING RECRUIT RIGHT PRIVATE LIMITED"" Nagpur official website",https://www.zaubacorp.com/company-by-address/M-A--22--MIG-COLONY--LAXMINAGAR--NAGPUR-22-----NAGPUR--MAHARASHTRA--INDIA---000000,zaubacorp.com,,DIRECTORY,0,DIRECTORY,SUCCESS,,
6a0c353fe4b07cca57a369ef,MSSKREBIRTHZING RECRUIT RIGHT PRIVATE LIMITED,Google,"""MSSKREBIRTHZING RECRUIT RIGHT PRIVATE LIMITED"" Nagpur official website",https://tracxn.com/d/legal-entities/india/msskrebirthzing-recruit-right-private-limited/__cqhP0FvVrRMa4i-OrWuGqPN_NxJ59xfrPm7UZXk9AUs#:~:text=Who%20are%20the%20authorized%20signatories,tracxn.com,Read more,DIRECTORY,0,DIRECTORY,SUCCESS,,
6a0c353fe4b07cca57a369ef,MSSKREBIRTHZING RECRUIT RIGHT PRIVATE LIMITED,Google,"""MSSKREBIRTHZING RECRUIT RIGHT PRIVATE LIMITED"" Nagpur official website","https://www.zaubacorp.com/company-by-address/H-NO-22-BHAISARAE-NIWAS-INDORA-JARIPATKA-NAGPUR-NAGPUR-MAHARASHTRA-440014-INDIA#:~:text=MSSKREBIRTHZING%20RECRUIT%20RIGHT%20PRIVATE%20LIMITED,U78300MH2024PTC434240&text=Regulatory%20%26%20Government,Copyright%20%C2%A9%202026%20Zauba%20Corp.",zaubacorp.com,Read more,DIRECTORY,0,DIRECTORY,SUCCESS,,
6a0c353fe4b07cca57a369ef,MSSKREBIRTHZING RECRUIT RIGHT PRIVATE LIMITED,Google,"""MSSKREBIRTHZING RECRUIT RIGHT PRIVATE LIMITED"" Nagpur official website",https://www.falconebiz.com/company/MSSKREBIRTHZING-RECRUIT-RIGHT-PRIVATE-LIMITED-U78300MH2024PTC434240,falconebiz.com,msskrebirthzing recruit right private limited ... Falcon Ebiz Pvt Ltd https://www.falconebiz.com › ... › NAGPUR › 440014,WEBSITE,35,POSSIBLE_CANDIDATE|company_name_in_title,SUCCESS,,
6a0c353fe4b07cca57a369ef,MSSKREBIRTHZING RECRUIT RIGHT PRIVATE LIMITED,Google,"""MSSKREBIRTHZING RECRUIT RIGHT PRIVATE LIMITED"" Nagpur official website",https://www.zaubacorp.com/company-by-address/HOUSE-NO-3316-22-NARA-VILLAGE-NAGPUR-NAGPUR-MAHARASHTRA-440014-INDIA,zaubacorp.com,HOUSE NO 3316 22 NARA VILLAGE NAGPUR ... ZaubaCorp https://www.zaubacorp.com › company-by-address › H...,DIRECTORY,0,DIRECTORY,SUCCESS,,
6a0c353fe4b07cca57a369ef,MSSKREBIRTHZING RECRUIT RIGHT PRIVATE LIMITED,Google,"""MSSKREBIRTHZING RECRUIT RIGHT PRIVATE LIMITED"" Nagpur official website","https://www.zaubacorp.com/company-by-address/HOUSE-NO-3316-22-NARA-VILLAGE-NAGPUR-NAGPUR-MAHARASHTRA-440014-INDIA#:~:text=37%2C%20Mecosabagh%20Sindhi%20Colony%2CNagpur%2CNagpur%2CMaharashtra%2C440014%2DIndia%20Nagpur,Mohalla%2C%2CIndora%2CNagpur%2CNagpur%2CMaharashtra%2C440014%2DIndia%20Nagpur%20Maharashtra%20440014%20India",zaubacorp.com,Read more,DIRECTORY,0,DIRECTORY,SUCCESS,,
6a0c353fe4b07cca57a369ef,MSSKREBIRTHZING RECRUIT RIGHT PRIVATE LIMITED,Google,"""MSSKREBIRTHZING RECRUIT RIGHT PRIVATE LIMITED"" Nagpur official website",https://www.zaubacorp.com/company-by-address/949--INDORA--NAGPUR-NAGPUR-MAHARASHTRA-440014-INDIA,zaubacorp.com,Company address search results - 949 INDORA NAGPUR ... ZaubaCorp https://www.zaubacorp.com › company-by-address › 9...,DIRECTORY,0,DIRECTORY,SUCCESS,,
6a05bd52e4b07cca57a0e366,MARTELX ELECTRONICS PRIVATE LIMITED,Google,"""MARTELX ELECTRONICS PRIVATE LIMITED"" Nagpur official website",https://tracxn.com/d/legal-entities/india/martelx-electronics-private-limited/__wTSecZayP5LKLbChES74gBkJM994iJEQaPhktlqlbxc,tracxn.com,Tracxn,DIRECTORY,0,DIRECTORY,SUCCESS,,
6a05bd52e4b07cca57a0e366,MARTELX ELECTRONICS PRIVATE LIMITED,Google,"""MARTELX ELECTRONICS PRIVATE LIMITED"" Nagpur official website",https://www.zaubacorp.com/company-by-address/F-NO--708--RAJAT-HIGHTS--WING-1--NAGPUR-NAGPUR-MAHARASHTRA-440030-INDIA,zaubacorp.com,Zauba Corp,DIRECTORY,0,DIRECTORY,SUCCESS,,
6a05bd52e4b07cca57a0e366,MARTELX ELECTRONICS PRIVATE LIMITED,Google,"""MARTELX ELECTRONICS PRIVATE LIMITED"" Nagpur official website",https://www.sensibook.com/companies/3657042/U41000MH2025PTC451216/ATLANTIVA-HOMES-PRIVATE-LIMITED,sensibook.com,,WEBSITE,5,WEAK_CANDIDATE|,SUCCESS,,
6a05bd52e4b07cca57a0e366,MARTELX ELECTRONICS PRIVATE LIMITED,Google,"""MARTELX ELECTRONICS PRIVATE LIMITED"" Nagpur official website",https://tracxn.com/d/legal-entities/india/martelx-electronics-private-limited/__wTSecZayP5LKLbChES74gBkJM994iJEQaPhktlqlbxc#:~:text=Who%20are%20the%20authorized%20signatories,tracxn.com,Read more,DIRECTORY,0,DIRECTORY,SUCCESS,,
6a05bd52e4b07cca57a0e366,MARTELX ELECTRONICS PRIVATE LIMITED,Google,"""MARTELX ELECTRONICS PRIVATE LIMITED"" Nagpur official website",https://www.planetexim.net/indian-company/martelx-electronics-private-limited/cin/U46529MH2026PTC467365.html,planetexim.net,Details of MARTELX ELECTRONICS PRIVATE LIMITED planetexim.net https://www.planetexim.net › indian-company › cin,WEBSITE,35,POSSIBLE_CANDIDATE|company_name_in_title,SUCCESS,,
6a05bd52e4b07cca57a0e366,MARTELX ELECTRONICS PRIVATE LIMITED,Google,"""MARTELX ELECTRONICS PRIVATE LIMITED"" Nagpur official website","https://www.planetexim.net/indian-company/martelx-electronics-private-limited/cin/U46529MH2026PTC467365.html#:~:text=CIN,U46529MH2026PTC467365&text=Company%20Name,MARTELX%20ELECTRONICS%20PRIVATE%20LIMITED&text=Date%20of%20Incorporation,03%20February%202026&text=Activity,WHOLESALETRADE%2CEXCEPTOFMOTORVEHICLESANDMOTORCYCLES",planetexim.net,Read more,WEBSITE,5,WEAK_CANDIDATE|,SUCCESS,,
6a05bd52e4b07cca57a0e366,MARTELX ELECTRONICS PRIVATE LIMITED,Google,"""MARTELX ELECTRONICS PRIVATE LIMITED"" Nagpur official website",https://www.falconebiz.com/company/MARTELX-ELECTRONICS-PRIVATE-LIMITED-U46529MH2026PTC467365,falconebiz.com,martelx electronics private limited / u46529mh2026ptc467365 Falcon Ebiz Pvt Ltd https://www.falconebiz.com › ... › NAGPUR › 440007,WEBSITE,35,POSSIBLE_CANDIDATE|company_name_in_title,SUCCESS,,
6a05bd52e4b07cca57a0e366,MARTELX ELECTRONICS PRIVATE LIMITED,Google,"""MARTELX ELECTRONICS PRIVATE LIMITED"" Nagpur official website","https://www.zaubacorp.com/company-by-address/F-NO--708--RAJAT-HIGHTS--WING-1--NAGPUR-NAGPUR-MAHARASHTRA-440030-INDIA#:~:text=Previous&text=Regulatory%20%26%20Government,Copyright%20%C2%A9%202026%20Zauba%20Corp.",zaubacorp.com,Read more,DIRECTORY,0,DIRECTORY,SUCCESS,,
6a05bd52e4b07cca57a0e366,MARTELX ELECTRONICS PRIVATE LIMITED,Google,"""MARTELX ELECTRONICS PRIVATE LIMITED"" Nagpur official website",https://www.zaubacorp.com/company-by-address/25-MANOHAR-VIHAR-COLONY-NEAR-HAZARIPAHAD-NAGPUR-NAGPUR-MAHARASHTRA-440007-INDIA,zaubacorp.com,25 MANOHAR VIHAR COLONY NEAR HAZARIPAHAD ... ZaubaCorp https://www.zaubacorp.com › company-by-address › 2...,DIRECTORY,0,DIRECTORY,SUCCESS,,
6a05bd52e4b07cca57a0e366,MARTELX ELECTRONICS PRIVATE LIMITED,Google,"""MARTELX ELECTRONICS PRIVATE LIMITED"" Nagpur official website",https://www.zaubacorp.com/company-by-address/25-MANOHAR-VIHAR-COLONY-NEAR-HAZARIPAHAD-NAGPUR-NAGPUR-MAHARASHTRA-440007-INDIA#:~:text=Previous,zaubacorp.com,Read more,DIRECTORY,0,DIRECTORY,SUCCESS,,
6a045c28e4b07cca579ebddf,PROMISN PRIVATE LIMITED,Google,"""PROMISN PRIVATE LIMITED"" Nagpur official website",https://in.indeed.com/q-elderly-care%2C-healthcare-l-maharashtra-jobs.html,in.indeed.com,"Elderly care, healthcare jobs in Maharashtra Indeed https://in.indeed.com › q-elderly-care,-healthcare-l-maha...",DIRECTORY,0,DIRECTORY,SUCCESS,,
6a045c28e4b07cca579ebddf,PROMISN PRIVATE LIMITED,Google,"""PROMISN PRIVATE LIMITED"" Nagpur official website","https://in.indeed.com/q-elderly-care%2C-healthcare-l-maharashtra-jobs.html#:~:text=Clinical%20Care%20Coordinator,workflows%20OR%20background%20in%20Science%2FBiology.",in.indeed.com,Read more,DIRECTORY,0,DIRECTORY,SUCCESS,,
6a045c28e4b07cca579ebddf,PROMISN PRIVATE LIMITED,Google,"""PROMISN PRIVATE LIMITED"" Nagpur official website",https://internshala.com/internships/internship-at-pinky-promise-private-limited/page-5/,internshala.com,Pinky Promise Internships Internshala https://internshala.com › internships › page-5,WEBSITE,5,WEAK_CANDIDATE|,SUCCESS,,
6a045c28e4b07cca579ebddf,PROMISN PRIVATE LIMITED,Google,"""PROMISN PRIVATE LIMITED"" Nagpur official website","https://internshala.com/internships/internship-at-pinky-promise-private-limited/page-5/#:~:text=No%20openings%20from%20Pinky%20Promise,and%20Job%20Preparation%20training%20FREE!",internshala.com,Read more,WEBSITE,5,WEAK_CANDIDATE|,SUCCESS,,
6a045c28e4b07cca579ebddf,PROMISN PRIVATE LIMITED,Google,"""PROMISN PRIVATE LIMITED"" Nagpur official website",https://birac.nic.in/birac_registration.php?scheme_type=35,birac.nic.in,Registration BIRAC https://birac.nic.in › birac_registration,WEBSITE,5,WEAK_CANDIDATE|,SUCCESS,,
6a045c28e4b07cca579ebddf,PROMISN PRIVATE LIMITED,Google,"""PROMISN PRIVATE LIMITED"" Nagpur official website","https://birac.nic.in/birac_registration.php?scheme_type=35#:~:text=Email%20*&text=This%20is%20the%20official%20Website,of%20Biotechnology%20Industry%20Research%20Assistance",birac.nic.in,Read more,WEBSITE,5,WEAK_CANDIDATE|,SUCCESS,,
6a045c28e4b07cca579ebddf,PROMISN PRIVATE LIMITED,Google,"""PROMISN PRIVATE LIMITED"" Nagpur official website",https://www.ipoplatform.com/startup-business-funding/tapsys-private-limited/102267,ipoplatform.com,TapFin latest Startup funding and investors IPOPlatform https://www.ipoplatform.com › Startup List,WEBSITE,5,WEAK_CANDIDATE|,SUCCESS,,
6a045c28e4b07cca579ebddf,PROMISN PRIVATE LIMITED,Google,"""PROMISN PRIVATE LIMITED"" Nagpur official website",https://www.ipoplatform.com/startup-business-funding/tapsys-private-limited/102267#:~:text=Search%20Startups%20(eg%3A%20Zepto)&text=Have%20vision%20to%20take%20your,ipoplatform.com,Read more,WEBSITE,5,WEAK_CANDIDATE|,SUCCESS,,
6a045c28e4b07cca579ebddf,PROMISN PRIVATE LIMITED,Google,"""PROMISN PRIVATE LIMITED"" Nagpur official website",https://in.indeed.com/q-job-angel-%E0%A4%9C%E0%A5%89%E0%A4%AC%E0%A5%8D%E0%A4%B8.html,in.indeed.com,200 Job Angel Job Vacancies Indeed https://in.indeed.com › q-job-angel-जॉब्स,DIRECTORY,0,DIRECTORY,SUCCESS,,
6a045c28e4b07cca579ebddf,PROMISN PRIVATE LIMITED,Google,"""PROMISN PRIVATE LIMITED"" Nagpur official website","https://in.indeed.com/q-job-angel-%E0%A4%9C%E0%A5%89%E0%A4%AC%E0%A5%8D%E0%A4%B8.html#:~:text=Pinky%20Promise%20Private%20Limited%20is,over%20India%20on%20our%20app.",in.indeed.com,Read more,DIRECTORY,0,DIRECTORY,SUCCESS,,
69fc4d52e4b07cca579a811e,ANYA SUPER GREENS PRIVATE LIMITED,Google,"""ANYA SUPER GREENS PRIVATE LIMITED"" Nagpur official website",https://www.zaubacorp.com/ANYA-SUPER-GREENS-PRIVATE-LIMITED-U47721MH2025PTC450671,zaubacorp.com,ZaubaCorp,DIRECTORY,0,DIRECTORY,SUCCESS,,
69fc4d52e4b07cca579a811e,ANYA SUPER GREENS PRIVATE LIMITED,Google,"""ANYA SUPER GREENS PRIVATE LIMITED"" Nagpur official website",https://www.indiafilings.com/search/anya-super-greens-private-limited-cin-U47721MH2025PTC450671,indiafilings.com,IndiaFilings,DIRECTORY,0,DIRECTORY,SUCCESS,,
69fc4d52e4b07cca579a811e,ANYA SUPER GREENS PRIVATE LIMITED,Google,"""ANYA SUPER GREENS PRIVATE LIMITED"" Nagpur official website",https://www.falconebiz.com/company/ANYA-SUPER-GREENS-PRIVATE-LIMITED-U47721MH2025PTC450671,falconebiz.com,,WEBSITE,5,WEAK_CANDIDATE|,SUCCESS,,
69fc4d52e4b07cca579a811e,ANYA SUPER GREENS PRIVATE LIMITED,Google,"""ANYA SUPER GREENS PRIVATE LIMITED"" Nagpur official website",https://tracxn.com/d/legal-entities/india/scholar-buzz-publications-india-private-limited/__zwG_tye3Dcxyphf7IfXc1oZiwfXns997_Ow1o4QwAUk,tracxn.com,,DIRECTORY,0,DIRECTORY,SUCCESS,,
69fc4d52e4b07cca579a811e,ANYA SUPER GREENS PRIVATE LIMITED,Google,"""ANYA SUPER GREENS PRIVATE LIMITED"" Nagpur official website","https://www.zaubacorp.com/ANYA-SUPER-GREENS-PRIVATE-LIMITED-U47721MH2025PTC450671#:~:text=Registered%20address%20of%20ANYA%20SUPER,PRIVATE%20LIMITED%20is%20%2D%20Active.",zaubacorp.com,Read more,DIRECTORY,0,DIRECTORY,SUCCESS,,
69fc4d52e4b07cca579a811e,ANYA SUPER GREENS PRIVATE LIMITED,Google,"""ANYA SUPER GREENS PRIVATE LIMITED"" Nagpur official website","https://www.indiafilings.com/search/anya-super-greens-private-limited-cin-U47721MH2025PTC450671#:~:text=What%20is%20the%20address%20for,Kamthi%20Nagpur%20Maharashtra%20India%20441001&text=Who%20are%20the%20owners%20%2F,ANYA%20SUPER%20GREENS%20PRIVATE%20LIMITED",indiafilings.com,Read more,DIRECTORY,0,DIRECTORY,SUCCESS,,
69fc4d52e4b07cca579a811e,ANYA SUPER GREENS PRIVATE LIMITED,Google,"""ANYA SUPER GREENS PRIVATE LIMITED"" Nagpur official website",https://tracxn.com/d/legal-entities/india/anya-super-greens-private-limited/__yBznVOgp7pbBqYLS3AjGL-lZ1UC5o1enJSALoH0OVhw,tracxn.com,ANYA SUPER GREENS PRIVATE LIMITED Tracxn https://tracxn.com › Discover › Legal Entities › India,DIRECTORY,0,DIRECTORY,SUCCESS,,
69fc4d52e4b07cca579a811e,ANYA SUPER GREENS PRIVATE LIMITED,Google,"""ANYA SUPER GREENS PRIVATE LIMITED"" Nagpur official website",https://tracxn.com/d/legal-entities/india/anya-super-greens-private-limited/__yBznVOgp7pbBqYLS3AjGL-lZ1UC5o1enJSALoH0OVhw#:~:text=Who%20are%20the%20authorized%20signatories,tracxn.com,Read more,DIRECTORY,0,DIRECTORY,SUCCESS,,
69fc4d52e4b07cca579a811e,ANYA SUPER GREENS PRIVATE LIMITED,Google,"""ANYA SUPER GREENS PRIVATE LIMITED"" Nagpur official website","https://www.falconebiz.com/company/ANYA-SUPER-GREENS-PRIVATE-LIMITED-U47721MH2025PTC450671#:~:text=ANYA%20SUPER%20GREENS%20PRIVATE%20LIMITED,MCA%20on%2017th%20June%2C%202025.",falconebiz.com,Read more,WEBSITE,5,WEAK_CANDIDATE|,SUCCESS,,
69fc4d52e4b07cca579a811e,ANYA SUPER GREENS PRIVATE LIMITED,Google,"""ANYA SUPER GREENS PRIVATE LIMITED"" Nagpur official website",https://www.zaubacorp.com/company-by-address/PLOT-NO--176--H-N-2795-BHUSHAN-NAGAR--KAMPTEE-KAMTHI-NAGPUR-MAHARASHTRA-INDIA-441001,zaubacorp.com,PLOT NO 176 H N 2795 BHUSHAN NAGAR KAMPTEE ... ZaubaCorp https://www.zaubacorp.com › company-by-address › P...,DIRECTORY,0,DIRECTORY,SUCCESS,,
69fb4208e4b07cca579a2653,ABHISHRI AGROTECH PRIVATE LIMITED,Google,"""ABHISHRI AGROTECH PRIVATE LIMITED"" Nagpur official website",https://www.indiamart.com/velx-fisheries-maharashtra/?srsltid=AfmBOorFhUphQQSxxG4HOwYeFVyQ9cjlkhGcCSNO5plOV1lomsRMi7qF,indiamart.com,Abhishri Agrotech IndiaMART Profile,DIRECTORY,0,DIRECTORY,SUCCESS,,
69fb4208e4b07cca579a2653,ABHISHRI AGROTECH PRIVATE LIMITED,Google,"""ABHISHRI AGROTECH PRIVATE LIMITED"" Nagpur official website",https://www.indiamart.com/velx-fisheries-maharashtra/,indiamart.com,,DIRECTORY,0,DIRECTORY,SUCCESS,,
69fb4208e4b07cca579a2653,ABHISHRI AGROTECH PRIVATE LIMITED,Google,"""ABHISHRI AGROTECH PRIVATE LIMITED"" Nagpur official website",https://www.indiamart.com/velx-fisheries-maharashtra/?srsltid=AfmBOopN3mTPeKF3Q_BAO3t4d5PozM1ICSSg09YUBLQpFqtVTYaW97pJ,indiamart.com,,DIRECTORY,0,DIRECTORY,SUCCESS,,
69fb4208e4b07cca579a2653,ABHISHRI AGROTECH PRIVATE LIMITED,Google,"""ABHISHRI AGROTECH PRIVATE LIMITED"" Nagpur official website",https://www.indiamart.com/proddetail/32-5-2-mm-fish-feed-21199022155.html?srsltid=AfmBOopXB5kb4dDGga5b9diFg0ijwWSa3UPpPkV4xqnBo22ck0AqoRrf,indiamart.com,,DIRECTORY,0,DIRECTORY,SUCCESS,,
69fb4208e4b07cca579a2653,ABHISHRI AGROTECH PRIVATE LIMITED,Google,"""ABHISHRI AGROTECH PRIVATE LIMITED"" Nagpur official website",https://tracxn.com/d/legal-entities/india/abhishri-agrotech-private-limited/__pvuVq7HM_FjXHsBPLrS0u2Xehq-U7GIwJ7ebc8iLSjE,tracxn.com,,DIRECTORY,0,DIRECTORY,SUCCESS,,
69fb4208e4b07cca579a2653,ABHISHRI AGROTECH PRIVATE LIMITED,Google,"""ABHISHRI AGROTECH PRIVATE LIMITED"" Nagpur official website",https://www.zaubacorp.com/SHR-POLYAGRO-LOGISTICS-PRIVATE-LIMITED-U20131MH2025PTC455241,zaubacorp.com,,DIRECTORY,0,DIRECTORY,SUCCESS,,
69fb4208e4b07cca579a2653,ABHISHRI AGROTECH PRIVATE LIMITED,Google,"""ABHISHRI AGROTECH PRIVATE LIMITED"" Nagpur official website",https://www.indiamart.com/proddetail/prawn-fish-feed-20967872533.html?srsltid=AfmBOoo8VD_VCsyFhCbnXaRzydbOyRxl8yYhJmA13qybIxvRfF6kTuk2,indiamart.com,,DIRECTORY,0,DIRECTORY,SUCCESS,,
69fb4208e4b07cca579a2653,ABHISHRI AGROTECH PRIVATE LIMITED,Google,"""ABHISHRI AGROTECH PRIVATE LIMITED"" Nagpur official website",https://www.indiamart.com/velx-fisheries-maharashtra/?srsltid=AfmBOopl_lS2-8qinItkMQ32d22oWxp2MXu2JOfpd8hzATObJmYlwA7U,indiamart.com,Abhishri Agrotech Private Limited - Manufacturer of Fish ... IndiaMART https://www.indiamart.com › velx-fisheries-maharashtra,DIRECTORY,0,DIRECTORY,SUCCESS,,
69fb4208e4b07cca579a2653,ABHISHRI AGROTECH PRIVATE LIMITED,Google,"""ABHISHRI AGROTECH PRIVATE LIMITED"" Nagpur official website",https://www.zaubacorp.com/company-by-address/PL-NO-234--FL-NO--102--RATAN-LOTUS---CHATRAPATI-NAGAR-NAGPUR-NAGPUR-MAHARASHTRA-440015-INDIA,zaubacorp.com,PL NO 234 FL NO 102 RATAN LOTUS CHATRAPATI ... ZaubaCorp https://www.zaubacorp.com › company-by-address › P...,DIRECTORY,0,DIRECTORY,SUCCESS,,
69fb4208e4b07cca579a2653,ABHISHRI AGROTECH PRIVATE LIMITED,Google,"""ABHISHRI AGROTECH PRIVATE LIMITED"" Nagpur official website","https://www.zaubacorp.com/company-by-address/PL-NO-234--FL-NO--102--RATAN-LOTUS---CHATRAPATI-NAGAR-NAGPUR-NAGPUR-MAHARASHTRA-440015-INDIA#:~:text=NO%20102%2C%2CLE%20%2DPRESTIGE%20RAMDASPETH%2C%2CNagpur%2CNagpur%2CMaharashtra%2C440010%2DIndia%20Nagpur,ABHISHRI%20AGROTECH%20PRIVATE%20LIMITED",zaubacorp.com,Read more,DIRECTORY,0,DIRECTORY,SUCCESS,,
69f9cfbce4b07cca5799a6c1,NARNAWARE GLOBAL TRADE PRIVATE LIMITED,Google,"""NARNAWARE GLOBAL TRADE PRIVATE LIMITED"" Nagpur official website",https://www.ngtpl.com/,ngtpl.com,Narnaware Global Trade Pvt. Ltd. Official Website,WEBSITE,35,POSSIBLE_CANDIDATE|company_name_in_title,SUCCESS,,
69f9cfbce4b07cca5799a6c1,NARNAWARE GLOBAL TRADE PRIVATE LIMITED,Google,"""NARNAWARE GLOBAL TRADE PRIVATE LIMITED"" Nagpur official website",https://in.linkedin.com/company/narnaware-global-trade-pvt-ltd,in.linkedin.com,Narnaware Global Trade LinkedIn Profile,DIRECTORY,0,DIRECTORY,SUCCESS,,
69f9cfbce4b07cca5799a6c1,NARNAWARE GLOBAL TRADE PRIVATE LIMITED,Google,"""NARNAWARE GLOBAL TRADE PRIVATE LIMITED"" Nagpur official website",https://www.instagram.com/narnawareglobal/,instagram.com,Narnaware Global Trade Instagram,DIRECTORY,0,DIRECTORY,SUCCESS,,
69f9cfbce4b07cca5799a6c1,NARNAWARE GLOBAL TRADE PRIVATE LIMITED,Google,"""NARNAWARE GLOBAL TRADE PRIVATE LIMITED"" Nagpur official website",https://ngtpl.com/agricultural.html,ngtpl.com,,WEBSITE,5,WEAK_CANDIDATE|,SUCCESS,,
69f9cfbce4b07cca5799a6c1,NARNAWARE GLOBAL TRADE PRIVATE LIMITED,Google,"""NARNAWARE GLOBAL TRADE PRIVATE LIMITED"" Nagpur official website",https://in.linkedin.com/in/amit-narnaware-44aaa623,in.linkedin.com,,DIRECTORY,0,DIRECTORY,SUCCESS,,
69f9cfbce4b07cca5799a6c1,NARNAWARE GLOBAL TRADE PRIVATE LIMITED,Google,"""NARNAWARE GLOBAL TRADE PRIVATE LIMITED"" Nagpur official website","https://in.linkedin.com/company/narnaware-global-trade-pvt-ltd#:~:text=At%20Narnaware%20Global%20Trade%20Private,to%20meet%20international%20market%20requirements.&text=Additionally%2C%20we%20invite%20you%20to,about%20our%20offerings%20and%20services.",in.linkedin.com,Read more,DIRECTORY,0,DIRECTORY,SUCCESS,,
69f9cfbce4b07cca5799a6c1,NARNAWARE GLOBAL TRADE PRIVATE LIMITED,Google,"""NARNAWARE GLOBAL TRADE PRIVATE LIMITED"" Nagpur official website",https://tracxn.com/d/legal-entities/india/narnaware-global-trade-private-limited/__e6po186jRrx86whzx-gBdQ3FiP_KewCB4P_gOPFFLEk,tracxn.com,NARNAWARE GLOBAL TRADE PRIVATE LIMITED Tracxn https://tracxn.com › Discover › Legal Entities › India,DIRECTORY,0,DIRECTORY,SUCCESS,,
69f9cfbce4b07cca5799a6c1,NARNAWARE GLOBAL TRADE PRIVATE LIMITED,Google,"""NARNAWARE GLOBAL TRADE PRIVATE LIMITED"" Nagpur official website",https://www.falconebiz.com/company/NARNAWARE-GLOBAL-TRADE-PRIVATE-LIMITED-U46620MH2025PTC457834,falconebiz.com,narnaware global trade private limited ... Falcon Ebiz Pvt Ltd https://www.falconebiz.com › ... › NAGPUR › 440037,WEBSITE,35,POSSIBLE_CANDIDATE|company_name_in_title,SUCCESS,,
69f9cfbce4b07cca5799a6c1,NARNAWARE GLOBAL TRADE PRIVATE LIMITED,Google,"""NARNAWARE GLOBAL TRADE PRIVATE LIMITED"" Nagpur official website","https://www.falconebiz.com/company/NARNAWARE-GLOBAL-TRADE-PRIVATE-LIMITED-U46620MH2025PTC457834#:~:text=Plot%20No%2019%2C%20Viran%20Develop%2C,Nagpur%2C%20Nagpur%2C%20Maharashtra%2C%20India%2C%20440037.",falconebiz.com,Read more,WEBSITE,5,WEAK_CANDIDATE|,SUCCESS,,
69f9cfbce4b07cca5799a6c1,NARNAWARE GLOBAL TRADE PRIVATE LIMITED,Google,"""NARNAWARE GLOBAL TRADE PRIVATE LIMITED"" Nagpur official website",https://www.zaubacorp.com/company-by-address/MAXX-PRIDE-OFFICE--2-BELTARODI--BESA-ROAD-NAGPUR-NAGPUR-MAHARASHTRA-440037-INDIA,zaubacorp.com,MAXX PRIDE OFFICE 2 BELTARODI BESA ROAD ... ZaubaCorp https://www.zaubacorp.com › company-by-address › M...,DIRECTORY,0,DIRECTORY,SUCCESS,,
69f8cbfee4b07cca57995fc9,VVBM STUDIOS (OPC) PRIVATE LIMITED,Google,"""VVBM STUDIOS (OPC) PRIVATE LIMITED"" Nagpur official website",https://www.zaubacorp.com/VVBM-STUDIOS-OPC-PRIVATE-LIMITED-U58201MH2024OPC434602,zaubacorp.com,ZaubaCorp Profile,DIRECTORY,0,DIRECTORY,SUCCESS,,
69f8cbfee4b07cca57995fc9,VVBM STUDIOS (OPC) PRIVATE LIMITED,Google,"""VVBM STUDIOS (OPC) PRIVATE LIMITED"" Nagpur official website",https://tracxn.com/d/legal-entities/india/vvbm-studios-opc-private-limited/__s_9R4ifMKkfCi-2atP_MBmN76EKloivahSYc-I5wzyE,tracxn.com,Tracxn Entity Data,DIRECTORY,0,DIRECTORY,SUCCESS,,
69f8cbfee4b07cca57995fc9,VVBM STUDIOS (OPC) PRIVATE LIMITED,Google,"""VVBM STUDIOS (OPC) PRIVATE LIMITED"" Nagpur official website",https://www.zaubacorp.com/DEESHA-SETU-LLP-ACU-8021,zaubacorp.com,,DIRECTORY,0,DIRECTORY,SUCCESS,,
69f8cbfee4b07cca57995fc9,VVBM STUDIOS (OPC) PRIVATE LIMITED,Google,"""VVBM STUDIOS (OPC) PRIVATE LIMITED"" Nagpur official website",https://www.zaubacorp.com/SERVICENOVA-PRIVATE-LIMITED-U46529MH2024PTC417634,zaubacorp.com,,DIRECTORY,0,DIRECTORY,SUCCESS,,
69f8cbfee4b07cca57995fc9,VVBM STUDIOS (OPC) PRIVATE LIMITED,Google,"""VVBM STUDIOS (OPC) PRIVATE LIMITED"" Nagpur official website","https://www.zaubacorp.com/VVBM-STUDIOS-OPC-PRIVATE-LIMITED-U58201MH2024OPC434602#:~:text=Registered%20address%20of%20VVBM%20STUDIOS,PRIVATE%20LIMITED%20is%20%2D%20Active.",zaubacorp.com,Read more,DIRECTORY,0,DIRECTORY,SUCCESS,,
69f8cbfee4b07cca57995fc9,VVBM STUDIOS (OPC) PRIVATE LIMITED,Google,"""VVBM STUDIOS (OPC) PRIVATE LIMITED"" Nagpur official website","https://tracxn.com/d/legal-entities/india/vvbm-studios-opc-private-limited/__s_9R4ifMKkfCi-2atP_MBmN76EKloivahSYc-I5wzyE#:~:text=Who%20are%20the%20authorized%20signatories,VVBM%20STUDIOS%20(OPC)%20PRIVATE%20LIMITED%3F",tracxn.com,Read more,DIRECTORY,0,DIRECTORY,SUCCESS,,
69f8cbfee4b07cca57995fc9,VVBM STUDIOS (OPC) PRIVATE LIMITED,Google,"""VVBM STUDIOS (OPC) PRIVATE LIMITED"" Nagpur official website",https://www.falconebiz.com/company/VVBM-STUDIOS-OPC-PRIVATE-LIMITED-U58201MH2024OPC434602,falconebiz.com,vvbm studios (opc) private limited Falcon Ebiz Pvt Ltd https://www.falconebiz.com › ... › NAGPUR › 440036,WEBSITE,35,POSSIBLE_CANDIDATE|company_name_in_title,SUCCESS,,
69f8cbfee4b07cca57995fc9,VVBM STUDIOS (OPC) PRIVATE LIMITED,Google,"""VVBM STUDIOS (OPC) PRIVATE LIMITED"" Nagpur official website","https://www.falconebiz.com/company/VVBM-STUDIOS-OPC-PRIVATE-LIMITED-U58201MH2024OPC434602#:~:text=VVBM%20STUDIOS%20(OPC)%20PRIVATE%20LIMITED,Non%2Dgovt%20company.%20This%20company%20is",falconebiz.com,Read more,WEBSITE,5,WEAK_CANDIDATE|,SUCCESS,,
69f8cbfee4b07cca57995fc9,VVBM STUDIOS (OPC) PRIVATE LIMITED,Google,"""VVBM STUDIOS (OPC) PRIVATE LIMITED"" Nagpur official website",https://sitnagpur.edu.in/e-cell,sitnagpur.edu.in,"E-Cell - Symbiosis Institute of Technology (SIT), Nagpur SIT Nagpur https://sitnagpur.edu.in › e-cell",WEBSITE,5,WEAK_CANDIDATE|,SUCCESS,,
69f8cbfee4b07cca57995fc9,VVBM STUDIOS (OPC) PRIVATE LIMITED,Google,"""VVBM STUDIOS (OPC) PRIVATE LIMITED"" Nagpur official website",https://sitnagpur.edu.in/e-cell#:~:text=Symbiosis%20Institute%20of%20Technology%20(SIT),sitnagpur.edu.in,Read more,WEBSITE,5,WEAK_CANDIDATE|,SUCCESS,,
69f89bd3e4b07cca5799535b,ESLINK INFOCRAFT PRIVATE LIMITED,Google,"""ESLINK INFOCRAFT PRIVATE LIMITED"" Nagpur official website",https://www.eslink.co.in/,eslink.co.in,Eslink Infocraft Private Limited,WEBSITE,60,"STRONG_CANDIDATE|company_name_in_domain,company_name_in_title",SUCCESS,,
69f89bd3e4b07cca5799535b,ESLINK INFOCRAFT PRIVATE LIMITED,Google,"""ESLINK INFOCRAFT PRIVATE LIMITED"" Nagpur official website",https://www.eslink.co.in/company-profile.html,eslink.co.in,,WEBSITE,30,POSSIBLE_CANDIDATE|company_name_in_domain,SUCCESS,,
69f89bd3e4b07cca5799535b,ESLINK INFOCRAFT PRIVATE LIMITED,Google,"""ESLINK INFOCRAFT PRIVATE LIMITED"" Nagpur official website",https://www.eslink.co.in/installation-services.html,eslink.co.in,,WEBSITE,30,POSSIBLE_CANDIDATE|company_name_in_domain,SUCCESS,,
69f89bd3e4b07cca5799535b,ESLINK INFOCRAFT PRIVATE LIMITED,Google,"""ESLINK INFOCRAFT PRIVATE LIMITED"" Nagpur official website",https://www.eslink.co.in/door-lock.html,eslink.co.in,,WEBSITE,30,POSSIBLE_CANDIDATE|company_name_in_domain,SUCCESS,,
69f89bd3e4b07cca5799535b,ESLINK INFOCRAFT PRIVATE LIMITED,Google,"""ESLINK INFOCRAFT PRIVATE LIMITED"" Nagpur official website",https://www.eslink.co.in/smart-led-tv.html,eslink.co.in,,WEBSITE,30,POSSIBLE_CANDIDATE|company_name_in_domain,SUCCESS,,
69f89bd3e4b07cca5799535b,ESLINK INFOCRAFT PRIVATE LIMITED,Google,"""ESLINK INFOCRAFT PRIVATE LIMITED"" Nagpur official website",https://www.eslink.co.in/biometric-attendance-system-12811608.html,eslink.co.in,,WEBSITE,30,POSSIBLE_CANDIDATE|company_name_in_domain,SUCCESS,,
69f89bd3e4b07cca5799535b,ESLINK INFOCRAFT PRIVATE LIMITED,Google,"""ESLINK INFOCRAFT PRIVATE LIMITED"" Nagpur official website",https://www.eslink.co.in/cctv-camera.html,eslink.co.in,,WEBSITE,30,POSSIBLE_CANDIDATE|company_name_in_domain,SUCCESS,,
69f89bd3e4b07cca5799535b,ESLINK INFOCRAFT PRIVATE LIMITED,Google,"""ESLINK INFOCRAFT PRIVATE LIMITED"" Nagpur official website",https://www.eslink.co.in/contact-us.html?ID_166804_619_12373443=1,eslink.co.in,,WEBSITE,30,POSSIBLE_CANDIDATE|company_name_in_domain,SUCCESS,,
69f89bd3e4b07cca5799535b,ESLINK INFOCRAFT PRIVATE LIMITED,Google,"""ESLINK INFOCRAFT PRIVATE LIMITED"" Nagpur official website","https://www.eslink.co.in/#:~:text=Eslink%20Infocraft%20Private%20Limited%2C%20established,field%20of%20security%20and%20surveillance",eslink.co.in,Read more,WEBSITE,30,POSSIBLE_CANDIDATE|company_name_in_domain,SUCCESS,,
69f89bd3e4b07cca5799535b,ESLINK INFOCRAFT PRIVATE LIMITED,Google,"""ESLINK INFOCRAFT PRIVATE LIMITED"" Nagpur official website","https://www.eslink.co.in/company-profile.html#:~:text=Eslink%20Infocraft%20Private%20Limited%20is,trader%20of%20Security%20CCTV%20Camera.",eslink.co.in,Read more,WEBSITE,30,POSSIBLE_CANDIDATE|company_name_in_domain,SUCCESS,,
69f5ee88e4b07cca5798bb45,ICONIC MAHAVEER INFRA PRIVATE LIMITED,Google,"""ICONIC MAHAVEER INFRA PRIVATE LIMITED"" Nagpur official website",https://tracxn.com/d/legal-entities/india/iconic-mahaveer-infra-private-limited/__oZhR7m5FNQCFDSOspEBEXiptTrqglPFt4LSiL2yjJdE,tracxn.com,Tracxn,DIRECTORY,0,DIRECTORY,SUCCESS,,
69f5ee88e4b07cca5798bb45,ICONIC MAHAVEER INFRA PRIVATE LIMITED,Google,"""ICONIC MAHAVEER INFRA PRIVATE LIMITED"" Nagpur official website",https://www.falconebiz.com/company/ICONIC-MAHAVEER-INFRA-PRIVATE-LIMITED-U43900MH2025PTC451087,falconebiz.com,Falconebiz,WEBSITE,5,WEAK_CANDIDATE|,SUCCESS,,
69f5ee88e4b07cca5798bb45,ICONIC MAHAVEER INFRA PRIVATE LIMITED,Google,"""ICONIC MAHAVEER INFRA PRIVATE LIMITED"" Nagpur official website",https://tracxn.com/d/legal-entities/india/iconic-mahaveer-infra-private-limited/__oZhR7m5FNQCFDSOspEBEXiptTrqglPFt4LSiL2yjJdE#:~:text=Who%20are%20the%20authorized%20signatories,tracxn.com,Read more,DIRECTORY,0,DIRECTORY,SUCCESS,,
69f5ee88e4b07cca5798bb45,ICONIC MAHAVEER INFRA PRIVATE LIMITED,Google,"""ICONIC MAHAVEER INFRA PRIVATE LIMITED"" Nagpur official website","https://www.falconebiz.com/company/ICONIC-MAHAVEER-INFRA-PRIVATE-LIMITED-U43900MH2025PTC451087#:~:text=51%2C%20Narmada%20Housing%20Society%2C%20Katolroad%2C,Nagpur%2C%20Nagpur%2C%20Maharashtra%2C%20India%2C%20440013.",falconebiz.com,Read more,WEBSITE,5,WEAK_CANDIDATE|,SUCCESS,,
69f5ee88e4b07cca5798bb45,ICONIC MAHAVEER INFRA PRIVATE LIMITED,Google,"""ICONIC MAHAVEER INFRA PRIVATE LIMITED"" Nagpur official website",https://www.zaubacorp.com/company-by-address/PLOT-NO-30--TEKRIWAL-BHAVAN-BYRAMJI-TOWN-NAGPUR-NAGPUR-MAHARASHTRA-440013-INDIA,zaubacorp.com,PLOT NO 30 TEKRIWAL BHAVAN BYRAMJI TOWN ... ZaubaCorp https://www.zaubacorp.com › company-by-address › P...,DIRECTORY,0,DIRECTORY,SUCCESS,,
69f5ee88e4b07cca5798bb45,ICONIC MAHAVEER INFRA PRIVATE LIMITED,Google,"""ICONIC MAHAVEER INFRA PRIVATE LIMITED"" Nagpur official website",https://www.zaubacorp.com/company-by-address/PLOT-NO-30--TEKRIWAL-BHAVAN-BYRAMJI-TOWN-NAGPUR-NAGPUR-MAHARASHTRA-440013-INDIA#:~:text=Previous,zaubacorp.com,Read more,DIRECTORY,0,DIRECTORY,SUCCESS,,
69f5ee88e4b07cca5798bb45,ICONIC MAHAVEER INFRA PRIVATE LIMITED,Google,"""ICONIC MAHAVEER INFRA PRIVATE LIMITED"" Nagpur official website",https://www.zaubacorp.com/company-by-address/PLOT-NO-19-JAIDURGA-SOCIETY-NAGPUR-NAGPUR-MAHARASHTRA-440030-INDIA,zaubacorp.com,Companies at address PLOT NO 19 JAIDURGA SOCIETY ... ZaubaCorp https://www.zaubacorp.com › company-by-address › P...,DIRECTORY,0,DIRECTORY,SUCCESS,,
69f5ee88e4b07cca5798bb45,ICONIC MAHAVEER INFRA PRIVATE LIMITED,Google,"""ICONIC MAHAVEER INFRA PRIVATE LIMITED"" Nagpur official website",https://www.zaubacorp.com/company-by-address/PLOT-NO-19-JAIDURGA-SOCIETY-NAGPUR-NAGPUR-MAHARASHTRA-440030-INDIA#:~:text=Previous,zaubacorp.com,Read more,DIRECTORY,0,DIRECTORY,SUCCESS,,
69f5ee88e4b07cca5798bb45,ICONIC MAHAVEER INFRA PRIVATE LIMITED,Google,"""ICONIC MAHAVEER INFRA PRIVATE LIMITED"" Nagpur official website",https://www.zaubacorp.com/company-by-address/SHOP-NO-2-SITA-SANKUL-AKAR-NAGPUR-NAGPUR-MAHARASHTRA-440013-INDIA,zaubacorp.com,Companies at address SHOP NO 2 SITA SANKUL AKAR ... ZaubaCorp https://www.zaubacorp.com › company-by-address › S...,DIRECTORY,0,DIRECTORY,SUCCESS,,
69f5ee88e4b07cca5798bb45,ICONIC MAHAVEER INFRA PRIVATE LIMITED,Google,"""ICONIC MAHAVEER INFRA PRIVATE LIMITED"" Nagpur official website",https://www.zaubacorp.com/company-by-address/SHOP-NO-2-SITA-SANKUL-AKAR-NAGPUR-NAGPUR-MAHARASHTRA-440013-INDIA#:~:text=Previous,zaubacorp.com,Read more,DIRECTORY,0,DIRECTORY,SUCCESS,,
69f5c978e4b07cca5798ad0a,Indify Horizon HET Hydrogen Pvt Ltd,Google,"""Indify Horizon HET Hydrogen Pvt Ltd"" Nagpur official website",https://www.indiamart.com/horizon-fuel-cell-technologies/?srsltid=AfmBOoqDd_lZoIZhAvwi3RZDzUGqEKUKFNdWXN7EnfsTCusBXXq65S5d,indiamart.com,IndiaMART Profile for Indify Horizon Het Hydrogen,DIRECTORY,0,DIRECTORY,SUCCESS,,
69f5c978e4b07cca5798ad0a,Indify Horizon HET Hydrogen Pvt Ltd,Google,"""Indify Horizon HET Hydrogen Pvt Ltd"" Nagpur official website",https://www.indiamart.com/horizon-fuel-cell-technologies/,indiamart.com,,DIRECTORY,0,DIRECTORY,SUCCESS,,
69f5c978e4b07cca5798ad0a,Indify Horizon HET Hydrogen Pvt Ltd,Google,"""Indify Horizon HET Hydrogen Pvt Ltd"" Nagpur official website",https://www.zaubacorp.com/INDIFY-HORIZON-HET-HYDROGEN-PRIVATE-LIMITED-U29209MH2023PTC400951,zaubacorp.com,,DIRECTORY,0,DIRECTORY,SUCCESS,,
69f5c978e4b07cca5798ad0a,Indify Horizon HET Hydrogen Pvt Ltd,Google,"""Indify Horizon HET Hydrogen Pvt Ltd"" Nagpur official website",https://www.falconebiz.com/company/INDIFY-FUEL-CELL-PRIVATE-LIMITED-U29209MH2023PTC400951,falconebiz.com,indify horizon het hydrogen private limited Falcon Ebiz Pvt Ltd https://www.falconebiz.com › ... › NAGPUR › 440010,WEBSITE,35,POSSIBLE_CANDIDATE|company_name_in_title,SUCCESS,,
69f5c978e4b07cca5798ad0a,Indify Horizon HET Hydrogen Pvt Ltd,Google,"""Indify Horizon HET Hydrogen Pvt Ltd"" Nagpur official website","https://www.falconebiz.com/company/INDIFY-FUEL-CELL-PRIVATE-LIMITED-U29209MH2023PTC400951#:~:text=INDIFY%20HORIZON%20HET%20HYDROGEN%20PVT,provided%20from%20MCA%20is%20U29209MH2023PTC400951.&text=393%2C%20Dharampeth%2C%20Khare%20Town%2C%20Nagpur%2C,Nagpur%2C%20Maharashtra%2C%20India%2C%20440010.",falconebiz.com,Read more,WEBSITE,5,WEAK_CANDIDATE|,SUCCESS,,
69f5c25ae4b07cca5798a9f2,BHARAT HYDRO-FLUIDS LLP,,"""BHARAT HYDRO-FLUIDS LLP"" Nagpur official website",,,,NO_RESULT,0,NO_RESULT,SUCCESS,NEEDS_REVIEW,No candidate URL found
69f4869ce4b07cca579863c3,PSYCHMITRA WELLNESS LLP,Google,"""PSYCHMITRA WELLNESS LLP"" Nagpur official website",https://www.zaubacorp.com/PSYCHMITRA-WELLNESS-LLP-ACV-0974,zaubacorp.com,ZaubaCorp's Psychmitra Wellness LLP Profile,DIRECTORY,0,DIRECTORY,SUCCESS,,
69f4869ce4b07cca579863c3,PSYCHMITRA WELLNESS LLP,Google,"""PSYCHMITRA WELLNESS LLP"" Nagpur official website",https://www.zaubacorp.com/companies-PSY,zaubacorp.com,,DIRECTORY,0,DIRECTORY,SUCCESS,,
69f4869ce4b07cca579863c3,PSYCHMITRA WELLNESS LLP,Google,"""PSYCHMITRA WELLNESS LLP"" Nagpur official website",https://www.zaubacorp.com/company-by-address/572-E-188-BUDDH-VIHAR-GANDHI-NAGR-SURENDRGARH-NAGPUR-NAGPUR-MAHARASHTRA-440013-INDIA,zaubacorp.com,Companies at address 572 E 188 BUDDH VIHAR GANDHI ... ZaubaCorp https://www.zaubacorp.com › company-by-address › 5...,DIRECTORY,0,DIRECTORY,SUCCESS,,
69f4869ce4b07cca579863c3,PSYCHMITRA WELLNESS LLP,Google,"""PSYCHMITRA WELLNESS LLP"" Nagpur official website",https://www.zaubacorp.com/company-by-address/572-E-188-BUDDH-VIHAR-GANDHI-NAGR-SURENDRGARH-NAGPUR-NAGPUR-MAHARASHTRA-440013-INDIA#:~:text=Previous,zaubacorp.com,Read more,DIRECTORY,0,DIRECTORY,SUCCESS,,
69f4869ce4b07cca579863c3,PSYCHMITRA WELLNESS LLP,Google,"""PSYCHMITRA WELLNESS LLP"" Nagpur official website",https://www.zaubacorp.com/company-by-address/FLAT-NO--301-SHAGUN-APPT--K-T--NAGPUR-NAGPUR-NAGPUR-MAHARASHTRA-INDIA-440013,zaubacorp.com,FLAT NO 301 SHAGUN APPT K T NAGPUR ... ZaubaCorp https://www.zaubacorp.com › company-by-address › F...,DIRECTORY,0,DIRECTORY,SUCCESS,,
69f4869ce4b07cca579863c3,PSYCHMITRA WELLNESS LLP,Google,"""PSYCHMITRA WELLNESS LLP"" Nagpur official website",https://www.zaubacorp.com/company-by-address/FLAT-NO--301-SHAGUN-APPT--K-T--NAGPUR-NAGPUR-NAGPUR-MAHARASHTRA-INDIA-440013#:~:text=Previous,zaubacorp.com,Read more,DIRECTORY,0,DIRECTORY,SUCCESS,,
69f4869ce4b07cca579863c3,PSYCHMITRA WELLNESS LLP,Google,"""PSYCHMITRA WELLNESS LLP"" Nagpur official website","https://www.zaubacorp.com/companies-PSY#:~:text=PSYCHMITRA%20WELLNESS%20LLP,PSYCHNUTRITION%20(OPC)%20PRIVATE%20LIMITED",zaubacorp.com,Read more,DIRECTORY,0,DIRECTORY,SUCCESS,,
69f4869ce4b07cca579863c3,PSYCHMITRA WELLNESS LLP,Google,"""PSYCHMITRA WELLNESS LLP"" Nagpur official website",https://www.zaubacorp.com/company-by-address/SHOP-NO-2-SITA-SANKUL-AKAR-NAGPUR-NAGPUR-MAHARASHTRA-440013-INDIA,zaubacorp.com,Companies at address SHOP NO 2 SITA SANKUL AKAR ... ZaubaCorp https://www.zaubacorp.com › company-by-address › S...,DIRECTORY,0,DIRECTORY,SUCCESS,,
69f4869ce4b07cca579863c3,PSYCHMITRA WELLNESS LLP,Google,"""PSYCHMITRA WELLNESS LLP"" Nagpur official website",https://www.zaubacorp.com/company-by-address/SHOP-NO-2-SITA-SANKUL-AKAR-NAGPUR-NAGPUR-MAHARASHTRA-440013-INDIA#:~:text=Previous,zaubacorp.com,Read more,DIRECTORY,0,DIRECTORY,SUCCESS,,
69f4869ce4b07cca579863c3,PSYCHMITRA WELLNESS LLP,Google,"""PSYCHMITRA WELLNESS LLP"" Nagpur official website",https://www.zaubacorp.com/company-by-address/FLAT-NO--101--SHIRKE-LAYOUT--RAJ-NAGAR-NAGPUR-NAGPUR-MAHARASHTRA-440013-INDIA,zaubacorp.com,FLAT NO 101 SHIRKE LAYOUT RAJ NAGAR NAGPUR ... ZaubaCorp https://www.zaubacorp.com › company-by-address › F...,DIRECTORY,0,DIRECTORY,SUCCESS,,
69f3500ee4b07cca5797f925,NEXBIGTECH INNOVATIONS PRIVATE LIMITED,Google,"""NEXBIGTECH INNOVATIONS PRIVATE LIMITED"" Nagpur official website",https://www.zaubacorp.com/company/U62099PN2025PTC244824,zaubacorp.com,ZaubaCorp,DIRECTORY,0,DIRECTORY,SUCCESS,,
69f3500ee4b07cca5797f925,NEXBIGTECH INNOVATIONS PRIVATE LIMITED,Google,"""NEXBIGTECH INNOVATIONS PRIVATE LIMITED"" Nagpur official website",https://tracxn.com/d/legal-entities/india/nexbigtech-innovations-private-limited/__4BvILhfATZqBLq2DdOz62XbhdoBfbrGL84bt8rv6zsU,tracxn.com,Tracxn,DIRECTORY,0,DIRECTORY,SUCCESS,,
69f3500ee4b07cca5797f925,NEXBIGTECH INNOVATIONS PRIVATE LIMITED,Google,"""NEXBIGTECH INNOVATIONS PRIVATE LIMITED"" Nagpur official website",https://nexbigtechinnovationsprivatelimited.com.free/,nexbigtechinnovationsprivatelimited.com.free,Nexbigtech Innovations Private Limited in Pune com.free https://nexbigtechinnovationsprivatelimited.com.free,WEBSITE,85,"STRONG_CANDIDATE|company_name_in_domain,company_name_in_title",SUCCESS,,
69f3500ee4b07cca5797f925,NEXBIGTECH INNOVATIONS PRIVATE LIMITED,Google,"""NEXBIGTECH INNOVATIONS PRIVATE LIMITED"" Nagpur official website","https://nexbigtechinnovationsprivatelimited.com.free/#:~:text=This%20is%20Nexbigtech%20Innovations%20Private,by%20Nexbigtech%20Innovations%20Private%20Limited.&text=B%205%20Gode%20Layout%2C%20Sirul,Nagpur%2C%20Nagpur%2C%20Maharashtra%2C%20India%2C%20441122",nexbigtechinnovationsprivatelimited.com.free,Read more,WEBSITE,55,POSSIBLE_CANDIDATE|company_name_in_domain,SUCCESS,,
69f3500ee4b07cca5797f925,NEXBIGTECH INNOVATIONS PRIVATE LIMITED,Google,"""NEXBIGTECH INNOVATIONS PRIVATE LIMITED"" Nagpur official website",https://tracxn.com/d/legal-entities/india/nexbigtech-innovations-private-limited/__4BvILhfATZqBLq2DdOz62XbhdoBfbrGL84bt8rv6zsU#:~:text=Who%20are%20the%20authorized%20signatories,tracxn.com,Read more,DIRECTORY,0,DIRECTORY,SUCCESS,,
69f3500ee4b07cca5797f925,NEXBIGTECH INNOVATIONS PRIVATE LIMITED,Google,"""NEXBIGTECH INNOVATIONS PRIVATE LIMITED"" Nagpur official website",https://www.sensibook.com/companies/3761534/U62099PN2025PTC244824/NEXBIGTECH-INNOVATIONS-PRIVATE-LIMITED,sensibook.com,NEXBIGTECH INNOVATIONS | Financials & Director Contacts SensiBook https://www.sensibook.com › companies › NEXBIGTE...,WEBSITE,35,POSSIBLE_CANDIDATE|company_name_in_title,SUCCESS,,
69f3500ee4b07cca5797f925,NEXBIGTECH INNOVATIONS PRIVATE LIMITED,Google,"""NEXBIGTECH INNOVATIONS PRIVATE LIMITED"" Nagpur official website",https://www.zaubacorp.com/company-by-address/24-B-LAYOUT-NAGPUR-NAGPUR-MAHARASHTRA-440014-INDIA,zaubacorp.com,Company address search results - 24 B LAYOUT NAGPUR ... ZaubaCorp https://www.zaubacorp.com › company-by-address › 2...,DIRECTORY,0,DIRECTORY,SUCCESS,,
69f3500ee4b07cca5797f925,NEXBIGTECH INNOVATIONS PRIVATE LIMITED,Google,"""NEXBIGTECH INNOVATIONS PRIVATE LIMITED"" Nagpur official website",https://www.zaubacorp.com/company-by-address/24-B-LAYOUT-NAGPUR-NAGPUR-MAHARASHTRA-440014-INDIA#:~:text=Previous,zaubacorp.com,Read more,DIRECTORY,0,DIRECTORY,SUCCESS,,
69f3500ee4b07cca5797f925,NEXBIGTECH INNOVATIONS PRIVATE LIMITED,Google,"""NEXBIGTECH INNOVATIONS PRIVATE LIMITED"" Nagpur official website",https://www.zaubacorp.com/company-by-address/B-2-NIT-LAYOUT-DARSHAN-COLONY-OPPOSITE-KDK-COLLAGE-NAGPUR-NAGPUR-MAHARASHTRA-440009-INDIA,zaubacorp.com,B 2 NIT LAYOUT DARSHAN COLONY OPPOSITE KDK ... ZaubaCorp https://www.zaubacorp.com › company-by-address › B...,DIRECTORY,0,DIRECTORY,SUCCESS,,
69f3500ee4b07cca5797f925,NEXBIGTECH INNOVATIONS PRIVATE LIMITED,Google,"""NEXBIGTECH INNOVATIONS PRIVATE LIMITED"" Nagpur official website",https://www.zaubacorp.com/company-by-address/B-2-NIT-LAYOUT-DARSHAN-COLONY-OPPOSITE-KDK-COLLAGE-NAGPUR-NAGPUR-MAHARASHTRA-440009-INDIA#:~:text=Previous,zaubacorp.com,Read more,DIRECTORY,0,DIRECTORY,SUCCESS,,
69f328c6e4b07cca5797ccef,JERRIX TOYS PRIVATE LIMITED,Google,"""JERRIX TOYS PRIVATE LIMITED"" Nagpur official website",https://tracxn.com/d/legal-entities/india/jerrix-toys-private-limited/__rk-uinA7pp4wgG0cp6ZBiJeUrfrIlOPVuL496sbaSG8,tracxn.com,,DIRECTORY,0,DIRECTORY,SUCCESS,,
69f328c6e4b07cca5797ccef,JERRIX TOYS PRIVATE LIMITED,Google,"""JERRIX TOYS PRIVATE LIMITED"" Nagpur official website",https://www.zaubacorp.com/company-by-address/H-NO-4253-A-34-123-P-NO-94-123-F-NO-101-NAGPUR-NAGPUR-MAHARASHTRA-440022-INDIA,zaubacorp.com,,DIRECTORY,0,DIRECTORY,SUCCESS,,
69f328c6e4b07cca5797ccef,JERRIX TOYS PRIVATE LIMITED,Google,"""JERRIX TOYS PRIVATE LIMITED"" Nagpur official website",https://www.zaubacorp.com/company/U09900MH2024PTC423314,zaubacorp.com,,DIRECTORY,0,DIRECTORY,SUCCESS,,
69f328c6e4b07cca5797ccef,JERRIX TOYS PRIVATE LIMITED,Google,"""JERRIX TOYS PRIVATE LIMITED"" Nagpur official website",https://www.zaubacorp.com/company-by-address/HOUSE-NO-2447-F-33--RAHUL-NGR-NAGPUR-NAGPUR-MAHARASHTRA-440025-INDIA,zaubacorp.com,,DIRECTORY,0,DIRECTORY,SUCCESS,,
69f328c6e4b07cca5797ccef,JERRIX TOYS PRIVATE LIMITED,Google,"""JERRIX TOYS PRIVATE LIMITED"" Nagpur official website",https://tracxn.com/d/legal-entities/india/jerrix-toys-private-limited/__rk-uinA7pp4wgG0cp6ZBiJeUrfrIlOPVuL496sbaSG8#:~:text=Who%20are%20the%20authorized%20signatories,tracxn.com,Read more,DIRECTORY,0,DIRECTORY,SUCCESS,,
69f328c6e4b07cca5797ccef,JERRIX TOYS PRIVATE LIMITED,Google,"""JERRIX TOYS PRIVATE LIMITED"" Nagpur official website",https://www.zaubacorp.com/company-by-address/H--NO--2059-D---SOMALWADA-NAGPUR-NAGPUR-MAHARASHTRA-440025-INDIA,zaubacorp.com,H NO 2059 D SOMALWADA NAGPUR ... ZaubaCorp https://www.zaubacorp.com › company-by-address › H...,DIRECTORY,0,DIRECTORY,SUCCESS,,
69f328c6e4b07cca5797ccef,JERRIX TOYS PRIVATE LIMITED,Google,"""JERRIX TOYS PRIVATE LIMITED"" Nagpur official website",https://www.zaubacorp.com/company-by-address/H--NO--2059-D---SOMALWADA-NAGPUR-NAGPUR-MAHARASHTRA-440025-INDIA#:~:text=Previous,zaubacorp.com,Read more,DIRECTORY,0,DIRECTORY,SUCCESS,,
69f328c6e4b07cca5797ccef,JERRIX TOYS PRIVATE LIMITED,Google,"""JERRIX TOYS PRIVATE LIMITED"" Nagpur official website",https://www.zaubacorp.com/company-by-address/P-NO--23--F-NO--202-URICH-REGENCY-III--BHANGE-VIHAR-NAGPUR-NAGPUR-MAHARASHTRA-440022-INDIA,zaubacorp.com,P NO 23 F NO 202 URICH REGENCY III BHANGE VIHAR ... ZaubaCorp https://www.zaubacorp.com › company-by-address › P-...,DIRECTORY,0,DIRECTORY,SUCCESS,,
69f328c6e4b07cca5797ccef,JERRIX TOYS PRIVATE LIMITED,Google,"""JERRIX TOYS PRIVATE LIMITED"" Nagpur official website",https://www.zaubacorp.com/company-by-address/P-NO--23--F-NO--202-URICH-REGENCY-III--BHANGE-VIHAR-NAGPUR-NAGPUR-MAHARASHTRA-440022-INDIA#:~:text=Previous,zaubacorp.com,Read more,DIRECTORY,0,DIRECTORY,SUCCESS,,
69f328c6e4b07cca5797ccef,JERRIX TOYS PRIVATE LIMITED,Google,"""JERRIX TOYS PRIVATE LIMITED"" Nagpur official website",https://www.zaubacorp.com/company-by-address/P-NO-29--F-NO-101-VAKRATU-PANDE-L-O-KHAMLA-NAGPUR-NAGPUR-NAGPUR-MAHARASHTRA-440025-INDIA,zaubacorp.com,P NO 29 F NO 101 VAKRATU PANDE L O KHAMLA ... ZaubaCorp https://www.zaubacorp.com › company-by-address › P-...,DIRECTORY,0,DIRECTORY,SUCCESS,,
69f23567e4b07cca579752e3,SHIVINFINIUM ENGINEERINGPROJECTS PRIVATE LIMITED,Google,"""SHIVINFINIUM ENGINEERINGPROJECTS PRIVATE LIMITED"" Nagpur official website",https://www.zaubacorp.com/SHIVINFINIUM-ENGINEERINGPROJECTS-PRIVATE-LIMITED-U74909MH2024PTC431951,zaubacorp.com,Zauba Corp,DIRECTORY,0,DIRECTORY,SUCCESS,,
69f23567e4b07cca579752e3,SHIVINFINIUM ENGINEERINGPROJECTS PRIVATE LIMITED,Google,"""SHIVINFINIUM ENGINEERINGPROJECTS PRIVATE LIMITED"" Nagpur official website",https://tracxn.com/d/legal-entities/india/shivinfinium-engineeringprojects-private-limited/__VIw64l_G3p69UEOTBLAuKQb7OBg91UJKIv4NcoXaukA,tracxn.com,Tracxn,DIRECTORY,0,DIRECTORY,SUCCESS,,
69f23567e4b07cca579752e3,SHIVINFINIUM ENGINEERINGPROJECTS PRIVATE LIMITED,Google,"""SHIVINFINIUM ENGINEERINGPROJECTS PRIVATE LIMITED"" Nagpur official website",https://www.zaubacorp.com/company-by-address/PL-NO-35-BODSE-LAYOUT-SACHINAGAR-PO-AYODHYA-NGR-NAGPUR-MAHARASHTRA-INDIA-440024,zaubacorp.com,PL NO 35 BODSE LAYOUT SACHINAGAR PO AYODHYA ... ZaubaCorp https://www.zaubacorp.com › company-by-address › P...,DIRECTORY,0,DIRECTORY,SUCCESS,,
69f23567e4b07cca579752e3,SHIVINFINIUM ENGINEERINGPROJECTS PRIVATE LIMITED,Google,"""SHIVINFINIUM ENGINEERINGPROJECTS PRIVATE LIMITED"" Nagpur official website",https://www.zaubacorp.com/company-by-address/PL-NO-35-BODSE-LAYOUT-SACHINAGAR-PO-AYODHYA-NGR-NAGPUR-MAHARASHTRA-INDIA-440024#:~:text=Previous,zaubacorp.com,Read more,DIRECTORY,0,DIRECTORY,SUCCESS,,
69f23567e4b07cca579752e3,SHIVINFINIUM ENGINEERINGPROJECTS PRIVATE LIMITED,Google,"""SHIVINFINIUM ENGINEERINGPROJECTS PRIVATE LIMITED"" Nagpur official website",https://www.zaubacorp.com/company-by-address/PLOT-NO-73-DARSHAN-COLONY-NAGPUR-NAGPUR-MAHARASHTRA-440024-INDIA,zaubacorp.com,PLOT NO 73 DARSHAN COLONY NAGPUR ... ZaubaCorp https://www.zaubacorp.com › company-by-address › P...,DIRECTORY,0,DIRECTORY,SUCCESS,,
69f23567e4b07cca579752e3,SHIVINFINIUM ENGINEERINGPROJECTS PRIVATE LIMITED,Google,"""SHIVINFINIUM ENGINEERINGPROJECTS PRIVATE LIMITED"" Nagpur official website","https://www.zaubacorp.com/company-by-address/PLOT-NO-73-DARSHAN-COLONY-NAGPUR-NAGPUR-MAHARASHTRA-440024-INDIA#:~:text=Previous&text=Regulatory%20%26%20Government,Zauba%20Corp.%20All%20rights%20reserved.",zaubacorp.com,Read more,DIRECTORY,0,DIRECTORY,SUCCESS,,
69f23567e4b07cca579752e3,SHIVINFINIUM ENGINEERINGPROJECTS PRIVATE LIMITED,Google,"""SHIVINFINIUM ENGINEERINGPROJECTS PRIVATE LIMITED"" Nagpur official website",https://www.zaubacorp.com/company-by-address/BLOCK-G-1--PLOT-NO--143--W-NO-20-NANDANWAN-MAIN-RD-NAGPUR-NAGPUR-MAHARASHTRA-440024-INDIA,zaubacorp.com,BLOCK G 1 PLOT NO 143 W NO 20 NANDANWAN MAIN ... ZaubaCorp https://www.zaubacorp.com › company-by-address › B...,DIRECTORY,0,DIRECTORY,SUCCESS,,
69f23567e4b07cca579752e3,SHIVINFINIUM ENGINEERINGPROJECTS PRIVATE LIMITED,Google,"""SHIVINFINIUM ENGINEERINGPROJECTS PRIVATE LIMITED"" Nagpur official website",https://www.zaubacorp.com/company-by-address/BLOCK-G-1--PLOT-NO--143--W-NO-20-NANDANWAN-MAIN-RD-NAGPUR-NAGPUR-MAHARASHTRA-440024-INDIA#:~:text=Previous,zaubacorp.com,Read more,DIRECTORY,0,DIRECTORY,SUCCESS,,
69f23567e4b07cca579752e3,SHIVINFINIUM ENGINEERINGPROJECTS PRIVATE LIMITED,Google,"""SHIVINFINIUM ENGINEERINGPROJECTS PRIVATE LIMITED"" Nagpur official website",https://www.zaubacorp.com/company-by-address/PLOT-NO--649-NEW-SUBHEDAR-LAYOUT-NAGPUR-NAGPUR-MAHARASHTRA-INDIA-440024,zaubacorp.com,PLOT NO 649 NEW SUBHEDAR LAYOUT NAGPUR ... ZaubaCorp https://www.zaubacorp.com › company-by-address › P...,DIRECTORY,0,DIRECTORY,SUCCESS,,
69f23567e4b07cca579752e3,SHIVINFINIUM ENGINEERINGPROJECTS PRIVATE LIMITED,Google,"""SHIVINFINIUM ENGINEERINGPROJECTS PRIVATE LIMITED"" Nagpur official website","https://www.zaubacorp.com/company-by-address/PLOT-NO--649-NEW-SUBHEDAR-LAYOUT-NAGPUR-NAGPUR-MAHARASHTRA-INDIA-440024#:~:text=Previous&text=Regulatory%20%26%20Government,Zauba%20Corp.%20All%20rights%20reserved.",zaubacorp.com,Read more,DIRECTORY,0,DIRECTORY,SUCCESS,,
69f1e63fe4b07cca57971301,INFRAASSUREX PRIVATE LIMITED,Google,"""INFRAASSUREX PRIVATE LIMITED"" Nagpur official website",https://www.zaubacorp.com/INFRAASSUREX-PRIVATE-LIMITED-U46630ME2026PTC474079,zaubacorp.com,Zauba Corp,DIRECTORY,0,DIRECTORY,SUCCESS,,
69f1e63fe4b07cca57971301,INFRAASSUREX PRIVATE LIMITED,Google,"""INFRAASSUREX PRIVATE LIMITED"" Nagpur official website",https://www.falconebiz.com/company/INFRAASSUREX-PRIVATE-LIMITED-U46630ME2026PTC474079,falconebiz.com,Falcon Ebiz,WEBSITE,5,WEAK_CANDIDATE|,SUCCESS,,
69f1e63fe4b07cca57971301,INFRAASSUREX PRIVATE LIMITED,Google,"""INFRAASSUREX PRIVATE LIMITED"" Nagpur official website",https://www.zaubacorp.com/company-by-address/PLOT-NO-51--GROUND-FLOOR-INDRA-PRASTHA-NAGAR-NAGPUR-NAGPUR-MAHARASHTRA-440022-INDIA,zaubacorp.com,PLOT NO 51 GROUND FLOOR INDRA PRASTHA NAGAR ... ZaubaCorp https://www.zaubacorp.com › company-by-address › P...,DIRECTORY,0,DIRECTORY,SUCCESS,,
69f1e63fe4b07cca57971301,INFRAASSUREX PRIVATE LIMITED,Google,"""INFRAASSUREX PRIVATE LIMITED"" Nagpur official website","https://www.zaubacorp.com/company-by-address/PLOT-NO-51--GROUND-FLOOR-INDRA-PRASTHA-NAGAR-NAGPUR-NAGPUR-MAHARASHTRA-440022-INDIA#:~:text=28%2C%20DEV%20HEIGHTS%2C%2CKOTWAL%20NAGAR%20NAGPUR%2CNagpur%2CNagpur%2CMaharashtra%2C440022%2DIndia,Nagpur%20Maharashtra%20440022%20India&text=Previous",zaubacorp.com,Read more,DIRECTORY,0,DIRECTORY,SUCCESS,,
69f1e63fe4b07cca57971301,INFRAASSUREX PRIVATE LIMITED,Google,"""INFRAASSUREX PRIVATE LIMITED"" Nagpur official website",https://www.zaubacorp.com/company-by-address/A-7-RAMKRUSHNA-NAGAR-NAGPUR-NAGPUR-MAHARASHTRA-440034-INDIA,zaubacorp.com,Companies at address A 7 RAMKRUSHNA NAGAR ... ZaubaCorp https://www.zaubacorp.com › company-by-address › A...,DIRECTORY,0,DIRECTORY,SUCCESS,,
69f1e63fe4b07cca57971301,INFRAASSUREX PRIVATE LIMITED,Google,"""INFRAASSUREX PRIVATE LIMITED"" Nagpur official website","https://www.zaubacorp.com/company-by-address/A-7-RAMKRUSHNA-NAGAR-NAGPUR-NAGPUR-MAHARASHTRA-440034-INDIA#:~:text=Previous&text=Regulatory%20%26%20Government,Copyright%20%C2%A9%202026%20Zauba%20Corp.",zaubacorp.com,Read more,DIRECTORY,0,DIRECTORY,SUCCESS,,
69f1e63fe4b07cca57971301,INFRAASSUREX PRIVATE LIMITED,Google,"""INFRAASSUREX PRIVATE LIMITED"" Nagpur official website",https://www.zaubacorp.com/company-by-address/PLOT-NO-21--IT-PARK--WING---A--FIRST-FLOOR-GAYATRI-NAGAR-----NAGPUR--MAHARASHTRA--INDIA---440022,zaubacorp.com,PLOT NO 21 IT PARK WING A FIRST FLOOR GAYATRI ... ZaubaCorp https://www.zaubacorp.com › company-by-address › P...,DIRECTORY,0,DIRECTORY,SUCCESS,,
69f1e63fe4b07cca57971301,INFRAASSUREX PRIVATE LIMITED,Google,"""INFRAASSUREX PRIVATE LIMITED"" Nagpur official website",https://www.zaubacorp.com/company-by-address/PLOT-NO-21--IT-PARK--WING---A--FIRST-FLOOR-GAYATRI-NAGAR-----NAGPUR--MAHARASHTRA--INDIA---440022#:~:text=Previous,zaubacorp.com,Read more,DIRECTORY,0,DIRECTORY,SUCCESS,,
69f1e63fe4b07cca57971301,INFRAASSUREX PRIVATE LIMITED,Google,"""INFRAASSUREX PRIVATE LIMITED"" Nagpur official website",https://www.zaubacorp.com/company-by-address/659-PAWAN-NAGAR---PV-54-NAGPUR-NAGPUR-MAHARASHTRA-440026-INDIA,zaubacorp.com,Companies at address 659 PAWAN NAGAR PV 54 ... ZaubaCorp https://www.zaubacorp.com › company-by-address › 6...,DIRECTORY,0,DIRECTORY,SUCCESS,,
69f1e63fe4b07cca57971301,INFRAASSUREX PRIVATE LIMITED,Google,"""INFRAASSUREX PRIVATE LIMITED"" Nagpur official website","https://www.zaubacorp.com/company-by-address/659-PAWAN-NAGAR---PV-54-NAGPUR-NAGPUR-MAHARASHTRA-440026-INDIA#:~:text=Previous&text=Regulatory%20%26%20Government,Copyright%20%C2%A9%202026%20Zauba%20Corp.",zaubacorp.com,Read more,DIRECTORY,0,DIRECTORY,SUCCESS,,
69f1a46fe4b07cca5796d8b2,ARKSIMPLIFIQ PRIVATE LIMITED,Google,"""ARKSIMPLIFIQ PRIVATE LIMITED"" Nagpur official website",https://tracxn.com/d/legal-entities/india/arksimplifiq-private-limited/__spx2xup09fCcTstNCEVuGlfrJiFW1ZlTaAL0sBYOaK4,tracxn.com,Tracxn Profile for Arksimplifiq,DIRECTORY,0,DIRECTORY,SUCCESS,,
69f1a46fe4b07cca5796d8b2,ARKSIMPLIFIQ PRIVATE LIMITED,Google,"""ARKSIMPLIFIQ PRIVATE LIMITED"" Nagpur official website",https://www.falconebiz.com/company/ARKSIMPLIFIQ-PRIVATE-LIMITED-U70200MH2025PTC464150,falconebiz.com,FalconeBiz Company Data,WEBSITE,5,WEAK_CANDIDATE|,SUCCESS,,
69f1a46fe4b07cca5796d8b2,ARKSIMPLIFIQ PRIVATE LIMITED,Google,"""ARKSIMPLIFIQ PRIVATE LIMITED"" Nagpur official website",https://tracxn.com/d/legal-entities/india/arksimplifiq-private-limited/__spx2xup09fCcTstNCEVuGlfrJiFW1ZlTaAL0sBYOaK4#:~:text=Who%20are%20the%20authorized%20signatories,tracxn.com,Read more,DIRECTORY,0,DIRECTORY,SUCCESS,,
69f1a46fe4b07cca5796d8b2,ARKSIMPLIFIQ PRIVATE LIMITED,Google,"""ARKSIMPLIFIQ PRIVATE LIMITED"" Nagpur official website",https://www.zaubacorp.com/company-by-address/229-20--BLOCK-1--GOROBA-MAIDAN-GANGABAI-GHAT-ROAD-NAGPUR-NAGPUR-MAHARASHTRA-INDIA-440002,zaubacorp.com,229 20 BLOCK 1 GOROBA MAIDAN GANGABAI GHAT ... ZaubaCorp https://www.zaubacorp.com › company-by-address › 2...,DIRECTORY,0,DIRECTORY,SUCCESS,,
69f1a46fe4b07cca5796d8b2,ARKSIMPLIFIQ PRIVATE LIMITED,Google,"""ARKSIMPLIFIQ PRIVATE LIMITED"" Nagpur official website","https://www.zaubacorp.com/company-by-address/229-20--BLOCK-1--GOROBA-MAIDAN-GANGABAI-GHAT-ROAD-NAGPUR-NAGPUR-MAHARASHTRA-INDIA-440002#:~:text=SHOP%20NO.%201%2C%20CA%20ROAD%2CCHITAROLI%2CNagpur%2CNagpur%2CMaharashtra%2C440002%2DIndia,ARKSIMPLIFIQ%20PRIVATE%20LIMITED",zaubacorp.com,Read more,DIRECTORY,0,DIRECTORY,SUCCESS,,
69f1a46fe4b07cca5796d8b2,ARKSIMPLIFIQ PRIVATE LIMITED,Google,"""ARKSIMPLIFIQ PRIVATE LIMITED"" Nagpur official website","https://www.falconebiz.com/company/ARKSIMPLIFIQ-PRIVATE-LIMITED-U70200MH2025PTC464150#:~:text=2nd%20%26%204th%20Floor%20Gujarwada%2C,Nagpur%2C%20Nagpur%2C%20Maharashtra%2C%20India%2C%20440002.",falconebiz.com,Read more,WEBSITE,5,WEAK_CANDIDATE|,SUCCESS,,
69f1a46fe4b07cca5796d8b2,ARKSIMPLIFIQ PRIVATE LIMITED,Google,"""ARKSIMPLIFIQ PRIVATE LIMITED"" Nagpur official website",https://www.zaubacorp.com/company-by-address/LAT-304-RADHAKRUSHNA-APPT-RUIKAR-ROAD--MAHAL-NAGPUR-NAGPUR-MAHARASHTRA-440002-INDIA,zaubacorp.com,LAT 304 RADHAKRUSHNA APPT RUIKAR ROAD MAHAL ... ZaubaCorp https://www.zaubacorp.com › company-by-address › L...,DIRECTORY,0,DIRECTORY,SUCCESS,,
69f1a46fe4b07cca5796d8b2,ARKSIMPLIFIQ PRIVATE LIMITED,Google,"""ARKSIMPLIFIQ PRIVATE LIMITED"" Nagpur official website","https://www.zaubacorp.com/company-by-address/LAT-304-RADHAKRUSHNA-APPT-RUIKAR-ROAD--MAHAL-NAGPUR-NAGPUR-MAHARASHTRA-440002-INDIA#:~:text=ARKSIMPLIFIQ%20PRIVATE%20LIMITED,MAHAL%2CNagpur%2CNagpur%2CMaharashtra%2C440002%2DIndia%20Nagpur%20Maharashtra%20440002%20India&text=Previous",zaubacorp.com,Read more,DIRECTORY,0,DIRECTORY,SUCCESS,,
69f1a46fe4b07cca5796d8b2,ARKSIMPLIFIQ PRIVATE LIMITED,Google,"""ARKSIMPLIFIQ PRIVATE LIMITED"" Nagpur official website",https://www.zaubacorp.com/company-by-address/912-BEHIND-SMASHAN-GHAT-LALNAGAR-NAGPUR-NAGPUR-MAHARASHTRA-440002-INDIA,zaubacorp.com,912 BEHIND SMASHAN GHAT LALNAGAR NAGPUR ... ZaubaCorp https://www.zaubacorp.com › company-by-address › 9...,DIRECTORY,0,DIRECTORY,SUCCESS,,
69f1a46fe4b07cca5796d8b2,ARKSIMPLIFIQ PRIVATE LIMITED,Google,"""ARKSIMPLIFIQ PRIVATE LIMITED"" Nagpur official website",https://www.zaubacorp.com/company-by-address/912-BEHIND-SMASHAN-GHAT-LALNAGAR-NAGPUR-NAGPUR-MAHARASHTRA-440002-INDIA#:~:text=Previous,zaubacorp.com,Read more,DIRECTORY,0,DIRECTORY,SUCCESS,,
69f1a222e4b07cca5796d6c9,GREEN DRYING SOLUTION LLP,Google,"""GREEN DRYING SOLUTION LLP"" Nagpur official website",https://www.planetexim.net/indian-company/green-drying-solution-llp/llpin/ACU-1427.html,planetexim.net,Details of GREEN DRYING SOLUTION LLP planetexim.net https://www.planetexim.net › llpin › ACU-1427,WEBSITE,35,POSSIBLE_CANDIDATE|company_name_in_title,SUCCESS,,
69f1a222e4b07cca5796d6c9,GREEN DRYING SOLUTION LLP,Google,"""GREEN DRYING SOLUTION LLP"" Nagpur official website",https://www.planetexim.net/indian-company/green-drying-solution-llp/llpin/ACU-1427.html#:~:text=572%2CSURENDRAGAD%20SEMINERY%20HILL%2CKatolroad%2CNagpur%2CNagpur%2CMaharashtra%2CIndia%2C440013,planetexim.net,Read more,WEBSITE,5,WEAK_CANDIDATE|,SUCCESS,,
69f1a222e4b07cca5796d6c9,GREEN DRYING SOLUTION LLP,Google,"""GREEN DRYING SOLUTION LLP"" Nagpur official website",https://www.falconebiz.com/LLP/GREEN-DRYING-SOLUTION-LLP-ACU-1427,falconebiz.com,Ministry of Corporate Affairs via RoC Nagpur,WEBSITE,5,WEAK_CANDIDATE|,SUCCESS,,
69f1a222e4b07cca5796d6c9,GREEN DRYING SOLUTION LLP,Google,"""GREEN DRYING SOLUTION LLP"" Nagpur official website",https://www.zaubacorp.com/company-by-address/572-E-188-BUDDH-VIHAR-GANDHI-NAGR-SURENDRGARH-NAGPUR-NAGPUR-MAHARASHTRA-440013-INDIA,zaubacorp.com,Companies at address 572 E 188 BUDDH VIHAR GANDHI ... ZaubaCorp https://www.zaubacorp.com › company-by-address › 5...,DIRECTORY,0,DIRECTORY,SUCCESS,,
69f1a222e4b07cca5796d6c9,GREEN DRYING SOLUTION LLP,Google,"""GREEN DRYING SOLUTION LLP"" Nagpur official website","https://www.zaubacorp.com/company-by-address/572-E-188-BUDDH-VIHAR-GANDHI-NAGR-SURENDRGARH-NAGPUR-NAGPUR-MAHARASHTRA-440013-INDIA#:~:text=40%2FB%20GANDHI%20LAYOUT%2CNagpur%2CNagpur%2CMaharashtra%2CIndia%2D440013%20Nagpur%20Maharashtra,HILL%2CNagpur%2CNagpur%2CMaharashtra%2CIndia%2D440013%20Nagpur%20Maharashtra%20440013%20India",zaubacorp.com,Read more,DIRECTORY,0,DIRECTORY,SUCCESS,,
69f1a222e4b07cca5796d6c9,GREEN DRYING SOLUTION LLP,Google,"""GREEN DRYING SOLUTION LLP"" Nagpur official website",https://www.zaubacorp.com/company-by-address/RETD-PROFESSOR-POLE-NO386-HOUSE-NO--645--CHHAONI--NAGPUR-NAGPUR-MAHARASHTRA-440013-INDIA,zaubacorp.com,RETD PROFESSOR POLE NO386 HOUSE NO 645 ... ZaubaCorp https://www.zaubacorp.com › company-by-address › R...,DIRECTORY,0,DIRECTORY,SUCCESS,,
69f1a222e4b07cca5796d6c9,GREEN DRYING SOLUTION LLP,Google,"""GREEN DRYING SOLUTION LLP"" Nagpur official website","https://www.zaubacorp.com/company-by-address/RETD-PROFESSOR-POLE-NO386-HOUSE-NO--645--CHHAONI--NAGPUR-NAGPUR-MAHARASHTRA-440013-INDIA#:~:text=473%2CGittikhadan%20Chowk%2CNagpur%2CNagpur%2CMaharashtra%2C440013%2DIndia%20Nagpur%20Maharashtra%20440013,HILL%2CNagpur%2CNagpur%2CMaharashtra%2CIndia%2D440013%20Nagpur%20Maharashtra%20440013%20India",zaubacorp.com,Read more,DIRECTORY,0,DIRECTORY,SUCCESS,,
69f1a222e4b07cca5796d6c9,GREEN DRYING SOLUTION LLP,Google,"""GREEN DRYING SOLUTION LLP"" Nagpur official website",https://www.zaubacorp.com/company-by-address/RAMKRIPA-81-82-3-RAJNAGAR-KATOLROAD------NAGPUR--MAHARASHTRA--INDIA---440013,zaubacorp.com,RAMKRIPA 81 82 3 RAJNAGAR KATOLROAD NAGPUR ... ZaubaCorp https://www.zaubacorp.com › company-by-address › R...,DIRECTORY,0,DIRECTORY,SUCCESS,,
69f1a222e4b07cca5796d6c9,GREEN DRYING SOLUTION LLP,Google,"""GREEN DRYING SOLUTION LLP"" Nagpur official website",https://www.zaubacorp.com/company-by-address/RAMKRIPA-81-82-3-RAJNAGAR-KATOLROAD------NAGPUR--MAHARASHTRA--INDIA---440013#:~:text=Previous,zaubacorp.com,Read more,DIRECTORY,0,DIRECTORY,SUCCESS,,
69f1a222e4b07cca5796d6c9,GREEN DRYING SOLUTION LLP,Google,"""GREEN DRYING SOLUTION LLP"" Nagpur official website",https://www.zaubacorp.com/company-by-address/H-NO-572-E-14-L-SURENDRAGADH-SEMINARY-HIK-----NAGPUR--MAHARASHTRA--INDIA---440013,zaubacorp.com,H NO 572 E 14 L SURENDRAGADH SEMINARY HIK NAGPUR ... ZaubaCorp https://www.zaubacorp.com › company-by-address › H...,DIRECTORY,0,DIRECTORY,SUCCESS,,
69f0a170e4b07cca5796936c,ASHRASPIRU BIOTECH PRIVATE LIMITED,Google,"""ASHRASPIRU BIOTECH PRIVATE LIMITED"" Nagpur official website",https://tracxn.com/d/legal-entities/india/ashraspiru-biotech-private-limited/__r9C-tcT-7ZpVjpzKM4wxVCb8cwj16kAkBWR_k7DgRHw,tracxn.com,Tracxn,DIRECTORY,0,DIRECTORY,SUCCESS,,
69f0a170e4b07cca5796936c,ASHRASPIRU BIOTECH PRIVATE LIMITED,Google,"""ASHRASPIRU BIOTECH PRIVATE LIMITED"" Nagpur official website",https://tracxn.com/d/legal-entities/india/ashraspiru-biotech-private-limited/__r9C-tcT-7ZpVjpzKM4wxVCb8cwj16kAkBWR_k7DgRHw#:~:text=Who%20are%20the%20authorized%20signatories,tracxn.com,Read more,DIRECTORY,0,DIRECTORY,SUCCESS,,
69f0a170e4b07cca5796936c,ASHRASPIRU BIOTECH PRIVATE LIMITED,Google,"""ASHRASPIRU BIOTECH PRIVATE LIMITED"" Nagpur official website",https://www.falconebiz.com/company/ASHRASPIRU-BIOTECH-PRIVATE-LIMITED-U03213ME2026PTC474301,falconebiz.com,ASHRASPIRU BIOTECH PRIVATE LIMITED HAVING CIN ... Falcon Ebiz Pvt Ltd https://www.falconebiz.com › ... › NAGPUR › 440018,WEBSITE,35,POSSIBLE_CANDIDATE|company_name_in_title,SUCCESS,,
69f0a170e4b07cca5796936c,ASHRASPIRU BIOTECH PRIVATE LIMITED,Google,"""ASHRASPIRU BIOTECH PRIVATE LIMITED"" Nagpur official website","https://www.falconebiz.com/company/ASHRASPIRU-BIOTECH-PRIVATE-LIMITED-U03213ME2026PTC474301#:~:text=565%20Nal%20Sahab%20Road%2C%20Kasabpura,Nagpur%2C%20Nagpur%2C%20Maharashtra%2C%20India%2C%20440018.",falconebiz.com,Read more,WEBSITE,5,WEAK_CANDIDATE|,SUCCESS,,
69f0a170e4b07cca5796936c,ASHRASPIRU BIOTECH PRIVATE LIMITED,Google,"""ASHRASPIRU BIOTECH PRIVATE LIMITED"" Nagpur official website",https://www.zaubacorp.com/company-by-address/9-IMAMBARA-ROAD-----NAGPUR--MAHARASHTRA--INDIA---440018,zaubacorp.com,9 IMAMBARA ROAD NAGPUR MAHARASHTRA INDIA ... ZaubaCorp https://www.zaubacorp.com › company-by-address › 9-...,DIRECTORY,0,DIRECTORY,SUCCESS,,
69f0a170e4b07cca5796936c,ASHRASPIRU BIOTECH PRIVATE LIMITED,Google,"""ASHRASPIRU BIOTECH PRIVATE LIMITED"" Nagpur official website","https://www.zaubacorp.com/company-by-address/9-IMAMBARA-ROAD-----NAGPUR--MAHARASHTRA--INDIA---440018#:~:text=Previous&text=Regulatory%20%26%20Government,Copyright%20%C2%A9%202026%20Zauba%20Corp.",zaubacorp.com,Read more,DIRECTORY,0,DIRECTORY,SUCCESS,,
69f0a170e4b07cca5796936c,ASHRASPIRU BIOTECH PRIVATE LIMITED,Google,"""ASHRASPIRU BIOTECH PRIVATE LIMITED"" Nagpur official website",https://compfilings.com/company/ASHRASPIRU-BIOTECH-PRIVATE-LIMITED-U03213ME2026PTC474301,compfilings.com,ASHRASPIRU BIOTECH PRIVATE LIMITED | CompFilings ... compfilings.com https://compfilings.com › Companies,WEBSITE,35,POSSIBLE_CANDIDATE|company_name_in_title,SUCCESS,,
69f0a170e4b07cca5796936c,ASHRASPIRU BIOTECH PRIVATE LIMITED,Google,"""ASHRASPIRU BIOTECH PRIVATE LIMITED"" Nagpur official website",https://www.zaubacorp.com/company-by-address/PLOT-NO--19--2ND-FLOOR--H-NO--1256-GREAT-NAG-ROAD-NAGPUR-NAGPUR-MAHARASHTRA-440018-INDIA,zaubacorp.com,PLOT NO 19 2ND FLOOR H NO 1256 GREAT NAG ROAD ... ZaubaCorp https://www.zaubacorp.com › company-by-address › P...,DIRECTORY,0,DIRECTORY,SUCCESS,,
69f0a170e4b07cca5796936c,ASHRASPIRU BIOTECH PRIVATE LIMITED,Google,"""ASHRASPIRU BIOTECH PRIVATE LIMITED"" Nagpur official website",https://www.zaubacorp.com/company-by-address/PLOT-NO--19--2ND-FLOOR--H-NO--1256-GREAT-NAG-ROAD-NAGPUR-NAGPUR-MAHARASHTRA-440018-INDIA#:~:text=Previous,zaubacorp.com,Read more,DIRECTORY,0,DIRECTORY,SUCCESS,,
69f0a170e4b07cca5796936c,ASHRASPIRU BIOTECH PRIVATE LIMITED,Google,"""ASHRASPIRU BIOTECH PRIVATE LIMITED"" Nagpur official website",https://www.zaubacorp.com/company-by-address/H--NO--536--HANSAPURI-NEAR-HANUMAN-MANDIR-NAGPUR-NAGPUR-MAHARASHTRA-440018-INDIA,zaubacorp.com,H NO 536 HANSAPURI NEAR HANUMAN MANDIR ... ZaubaCorp https://www.zaubacorp.com › company-by-address › H...,DIRECTORY,0,DIRECTORY,SUCCESS,,
69f06a04e4b07cca57966951,KAMALGANGA VENTURES PRIVATE LIMITED,Google,"""KAMALGANGA VENTURES PRIVATE LIMITED"" Nagpur official website",https://www.falconebiz.com/company/KAMALGANGA-VENTURES-PRIVATE-LIMITED-U85499MH2025PTC460263,falconebiz.com,Falcon Ebiz,WEBSITE,5,WEAK_CANDIDATE|,SUCCESS,,
69f06a04e4b07cca57966951,KAMALGANGA VENTURES PRIVATE LIMITED,Google,"""KAMALGANGA VENTURES PRIVATE LIMITED"" Nagpur official website",https://www.planetexim.net/indian-company/kamalganga-ventures-private-limited/cin/U85499MH2025PTC460263.html,planetexim.net,Planet Exim,WEBSITE,5,WEAK_CANDIDATE|,SUCCESS,,
69f06a04e4b07cca57966951,KAMALGANGA VENTURES PRIVATE LIMITED,Google,"""KAMALGANGA VENTURES PRIVATE LIMITED"" Nagpur official website",https://www.zaubacorp.com/company-by-address/572-E-188-BUDDH-VIHAR-GANDHI-NAGR-SURENDRGARH-NAGPUR-NAGPUR-MAHARASHTRA-440013-INDIA,zaubacorp.com,,DIRECTORY,0,DIRECTORY,SUCCESS,,
69f06a04e4b07cca57966951,KAMALGANGA VENTURES PRIVATE LIMITED,Google,"""KAMALGANGA VENTURES PRIVATE LIMITED"" Nagpur official website",https://www.zaubacorp.com/company-by-address/RAMKRIPA-81-82-3-RAJNAGAR-KATOLROAD------NAGPUR--MAHARASHTRA--INDIA---440013,zaubacorp.com,RAMKRIPA 81 82 3 RAJNAGAR KATOLROAD NAGPUR ... ZaubaCorp https://www.zaubacorp.com › company-by-address › R...,DIRECTORY,0,DIRECTORY,SUCCESS,,
69f06a04e4b07cca57966951,KAMALGANGA VENTURES PRIVATE LIMITED,Google,"""KAMALGANGA VENTURES PRIVATE LIMITED"" Nagpur official website","https://www.zaubacorp.com/company-by-address/RAMKRIPA-81-82-3-RAJNAGAR-KATOLROAD------NAGPUR--MAHARASHTRA--INDIA---440013#:~:text=Achraj%20Retreat%2C%20B11%2F12%2C%2CNear%20Nelson%20Square%2C,Flat%20No.%20201",zaubacorp.com,Read more,DIRECTORY,0,DIRECTORY,SUCCESS,,
69f06a04e4b07cca57966951,KAMALGANGA VENTURES PRIVATE LIMITED,Google,"""KAMALGANGA VENTURES PRIVATE LIMITED"" Nagpur official website",https://www.zaubacorp.com/company-by-address/FLAT-NO--301-SHAGUN-APPT--K-T--NAGPUR-NAGPUR-NAGPUR-MAHARASHTRA-INDIA-440013,zaubacorp.com,FLAT NO 301 SHAGUN APPT K T NAGPUR ... ZaubaCorp https://www.zaubacorp.com › company-by-address › F...,DIRECTORY,0,DIRECTORY,SUCCESS,,
69f06a04e4b07cca57966951,KAMALGANGA VENTURES PRIVATE LIMITED,Google,"""KAMALGANGA VENTURES PRIVATE LIMITED"" Nagpur official website","https://www.zaubacorp.com/company-by-address/FLAT-NO--301-SHAGUN-APPT--K-T--NAGPUR-NAGPUR-NAGPUR-MAHARASHTRA-INDIA-440013#:~:text=Previous&text=Regulatory%20%26%20Government,Copyright%20%C2%A9%202026%20Zauba%20Corp.",zaubacorp.com,Read more,DIRECTORY,0,DIRECTORY,SUCCESS,,
69f06a04e4b07cca57966951,KAMALGANGA VENTURES PRIVATE LIMITED,Google,"""KAMALGANGA VENTURES PRIVATE LIMITED"" Nagpur official website",https://www.zaubacorp.com/company-by-address/572-E-188-BUDDH-VIHAR-GANDHI-NAGR-SURENDRGARH-NAGPUR-NAGPUR-MAHARASHTRA-440013-INDIA#:~:text=Previous,zaubacorp.com,Read more,DIRECTORY,0,DIRECTORY,SUCCESS,,
69f06a04e4b07cca57966951,KAMALGANGA VENTURES PRIVATE LIMITED,Google,"""KAMALGANGA VENTURES PRIVATE LIMITED"" Nagpur official website",https://www.zaubacorp.com/company-by-address/FLAT-NO--201--D-28---SBI-COLONY--RAJNAGAR-RIH-NAGPUR-NAGPUR-MAHARASHTRA-440013-INDIA,zaubacorp.com,FLAT NO 201 D 28 SBI COLONY RAJNAGAR RIH ... ZaubaCorp https://www.zaubacorp.com › company-by-address › F...,DIRECTORY,0,DIRECTORY,SUCCESS,,
69f06a04e4b07cca57966951,KAMALGANGA VENTURES PRIVATE LIMITED,Google,"""KAMALGANGA VENTURES PRIVATE LIMITED"" Nagpur official website","https://www.zaubacorp.com/company-by-address/FLAT-NO--201--D-28---SBI-COLONY--RAJNAGAR-RIH-NAGPUR-NAGPUR-MAHARASHTRA-440013-INDIA#:~:text=Companies%20at%20address%20FLAT%20NO,NAGPUR%20NAGPUR%20MAHARASHTRA%20440013%20INDIA&text=KAMALGANGA%20VENTURES%20PRIVATE%20LIMITED",zaubacorp.com,Read more,DIRECTORY,0,DIRECTORY,SUCCESS,,
69ef26dae4b07cca5795e133,KINFINITEE DIGITEC PRIVATE LIMITED,Google,"""KINFINITEE DIGITEC PRIVATE LIMITED"" Nagpur official website",https://www.falconebiz.com/company/KINFINITEE-DIGITEC-PRIVATE-LIMITED-U62011ME2026PTC474177,falconebiz.com,kinfinitee digitec private limited / u62011me2026ptc474177 Falcon Ebiz Pvt Ltd https://www.falconebiz.com › ... › NAGPUR › 440022,WEBSITE,35,POSSIBLE_CANDIDATE|company_name_in_title,SUCCESS,,
69ef26dae4b07cca5795e133,KINFINITEE DIGITEC PRIVATE LIMITED,Google,"""KINFINITEE DIGITEC PRIVATE LIMITED"" Nagpur official website",https://www.zaubacorp.com/company-by-address/PLOT-NO-21--IT-PARK--WING---A--FIRST-FLOOR-GAYATRI-NAGAR-----NAGPUR--MAHARASHTRA--INDIA---440022,zaubacorp.com,PLOT NO 21 IT PARK WING A FIRST FLOOR GAYATRI ... ZaubaCorp https://www.zaubacorp.com › company-by-address › P...,DIRECTORY,0,DIRECTORY,SUCCESS,,
69ef26dae4b07cca5795e133,KINFINITEE DIGITEC PRIVATE LIMITED,Google,"""KINFINITEE DIGITEC PRIVATE LIMITED"" Nagpur official website","https://www.zaubacorp.com/company-by-address/PLOT-NO-21--IT-PARK--WING---A--FIRST-FLOOR-GAYATRI-NAGAR-----NAGPUR--MAHARASHTRA--INDIA---440022#:~:text=KINFINITEE%20DIGITEC%20PRIVATE%20LIMITED,ROAD%2CNagpur%2CNagpur%2CMaharashtra%2C440022%2DIndia%20Nagpur%20Maharashtra%20440022%20India&text=Previous",zaubacorp.com,Read more,DIRECTORY,0,DIRECTORY,SUCCESS,,
69ef26dae4b07cca5795e133,KINFINITEE DIGITEC PRIVATE LIMITED,Google,"""KINFINITEE DIGITEC PRIVATE LIMITED"" Nagpur official website",https://www.zaubacorp.com/company-by-address/PLOT-NO--21--IT-PARK--MIDC-PARSODI-GAYATRI-NAGAR-----NAGPUR--MAHARASHTRA--INDIA---440022,zaubacorp.com,PLOT NO 21 IT PARK MIDC PARSODI GAYATRI NAGAR ... ZaubaCorp https://www.zaubacorp.com › company-by-address › P...,DIRECTORY,0,DIRECTORY,SUCCESS,,
69ef26dae4b07cca5795e133,KINFINITEE DIGITEC PRIVATE LIMITED,Google,"""KINFINITEE DIGITEC PRIVATE LIMITED"" Nagpur official website","https://www.zaubacorp.com/company-by-address/PLOT-NO--21--IT-PARK--MIDC-PARSODI-GAYATRI-NAGAR-----NAGPUR--MAHARASHTRA--INDIA---440022#:~:text=KINFINITEE%20DIGITEC%20PRIVATE%20LIMITED,ROAD%2CNagpur%2CNagpur%2CMaharashtra%2C440022%2DIndia%20Nagpur%20Maharashtra%20440022%20India&text=Previous",zaubacorp.com,Read more,DIRECTORY,0,DIRECTORY,SUCCESS,,
69ef26dae4b07cca5795e133,KINFINITEE DIGITEC PRIVATE LIMITED,Google,"""KINFINITEE DIGITEC PRIVATE LIMITED"" Nagpur official website",https://www.zaubacorp.com/company-by-address/829-A-129-19-BHANDARA-ROAD-NAGPUR-NAGPUR-MAHARASHTRA-INDIA-440035,zaubacorp.com,829 A 129 19 BHANDARA ROAD NAGPUR ... ZaubaCorp https://www.zaubacorp.com › company-by-address › 8...,DIRECTORY,0,DIRECTORY,SUCCESS,,
69ef26dae4b07cca5795e133,KINFINITEE DIGITEC PRIVATE LIMITED,Google,"""KINFINITEE DIGITEC PRIVATE LIMITED"" Nagpur official website","https://www.zaubacorp.com/company-by-address/829-A-129-19-BHANDARA-ROAD-NAGPUR-NAGPUR-MAHARASHTRA-INDIA-440035#:~:text=Previous&text=Regulatory%20%26%20Government,Copyright%20%C2%A9%202026%20Zauba%20Corp.",zaubacorp.com,Read more,DIRECTORY,0,DIRECTORY,SUCCESS,,
69ef26dae4b07cca5795e133,KINFINITEE DIGITEC PRIVATE LIMITED,Google,"""KINFINITEE DIGITEC PRIVATE LIMITED"" Nagpur official website",https://www.zaubacorp.com/company-by-address/PLOT-NO-51--GROUND-FLOOR-INDRA-PRASTHA-NAGAR-NAGPUR-NAGPUR-MAHARASHTRA-440022-INDIA,zaubacorp.com,PLOT NO 51 GROUND FLOOR INDRA PRASTHA NAGAR ... ZaubaCorp https://www.zaubacorp.com › company-by-address › P...,DIRECTORY,0,DIRECTORY,SUCCESS,,
69ef26dae4b07cca5795e133,KINFINITEE DIGITEC PRIVATE LIMITED,Google,"""KINFINITEE DIGITEC PRIVATE LIMITED"" Nagpur official website","https://www.zaubacorp.com/company-by-address/PLOT-NO-51--GROUND-FLOOR-INDRA-PRASTHA-NAGAR-NAGPUR-NAGPUR-MAHARASHTRA-440022-INDIA#:~:text=28%2C%20DEV%20HEIGHTS%2C%2CKOTWAL%20NAGAR%20NAGPUR%2CNagpur%2CNagpur%2CMaharashtra%2C440022%2DIndia,Nagpur%20Maharashtra%20440022%20India&text=Previous",zaubacorp.com,Read more,DIRECTORY,0,DIRECTORY,SUCCESS,,
69ef26dae4b07cca5795e133,KINFINITEE DIGITEC PRIVATE LIMITED,Google,"""KINFINITEE DIGITEC PRIVATE LIMITED"" Nagpur official website",https://www.zaubacorp.com/company-by-address/PLOT-NO-28--IT-PARK--OPP-GAYATRI-MANDIR-BUS-STOP--PARSODI-----NAGPUR--MAHARASHTRA--INDIA---440022,zaubacorp.com,PLOT NO 28 IT PARK OPP GAYATRI MANDIR BUS STOP ... ZaubaCorp https://www.zaubacorp.com › company-by-address › P...,DIRECTORY,0,DIRECTORY,SUCCESS,,
69ea5649e4b07cca579484ae,KALBENDE WELFARE FOUNDATION,Google,"""KALBENDE WELFARE FOUNDATION"" Nagpur official website",https://kwf.org.in/,kwf.org.in,Kalbende Welfare Foundation | Serving Humanity ... kwf.org.in https://kwf.org.in,WEBSITE,30,POSSIBLE_CANDIDATE|company_name_in_title,SUCCESS,,
69ea5649e4b07cca579484ae,KALBENDE WELFARE FOUNDATION,Google,"""KALBENDE WELFARE FOUNDATION"" Nagpur official website","https://kwf.org.in/#:~:text=Kalbende%20Welfare%20Foundation%20is%20committed,elderly%20welfare%2C%20and%20environmental%20awareness.",kwf.org.in,Read more,WEBSITE,0,WEAK_CANDIDATE|,SUCCESS,,
69ea5649e4b07cca579484ae,KALBENDE WELFARE FOUNDATION,Google,"""KALBENDE WELFARE FOUNDATION"" Nagpur official website",https://kwf.org.in/donate-us/,kwf.org.in,,WEBSITE,0,WEAK_CANDIDATE|,SUCCESS,,
69ea5649e4b07cca579484ae,KALBENDE WELFARE FOUNDATION,Google,"""KALBENDE WELFARE FOUNDATION"" Nagpur official website",https://tracxn.com/d/legal-entities/india/kalbende-welfare-foundation/__5iZyt6nyJzDwcuFyzTZ_s8McG43YYJ0G4Rh6C9O91Sw,tracxn.com,,DIRECTORY,0,DIRECTORY,SUCCESS,,
69ea5649e4b07cca579484ae,KALBENDE WELFARE FOUNDATION,Google,"""KALBENDE WELFARE FOUNDATION"" Nagpur official website","https://kwf.org.in/donate-us/#:~:text=Kalbende%20Welfare%20Foundation%20is%20a,communities%20across%20Nagpur%20district%2C%20Maharashtra.&text=%402026%20Kalbende%20Welfare%20Foundation%20%7C,Design%20%26%20Development%20By%20Bigpage",kwf.org.in,Read more,WEBSITE,0,WEAK_CANDIDATE|,SUCCESS,,
69ea5649e4b07cca579484ae,KALBENDE WELFARE FOUNDATION,Google,"""KALBENDE WELFARE FOUNDATION"" Nagpur official website",https://tracxn.com/d/legal-entities/india/kalbende-welfare-foundation/__5iZyt6nyJzDwcuFyzTZ_s8McG43YYJ0G4Rh6C9O91Sw#:~:text=Explore%20our%20recently%20published%20Legal,tracxn.com,Read more,DIRECTORY,0,DIRECTORY,SUCCESS,,
69ea5649e4b07cca579484ae,KALBENDE WELFARE FOUNDATION,Google,"""KALBENDE WELFARE FOUNDATION"" Nagpur official website",https://www.zaubacorp.com/KALBENDE-WELFARE-FOUNDATION-U88900MH2024NPL433659,zaubacorp.com,KALBENDE WELFARE FOUNDATION ZaubaCorp https://www.zaubacorp.com › KALBENDE-WELFARE...,DIRECTORY,0,DIRECTORY,SUCCESS,,
69ea5649e4b07cca579484ae,KALBENDE WELFARE FOUNDATION,Google,"""KALBENDE WELFARE FOUNDATION"" Nagpur official website",https://www.falconebiz.com/company/KALBENDE-WELFARE-FOUNDATION-U88900MH2024NPL433659,falconebiz.com,kalbende welfare foundation / u88900mh2024npl433659 Falcon Ebiz Pvt Ltd https://www.falconebiz.com › ... › NAGPUR › 440034,WEBSITE,35,POSSIBLE_CANDIDATE|company_name_in_title,SUCCESS,,
69ea5649e4b07cca579484ae,KALBENDE WELFARE FOUNDATION,Google,"""KALBENDE WELFARE FOUNDATION"" Nagpur official website","https://www.falconebiz.com/company/KALBENDE-WELFARE-FOUNDATION-U88900MH2024NPL433659#:~:text=KALBENDE%20WELFARE%20FOUNDATION%20having%20CIN,MCA%20on%2016th%20October%2C%202024.",falconebiz.com,Read more,WEBSITE,5,WEAK_CANDIDATE|,SUCCESS,,
69ea5649e4b07cca579484ae,KALBENDE WELFARE FOUNDATION,Google,"""KALBENDE WELFARE FOUNDATION"" Nagpur official website",https://www.filesure.in/company/khkbachat-nidhi-limited/U64990MH2023PLN405169?tab=about,filesure.in,"Khkbachat Nidhi Limited - Company, Directors, Charges ... FileSure https://www.filesure.in › company › khkbachat-nidhi-li...",WEBSITE,5,WEAK_CANDIDATE|,SUCCESS,,
69e21907e4b03a7d725623b9,CONSTRUCT CRAZE INFRA AND SOLAR PRIVATE LIMITED,Google,"""CONSTRUCT CRAZE INFRA AND SOLAR PRIVATE LIMITED"" Nagpur official website",https://www.zaubacorp.com/X-N-Y-CLINICS-LLP-ACU-3856,zaubacorp.com,,DIRECTORY,0,DIRECTORY,SUCCESS,,
69e21907e4b03a7d725623b9,CONSTRUCT CRAZE INFRA AND SOLAR PRIVATE LIMITED,Google,"""CONSTRUCT CRAZE INFRA AND SOLAR PRIVATE LIMITED"" Nagpur official website",https://www.planetexim.net/indian-company/construct-craze-infra-and-solar-private-limited/cin/U43222MH2025PTC454125.html,planetexim.net,,WEBSITE,5,WEAK_CANDIDATE|,SUCCESS,,
69e21907e4b03a7d725623b9,CONSTRUCT CRAZE INFRA AND SOLAR PRIVATE LIMITED,Google,"""CONSTRUCT CRAZE INFRA AND SOLAR PRIVATE LIMITED"" Nagpur official website",https://tracxn.com/d/legal-entities/india/construct-craze-infra-and-solar-private-limited/__4JVN-PD9LuP8dP_OTQ3Jm5RiyedHx45KJjfuuGcc-30,tracxn.com,Construct Craze Infra And Solar Private Limited - Company Profile Tracxn https://tracxn.com › Discover › Legal Entities › India,DIRECTORY,0,DIRECTORY,SUCCESS,,
69e21907e4b03a7d725623b9,CONSTRUCT CRAZE INFRA AND SOLAR PRIVATE LIMITED,Google,"""CONSTRUCT CRAZE INFRA AND SOLAR PRIVATE LIMITED"" Nagpur official website","https://www.planetexim.net/indian-company/construct-craze-infra-and-solar-private-limited/cin/U43222MH2025PTC454125.html#:~:text=Company%20Name,INFRA%20AND%20SOLAR%20PRIVATE%20LIMITED&text=Date%20of%20Incorporation,10%20August%202025&text=Activity,SPECIALIZED%20CONSTRUCTION%20ACTIVITIES&text=Company%20Status",planetexim.net,Read more,WEBSITE,5,WEAK_CANDIDATE|,SUCCESS,,
69e21907e4b03a7d725623b9,CONSTRUCT CRAZE INFRA AND SOLAR PRIVATE LIMITED,Google,"""CONSTRUCT CRAZE INFRA AND SOLAR PRIVATE LIMITED"" Nagpur official website",https://www.falconebiz.com/company/CONSTRUCT-CRAZE-INFRA-AND-SOLAR-PRIVATE-LIMITED-U43222MH2025PTC454125,falconebiz.com,construct craze infra and solar private limited ... Falcon Ebiz Pvt Ltd https://www.falconebiz.com › ... › NAGPUR › 440037,WEBSITE,35,POSSIBLE_CANDIDATE|company_name_in_title,SUCCESS,,
69e21907e4b03a7d725623b9,CONSTRUCT CRAZE INFRA AND SOLAR PRIVATE LIMITED,Google,"""CONSTRUCT CRAZE INFRA AND SOLAR PRIVATE LIMITED"" Nagpur official website","https://www.falconebiz.com/company/CONSTRUCT-CRAZE-INFRA-AND-SOLAR-PRIVATE-LIMITED-U43222MH2025PTC454125#:~:text=CONSTRUCT%20CRAZE%20INFRA%20AND%20SOLAR,Nagpur%2C%20Nagpur%2C%20Maharashtra%2C%20India%2C%20440037",falconebiz.com,Read more,WEBSITE,5,WEAK_CANDIDATE|,SUCCESS,,
69e21907e4b03a7d725623b9,CONSTRUCT CRAZE INFRA AND SOLAR PRIVATE LIMITED,Google,"""CONSTRUCT CRAZE INFRA AND SOLAR PRIVATE LIMITED"" Nagpur official website",https://www.constructcrazeinfra.com/,constructcrazeinfra.com,Website,WEBSITE,65,STRONG_CANDIDATE|company_name_in_domain,SUCCESS,,
69e216c2e4b03a7d72562241,RANISATI RESOURCE PRIVATE LIMITED,Google,"""RANISATI RESOURCE PRIVATE LIMITED"" Nagpur official website",https://www.instafinancials.com/company/ranisati-resource-private-limited-U20119MH2025PTC441497,instafinancials.com,,DIRECTORY,0,DIRECTORY,SUCCESS,,
69e216c2e4b03a7d72562241,RANISATI RESOURCE PRIVATE LIMITED,Google,"""RANISATI RESOURCE PRIVATE LIMITED"" Nagpur official website",https://www.zaubacorp.com/RANISATI-RESOURCE-PRIVATE-LIMITED-U20119MH2025PTC441497,zaubacorp.com,ZaubaCorp,DIRECTORY,0,DIRECTORY,SUCCESS,,
69e216c2e4b03a7d72562241,RANISATI RESOURCE PRIVATE LIMITED,Google,"""RANISATI RESOURCE PRIVATE LIMITED"" Nagpur official website",https://www.falconebiz.com/company/RANISATI-RESOURCE-PRIVATE-LIMITED-U20119MH2025PTC441497,falconebiz.com,FalconeBiz,WEBSITE,5,WEAK_CANDIDATE|,SUCCESS,,
69e216c2e4b03a7d72562241,RANISATI RESOURCE PRIVATE LIMITED,Google,"""RANISATI RESOURCE PRIVATE LIMITED"" Nagpur official website","https://www.instafinancials.com/company/ranisati-resource-private-limited-U20119MH2025PTC441497#:~:text=RANISATI%20RESOURCE%20PRIVATE%20LIMITED%20is,of%20the%20company%20is%20Active.",instafinancials.com,Read more,DIRECTORY,0,DIRECTORY,SUCCESS,,
69e216c2e4b03a7d72562241,RANISATI RESOURCE PRIVATE LIMITED,Google,"""RANISATI RESOURCE PRIVATE LIMITED"" Nagpur official website","https://www.falconebiz.com/company/RANISATI-RESOURCE-PRIVATE-LIMITED-U20119MH2025PTC441497#:~:text=RANISATI%20RESOURCE%20PRIVATE%20LIMITED%20having,MCA%20on%2028th%20February%2C%202025.",falconebiz.com,Read more,WEBSITE,5,WEAK_CANDIDATE|,SUCCESS,,
69e216c2e4b03a7d72562241,RANISATI RESOURCE PRIVATE LIMITED,Google,"""RANISATI RESOURCE PRIVATE LIMITED"" Nagpur official website",https://www.zaubacorp.com/company-by-address/SECOND-FLOOR--VITTHAL-RUKHMINI-APARTMENT-LAXMI-NAGAR-----NAGPUR--MAHARASHTRA--INDIA---440010,zaubacorp.com,SECOND FLOOR VITTHAL RUKHMINI APARTMENT ... ZaubaCorp https://www.zaubacorp.com › company-by-address › S...,DIRECTORY,0,DIRECTORY,SUCCESS,,
69e216c2e4b03a7d72562241,RANISATI RESOURCE PRIVATE LIMITED,Google,"""RANISATI RESOURCE PRIVATE LIMITED"" Nagpur official website",https://www.zaubacorp.com/company-by-address/SECOND-FLOOR--VITTHAL-RUKHMINI-APARTMENT-LAXMI-NAGAR-----NAGPUR--MAHARASHTRA--INDIA---440010#:~:text=Previous,zaubacorp.com,Read more,DIRECTORY,0,DIRECTORY,SUCCESS,,
69e216c2e4b03a7d72562241,RANISATI RESOURCE PRIVATE LIMITED,Google,"""RANISATI RESOURCE PRIVATE LIMITED"" Nagpur official website",https://www.zaubacorp.com/company-by-address/212--SMALL-FACTORY-AREA-LAKADGANJ-----NAGPUR--MAHARASHTRA--INDIA---440008,zaubacorp.com,212 SMALL FACTORY AREA LAKADGANJ NAGPUR ... ZaubaCorp https://www.zaubacorp.com › company-by-address › 2...,DIRECTORY,0,DIRECTORY,SUCCESS,,
69e216c2e4b03a7d72562241,RANISATI RESOURCE PRIVATE LIMITED,Google,"""RANISATI RESOURCE PRIVATE LIMITED"" Nagpur official website",https://www.zaubacorp.com/company-by-address/212--SMALL-FACTORY-AREA-LAKADGANJ-----NAGPUR--MAHARASHTRA--INDIA---440008#:~:text=Previous,zaubacorp.com,Read more,DIRECTORY,0,DIRECTORY,SUCCESS,,
69e216c2e4b03a7d72562241,RANISATI RESOURCE PRIVATE LIMITED,Google,"""RANISATI RESOURCE PRIVATE LIMITED"" Nagpur official website",https://www.zaubacorp.com/company-by-address/218-S-N--LG-4---5--KRISHNA-PLAZA-APARTMENT--LAKADGANJ--NAGPUR-NAGPUR-MH-440008-IN,zaubacorp.com,218 S N LG 4 5 KRISHNA PLAZA APARTMENT ... ZaubaCorp https://www.zaubacorp.com › company-by-address › 2...,DIRECTORY,0,DIRECTORY,SUCCESS,,
69df7eb5e4b03fe8db9a25fb,VERTISTEPZ PARKON PRIVATE LIMITED,Google,"""VERTISTEPZ PARKON PRIVATE LIMITED"" Nagpur official website",https://vertistepz.com/,vertistepz.com,Vertistepz Parkon Private Limited,WEBSITE,60,"STRONG_CANDIDATE|company_name_in_domain,company_name_in_title",SUCCESS,,
69df7eb5e4b03fe8db9a25fb,VERTISTEPZ PARKON PRIVATE LIMITED,Google,"""VERTISTEPZ PARKON PRIVATE LIMITED"" Nagpur official website",https://www.vertistepz.com/service-details.php?id=10,vertistepz.com,,WEBSITE,30,POSSIBLE_CANDIDATE|company_name_in_domain,SUCCESS,,
69df7eb5e4b03fe8db9a25fb,VERTISTEPZ PARKON PRIVATE LIMITED,Google,"""VERTISTEPZ PARKON PRIVATE LIMITED"" Nagpur official website",https://vertistepz.com/service-details.php?id=9,vertistepz.com,,WEBSITE,30,POSSIBLE_CANDIDATE|company_name_in_domain,SUCCESS,,
69df7eb5e4b03fe8db9a25fb,VERTISTEPZ PARKON PRIVATE LIMITED,Google,"""VERTISTEPZ PARKON PRIVATE LIMITED"" Nagpur official website",https://vertistepz.com/service-details.php?id=11,vertistepz.com,,WEBSITE,30,POSSIBLE_CANDIDATE|company_name_in_domain,SUCCESS,,
69df7eb5e4b03fe8db9a25fb,VERTISTEPZ PARKON PRIVATE LIMITED,Google,"""VERTISTEPZ PARKON PRIVATE LIMITED"" Nagpur official website","https://vertistepz.com/#:~:text=Vertistepz%20Parkon%20Private%20Limited%20is,Escalators%2C%20and%20Automated%20Parking%20Systems.",vertistepz.com,Read more,WEBSITE,30,POSSIBLE_CANDIDATE|company_name_in_domain,SUCCESS,,
69df7eb5e4b03fe8db9a25fb,VERTISTEPZ PARKON PRIVATE LIMITED,Google,"""VERTISTEPZ PARKON PRIVATE LIMITED"" Nagpur official website","https://vertistepz.com/service-details.php?id=9#:~:text=Vertistepz%20Parkon%20Private%20Limited%20is,vertical%20transportation%20and%20parking%20solutions.&text=F%2D7%2C%20Shivdarshan%20Apartment%2D2%2C%20Telephone%20Nagar%2C,Nagpur%20%2D%20440024%2C%20Maharashtra%2C%20India.",vertistepz.com,Read more,WEBSITE,30,POSSIBLE_CANDIDATE|company_name_in_domain,SUCCESS,,
69df7eb5e4b03fe8db9a25fb,VERTISTEPZ PARKON PRIVATE LIMITED,Google,"""VERTISTEPZ PARKON PRIVATE LIMITED"" Nagpur official website",https://www.falconebiz.com/company/VERTISTEPZ-PARKON-PRIVATE-LIMITED-U43219MH2025PTC454758,falconebiz.com,vertistepz parkon private limited / u43219mh2025ptc454758 Falcon Ebiz Pvt Ltd https://www.falconebiz.com › ... › NAGPUR › 440024,WEBSITE,35,POSSIBLE_CANDIDATE|company_name_in_title,SUCCESS,,
69df7eb5e4b03fe8db9a25fb,VERTISTEPZ PARKON PRIVATE LIMITED,Google,"""VERTISTEPZ PARKON PRIVATE LIMITED"" Nagpur official website",https://www.zaubacorp.com/company-by-address/H-NO-27-502-Q-NO-126-2-SOMWARI-QTR-NAGPUR-NAGPUR-MAHARASHTRA-440024-INDIA,zaubacorp.com,H NO 27 502 Q NO 126 2 SOMWARI QTR NAGPUR ... ZaubaCorp https://www.zaubacorp.com › company-by-address › H...,DIRECTORY,0,DIRECTORY,SUCCESS,,
69df7eb5e4b03fe8db9a25fb,VERTISTEPZ PARKON PRIVATE LIMITED,Google,"""VERTISTEPZ PARKON PRIVATE LIMITED"" Nagpur official website","https://www.zaubacorp.com/company-by-address/H-NO-27-502-Q-NO-126-2-SOMWARI-QTR-NAGPUR-NAGPUR-MAHARASHTRA-440024-INDIA#:~:text=Previous&text=Regulatory%20%26%20Government,Copyright%20%C2%A9%202026%20Zauba%20Corp.",zaubacorp.com,Read more,DIRECTORY,0,DIRECTORY,SUCCESS,,
69df7eb5e4b03fe8db9a25fb,VERTISTEPZ PARKON PRIVATE LIMITED,Google,"""VERTISTEPZ PARKON PRIVATE LIMITED"" Nagpur official website",https://www.zaubacorp.com/company-by-address/SHOP-NO-2-SITA-SANKUL-AKAR-NAGPUR-NAGPUR-MAHARASHTRA-440013-INDIA,zaubacorp.com,Companies at address SHOP NO 2 SITA SANKUL AKAR ... ZaubaCorp https://www.zaubacorp.com › company-by-address › S...,DIRECTORY,0,DIRECTORY,SUCCESS,,
69dcbe2fe4b0eb7de192d2b4,POLIREX CHEMICALS PRIVATE LIMITED,Google,"""POLIREX CHEMICALS PRIVATE LIMITED"" Nagpur official website",https://tracxn.com/d/legal-entities/india/gampawar-infrastructure-private-limited/__h3kAg115V3a5Dk5eUJPp4GBWn7oLimxh9mCElC7BIa4,tracxn.com,,DIRECTORY,0,DIRECTORY,SUCCESS,,
69dcbe2fe4b0eb7de192d2b4,POLIREX CHEMICALS PRIVATE LIMITED,Google,"""POLIREX CHEMICALS PRIVATE LIMITED"" Nagpur official website",https://www.zaubacorp.com/company-by-address/FLAT-NO-304-RATAN-APPT-NO-4-S-T-STAND-ROAD-NAGPUR-NAGPUR-MAHARASHTRA-INDIA-440018,zaubacorp.com,Zauba Corp,DIRECTORY,0,DIRECTORY,SUCCESS,,
69dcbe2fe4b0eb7de192d2b4,POLIREX CHEMICALS PRIVATE LIMITED,Google,"""POLIREX CHEMICALS PRIVATE LIMITED"" Nagpur official website",https://www.registerkaro.in/company/polirex-chemicals-private-limited-U20290MH2025PTC459325,registerkaro.in,POLIREX CHEMICALS PRIVATE LIMITED RegisterKaro https://www.registerkaro.in › company › polirex-chemic...,WEBSITE,35,POSSIBLE_CANDIDATE|company_name_in_title,SUCCESS,,
69dcbe2fe4b0eb7de192d2b4,POLIREX CHEMICALS PRIVATE LIMITED,Google,"""POLIREX CHEMICALS PRIVATE LIMITED"" Nagpur official website","https://www.registerkaro.in/company/polirex-chemicals-private-limited-U20290MH2025PTC459325#:~:text=POLIREX%20CHEMICALS%20PRIVATE%20LIMITED%20operates,its%20registration%20with%20ROC%20Mumbai.",registerkaro.in,Read more,WEBSITE,5,WEAK_CANDIDATE|,SUCCESS,,
69dcbe2fe4b0eb7de192d2b4,POLIREX CHEMICALS PRIVATE LIMITED,Google,"""POLIREX CHEMICALS PRIVATE LIMITED"" Nagpur official website",https://www.falconebiz.com/company/POLIREX-CHEMICALS-PRIVATE-LIMITED-U20290MH2025PTC459325,falconebiz.com,polirex chemicals private limited / u20290mh2025ptc459325 Falcon Ebiz Pvt Ltd https://www.falconebiz.com › ... › NAGPUR › 440018,WEBSITE,35,POSSIBLE_CANDIDATE|company_name_in_title,SUCCESS,,
69dcbe2fe4b0eb7de192d2b4,POLIREX CHEMICALS PRIVATE LIMITED,Google,"""POLIREX CHEMICALS PRIVATE LIMITED"" Nagpur official website","https://www.zaubacorp.com/company-by-address/FLAT-NO-304-RATAN-APPT-NO-4-S-T-STAND-ROAD-NAGPUR-NAGPUR-MAHARASHTRA-INDIA-440018#:~:text=POLIREX%20CHEMICALS%20PRIVATE%20LIMITED,STAND%2CNagpur%2CNagpur%2CMaharashtra%2C440018%2DIndia%20Nagpur%20Maharashtra%20440018%20India&text=Previous",zaubacorp.com,Read more,DIRECTORY,0,DIRECTORY,SUCCESS,,
69dcbe2fe4b0eb7de192d2b4,POLIREX CHEMICALS PRIVATE LIMITED,Google,"""POLIREX CHEMICALS PRIVATE LIMITED"" Nagpur official website",https://www.filesure.in/company/powerarch-technologies-ip-private-limited/U43900MH2025PTC455489?tab=about,filesure.in,Powerarch Technologies Ip Private Limited FileSure https://www.filesure.in › company › powerarch-technol...,WEBSITE,5,WEAK_CANDIDATE|,SUCCESS,,
69dcbe2fe4b0eb7de192d2b4,POLIREX CHEMICALS PRIVATE LIMITED,Google,"""POLIREX CHEMICALS PRIVATE LIMITED"" Nagpur official website","https://www.filesure.in/company/powerarch-technologies-ip-private-limited/U43900MH2025PTC455489?tab=about#:~:text=POLIREX%20CHEMICALS%20PRIVATE%20LIMITED,GAMPAWAR%20REALITIES%20PRIVATE%20LIMITED",filesure.in,Read more,WEBSITE,5,WEAK_CANDIDATE|,SUCCESS,,
69dcbe2fe4b0eb7de192d2b4,POLIREX CHEMICALS PRIVATE LIMITED,Google,"""POLIREX CHEMICALS PRIVATE LIMITED"" Nagpur official website","https://tracxn.com/d/legal-entities/india/gampawar-infrastructure-private-limited/__h3kAg115V3a5Dk5eUJPp4GBWn7oLimxh9mCElC7BIa4#:~:text=POLIREX%20CHEMICALS%20PRIVATE%20LIMITED,CIN%3A%20U62013ME2026PTC475302%2C%20India",tracxn.com,Read more,DIRECTORY,0,DIRECTORY,SUCCESS,,
69dcbe2fe4b0eb7de192d2b4,POLIREX CHEMICALS PRIVATE LIMITED,Google,"""POLIREX CHEMICALS PRIVATE LIMITED"" Nagpur official website",https://www.tofler.in/powerarch-constructions-private-limited/company/U41000MH2025PTC454826,tofler.in,"Powerarch Constructions Financials | Company Details Tofler https://www.tofler.in › ... › Electricity, Gas & Water",DIRECTORY,0,DIRECTORY,SUCCESS,,
69d92649e4b0147adf7aea59,GOSATTVA FARMS AND FOODS PRIVATE LIMITED,Google,"""GOSATTVA FARMS AND FOODS PRIVATE LIMITED"" Nagpur official website",https://app.gosattvafarms.com/,app.gosattvafarms.com,Gosattva Farms Web Portal,WEBSITE,80,"STRONG_CANDIDATE|company_name_in_domain,company_name_in_title",SUCCESS,,
69d92649e4b0147adf7aea59,GOSATTVA FARMS AND FOODS PRIVATE LIMITED,Google,"""GOSATTVA FARMS AND FOODS PRIVATE LIMITED"" Nagpur official website",https://www.indiamart.com/gosattva-farms/,indiamart.com,,DIRECTORY,0,DIRECTORY,SUCCESS,,
69d92649e4b0147adf7aea59,GOSATTVA FARMS AND FOODS PRIVATE LIMITED,Google,"""GOSATTVA FARMS AND FOODS PRIVATE LIMITED"" Nagpur official website",https://www.indiamart.com/gosattva-farms/?srsltid=AfmBOoqRQPr-jYsAzfBseAy2Nd9S2OwQnUV8Q-ws4ewnG-PIKvNI5k3I,indiamart.com,,DIRECTORY,0,DIRECTORY,SUCCESS,,
69d92649e4b0147adf7aea59,GOSATTVA FARMS AND FOODS PRIVATE LIMITED,Google,"""GOSATTVA FARMS AND FOODS PRIVATE LIMITED"" Nagpur official website",https://www.falconebiz.com/company/GOSATTVA-FARMS-AND-FOODS-PRIVATE-LIMITED-U10500MH2026PTC467567,falconebiz.com,,WEBSITE,5,WEAK_CANDIDATE|,SUCCESS,,
69d92649e4b0147adf7aea59,GOSATTVA FARMS AND FOODS PRIVATE LIMITED,Google,"""GOSATTVA FARMS AND FOODS PRIVATE LIMITED"" Nagpur official website","https://app.gosattvafarms.com/#:~:text=Gosattva%20Farms%20and%20Foods%20Private,Milk%20and%20traditional%20Bilona%20Ghee.",app.gosattvafarms.com,Read more,WEBSITE,50,POSSIBLE_CANDIDATE|company_name_in_domain,SUCCESS,,
69d92649e4b0147adf7aea59,GOSATTVA FARMS AND FOODS PRIVATE LIMITED,Google,"""GOSATTVA FARMS AND FOODS PRIVATE LIMITED"" Nagpur official website",https://app.gosattvafarms.com/web/contact-us,app.gosattvafarms.com,Contact us Gosattva Farms https://app.gosattvafarms.com › web › contact-us,WEBSITE,80,"STRONG_CANDIDATE|company_name_in_domain,company_name_in_title",SUCCESS,,
69d92649e4b0147adf7aea59,GOSATTVA FARMS AND FOODS PRIVATE LIMITED,Google,"""GOSATTVA FARMS AND FOODS PRIVATE LIMITED"" Nagpur official website","https://app.gosattvafarms.com/web/contact-us#:~:text=Gosattva%20Farms%20and%20Foods%20Private,and%20traditional%20Bilona%20Ghee.%20Based",app.gosattvafarms.com,Read more,WEBSITE,50,POSSIBLE_CANDIDATE|company_name_in_domain,SUCCESS,,
69d92649e4b0147adf7aea59,GOSATTVA FARMS AND FOODS PRIVATE LIMITED,Google,"""GOSATTVA FARMS AND FOODS PRIVATE LIMITED"" Nagpur official website",https://app.gosattvafarms.com/web/privacy-policy,app.gosattvafarms.com,Privacy Policy Gosattva Farms https://app.gosattvafarms.com › web › privacy-policy,WEBSITE,80,"STRONG_CANDIDATE|company_name_in_domain,company_name_in_title",SUCCESS,,
69d92649e4b0147adf7aea59,GOSATTVA FARMS AND FOODS PRIVATE LIMITED,Google,"""GOSATTVA FARMS AND FOODS PRIVATE LIMITED"" Nagpur official website","https://app.gosattvafarms.com/web/privacy-policy#:~:text=Gosattva%20Farms%20and%20Foods%20Private,and%20traditional%20Bilona%20Ghee.%20Based",app.gosattvafarms.com,Read more,WEBSITE,50,POSSIBLE_CANDIDATE|company_name_in_domain,SUCCESS,,
69d92649e4b0147adf7aea59,GOSATTVA FARMS AND FOODS PRIVATE LIMITED,Google,"""GOSATTVA FARMS AND FOODS PRIVATE LIMITED"" Nagpur official website",https://www.indiamart.com/gosattva-farms/?srsltid=AfmBOooT_35ZUnHSPn43ABLUKJSz2Dr4WTFKpBVx9SEykcuYWOh-YvIp,indiamart.com,Gosattva Farms And Foods Private Limited IndiaMART https://www.indiamart.com › gosattva-farms,DIRECTORY,0,DIRECTORY,SUCCESS,,
69d35e32e4b03eeefb810bb4,BARTERLY TECHNOLOGIES PRIVATE LIMITED,Google,"""BARTERLY TECHNOLOGIES PRIVATE LIMITED"" Nagpur official website",https://tracxn.com/d/legal-entities/india/barterly-technologies-private-limited/__vGtpmduF12yotf0hWqhvFW-uhvUacbPdsv5a6c5xGxg,tracxn.com,BARTERLY TECHNOLOGIES PRIVATE LIMITED Tracxn https://tracxn.com › Discover › Legal Entities › India,DIRECTORY,0,DIRECTORY,SUCCESS,,
69d35e32e4b03eeefb810bb4,BARTERLY TECHNOLOGIES PRIVATE LIMITED,Google,"""BARTERLY TECHNOLOGIES PRIVATE LIMITED"" Nagpur official website",https://tracxn.com/d/legal-entities/india/barterly-technologies-private-limited/__vGtpmduF12yotf0hWqhvFW-uhvUacbPdsv5a6c5xGxg#:~:text=Who%20are%20the%20authorized%20signatories,tracxn.com,Read more,DIRECTORY,0,DIRECTORY,SUCCESS,,
69d35e32e4b03eeefb810bb4,BARTERLY TECHNOLOGIES PRIVATE LIMITED,Google,"""BARTERLY TECHNOLOGIES PRIVATE LIMITED"" Nagpur official website",https://www.falconebiz.com/company/BARTERLY-TECHNOLOGIES-PRIVATE-LIMITED-U63999MH2025PTC463989,falconebiz.com,barterly technologies private limited ... Falcon Ebiz Pvt Ltd https://www.falconebiz.com › ... › NAGPUR › 440030,WEBSITE,35,POSSIBLE_CANDIDATE|company_name_in_title,SUCCESS,,
69d35e32e4b03eeefb810bb4,BARTERLY TECHNOLOGIES PRIVATE LIMITED,Google,"""BARTERLY TECHNOLOGIES PRIVATE LIMITED"" Nagpur official website",https://www.zaubacorp.com/company-by-address/F-NO--708--RAJAT-HIGHTS--WING-1--NAGPUR-NAGPUR-MAHARASHTRA-440030-INDIA,zaubacorp.com,F NO 708 RAJAT HIGHTS WING 1 NAGPUR ... ZaubaCorp https://www.zaubacorp.com › company-by-address › F-...,DIRECTORY,0,DIRECTORY,SUCCESS,,
69d35e32e4b03eeefb810bb4,BARTERLY TECHNOLOGIES PRIVATE LIMITED,Google,"""BARTERLY TECHNOLOGIES PRIVATE LIMITED"" Nagpur official website",https://www.zaubacorp.com/company-by-address/F-NO--708--RAJAT-HIGHTS--WING-1--NAGPUR-NAGPUR-MAHARASHTRA-440030-INDIA#:~:text=Previous,zaubacorp.com,Read more,DIRECTORY,0,DIRECTORY,SUCCESS,,
69d35e32e4b03eeefb810bb4,BARTERLY TECHNOLOGIES PRIVATE LIMITED,Google,"""BARTERLY TECHNOLOGIES PRIVATE LIMITED"" Nagpur official website",https://www.sensibook.com/companies/1867931/U62013MH2024PTC433149/ONEBYZ-TECH-PRIVATE-LIMITED,sensibook.com,ONEBYZ TECH | Financials & Director Contacts SensiBook https://www.sensibook.com › companies › ONEBYZ-T...,WEBSITE,5,WEAK_CANDIDATE|,SUCCESS,,
69d35e32e4b03eeefb810bb4,BARTERLY TECHNOLOGIES PRIVATE LIMITED,Google,"""BARTERLY TECHNOLOGIES PRIVATE LIMITED"" Nagpur official website",https://www.zaubacorp.com/company-by-address/205-RACHANA-MATHURA-APARTMENT--NAGPUR-NAGPUR-MAHARASHTRA-INDIA-440030,zaubacorp.com,Companies at address 205 RACHANA MATHURA APARTMENT ... ZaubaCorp https://www.zaubacorp.com › company-by-address › 2...,DIRECTORY,0,DIRECTORY,SUCCESS,,
69d35e32e4b03eeefb810bb4,BARTERLY TECHNOLOGIES PRIVATE LIMITED,Google,"""BARTERLY TECHNOLOGIES PRIVATE LIMITED"" Nagpur official website",https://www.zaubacorp.com/companies-B-344,zaubacorp.com,Companies list - B ZaubaCorp https://www.zaubacorp.com › companies-B-344,DIRECTORY,0,DIRECTORY,SUCCESS,,
69d35e32e4b03eeefb810bb4,BARTERLY TECHNOLOGIES PRIVATE LIMITED,Google,"""BARTERLY TECHNOLOGIES PRIVATE LIMITED"" Nagpur official website","https://www.zaubacorp.com/companies-B-344#:~:text=BARTERLY%20TECHNOLOGIES%20PRIVATE%20LIMITED,Flat%20No%20301%2C%20Chandramohan%2CVedant%20Apartment%2CNagpur%2CNagpur%2CMaharashtra%2C440030%2DIndia",zaubacorp.com,Read more,DIRECTORY,0,DIRECTORY,SUCCESS,,
69d35e32e4b03eeefb810bb4,BARTERLY TECHNOLOGIES PRIVATE LIMITED,Google,"""BARTERLY TECHNOLOGIES PRIVATE LIMITED"" Nagpur official website",https://www.zaubacorp.com/company-by-address/154-ZINGABAI-TAKLI--GODHANI-ROAD--NAGPUR-NAGPUR-NAGPUR-MAHARASHTRA-440030-INDIA,zaubacorp.com,154 ZINGABAI TAKLI GODHANI ROAD NAGPUR ... ZaubaCorp https://www.zaubacorp.com › company-by-address › 1...,DIRECTORY,0,DIRECTORY,SUCCESS,,
69d1139ae4b03eeefb80a7cd,MANTRAM FAB,,"""MANTRAM FAB"" Nagpur official website",,,,NO_RESULT,0,NO_RESULT,GOOGLE_RELOAD_ERROR,NEEDS_REVIEW,No candidate URL found
69ccfd34e4b0c26a54714bae,AUCTWARE TECHNOLOGIES PRIVATE LIMITED,,"""AUCTWARE TECHNOLOGIES PRIVATE LIMITED"" Nagpur official website",,,,NO_RESULT,0,NO_RESULT,SUCCESS,NEEDS_REVIEW,No candidate URL found
69cbc142e4b0c26a5470dc35,AYODHYA NIRMAN PRIVATE LIMITED,,"""AYODHYA NIRMAN PRIVATE LIMITED"" Nagpur official website",,,,NO_RESULT,0,NO_RESULT,SUCCESS,NEEDS_REVIEW,No candidate URL found
69c9e638e4b0c26a546fc8ce,PAYSONIC TECHNOLOGIES PRIVATE LIMITED,,"""PAYSONIC TECHNOLOGIES PRIVATE LIMITED"" Nagpur official website",,,,NO_RESULT,0,NO_RESULT,GOOGLE_RELOAD_ERROR,NEEDS_REVIEW,No candidate URL found
69c4e3e5e4b0c26a546dc76d,ATONIX ARTWORKS PRIVATE LIMITED,,"""ATONIX ARTWORKS PRIVATE LIMITED"" Nagpur official website",,,,NO_RESULT,0,NO_RESULT,GOOGLE_NAV_ERROR,NEEDS_REVIEW,No candidate URL found
