startupId,startupName,dippNumber,dippRecognitionStatus,cin,stage,city,state,industry,sectors,website,email,phone,linkedInUrl,profileStatus
6a75ab33e4b0b55585aa9b4f,SIDDHSAANVI FOODS AND BEVERAGES PRIVATE LIMITED,DIPP276074,RECOGNISED,U15100MH2019PTC325768,Validation,Nagpur,Maharashtra,Food & Beverages,Food Processing,https://yordey.in,,,,OK
6a72ee3ce4b0b55585a934f8,NK ENGINEERING & CONSTRUCTION COMPANY,DIPP276542,RECOGNISED,NG000011011,EarlyTraction,Nagpur,Maharashtra,Construction,Construction & Engineering,,,,,OK
6a7258ffe4b0b55585a9110a,QUASARUS (OPC) PRIVATE LIMITED,DIPP276735,RECOGNISED,U72100ME2026OPC475693,Validation,Nagpur,Maharashtra,Renewable Energy,Others,https://quasarus.in,,,,OK
6a6f841ce4b01a12d3b109fe,SANYAM GLOBAL (OPC) PRIVATE LIMITED,DIPP275282,RECOGNISED,U10795ME2026OPC474237,Validation,Nagpur,Maharashtra,Logistics,Others,,,,,OK
6a6c5386e4b01a12d3b051cc,ASTRAKIT TRADING AND MANPOWER SERVICES LLP,DIPP276635,RECOGNISED,ACR-6342,Prototype,Nagpur,Maharashtra,Construction,Construction & Engineering,,,,,OK
6a6b4c0de4b01a12d3b01328,COFFEE PROJECT PRIVATE LIMITED,DIPP275094,RECOGNISED,U56102MH2025PTC448359,Scaling,Nagpur,Maharashtra,Food & Beverages,Restaurants,,,,,OK
6a6b0e78e4b01a12d3afe77f,IR ENTERPRISES,DIPP276527,RECOGNISED,UDYAM-MH-20-0356949,Scaling,Nagpur,Maharashtra,Events,Event Management,,,,,OK
6a5c7f56e4b01a12d3aaba6c,SAVENTIN ULTRASTRUCTURE PRIVATE LIMITED,DIPP273051,RECOGNISED,U45309MH2022PTC396271,Scaling,Nagpur,Maharashtra,Construction,Construction & Engineering,https://www.saventin.in,,,,OK
6a5b445fe4b01a12d3aa5c47,WIPSLY TECHNOLOGIES PRIVATE LIMITED,DIPP272951,RECOGNISED,U58202MH2025PTC464040,EarlyTraction,Nagpur,Maharashtra,IT Services,Product Development,www.wipsley.com,,,,OK
6a58d27be4b01a12d3a9b735,AVIONEXT AVIATION PRIVATE LIMITED,DIPP272666,RECOGNISED,U52231ME2026PTC473510,EarlyTraction,Nagpur,Maharashtra,Education,Skill Development,https://avionextaviation.com/,,,,OK
6a57305fe4b01a12d3a926aa,VELOURA GLOBAL EXPORTS PRIVATE LIMITED,DIPP272325,RECOGNISED,U46209MH2025PTC455828,EarlyTraction,Nagpur,Maharashtra,Agriculture,Organic Agriculture,www.rootans.in,,,,OK
6a50c504e4b061f5fedf6ac3,MEENADEEP EXPERIENCES PRIVATE LIMITED,DIPP271731,RECOGNISED,U52291ME2026PTC475400,Prototype,Nagpur,Maharashtra,Travel & Tourism,Experiential Travel,,,,,OK
6a4ff0cce4b061f5fedf1788,DEVADROS AUTOMATA PRIVATE LIMITED,DIPP273947,RECOGNISED,U72100PN2026PTC250873,Prototype,Nagpur,Maharashtra,Robotics,Robotics Technology,https://www.devadros.com/,,,,OK
6a4f4b45e4b061f5feded1ec,SHIVAKHYA INFRA PRIVATE LIMITED,DIPP271479,RECOGNISED,U42101ME2026PTC474775,Scaling,Nagpur,Maharashtra,Construction,Construction & Engineering,,,,,OK
6a4f3e36e4b061f5fedeca61,UNIVERSAL REALTY FARM &amp; RESORT (OPC) PRIVATE LIMITED,DIPP271467,RECOGNISED,U68200MH2025OPC462562,Validation,Nagpur,Maharashtra,Real Estate,Others,,,,,OK
6a4d1e34e4b061f5fede5b42,VCF CYBER SOLUTIONS PRIVATE LIMITED,DIPP271273,RECOGNISED,U62099MH2023PTC404807,EarlyTraction,Nagpur,Maharashtra,IT Services,IT Consulting,https://vigilantecyberforces.com,,,,OK
6a4bd358e4b0359e44e42daf,DEVDATTA PRODUCTION PRIVATE LIMITED,DIPP270899,RECOGNISED,U90009MH2023PTC416212,EarlyTraction,Nagpur,Maharashtra,Art & Photography,Art,,,,,OK
6a4b6749e4b0359e44e3f22d,METAFORZE PRIVATE LIMITED,DIPP270706,RECOGNISED,U46699ME2026PTC474475,EarlyTraction,Nagpur,Maharashtra,Green Technology,Clean Tech,,,,,OK
6a4a3e39e4b0359e44e3b2c8,INVENTA VENTURES LLP,DIPP270609,RECOGNISED,ACU-0652,EarlyTraction,Nagpur,Maharashtra,Green Technology,Clean Tech,www.inventaventures.com,,,,OK
6a48bdfae4b0359e44e363b7,VIDARBHA SALES & ENGINEERING,DIPP270848,RECOGNISED,O1-0726-9491UT,EarlyTraction,Nagpur,Maharashtra,Automotive,Others,,,,,OK
6a47b338e4b0359e44e3153f,FISHTECH SOLUTIONS PRIVATE LIMITED,DIPP270412,RECOGNISED,U73100MH2024PTC419243,Scaling,Nagpur,Maharashtra,IT Services,Product Development,www.fishtechsolutions.com,,,,OK
6a47ae7ee4b0359e44e31356,SOMYA INTEGRATED SAFETY SECURITY SERVICES LLP,DIPP270404,RECOGNISED,ACE-6946,EarlyTraction,Nagpur,Maharashtra,Security Solutions,Others,www.sismultipurposeservices.com,,,,OK
6a4792f3e4b0359e44e30532,PUNAM CONSTRUCTION INFRA LLP,DIPP270351,RECOGNISED,ACW-3518,Prototype,Nagpur,Maharashtra,Construction,Construction & Engineering,,,,,OK
6a477edde4b0359e44e2fb0a,SAVIYO VENTURES LLP,DIPP270314,RECOGNISED,ACS-9306,Validation,Nagpur,Maharashtra,Fashion,Apparel,https://theunfoldarc.com,,,,OK
6a467727e4b0359e44e2b7f4,DEEPVRUKSHA SECURITY SERVICES PRIVATE LIMITED,DIPP271020,RECOGNISED,U80200MH2025PTC439260,Scaling,Nagpur,Maharashtra,Human Resources,Others,,,,,OK
6a450b8be4b0359e44e23a77,MINDFULNESS NETWORK PRIVATE LIMITED,DIPP270050,RECOGNISED,U59113ME2026PTC474215,Prototype,Nagpur,Maharashtra,Media & Entertainment,Entertainment,,,,,OK
6a43c29fe4b0359e44e1d2d8,VRAJA CREATION LLP,DIPP269876,RECOGNISED,ACZ-3993,Validation,Nagpur,Maharashtra,Textiles & Apparel,Non- Leather Textiles Goods,NIL,,,,OK
6a4381a0e4b0359e44e1abab,NEOPADAU SOLUTION PRIVATE LIMITED,DIPP269776,RECOGNISED,U47912MH2025PTC461252,Validation,Nagpur,Maharashtra,Other Specialty Retailers,Others,,,,,OK
6a435996e4b0359e44e19037,SMKJ BEVERAGES LLP,DIPP269730,RECOGNISED,ACR-2435,Validation,Nagpur,Maharashtra,Food & Beverages,Food Processing,NA,,,,OK
6a425805e4b0359e44e14a4d,SWAZTHI ENTERPRISES LLP,DIPP269650,RECOGNISED,ACB-0839,Validation,Nagpur,Maharashtra,Architecture Interior Design,Others,NA,,,,OK
6a424457e4b0359e44e13dca,MAVELII'S SOCIAL DEVELOPMENT FOUNDATION,DIPP269611,RECOGNISED,U88900ME2026NPL473992,Prototype,Nagpur,Maharashtra,Agriculture,Organic Agriculture,,,,,OK
6a4217f3e4b0359e44e11f93,KRISHIAI PRIVATE LIMITED,DIPP269550,RECOGNISED,U58200MH2026PTC468064,Scaling,Nagpur,Maharashtra,Agriculture,Agri-Tech,,,,,OK
6a3e6e2ee4b0359e44e049be,JAYSHREE GROUP OF INDUSTRIES PRIVATE LIMITED,DIPP269281,RECOGNISED,U11043MH2025PTC460333,Prototype,Nagpur,Maharashtra,Food & Beverages,Others,,,,,OK
6a3b86f9e4b0359e44df2d4e,RAAFIANA GLOBAL LLP,DIPP268773,RECOGNISED,ACX-0703,Prototype,Nagpur,Maharashtra,Food & Beverages,Food Processing,NA,,,,OK
6a397d7fe4b0359e44de945c,THINKING LAB SDC (OPC) PRIVATE LIMITED,DIPP268473,RECOGNISED,U85499MH2025OPC457339,Prototype,Nagpur,Maharashtra,Education,Skill Development,https://thethinkinglab.co.in,,,,OK
6a393ed7e4b0359e44de827f,ELEVEN RUDRAKSHAK REAL ESTATE PRIVATE LIMITED,DIPP268451,RECOGNISED,U68100ME2026PTC475004,Validation,Nagpur,Maharashtra,Real Estate,Others,NIL,,,,OK
6a393dbde4b0359e44de8219,OMEVEDIC TECHNOLOGIES LLP,DIPP268450,RECOGNISED,ACZ-0841,Prototype,Nagpur,Maharashtra,IT Services,Others,,,,,OK
6a38f51ee4b06921f1d7ad87,SDM ROBOTICS & DRONE TRAINING ACADEMY PRIVATE LIMITED,DIPP268518,RECOGNISED,U85306MH2026PTC466967,Prototype,Nagpur,Maharashtra,Education,Skill Development,www.sdmrobotics.com,,,,OK
6a3660c0e4b06921f1d71fdb,YATRAH INFRASTRUCTURE PRIVATE LIMITED,DIPP268120,RECOGNISED,U41001ME2026PTC473977,Scaling,Nagpur,Maharashtra,Construction,Construction & Engineering,https://www.falconebiz.com/company/YATRAH-INFRASTRUCTURE-PRIVATE-LIMITED-U41001ME2026PTC473977,,,,OK
6a36470ae4b06921f1d7110d,SVSTAR EDUCATION PRIVATE LIMITED,DIPP268074,RECOGNISED,U85491ME2026PTC474935,Prototype,Nagpur,Maharashtra,Education,Others,NA,,,,OK
6a3532a3e4b06921f1d6d261,WEDTRIX GLOBAL PRIVATE LIMITED,DIPP267940,RECOGNISED,U62099ME2026PTC475168,Validation,Nagpur,Maharashtra,Dating Matrimonial,Others,,,,,OK
6a329a0be4b06921f1d5f6b4,NEXBRIDGE VENTURES PRIVATE LIMITED,DIPP267800,RECOGNISED,U66190ME2026PTC474523,Prototype,Nagpur,Maharashtra,IT Services,IT Consulting,,,,,OK
6a3246c5e4b06921f1d5a373,ORROAA VENTURES PRIVATE LIMITED,DIPP267764,RECOGNISED,U46491MH2025PTC452522,Validation,Nagpur,Maharashtra,Retail,Others,www.orroaa.com,,,,OK
6a303e4ae4b06921f1d5082f,MINTECH INNOVATIONS PRIVATE LIMITED,DIPP267587,RECOGNISED,U62012ME2026PTC473595,Validation,Nagpur,Maharashtra,Social Network,Others,https://tinysteps.social/,,,,OK
6a2fed05e4b06921f1d4e9b6,UPDON VENTURES PRIVATE LIMITED,DIPP267552,RECOGNISED,U62011ME2026PTC474868,Prototype,Nagpur,Maharashtra,IT Services,Others,,,,,OK
6a2fd617e4b06921f1d4da9f,YOUFINITY WELLBEING PRIVATE LIMITED,DIPP267526,RECOGNISED,U87200ME2026PTC474505,Prototype,Nagpur,Maharashtra,Healthcare & Lifesciences,Healthcare Services,,,,,OK
6a2d5fc6e4b06921f1d43927,HBGADGET TECHNOLOGY &amp; SOLUTIONS PRIVATE LIMITED,DIPP267242,RECOGNISED,U72900MH2019PTC319377,Scaling,Nagpur,Maharashtra,Internet of Things,Others,hbgadget.in,,,,OK
6a2d57dae4b06921f1d436f7,SHREEKIRTI MEDITECH CONSULTANCY PRIVATE LIMITED,DIPP267236,RECOGNISED,U46497ME2026PTC473430,EarlyTraction,Nagpur,Maharashtra,Healthcare & Lifesciences,Healthcare Services,,,,,OK
6a2a91a3e4b06921f1d3495b,GN GLOBAL CONSULTING LLP,DIPP266818,RECOGNISED,ACU-3834,EarlyTraction,Nagpur,Maharashtra,Professional & Commercial Services,Business Support Services,,,,,OK
6a2a682ce4b06921f1d329be,INDOOR SYSTEMS SOLUTIONS PRIVATE LIMITED,DIPP266758,RECOGNISED,U72200MH2017PTC297875,EarlyTraction,Nagpur,Maharashtra,IT Services,Web Development,,,,,OK
6a294d66e4b06921f1d2c8f1,SAERA HEALTHCARE LLP,DIPP266654,RECOGNISED,ACY-8643,Prototype,Nagpur,Maharashtra,Healthcare & Lifesciences,Health & Wellness,NA,,,,OK
6a270f59e4b075ab1c5c71e1,ZELES TECHNOLOGIES PRIVATE LIMITED,DIPP266384,RECOGNISED,U62090ME2026PTC474853,Prototype,Nagpur,Maharashtra,IT Services,IT Consulting,,,,,OK
6a26dc0ee4b075ab1c5c6627,H SQUARE MEDIA &amp; TECHNOLOGIES PRIVATE LIMITED,DIPP266376,RECOGNISED,U74200ME2026PTC473592,EarlyTraction,Nagpur,Maharashtra,Media & Entertainment,Digital Media,,,,,OK
6a26c0cde4b075ab1c5c59a5,WOW Caravans Private Limited,DIPP265917,RECOGNISED,U79120ME2026PTC474326,EarlyTraction,Nagpur,Maharashtra,Travel & Tourism,Experiential Travel,www.wowcaravans.com,,,,OK
6a240e10e4b075ab1c5baef9,SENSORS AND SYSTEMS AUTOMATION SOLUTIONS PRIVATE LIMITED,DIPP265908,RECOGNISED,U28194MH2025PTC445168,EarlyTraction,Nagpur,Maharashtra,Technology Hardware,Manufacturing,www.elweigh.com,,,,OK
6a210cefe4b075ab1c5ad241,EVQUICK LLP,DIPP265480,RECOGNISED,ACX-9376,EarlyTraction,Nagpur,Maharashtra,Green Technology,Clean Tech,,,,,OK
6a201f27e4b075ab1c5aa829,IRREGULAR PRODUCTION &amp; FILMS LLP,DIPP265414,RECOGNISED,ACW-5525,Validation,Nagpur,Maharashtra,Media & Entertainment,Entertainment,,,,,OK
6a201d11e4b075ab1c5aa71e,DVAB LABS PRIVATE LIMITED,DIPP266089,RECOGNISED,U46901MH2025PTC462531,Validation,Nagpur,Maharashtra,Fashion,Jewellery,https://dvablabs.com,,,,OK
6a1ffd23e4b075ab1c5a93b9,ORVYN STUDIO PRIVATE LIMITED,DIPP265341,RECOGNISED,U47711ME2026PTC474805,Validation,Nagpur,Maharashtra,Textiles & Apparel,Apparel & Accessories,NIL,,,,OK
6a1ee8f3e4b061f008cca4aa,RAVINDRA SINGH INFRA PROJECT PRIVATE LIMITED,DIPP265235,RECOGNISED,U42100MH2025PTC442729,Prototype,Nagpur,Maharashtra,Construction,Construction & Engineering,,,,,OK
6a1ecb14e4b061f008cc992d,SOLARJUNCTION LLP,DIPP265214,RECOGNISED,ACY-0607,Prototype,Nagpur,Maharashtra,Renewable Energy,Renewable Solar Energy,,,,,OK
6a1bea88e4b061f008cb9a52,KYBU INNOVATIONS PRIVATE LIMITED,DIPP266098,RECOGNISED,U62010ME2026PTC474737,Prototype,Nagpur,Maharashtra,Internet of Things,Wearables,www.kybu.in,,,,OK
6a1bd48ce4b061f008cb9222,PRIMIL CONSTRUCTIONS PRIVATE LIMITED,DIPP264874,RECOGNISED,U42909ME2026PTC473932,Validation,Nagpur,Maharashtra,Construction,Construction & Engineering,,,,,OK
6a1af9cee4b061f008cb6dd0,INDENTRA DENTAL GLOBAL TOURISM PRIVATE LIMITED,DIPP264763,RECOGNISED,U86100ME2026PTC475087,EarlyTraction,Nagpur,Maharashtra,Healthcare & Lifesciences,Healthcare Services,,,,,OK
6a19988be4b061f008cb0073,RSQUAREMG LLP,DIPP264504,RECOGNISED,ACI-4372,Validation,Nagpur,Maharashtra,IT Services,IT Consulting,,,,,OK
6a198b67e4b061f008cafa54,VITTUS WEALTH PRIVATE LIMITED,DIPP262643,RECOGNISED,U64990MH2026PTC464707,Prototype,Nagpur,Maharashtra,Finance Technology,Personal Finance,,,,,OK
6a18350ae4b061f008ca92a9,SEAES TECH PRIVATE LIMITED,DIPP264796,RECOGNISED,U62099ME2026PTC474294,Prototype,Nagpur,Maharashtra,AI,Others,seaes.ai,,,,OK
6a17f81ae4b061f008ca6ddc,DSILMORA LUXE PRIVATE LIMITED,DIPP264205,RECOGNISED,U32111ME2026PTC473784,Validation,Nagpur,Maharashtra,Fashion,Others,dsilmora.com,,,,OK
6a16d5d3e4b061f008c9fdf9,POWERARCH INNOVATIONS PRIVATE LIMITED,DIPP264100,RECOGNISED,U42101MH2024PTC436715,Prototype,Nagpur,Maharashtra,Construction,Others,,,,,OK
6a115dbfe4b061f008c87788,AGARKARMEDIA PRIVATE LIMITED,DIPP263407,RECOGNISED,U72900MH2021PTC372026,Validation,Nagpur,Maharashtra,Telecommunication & Networking,Network Technology Solutions,,,,,OK
6a115716e4b061f008c87498,CLINICALQI HEALTHTECH LLP,DIPP261833,RECOGNISED,ACW-5076,Validation,Nagpur,Maharashtra,Healthcare & Lifesciences,Healthcare Technology,www.clinicalqi.com,,,,OK
6a103c77e4b061f008c81243,ICONIC OPTIONS PRIVATE LIMITED,DIPP263289,RECOGNISED,U62011MH2025PTC464093,Validation,Nagpur,Maharashtra,Real Estate,Others,https://iconicoptions.com/,,,,OK
6a0ff675e4b061f008c7cae4,MORNINGMIND TECHNOLAB PRIVATE LIMITED,DIPP263179,RECOGNISED,U62099ME2026PTC474528,Validation,Nagpur,Maharashtra,AI,Machine Learning,NA,,,,OK
6a0eade5e4b061f008c7655c,PRIMECON MEGA PROJECTS PRIVATE LIMITED,DIPP263003,RECOGNISED,U43900MH2025PTC454030,Prototype,Nagpur,Maharashtra,Construction,Construction & Engineering,,,,,OK
6a0d9e73e4b061f008c71ec4,A&amp;A FIBRE &amp; WIRELESS SERVICES PRIVATE LIMITED,DIPP262906,RECOGNISED,U61201ME2026PTC473631,Prototype,Nagpur,Maharashtra,Telecommunication & Networking,Network Technology Solutions,https://www.thecompanycheck.com/company/aa-fibre-wireless-services-private-limited/U61201ME2026PTC473631,,,,OK
6a0d8f91e4b061f008c715fa,VEDARTH HOSPITALITY MANAGEMENT PRIVATE LIMITED,DIPP262879,RECOGNISED,U55109ME2026PTC474400,Validation,Nagpur,Maharashtra,Travel & Tourism,Hospitality,,,,,OK
6a0cc201e4b0d6b314d72703,SOLIVAGUARD PRIVATE LIMITED,DIPP262783,RECOGNISED,U47912MH2026PTC465072,Validation,Nagpur,Maharashtra,Textiles & Apparel,Apparel & Accessories,,,,,OK
6a0c5505e4b07cca57a37f5c,ASHA TECHNOLOGY LABS PRIVATE LIMITED,DIPP257896,RECOGNISED,U62099MH2023PTC408670,EarlyTraction,Nagpur,Maharashtra,Computer Vision,Others,https://texturly.com,,,,OK
6a0c353fe4b07cca57a369ef,MSSKREBIRTHZING RECRUIT RIGHT PRIVATE LIMITED,DIPP262660,RECOGNISED,U78300MH2024PTC434240,Validation,Nagpur,Maharashtra,Human Resources,Recruitment Jobs,,,,,OK
6a0772efe4b07cca57a1fc41,SYNBUZZ TECHNOLOGIES PRIVATE LIMITED,DIPP262177,RECOGNISED,U62099MR2026PTC473402,Validation,Nagpur,Maharashtra,IT Services,Product Development,www.synbuzz.com,,,,OK
6a05c061e4b07cca57a0e788,DENGANI BROTHERS LLP,DIPP255586,RECOGNISED,ACF-8822,Scaling,Nagpur,Maharashtra,Professional & Commercial Services,Others,https://www.dhobikaka.com,,,,OK
6a05bd52e4b07cca57a0e366,MARTELX ELECTRONICS PRIVATE LIMITED,DIPP261634,RECOGNISED,U46529MH2026PTC467365,EarlyTraction,Nagpur,Maharashtra,Technology Hardware,Electronics,,,,,OK
6a05acbde4b07cca57a0cdbc,SHRIJI DESIGN GLOBAL PRIVATE LIMITED,DIPP253710,RECOGNISED,U42102MH2026PTC467415,Scaling,Nagpur,Maharashtra,Design,Others,NOT AVAILABLE,,,,OK
6a05ac2ae4b07cca57a0cccf,HIMALAYA CRYO ENGINEERING AND LIFECARE PRIVATE LIMITED,DIPP253688,RECOGNISED,U20111ME2026PTC473662,Validation,Nagpur,Maharashtra,Healthcare & Lifesciences,Healthcare Technology,https://himalayacryoengineering.com/,,,,OK
6a05a3f4e4b07cca57a0bf7a,SRIORA PRIVATE LIMITED,DIPP253343,RECOGNISED,U10504ME2026PTC474113,Validation,Nagpur,Maharashtra,Agriculture,Dairy Farming,NA,,,,OK
6a05a18de4b07cca57a0bc8d,AMBUFAST EMERGENCY SERVICES PRIVATE LIMITED,DIPP259579,RECOGNISED,U86909MH2024PTC436731,Prototype,Nagpur,Maharashtra,Enterprise Software,ERP,ambufast.in ,,,,OK
6a0487e4e4b07cca579edc21,LOTUS INTERIOR DESIGN STUDIO PRIVATE LIMITED,DIPP261391,RECOGNISED,U74102ME2026PTC474642,Prototype,Nagpur,Maharashtra,Architecture Interior Design,Others,NA,,,,OK
6a045e88e4b07cca579ec046,ASH GLOBAL TECHNOLOGY LLP,DIPP261307,RECOGNISED,ACW-3950,Validation,Nagpur,Maharashtra,IT Services,IT Consulting,NA,,,,OK
6a045c28e4b07cca579ebddf,PROMISN PRIVATE LIMITED,DIPP262270,RECOGNISED,U62090ME2026PTC474466,Validation,Nagpur,Maharashtra,Education,Education Technology,,,,,OK
6a04415ee4b07cca579ea09b,MAA DURGA COTTON PRIVATE LIMITED,DIPP261221,RECOGNISED,U13111ME2026PTC474710,Prototype,Nagpur,Maharashtra,Agriculture,Others,NA,,,,OK
6a040808e4b07cca579d96f9,LANG DATA SOLUTIONS PRIVATE LIMITED,DIPP261145,RECOGNISED,U62099ME2026PTC474634,Prototype,Nagpur,Maharashtra,IT Services,Product Development,NA,,,,OK
6a01e67de4b07cca579caae0,career wealth,DIPP260579,RECOGNISED,U78100MH2024PTC435160,Validation,Nagpur,Maharashtra,Education,Others,www.careerwealth.in,,,,OK
6a01d57ae4b07cca579ca3a2,JRST TECHNOLOGY LLP,DIPP260704,RECOGNISED,ACU-2289,EarlyTraction,Nagpur,Maharashtra,Technology Hardware,Semiconductor,https://www.jrsttechnology.com,,,,OK
6a016be6e4b07cca579bfeb5,MM WEALTH MULTIFARMING INDIA PRIVATE LIMITED,DIPP260522,RECOGNISED,U46302ME2026PTC474185,Prototype,Nagpur,Maharashtra,Agriculture,Animal Husbandry,NA,,,,OK
69fdce47e4b07cca579b27d7,GAUDHAN GAU SANSTHAN PRIVATE LIMITED,DIPP249476,RECOGNISED,U01499PN2025PTC247986,EarlyTraction,Nagpur,Maharashtra,Food & Beverages,Others,www.gaudhangauseva.com,,,,OK
69fdc7f2e4b07cca579b22d1,JAYSIS ISPAT PRIVATE LIMITED,DIPP248949,RECOGNISED,U28999MH2023PTC398083,EarlyTraction,Nagpur,Maharashtra,Construction,Construction & Engineering,jaysis.ai,,,,OK
69fdb610e4b07cca579b13c0,LOCATIONGURU TECHNOLOGIES PRIVATE LIMITED,DIPP247913,RECOGNISED,U62011MH2025PTC458975,EarlyTraction,Nagpur,Maharashtra,Enterprise Software,Enterprise Mobility,www.locationguru.com,,,,OK
69fdad85e4b07cca579b0df5,NETINSIGNIA CONSULTANT PRIVATE LIMITED,DIPP260146,RECOGNISED,U70200MH2025PTC453044,EarlyTraction,Nagpur,Maharashtra,Advertising,AdTech,https://theinsigniac.com/,,,,OK
69fc6eb5e4b07cca579a95a6,VIGILANT FORENSIC RESEARCH AND ANALYTICS PRIVATE LIMITED,DIPP259967,RECOGNISED,U69100PN2025PTC250064,Validation,Nagpur,Maharashtra,Security Solutions,Cyber Security,www.vigilantforensic.com,,,,OK
69fc4d52e4b07cca579a811e,ANYA SUPER GREENS PRIVATE LIMITED,DIPP259908,RECOGNISED,U47721MH2025PTC450671,EarlyTraction,Nagpur,Maharashtra,Agriculture,Food Processing,,,,,OK
69fb4208e4b07cca579a2653,ABHISHRI AGROTECH PRIVATE LIMITED,DIPP259827,RECOGNISED,U01611MH2025PTC460641,EarlyTraction,Nagpur,Maharashtra,Agriculture,Fisheries,,,,,OK
69fb3507e4b07cca579a2066,SAPTAK FOOD INDIA PRIVATE LIMITED,DIPP259805,RECOGNISED,U47219MH2024PTC430111,Validation,Nagpur,Maharashtra,Food & Beverages,Others,www.wisemeal.in,,,,OK
69fa1514e4b07cca5799c20d,VWX B2B (OPC) PRIVATE LIMITED,DIPP259625,RECOGNISED,U62012PN2025OPC238803,Scaling,Nagpur,Maharashtra,IT Services,Others,www.vwxb2b.site,,,,OK
69f9cfbce4b07cca5799a6c1,NARNAWARE GLOBAL TRADE PRIVATE LIMITED,DIPP259545,RECOGNISED,U46620MH2025PTC457834,Prototype,Nagpur,Maharashtra,Logistics,Others,,,,,OK
69f9c5e3e4b07cca5799a0f5,SOMOO PRIVATE LIMITED,DIPP259528,RECOGNISED,U47912ME2026PTC473456,Prototype,Nagpur,Maharashtra,Retail,Retail Technology,http://somoo.in/,,,,OK
69f9be76e4b07cca57999c57,INNORE LIGHTING PRIVATE LIMITED,DIPP259502,RECOGNISED,U74999MH2017PTC299319,EarlyTraction,Nagpur,Maharashtra,Architecture Interior Design,Others,www.innorelighting.com,,,,OK
69f8cbfee4b07cca57995fc9,VVBM STUDIOS (OPC) PRIVATE LIMITED,DIPP259389,RECOGNISED,U58201MH2024OPC434602,Scaling,Nagpur,Maharashtra,Media & Entertainment,Entertainment,,,,,OK
69f89bd3e4b07cca5799535b,ESLINK INFOCRAFT PRIVATE LIMITED,DIPP259370,RECOGNISED,U63990ME2026PTC474284,Prototype,Nagpur,Maharashtra,Technology Hardware,Electronics,,,,,OK
69f5ee88e4b07cca5798bb45,ICONIC MAHAVEER INFRA PRIVATE LIMITED,DIPP259169,RECOGNISED,U43900MH2025PTC451087,Validation,Nagpur,Maharashtra,Construction,Construction & Engineering,,,,,OK
69f5d659e4b07cca5798b14d,MEDANOVA HEALTHTECH PRIVATE LIMITED,DIPP259137,RECOGNISED,U32509MH2025PTC464092,Validation,Nagpur,Maharashtra,Healthcare & Lifesciences,Healthcare Technology,"www,medanova.in",,,,OK
69f5c978e4b07cca5798ad0a,Indify Horizon HET Hydrogen Pvt Ltd,DIPP258284,RECOGNISED,U29209MH2023PTC400951,Validation,Nagpur,Maharashtra,Renewable Energy,Manufacture of Electrical Equipment,,,,,OK
69f5c25ae4b07cca5798a9f2,BHARAT HYDRO-FLUIDS LLP,DIPP259116,RECOGNISED,ACX-7110,Prototype,Nagpur,Maharashtra,Renewable Energy,Manufacture of Machinery and Equipment,,,,,OK
69f5b236e4b07cca5798a3d6,ORBSDIO PRIVATE LIMITED,DIPP259101,RECOGNISED,U62011ME2026PTC473819,Prototype,Nagpur,Maharashtra,IT Services,Product Development,"www.orbsdio.com , www.rento.life",,,,OK
69f4a010e4b07cca5798704a,VISHVAI TRADECOM (OPC) PRIVATE LIMITED,DIPP259040,RECOGNISED,U70200MH2024OPC425545,Validation,Nagpur,Maharashtra,Professional & Commercial Services,Others,www.vishvasetu.in ,,,,OK
69f4869ce4b07cca579863c3,PSYCHMITRA WELLNESS LLP,DIPP258998,RECOGNISED,ACV-0974,EarlyTraction,Nagpur,Maharashtra,Healthcare & Lifesciences,Healthcare Technology,,,,,OK
69f3500ee4b07cca5797f925,NEXBIGTECH INNOVATIONS PRIVATE LIMITED,DIPP258863,RECOGNISED,U62099PN2025PTC244824,Validation,Nagpur,Maharashtra,Enterprise Software,Enterprise Mobility,,,,,OK
69f328c6e4b07cca5797ccef,JERRIX TOYS PRIVATE LIMITED,DIPP258767,RECOGNISED,U32409MH2025PTC457018,Prototype,Nagpur,Maharashtra,Toys and Games,Physical Toys and Games,,,,,OK
69f23567e4b07cca579752e3,SHIVINFINIUM ENGINEERINGPROJECTS PRIVATE LIMITED,DIPP258582,RECOGNISED,U74909MH2024PTC431951,Prototype,Nagpur,Maharashtra,Construction,Construction & Engineering,,,,,OK
69f1e63fe4b07cca57971301,INFRAASSUREX PRIVATE LIMITED,DIPP258121,RECOGNISED,U46630ME2026PTC474079,Validation,Nagpur,Maharashtra,Construction,Construction Materials,,,,,OK
69f1a792e4b07cca5796db74,PRIVACY ON AI LABS PRIVATE LIMITED,DIPP258030,RECOGNISED,U62099ME2026PTC474187,Validation,Nagpur,Maharashtra,AI,NLP,Privacyonai.com,,,,OK
69f1a46fe4b07cca5796d8b2,ARKSIMPLIFIQ PRIVATE LIMITED,DIPP258024,RECOGNISED,U70200MH2025PTC464150,Prototype,Nagpur,Maharashtra,Construction,Others,,,,,OK
69f1a222e4b07cca5796d6c9,GREEN DRYING SOLUTION LLP,DIPP258019,RECOGNISED,ACU-1427,Prototype,Nagpur,Maharashtra,Agriculture,Others,,,,,OK
69f0a170e4b07cca5796936c,ASHRASPIRU BIOTECH PRIVATE LIMITED,DIPP257922,RECOGNISED,U03213ME2026PTC474301,Validation,Nagpur,Maharashtra,Healthcare & Lifesciences,Pharmaceutical,,,,,OK
69f08586e4b07cca57967e6c,SRUSHTI TATVA INDIA PRIVATE LIMITED,DIPP257845,RECOGNISED,U10300MH2025PTC451646,EarlyTraction,Nagpur,Maharashtra,Healthcare & Lifesciences,Others,www.srushtitatva.com,,,,OK
69f06a04e4b07cca57966951,KAMALGANGA VENTURES PRIVATE LIMITED,DIPP257782,RECOGNISED,U85499MH2025PTC460263,Prototype,Nagpur,Maharashtra,Education,Skill Development,,,,,OK
69ef3bfce4b07cca5795f5b2,BOTANIK ROOTS PRIVATE LIMITED,DIPP244665,RECOGNISED,U01611MH2026PTC467386,Prototype,Nagpur,Maharashtra,Agriculture,Others,BOTANIK ROOTS PRIVATE LIMITED!,,,,OK
69ef26dae4b07cca5795e133,KINFINITEE DIGITEC PRIVATE LIMITED,DIPP257100,RECOGNISED,U62011ME2026PTC474177,Prototype,Nagpur,Maharashtra,Finance Technology,Others,,,,,OK
69ec96d0e4b07cca5795410f,A FINERI 5 LLP,DIPP257315,RECOGNISED,ACS-9001,EarlyTraction,Nagpur,Maharashtra,Textiles & Apparel,Apparel & Accessories,www.fineriluxe.com,,,,OK
69ea5649e4b07cca579484ae,KALBENDE WELFARE FOUNDATION,DIPP256973,RECOGNISED,U88900MH2024NPL433659,Validation,Nagpur,Maharashtra,Social Impact,NGO,,,,,OK
69e5f326e4b0e7f6cc6092f5,COHR TALENT MANAGEMENT PRIVATE LIMITED,DIPP256375,RECOGNISED,U78200MH2025PTC451003,EarlyTraction,Nagpur,Maharashtra,Human Resources,Talent Management,cohr.in,,,,OK
69e21907e4b03a7d725623b9,CONSTRUCT CRAZE INFRA AND SOLAR PRIVATE LIMITED,DIPP256104,RECOGNISED,U43222MH2025PTC454125,Prototype,Nagpur,Maharashtra,Construction,New-age Construction Technologies,,,,,OK
69e216c2e4b03a7d72562241,RANISATI RESOURCE PRIVATE LIMITED,DIPP256099,RECOGNISED,U20119MH2025PTC441497,Prototype,Nagpur,Maharashtra,Renewable Energy,Renewable Energy Solutions,,,,,OK
69e204cce4b03fe8db9aff45,JAI MALHAR HUMAN CAPITAL PRIVATE LIMITED,DIPP256069,RECOGNISED,U78100MH2024PTC416552,EarlyTraction,Nagpur,Maharashtra,Human Resources,Recruitment Jobs,https://jaimalhar.netlify.app/,,,,OK
69e10b33e4b03fe8db9abb80,CFOSYNC AI PRIVATE LIMITED,DIPP231272,RECOGNISED,U69202MH2025PTC457923,EarlyTraction,Nagpur,Maharashtra,AI,Others,www.cfosyncai.com,,,,OK
69df7eb5e4b03fe8db9a25fb,VERTISTEPZ PARKON PRIVATE LIMITED,DIPP258325,RECOGNISED,U43219MH2025PTC454758,Prototype,Nagpur,Maharashtra,Construction,Construction & Engineering,,,,,OK
69df1328e4b03fe8db99ebf1,BITBLOCK INTERNATIONAL PRIVATE LIMITED,DIPP255669,RECOGNISED,U82990ME2026PTC473990,Prototype,Nagpur,Maharashtra,Professional & Commercial Services,Business Support Services,https://www.bitblockinternational.com,,,,OK
69dcc922e4b0eb7de192d97f,JAMP INDUSTRIES,DIPP258286,RECOGNISED,27AANFJ3556D1Z9,Scaling,Nagpur,Maharashtra,Chemicals,Specialty Chemicals,https://www.jampindustries.com/home,,,,OK
69dcbe2fe4b0eb7de192d2b4,POLIREX CHEMICALS PRIVATE LIMITED,DIPP255364,RECOGNISED,U20290MH2025PTC459325,Prototype,Nagpur,Maharashtra,Chemicals,Specialty Chemicals,,,,,OK
69d92649e4b0147adf7aea59,GOSATTVA FARMS AND FOODS PRIVATE LIMITED,DIPP255096,RECOGNISED,U10500MH2026PTC467567,Prototype,Nagpur,Maharashtra,Agriculture,Dairy Farming,,,,,OK
69d7b0c1e4b086835f217ff1,BATFLAP TECH PRIVATE LIMITED,DIPP254929,RECOGNISED,U26109MH2024PTC424407,EarlyTraction,Nagpur,Maharashtra,Technology Hardware,Electronics,https://www.kitkraft.in ,,,,OK
69d5e9fbe4b0eeff63094720,DECCAN SPATIAL CONSULTANCY LLP,DIPP258221,RECOGNISED,ACL-9645,Validation,Nagpur,Maharashtra,Analytics,Data Science,https://deccanspatial.com/#,,,,OK
69d3b454e4b0eeff6308b973,VERTEX GOVERNANCE &amp; INFRA PRIVATE LIMITED,DIPP254377,RECOGNISED,U78300ME2026PTC473621,Validation,Nagpur,Maharashtra,Renewable Energy,Renewable Energy Solutions,NA,,,,OK
69d3725ce4b03eeefb81169f,VEDANT SURGICAL PRIVATE LIMITED,DIPP254286,RECOGNISED,U46596MH2023PTC398861,Validation,Nagpur,Maharashtra,Healthcare & Lifesciences,Others,VEDANT SURGICAL PRIVATE LIMITED,,,,OK
69d35e32e4b03eeefb810bb4,BARTERLY TECHNOLOGIES PRIVATE LIMITED,DIPP254267,RECOGNISED,U63999MH2025PTC463989,Prototype,Nagpur,Maharashtra,Marketing,Others,,,,,OK
69d268fde4b03eeefb80dd43,COGNETIX GLOBAL TECHNOLOGY LLP,DIPP254219,RECOGNISED,ACV-1375,Scaling,Nagpur,Maharashtra,IT Services,IT Consulting,cognetixtechnology.co.in,,,,OK
69d1139ae4b03eeefb80a7cd,MANTRAM FAB,DIPP254636,RECOGNISED,NG000007600,Scaling,Nagpur,Maharashtra,Textiles & Apparel,Apparel & Accessories,,,,,OK
69ce6182e4b03eeefb7ff73a,NABHAM TECH PRIVATE LIMITED,DIPP258163,RECOGNISED,U62090ME2026PTC473702,Prototype,Nagpur,Maharashtra,Analytics,Data Science,WWW.NABHAM.TECH,,,,OK
69ccfd34e4b0c26a54714bae,AUCTWARE TECHNOLOGIES PRIVATE LIMITED,DIPP253626,RECOGNISED,U62099ME2026PTC474086,Prototype,Nagpur,Maharashtra,AI,Machine Learning,,,,,OK
69cceebae4b0c26a54714262,S2P EDUTECH PRIVATE LIMITED,DIPP253588,RECOGNISED,U93090MH2017PTC293054,Scaling,Nagpur,Maharashtra,Education,Coaching,https://s2pedutech.com,,,,OK
69cc14f0e4b0c26a547102df,ORGABIA PRIVATE LIMITED,DIPP253491,RECOGNISED,U46909ME2026PTC474160,EarlyTraction,Nagpur,Maharashtra,Agriculture,Food Processing,Under Development,,,,OK
69cbc142e4b0c26a5470dc35,AYODHYA NIRMAN PRIVATE LIMITED,DIPP253448,RECOGNISED,U45309MH2020PTC344754,Prototype,Nagpur,Maharashtra,Construction,Construction & Engineering,,,,,OK
69cbaf1be4b0c26a5470cca7,SILICON INGOT TECHNOLOGY LLP,DIPP253407,RECOGNISED,ACT-7365,EarlyTraction,Nagpur,Maharashtra,Technology Hardware,Semiconductor,https://siliconingottechnology.com/,,,,OK
69cb92e4e4b0c26a5470ae77,SAFECARE GASOLINE PRIVATE LIMITED,DIPP253337,RECOGNISED,U11201MH2019PTC330534,EarlyTraction,Nagpur,Maharashtra,Other Specialty Retailers,Others,NA,,,,OK
69c9e6cde4b0c26a546fc8da,AVENAA HOSPITALITY MANAGEMENT PRIVATE LIMITED,DIPP243637,RECOGNISED,U55101MH2026PTC466811,Prototype,Nagpur,Maharashtra,Travel & Tourism,Hospitality,NA,,,,OK
69c9e638e4b0c26a546fc8ce,PAYSONIC TECHNOLOGIES PRIVATE LIMITED,DIPP192866,RECOGNISED,U62020MH2024PTC436305,Prototype,Nagpur,Maharashtra,Finance Technology,Payment Platforms,,,,,OK
69c785d8e4b0c26a546f276e,WEBARTIFACTS PRIVATE LIMITED,DIPP252834,RECOGNISED,U58200MH2025PTC441930,Validation,Nagpur,Maharashtra,IT Services,Web Development, https://webartifacts.in,,,,OK
69c676e2e4b0c26a546eb8e4,MILLIMETERCHIPS PRIVATE LIMITED,DIPP252728,RECOGNISED,U72900MH2020PTC342690,Validation,Nagpur,Maharashtra,Telecommunication & Networking,Wireless,www.millimeterchips.co.in,,,,OK
69c647bee4b0c26a546e8f32,CARELY FOODS PRIVATE LIMITED,DIPP252616,RECOGNISED,U47219MH2025PTC448222,Validation,Nagpur,Maharashtra,Food & Beverages,Food Processing,www.carelyfoods.com,,,,OK
69c52555e4b0c26a546e0786,MECHHELP TECHNOLOGIES PRIVATE LIMITED,DIPP252456,RECOGNISED,U45403ME2026PTC473986,EarlyTraction,Nagpur,Maharashtra,Automotive,Others,https://www.mechhelp.in/,,,,OK
69c4ef51e4b0c26a546dd0fd,ULHAS ENTERPRISES PRIVATE LIMITED,DIPP252319,RECOGNISED,U42909MH2025PTC463816,Validation,Nagpur,Maharashtra,Construction,New-age Construction Technologies,NIL,,,,OK
69c4e3e5e4b0c26a546dc76d,ATONIX ARTWORKS PRIVATE LIMITED,DIPP252293,RECOGNISED,U82300PN2025PTC249666,Prototype,Nagpur,Maharashtra,IT Services,Others,,,,,OK
69c4d135e4b0c26a546db223,AGRINOVA SYSTEMS PRIVATE LIMITED,DIPP252239,RECOGNISED,U01611ME2026PTC473649,Prototype,Nagpur,Maharashtra,Agriculture,Agri-Tech,,,,,OK
69c2c2a8e4b0b7e5b733b0e0,MAXVANIJA GLOBAL INDIA PRIVATE LIMITED,DIPP252068,RECOGNISED,U46593MH2025PTC462751,Scaling,Nagpur,Maharashtra,Retail,Comparison Shopping,https://anoracraft.com,,,,OK
69c22a3fe4b0b7e5b7332002,MAAGNUM METALOGY PRIVATE LIMITED,DIPP251851,RECOGNISED,U07100MH2026PTC465124,Prototype,Nagpur,Maharashtra,Waste Management,Others,,,,,OK
69c1273be4b0b7e5b732b056,VIDHYAISHWAR HEALTHCARE AND PHARMACEUTICALS PRIVATE LIMITED,DIPP251754,RECOGNISED,U21002MH2025PTC449565,EarlyTraction,Nagpur,Maharashtra,Healthcare & Lifesciences,Pharmaceutical,https://www.falconebiz.com/,,,,OK
69be9fc2e4b0b7e5b7318965,KAILIEN SKINCARE PRIVATE LIMITED,DIPP250975,RECOGNISED,U20237MH2026PTC465672,Prototype,Nagpur,Maharashtra,Healthcare & Lifesciences,Health & Wellness,,,,,OK
69be62b7e4b0b7e5b7315f1b,MACTAL LABS PRIVATE LIMITED,DIPP251385,RECOGNISED,U71200MH2025PTC450991,EarlyTraction,Nagpur,Maharashtra,Chemicals,Others,mactal-labs.com,,,,OK
69bbf4d2e4b0b7e5b72ffba9,SKAND INDUSTRIES PRIVATE LIMITED,DIPP251091,RECOGNISED,U26309MH2026PTC466011,Validation,Nagpur,Maharashtra,Aeronautics Aerospace & Defence,Drones,N/A,,,,OK
69ba6e62e4b0b7e5b72f5551,GRADUATE CAMPUS SWAP PRIVATE LIMITED,DIPP250854,RECOGNISED,U47912MH2026PTC468291,EarlyTraction,Nagpur,Maharashtra,Social Network,Others,https://campus-swap.com,,,,OK
69b947c7e4b0b7e5b72ef38b,BANS LIFESTYLE PRIVATE LIMITED,DIPP250590,RECOGNISED,U47711MH2026PTC466483,Validation,Nagpur,Maharashtra,Retail,Others,NA,,,,OK
69b93631e4b0b7e5b72ee684,THINNESTAI PRIVATE LIMITED,DIPP250544,RECOGNISED,U63111ME2026PTC473725,Prototype,Nagpur,Maharashtra,Indic Language Startups,Natural Language Processing,,,,,OK
69b7b8b2e4b0b7e5b72e4844,ONEBYZ TECH PRIVATE LIMITED,DIPP250183,RECOGNISED,U62013MH2024PTC433149,Prototype,Nagpur,Maharashtra,Healthcare & Lifesciences,Others,,,,,OK
69b799cfe4b0b7e5b72e31e6,DELULU VENTURES LLP,DIPP250142,RECOGNISED,ACQ-9504,Prototype,Nagpur,Maharashtra,AI,NLP,https://deluluventures.com/,,,,OK
69b5bed6e4b0b7e5b72ddb16,HIND CONSULTING AND ENGINEERING PRIVATE LIMITED,DIPP250082,RECOGNISED,U74909MH2026PTC467594,EarlyTraction,Nagpur,Maharashtra,Aeronautics Aerospace & Defence,Defence Equipment,www.hindce.com,,,,OK
69b59039e4b0b7e5b72dd2d3,AVIANYA AI PRIVATE LIMITED,DIPP250077,RECOGNISED,U62011ME2026PTC473683,Validation,Nagpur,Maharashtra,AI,Machine Learning,https://avianya.com,,,,OK
69b11217e4b0b7e5b72c6df8,A73,DIPP249221,RECOGNISED,ACP-6404,Validation,Nagpur,Maharashtra,Fashion,Apparel,www.A73.in,,,,OK
69b10b05e4b0b7e5b72c6968,LAND'S END RESORTS PRIVATE LIMITED,DIPP249224,RECOGNISED,U68200MH2025PTC464065,Prototype,Nagpur,Maharashtra,Travel & Tourism,Experiential Travel,,,,,OK
69b10596e4b0b7e5b72c6687,DLEVER TECHNOLOGIES PRIVATE LIMITED,DIPP249215,RECOGNISED,U62099MH2026PTC468269,Prototype,Nagpur,Maharashtra,AI,Others,,,,,OK
69b0fd41e4b0b7e5b72c615c,ORQIXA INFOTECH LLP,DIPP249200,RECOGNISED,ACV-6919,Prototype,Nagpur,Maharashtra,IT Services,Others,https://orqixainfotech.com/,,,,OK
69b0f28ae4b0b7e5b72c5b5f,ENSCUREX SOFTWARE PRIVATE LIMITED,DIPP249188,RECOGNISED,U71200MH2025PTC437792,EarlyTraction,Nagpur,Maharashtra,Enterprise Software,Others,https://www.google.com,,,,OK
69affc7ee4b0b7e5b72c24de,PLANITT SOLUTIONS PRIVATE LIMITED,DIPP249094,RECOGNISED,U66309MH2026PTC465449,EarlyTraction,Nagpur,Maharashtra,Finance Technology,Advisory,https://www.planitt.in/,,,,OK
69affb96e4b0b7e5b72c242c,ANGELSAI TECHNOLOGIES PRIVATE LIMITED,DIPP249089,RECOGNISED,U62011MH2025PTC464103,EarlyTraction,Nagpur,Maharashtra,IT Services,Application Development,https://www.angels-ai.com/,,,,OK
69aec321e4b0b7e5b72bb8ac,PAN MEDIA SOLUTION,DIPP256463,RECOGNISED,4.65E+12,Validation,Nagpur,Maharashtra,Advertising,AdTech,www.panmediasolution.com/,,,,OK
69aea5ebe4b0b7e5b72ba75f,FALCON BUILDSYS STRUCTURES (OPC) PRIVATE LIMITED,DIPP248867,RECOGNISED,U25112MH2025OPC459336,EarlyTraction,Nagpur,Maharashtra,Construction,Construction & Engineering,NA,,,,OK
69ae78ace4b0b7e5b72b89d1,COMFORT VENTURES (OPC) PRIVATE LIMITED,DIPP248771,RECOGNISED,U70200MH2025OPC460411,Prototype,Nagpur,Maharashtra,Human Resources,Recruitment Jobs,,,,,OK
69ae53fee4b0b7e5b72b71ed,PIXCY TRADELINK LLP,DIPP248710,RECOGNISED,ACT-3913,Prototype,Nagpur,Maharashtra,Technology Hardware,Electronics,,,,,OK
69ac2434e4b0b7e5b72b102c,FINVISE AI TECH PRIVATE LIMITED,DIPP248649,RECOGNISED,U62099MH2026PTC464721,Validation,Nagpur,Maharashtra,Finance Technology,Personal Finance,https://www.finviseai.com/,,,,OK
69abdeace4b0b7e5b72aec3a,LOGISTIKAS LOGISOL GLOBAL PRIVATE LIMITED,DIPP248549,RECOGNISED,U52290MH2025PTC444017,Scaling,Nagpur,Maharashtra,Transportation & Storage,Freight & Logistics Services,https://logistikaslogisol.com,,,,OK
69aa89afe4b0b7e5b72a6cc8,INFRATECH CONSTRUCTION & CONSULTANCY SERVICES,DIPP258905,RECOGNISED,NG000007505,Scaling,Nagpur,Maharashtra,Professional & Commercial Services,Others,https://infratech.co.in/index.html,,,,OK
69aa871ce4b0b7e5b72a6b57,TEKSYS SERVICES PRIVATE LIMITED,DIPP248313,RECOGNISED,U62091MH2025PTC460366,EarlyTraction,Nagpur,Maharashtra,IT Services,Product Development,https://teksys-services.com/,,,,OK
69a969aae4b0b7e5b72a19a0,SMART TAX &amp; FINANCIAL SOLUTIONS (OPC) PRIVATE LIMITED,DIPP248127,RECOGNISED,U69200ME2026OPC473511,Validation,Nagpur,Maharashtra,Finance Technology,Advisory,NA,,,,OK
69a5bec4e4b0b7e5b72928c3,JAGTAP PATIL POULTRY FARM AND RESORT PRIVATE LIMITED,DIPP247738,RECOGNISED,U55101PN2026PTC250586,Prototype,Nagpur,Maharashtra,Travel & Tourism,Experiential Travel,,,,,OK
69a2dedbe4b0b7e5b7284f6b,SUNVED ENERGY PRIVATE LIMITED,DIPP240308,RECOGNISED,U35105MH2025PTC447305,Validation,Nagpur,Maharashtra,Construction,Construction & Engineering,bajpan04@gmail.com,,,,OK
69a2d21ce4b0b7e5b7284830,REDINIUM TECHNOLOGIES PRIVATE LIMITED,DIPP247447,RECOGNISED,U30305MH2025PTC456875,Validation,Nagpur,Maharashtra,Aeronautics Aerospace & Defence,Drones,https://www.aerionix.in/,,,,OK
69a2c904e4b0b7e5b728420f,CHATSPUB VENTURES (OPC) PRIVATE LIMITED,DIPP240110,RECOGNISED,U62011PN2025OPC249146,EarlyTraction,Nagpur,Maharashtra,Professional & Commercial Services,Others,https://play.google.com/store/apps/details?id=com.chatspubventures.chatspub,,,,OK
69a2b17ee4b0b7e5b72830ac,EDILD MEDEECARE PRIVATE LIMITED,DIPP238152,RECOGNISED,U21009MH2025PTC442813,Prototype,Nagpur,Maharashtra,Healthcare & Lifesciences,Pharmaceutical,,,,,OK
69a28d06e4b0b7e5b72817b7,CHEMKIND INDUSTRIES LLP,DIPP247313,RECOGNISED,ACC-8487,EarlyTraction,Nagpur,Maharashtra,Chemicals,Specialty Chemicals,NO,,,,OK
69a18108e4b0b7e5b727bde9,SSK AUTOTECH INDIA PRIVATE LIMITED,DIPP247000,RECOGNISED,U29302ME2026PTC473427,Prototype,Nagpur,Maharashtra,Automotive,Others,,,,,OK
69a180bde4b0b7e5b727bd41,KALPAVASTU BUILDCON PRIVATE LIMITED,DIPP246986,RECOGNISED,U46639MH2026PTC467677,Prototype,Nagpur,Maharashtra,Construction,Construction & Engineering,,,,,OK
69a17f27e4b0b7e5b727ba06,SOUVIY GREEN PRIVATE LIMITED,DIPP246913,RECOGNISED,U35105MH2025PTC455226,Validation,Nagpur,Maharashtra,Renewable Energy,Renewable Solar Energy,NA,,,,OK
69a17b97e4b0b7e5b727b3d5,ADCEL AI PRIVATE LIMITED,DIPP246751,RECOGNISED,U62099MH2026PTC466090,Validation,Nagpur,Maharashtra,Marketing,Sales,www.adceleration.co,,,,OK
69a17a97e4b0b7e5b727b21d,RANK AI PRIVATE LIMITED,DIPP246706,RECOGNISED,U62011PN2026PTC252077,Prototype,Nagpur,Maharashtra,AI,Machine Learning,https://www.atomrank.in/,,,,OK
699eacdee4b0b7e5b7266ba0,Webdock Studios LLP,DIPP246513,RECOGNISED,ACU-6058,Scaling,Nagpur,Maharashtra,IT Services,Web Development,www.webdockstudios.com,,,,OK
699d74f7e4b0b7e5b725db90,SHREE JKR SALES PRIVATE LIMITED,DIPP246378,RECOGNISED,U46632MH2024PTC427416,Prototype,Nagpur,Maharashtra,Construction,Construction Materials,,,,,OK
699d5d2ce4b0b7e5b725c4d8,AGRIAQUA ORGANICS LLP,DIPP246329,RECOGNISED,ACU-0896,Prototype,Nagpur,Maharashtra,Biotechnology,Others,,,,,OK
699c53dae4b0a68b6c7eab5d,CLIPCRAFTERZZ LLP,DIPP246055,RECOGNISED,ACV-3115,Validation,Nagpur,Maharashtra,Education,Skill Development,NIL,,,,OK
699c39c0e4b0a68b6c7e9176,SHRIRAMPYAREE TOUGHFERRIN PRIVATE LIMITED,DIPP246016,RECOGNISED,U46103MH2025PTC459525,Validation,Nagpur,Maharashtra,Construction,Construction Materials,https://www.falconebiz.com/company/SHRIRAMPYAREE-TOUGHFERRIN-PRIVATE-LIMITED-U46103MH2025PTC459525,,,,OK
699c04e4e4b0a68b6c7e44de,ROAM HOSPITALITY PRIVATE LIMITED,DIPP245978,RECOGNISED,U55101MH2025PTC461307,EarlyTraction,Nagpur,Maharashtra,Travel & Tourism,Hospitality,https://roamshospitality.com/,,,,OK
69998118e4b0a68b6c7d4591,SLURP DADDY LLP,DIPP245838,RECOGNISED,ACQ-2179,EarlyTraction,Nagpur,Maharashtra,Food & Beverages,Food Processing,No Website ,,,,OK
6997ed62e4b0a68b6c7c852a,SHINEONCAR AUTOCARE PRIVATE LIMITED,DIPP245566,RECOGNISED,U45200MH2025PTC449254,EarlyTraction,Nagpur,Maharashtra,Professional & Commercial Services,Others,https://shineoncar.com/ ,,,,OK
6995b2c2e4b0a68b6c7b7ab6,PECSA ROBOTICS PRIVATE LIMITED,DIPP245216,RECOGNISED,U62099PN2025PTC238617,EarlyTraction,Nagpur,Maharashtra,Robotics,Robotics Technology,https://www.pecsa.co.in/,,,,OK
69959e08e4b0a68b6c7b64b8,TAYRO WEALTH PRIVATE LIMITED,DIPP245163,RECOGNISED,U66190PN2025PTC249794,Prototype,Nagpur,Maharashtra,Finance Technology,Personal Finance,,,,,OK
699450dde4b0a68b6c7aa53a,CELERIS VENTURE SYSTEMS PRIVATE LIMITED,DIPP244900,RECOGNISED,U62090MH2026PTC466224,Prototype,Nagpur,Maharashtra,AI,Others,http://celerisventures.ai/,,,,OK
69941adfe4b0a68b6c7a6a0a,NAGPUR GREEN GOLD VENTURES PRIVATE LIMITED,DIPP244726,RECOGNISED,U43900MH2025PTC459594,Prototype,Nagpur,Maharashtra,Real Estate,Others,,,,,OK
6994185fe4b0a68b6c7a67d8,TOPS MANAGEMENT SERVICES (OPC) PRIVATE LIMITED,DIPP244713,RECOGNISED,U78100MH2025OPC463764,Scaling,Nagpur,Maharashtra,Human Resources,Others,WWW.TOPSMANAGEMENT.COM,,,,OK
6990aeede4b0a68b6c7a2643,BOFFIN META LLP,DIPP244620,RECOGNISED,ACU-6463,Validation,Nagpur,Maharashtra,IT Services,IT Consulting,BOFFINMETA.COM,,,,OK
699089e4e4b0a68b6c7a153c,ASTERLOGIC PRIVATE LIMITED,DIPP244536,RECOGNISED,U62020MH2026PTC465526,Validation,Nagpur,Maharashtra,Security Solutions,Cyber Security,www.asterlogic.in,,,,OK
699089b2e4b0a68b6c7a14e8,SAKII TRAINING PRIVATE LIMITED,DIPP244528,RECOGNISED,U85490MH2026PTC466688,Prototype,Nagpur,Maharashtra,Education,Skill Development,,,,,OK
698df049e4b0a68b6c78ff21,ASHIRWAD PLASTINDIA PRIVATE LIMITED,DIPP244234,RECOGNISED,U25209MH2020PTC346258,EarlyTraction,Nagpur,Maharashtra,Other Specialty Retailers,Others,NONE,,,,OK
698d9569e4b0a68b6c78c634,ENTUJN FOOD TECH PRIVATE LIMITED,DIPP244090,RECOGNISED,U56290MH2024PTC422099,EarlyTraction,Nagpur,Maharashtra,IT Services,Product Development,https://burrfy.com/,,,,OK
698c0a83e4b0a68b6c77fcbc,IMMVERSEAI LABS PRIVATE LIMITED,DIPP230078,RECOGNISED,U46512MH2025PTC455433,Prototype,Nagpur,Maharashtra,AI,Machine Learning,,,,,OK
698b5e47e4b0a68b6c77cf1b,CLUBWIZ LLP,DIPP243792,RECOGNISED,ACQ-2559,Prototype,Nagpur,Maharashtra,Media & Entertainment,Entertainment,,,,,OK
698b0f6fe4b0a68b6c779f63,JOGO OVERSEAS PRIVATE LIMITED,DIPP243696,RECOGNISED,U46309MH2025PTC456815,Prototype,Nagpur,Maharashtra,Agriculture,Others,NA,,,,OK
698af71ce4b0a68b6c7787ce,SHILPI ENGINEERS PRIVATE LIMITED,DIPP229808,RECOGNISED,U30923MH2025PTC456257,Prototype,Nagpur,Maharashtra,Renewable Energy,Manufacture of Machinery and Equipment,NA,,,,OK
698ae0dbe4b0a68b6c777628,DEVRATH INDUSTRIES PRIVATE LIMITED,DIPP243618,RECOGNISED,U16219MH2024PTC431451,Prototype,Nagpur,Maharashtra,Healthcare & Lifesciences,Others,,,,,OK
698ade5ce4b0a68b6c7773a4,ROUTEDGE SERVICES PRIVATE LIMITED,DIPP228452,RECOGNISED,U82920MH2025PTC437724,Validation,Nagpur,Maharashtra,Logistics,Others,www.routedge.com,,,,OK
6989c099e4b0a68b6c77045a,TECHDHVANI PRIVATE LIMITED,DIPP243473,RECOGNISED,U85500MH2025PTC453828,EarlyTraction,Nagpur,Maharashtra,Education,Education Technology,contact@careerdrishti.com,,,,OK
69897c72e4b0a68b6c76d002,AYUDO SOLUTIONS LLP,DIPP243360,RECOGNISED,ACR-2512,Prototype,Nagpur,Maharashtra,Robotics,Others,,,,,OK
698876f3e4b0a68b6c768c6c,TARENO TRADEX PRIVATE LIMITED,DIPP243316,RECOGNISED,U46309MH2025PTC461933,Prototype,Nagpur,Maharashtra,Healthcare & Lifesciences,Health & Wellness,,,,,OK
69873496e4b0a68b6c763ed9,VARNUEAI BUSINESS SOLUTIONS PRIVATE LIMITED,DIPP243251,RECOGNISED,U62020MH2025PTC456021,EarlyTraction,Nagpur,Maharashtra,IT Services,Product Development,www.varnueai.com,,,,OK
6985d315e4b0a68b6c75b8a1,AFPA INDIA PRIVATE LIMITED,DIPP243045,RECOGNISED,U80900MH2018PTC314465,Scaling,Nagpur,Maharashtra,Education,Coaching,www.afpa.in,,,,OK
6985b572e4b06a6c449f8e07,SHRIBABAJI RAGHAWMADHAW CONSTRUCTION PRIVATE LIMITED,DIPP242986,RECOGNISED,U43122MH2025PTC453737,Prototype,Nagpur,Maharashtra,Construction,Construction & Engineering,,,,,OK
698497c4e4b06a6c449f2d33,SARVADNYA AGRO PROCESSING &amp; ENGINEERING LLP,DIPP242875,RECOGNISED,AAU-3844,Prototype,Nagpur,Maharashtra,Professional & Commercial Services,Business Support Services,,,,,OK
69846deee4b06a6c449f0805,SIMPI CREATIVE TAILORS AND DESIGNERS PRIVATE LIMITED,DIPP242811,RECOGNISED,U14109MH2025PTC451294,Prototype,Nagpur,Maharashtra,Fashion,Lifestyle,https://simpitailors.com,,,,OK
698315b5e4b06a6c449e77bc,ATC POLYMERS PRIVATE LIMITED,DIPP242538,RECOGNISED,U22205MH2026PTC465730,EarlyTraction,Nagpur,Maharashtra,Textiles & Apparel,Others,https://www.google.com/,,,,OK
69820a0be4b06a6c449e1508,BIO AXIOM AGRO PRIVATE LIMITED,DIPP242431,RECOGNISED,U20129MH2026PTC464614,Validation,Nagpur,Maharashtra,Agriculture,Organic Agriculture,www.bioaxiomagro.com,,,,OK
6981c6e2e4b06a6c449de50f,SUPERNOVA INDUSTRIES PRIVATE LIMITED,DIPP242322,RECOGNISED,U20299MH2025PTC456519,Scaling,Nagpur,Maharashtra,Chemicals,Others,www.supernovaindustries.in,,,,OK
6980c63ae4b06a6c449d7bdd,ECOSYNC INNOVATIONS,DIPP244903,RECOGNISED,NG000007086,Validation,Nagpur,Maharashtra,Green Technology,Others,https://69803ba870ed2.site123.me/,,,,OK
69804d6fe4b06a6c449d23ec,ED-HANCED 360 PRIVATE LIMITED,DIPP242067,RECOGNISED,U85500MH2024PTC417779,EarlyTraction,Nagpur,Maharashtra,Education,Education Technology,edhanced360.com,,,,OK
698048efe4b06a6c449d1ee6,V7 DEFENCE INDUSTRIES PRIVATE LIMITED,DIPP242061,RECOGNISED,U28299PN2025PTC240982,Scaling,Nagpur,Maharashtra,Technology Hardware,Manufacturing,www.v7industries.com,,,,OK
697ddb2ee4b06a6c449c2c9b,TIFSTAY TECHNOLOGIES PRIVATE LIMITED,DIPP241918,RECOGNISED,U56290MH2025PTC460393,EarlyTraction,Nagpur,Maharashtra,Food & Beverages,Others,https://tifstay.com/,,,,OK
697dad2de4b06a6c449bfbe5,JAYSIS INTEGRATED ELECTRONICS AND OPTRONICS PRIVATE LIMITED,DIPP241872,RECOGNISED,U31900MH2022PTC381742,Validation,Nagpur,Maharashtra,Aeronautics Aerospace & Defence,Drones,jaysis.ai,,,,OK
697c9848e4b06a6c449b7b05,NAISHA LOGISTICS PRIVATE LIMITED,DIPP241763,RECOGNISED,U53200MH2025PTC454302,Prototype,Nagpur,Maharashtra,Transportation & Storage,Freight & Logistics Services,,,,,OK
697b1b81e4b06a6c449a933a,GOODGRUB NUTRITION PRIVATE LIMITED,DIPP241456,RECOGNISED,U10799MH2025PTC450712,Prototype,Nagpur,Maharashtra,Food & Beverages,Food Technology/Food Delivery,,,,,OK
697afccbe4b06a6c449a7a39,UNITRACK INDIA PRIVATE LIMITED,DIPP241415,RECOGNISED,U46596MH2026PTC466183,Scaling,Nagpur,Maharashtra,Healthcare & Lifesciences,Medical Devices Biomedical,unitrackindiaprivatelimited.com,,,,OK
697af2dbe4b06a6c449a7259,GVMURUGA ENTERPRISES PRIVATE LIMITED,DIPP241404,RECOGNISED,U46209MH2022PTC394377,Scaling,Nagpur,Maharashtra,Advertising,AdTech,https://gvmuruga.com/,,,,OK
6978c4a9e4b044f2fe9e9d5c,EASTVALE ENTERPRISES PRIVATE LIMITED,DIPP241169,RECOGNISED,U46305MH2025PTC461555,EarlyTraction,Nagpur,Maharashtra,Agriculture,Organic Agriculture,http://global-agro.in/,,,,OK
6978a730e4b0f466023da2ea,R TWO SOLUTIONS CLEANING SERVICES PRIVATE LIMITED,DIPP241140,RECOGNISED,U81210MH2025PTC444209,Prototype,Nagpur,Maharashtra,Chemicals,Others,,,,,OK
6976297fe4b00ffe144fa3b4,INTRAPLUS COMMUNICATION NETWORK PRIVATE LIMITED,DIPP240892,RECOGNISED,U61900MH2023PTC399026,Prototype,Nagpur,Maharashtra,IT Services,Others,,,,,OK
69746deae4b00ffe144f10d2,INFRAXON PRIVATE LIMITED,DIPP240717,RECOGNISED,U42102PN2025PTC249467,Prototype,Nagpur,Maharashtra,Construction,Construction & Engineering,,,,,OK
69746ad0e4b00ffe144f0dff,AAMCHI SPEEDWAY PRIVATE LIMITED,DIPP240708,RECOGNISED,U93120MH2025PTC452815,Prototype,Nagpur,Maharashtra,Education,Skill Development,,,,,OK
697376b6e4b00ffe144ec8a5,PRABHUPARASHUHASTA BUILDCON PRIVATE LIMITED,DIPP240648,RECOGNISED,U41001PN2026PTC250334,Prototype,Nagpur,Maharashtra,Construction,Construction Materials,,,,,OK
6971e080e4b0b9148d2fe817,SUSHUDHI DHARA SOLUTION,DIPP241577,RECOGNISED,NG000011465,Prototype,Nagpur,Maharashtra,Waste Management,Others,,,,,OK
6971bb33e4b0b9148d2fc9a0,SCOPEWIT SP.ZO.O TECHNOLOGIES PRIVATE LIMITED,DIPP240303,RECOGNISED,U62013MH2025PTC441032,Prototype,Nagpur,Maharashtra,Technology Hardware,Others,,,,,OK
696dc843e4b09f4058c5bccd,FINDAX DYNAMIC SOLUTIONS PRIVATE LIMITED,DIPP239548,RECOGNISED,U69202MH2025PTC457030,EarlyTraction,Nagpur,Maharashtra,IT Services,Product Development,www.findaxindia.com,,,,OK
696dc2c1e4b09f4058c5b7a0,S&amp;U WELFARE FOUNDATION,DIPP239539,RECOGNISED,U88900MH2025NPL464136,Prototype,Nagpur,Maharashtra,Social Impact,Others,,,,,OK
696cf989e4b09f4058c57b5a,AAIRR HEALTHCARE SERVICES PRIVATE LIMITED,DIPP239518,RECOGNISED,U86100PN2025PTC248203,Scaling,Nagpur,Maharashtra,Healthcare & Lifesciences,Healthcare Services,NA,,,,OK
696cf8f4e4b09f4058c57b0f,MADWORLD INNOVATIONS LLP,DIPP239514,RECOGNISED,ACU-1698,Scaling,Nagpur,Maharashtra,Healthcare & Lifesciences,Health & Wellness,NA,,,,OK
696cf320e4b09f4058c57833,RK INFRASTRUCTURE AND ENTERPRISES PRIVATE LIMITED,DIPP239493,RECOGNISED,U43900MH2025PTC458055,Prototype,Nagpur,Maharashtra,Construction,Construction & Engineering,,,,,OK
696a130ae4b0df7f2799d9b1,MAMTA BIORESOURCES LLP,DIPP239380,RECOGNISED,ACO-8065,EarlyTraction,Nagpur,Maharashtra,Renewable Energy,Renewable Energy Solutions,https://mamtabioresources.com,,,,OK
6967805ce4b0df7f2798f0e0,A16 INDUSTRIES PRIVATE LIMITED,DIPP239089,RECOGNISED,U26515MH2025PTC460120,EarlyTraction,Nagpur,Maharashtra,Aeronautics Aerospace & Defence,Drones,https://www.falconebiz.com/,,,,OK
696673a2e4b0df7f27989d7e,MAZI SHOP PRIVATE LIMITED,DIPP238996,RECOGNISED,U47912MH2025PTC462770,EarlyTraction,Nagpur,Maharashtra,IT Services,Product Development,mazishop.in,,,,OK
6964e209e4b0df7f2797f037,GLEAMRVS TECHSOLUTIONS LLP,DIPP238727,RECOGNISED,ACU-0073,Prototype,Nagpur,Maharashtra,IT Services,BPO,https://www.mewing.com,,,,OK
696494cee4b0df7f2797b3cb,HEALIO PHARMA PRIVATE LIMITED,DIPP238591,RECOGNISED,U21003MH2025PTC448034,EarlyTraction,Nagpur,Maharashtra,Biotechnology,Others,NOT AVAILABLE,,,,OK
69623bb4e4b0df7f27971517,PLSIX TELEPI PRIVATE LIMITED,DIPP238465,RECOGNISED,U85499PN2025PTC249601,Validation,Nagpur,Maharashtra,Education,Skill Development,NA,,,,OK
69620d43e4b0df7f2796f6fb,TRIMKART PRIVATE LIMITED,DIPP238395,RECOGNISED,U58200MH2025PTC459712,Validation,Nagpur,Maharashtra,IT Services,Application Development,www.trimkartworld.com,,,,OK
69609858e4b0df7f27966e94,UPCRAFT LEARNING PRIVATE LIMITED,DIPP238156,RECOGNISED,U78300MH2025PTC451719,Prototype,Nagpur,Maharashtra,Education,Skill Development,NA,,,,OK
695f6c41e4b06adb3eb697d9,NEXT LUXE SKINCARE LLP,DIPP237957,RECOGNISED,ACF-8320,EarlyTraction,Nagpur,Maharashtra,Healthcare & Lifesciences,Health & Wellness,www.nourishnectar.in,,,,OK
695d09c6e4b06adb3eb5bb9a,GLOGROW VENTURES PRIVATE LIMITED,DIPP237636,RECOGNISED,U32909PN2025PTC244547,Scaling,Nagpur,Maharashtra,Advertising,Others,https://glogo.in/,,,,OK
695caafee4b06adb3eb56c00,TEKNEX GLOBAL INNOVATIONS LLP,DIPP237497,RECOGNISED,ACI-3803,Validation,Nagpur,Maharashtra,Education,Education Technology,N/A,,,,OK
6958aa26e4b03cb054230c5b,OURORA EXPRESSIONS PRIVATE LIMITED,DIPP237113,RECOGNISED,U62099MH2025PTC462077,Prototype,Nagpur,Maharashtra,IT Services,Product Development,www.ourora.in,,,,OK
6957ae63e4b03cb05422d105,GAUTAM WORK FORCE PRIVATE LIMITED,DIPP237039,RECOGNISED,U78300MH2025PTC458570,Validation,Nagpur,Maharashtra,Construction,Others,gautamworkforceprivatelimited@gmail.com,,,,OK
6957891ce4b03cb05422b316,WILLCRAFT LEGACY PRIVATE LIMITED,DIPP236976,RECOGNISED,U69100MH2025PTC460307,Validation,Nagpur,Maharashtra,Professional & Commercial Services,Others,https://www.willcraft.co.in/,,,,OK
69575c1ae4b03cb054229965,MINDYOURLOGIC STUDIOS PRIVATE LIMITED,DIPP236936,RECOGNISED,U74999MH2018PTC317466,Scaling,Nagpur,Maharashtra,Education,Others,https://studios.mindyourlogic.com/,,,,OK
6954d3e8e4b03cb05422037d,SCALEX FINANCIAL SERVICES PRIVATE LIMITED,DIPP236699,RECOGNISED,U66190MH2025PTC456316,EarlyTraction,Nagpur,Maharashtra,Finance Technology,Advisory,https://scalexfinance.com/web/,,,,OK
6953a8dbe4b03cb05421a8f5,REWATI MEDINOX PRIVATE LIMITED,DIPP236565,RECOGNISED,U74999MH2019PTC323564,Scaling,Nagpur,Maharashtra,Healthcare & Lifesciences,Healthcare Services,NA,,,,OK
6952227de4b03cb054210f19,IMPORTECH SOLUTIONS LLP,DIPP236315,RECOGNISED,ACS-0654,Validation,Nagpur,Maharashtra,Renewable Energy,Renewable Energy Solutions,NA,,,,OK
695146dde4b03cb05420ded9,SATEROID INNOVATIONS PRIVATE LIMITED,DIPP236274,RECOGNISED,U62091MH2023PTC400004,Scaling,Nagpur,Maharashtra,AI,Machine Learning,www.sateroid.com,,,,OK
69503af7e4b03cb05420b543,AGENX TECH LLP,DIPP236247,RECOGNISED,ACQ-7551,EarlyTraction,Nagpur,Maharashtra,AI,Others,https://agenxtech.vercel.app/,,,,OK
694e6cd1e4b03cb054202f6c,MAHARASHTRA SILK ASSOCIATION,DIPP236014,RECOGNISED,U85499MH2023NPL412605,Prototype,Nagpur,Maharashtra,Agriculture,Others,www.msa.foundation,,,,OK
694d1561e4b03cb0541fd07f,UNIGLOBE INTERNATIONAL CREATIONS PRIVATE LIMITED,DIPP235887,RECOGNISED,U16210MH2025PTC458722,Validation,Nagpur,Maharashtra,Architecture Interior Design,Others,https://uniglobeinternationalcreations.com/,,,,OK
694bbfdce4b03cb0541f7841,SPS TRINITY AVIATION PRIVATE LIMITED,DIPP235725,RECOGNISED,U43900MH2025PTC447738,Prototype,Nagpur,Maharashtra,Aeronautics Aerospace & Defence,Aviation & Others,,,,,OK
694984dce4b03cb0541ecdfe,ARTIQULUS TECHNOLOGIES PRIVATE LIMITED,DIPP235410,RECOGNISED,U62099MH2024PTC431437,Validation,Nagpur,Maharashtra,Finance Technology,Business Finance,https://artiquluslabs.com,,,,OK
694904cce4b03cb0541e954f,ANYTIME FINCONSULT LLP,DIPP235272,RECOGNISED,ACS-4391,Prototype,Nagpur,Maharashtra,Finance Technology,Advisory,,,,,OK
694392f7e4b03cb0541d1e01,SATYABHAMA VIHAR PRIVATE LIMITED,DIPP234645,RECOGNISED,U42909MH2025PTC449547,Validation,Nagpur,Maharashtra,Real Estate,Housing,na,,,,OK
69428fdae4b03cb0541cd604,BISENSEAI PRIVATE LIMITED,DIPP234548,RECOGNISED,U62099PN2025PTC247932,Prototype,Nagpur,Maharashtra,AI,Others,,,,,OK
694149a6e4b03cb0541c6619,ANKERSTACK PRIVATE LIMITED,DIPP234373,RECOGNISED,U52219MH2025PTC455188,Scaling,Nagpur,Maharashtra,Other Specialty Retailers,Others,https://www.ankerstack.in/,,,,OK
694137cee4b03cb0541c5b85,SOZO ADVISORY PRIVATE LIMITED,DIPP234347,RECOGNISED,U66190MH2025PTC444597,Validation,Nagpur,Maharashtra,Finance Technology,Payment Platforms,https://www.thekeyy.com/,,,,OK
693fc50ae4b03cb0541bd5ae,RAGHUVANT BUILDCON PRIVATE LIMITED,DIPP234103,RECOGNISED,U42909MH2025PTC462156,Validation,Nagpur,Maharashtra,Construction,Construction & Engineering,NIL,,,,OK
693d5ad5e4b03cb0541b5c03,VISTAR FIBERLUX TECHNOLOGIES LLP,DIPP233997,RECOGNISED,ACQ-6723,Validation,Nagpur,Maharashtra,Telecommunication & Networking,Integrated communication services,NA,,,,OK
693c1af2e4b03cb0541b1029,KAALVAISH CLOTHING LLP,DIPP235374,RECOGNISED,ACG-4516,EarlyTraction,Nagpur,Maharashtra,Textiles & Apparel,Apparel & Accessories,https://www.kaalvaish.in/,,,,OK
693c1922e4b03cb0541b0f83,ENRICH GLOBAL XPORT,DIPP235375,RECOGNISED,NG000008151,EarlyTraction,Nagpur,Maharashtra,Logistics,Others,NA,,,,OK
693bcb21e4b03cb0541ae7d0,TROVANDO INNOVATIONS PRIVATE LIMITED,DIPP233787,RECOGNISED,U85499MH2025PTC446711,EarlyTraction,Nagpur,Maharashtra,AI,Machine Learning,https://searchtrovando.com,,,,OK
69394180e4b03cb0541a37c1,FUN AND JOY TOURS PRIVATE LIMITED,DIPP233440,RECOGNISED,U52291MH2025PTC460349,Validation,Nagpur,Maharashtra,Travel & Tourism,Facility Management,https://www.mca.gov.in/content/mca/global/en/mca/master-data/MDS/company-master-info.html,,,,OK
69391ceee4b03cb0541a273c,HI-DRONES PRIVATE LIMITED,DIPP233416,RECOGNISED,U26515MH2025PTC450133,Prototype,Nagpur,Maharashtra,Technology Hardware,Electronics,,,,,OK
693816cee4b03cb05419ecc6,JOSHNDOTS LLP,DIPP233335,RECOGNISED,ACS-8166,Validation,Nagpur,Maharashtra,Healthcare & Lifesciences,Health & Wellness,https://www.mca.gov.in/content/mca/global/en/mca/master-data/MDS/company-master-info.html,,,,OK
6936cd61e4b03cb05419906e,AARMAGEDDON ADVENTURES PRIVATE LIMITED,DIPP233118,RECOGNISED,U32909MH2025PTC439891,EarlyTraction,Nagpur,Maharashtra,Transportation & Storage,Passenger Transportation Services,https://aarmageddonadventures.com/,,,,OK
69358dd8e4b03cb0541935d0,TAIKOON'S EMS PRIVATE LIMITED,DIPP232956,RECOGNISED,U86909MH2025PTC457836,Prototype,Nagpur,Maharashtra,Healthcare & Lifesciences,Healthcare Technology,http://www.emsnova.org,,,,OK
69341c1ce4b03cb05418f1b3,GREEN RED CANDLE LLP,DIPP232894,RECOGNISED,ACN-6214,Scaling,Nagpur,Maharashtra,Education,Coaching,www.greenredcandle.com,,,,OK
6932c4c1e4b03cb05418999f,ENRICH N ENRICH PHARMA LLP,DIPP232734,RECOGNISED,AAS-5259,EarlyTraction,Nagpur,Maharashtra,Healthcare & Lifesciences,Health & Wellness,www.enrichnenrichpharma.com,,,,OK
69300a55e4b03cb05417cafd,MAA AMBIKA TRADING LLP,DIPP232312,RECOGNISED,ACS-9043,Validation,Nagpur,Maharashtra,Healthcare & Lifesciences,Healthcare Services,na,,,,OK
692fbedee4b03cb05417a289,SAHYAADRI BUILDCON TECHNO PRIVATE LIMITED,DIPP232240,RECOGNISED,U41001MH2025PTC461467,Prototype,Nagpur,Maharashtra,Construction,Construction & Engineering,,,,,OK
692f0060e4b03cb054178360,PRANCEVIA PRIVATE LIMITED,DIPP232196,RECOGNISED,U62011MH2025PTC461331,Validation,Nagpur,Maharashtra,IT Services,Project Management,pratiknande9921@gmail.com,,,,OK
692ec2cfe4b03cb0541769a3,HAVET AI PRIVATE LIMITED,DIPP232132,RECOGNISED,U62013MH2025PTC459197,Prototype,Nagpur,Maharashtra,IT Services,IT Management,https://www.havet.in/,,,,OK
692eb47fe4b03cb0541761f9,ANJANA GLOBEL PRIVATE LIMITED,DIPP233024,RECOGNISED,U85490MH2021PTC353683,EarlyTraction,Nagpur,Maharashtra,Retail,Others,NA,,,,OK
692ea47ae4b03cb0541759fa,ANVAYAAI TECHNOLOGIES PRIVATE LIMITED,DIPP232104,RECOGNISED,U30205MH2025PTC459855,Scaling,Nagpur,Maharashtra,Technology Hardware,Embedded,https://anvayaaitechnologies.com/,,,,OK
692e9779e4b03cb05417537a,GAVRANI GLOBAL PRIVATE LIMITED,DIPP232091,RECOGNISED,U68100MH2025PTC446680,Validation,Nagpur,Maharashtra,Real Estate,Others,https://www.mca.gov.in/content/mca/global/en/mca/master-data/MDS/company-master-info.html,,,,OK
692e7da9e4b03cb05417441d,YURIVA AI PRIVATE LIMITED,DIPP232060,RECOGNISED,U58200MH2025PTC461505,Prototype,Nagpur,Maharashtra,AI,Machine Learning,,,,,OK
692d89eae4b03cb0541710ed,VENDPOINT TECHNOLOGIES PRIVATE LIMITED,DIPP232005,RECOGNISED,U28299MH2025PTC455827,EarlyTraction,Nagpur,Maharashtra,Technology Hardware,Manufacturing,https://vendpoint.in/,,,,OK
692d7b1de4b03cb054170989,PLACE ASSURED CONSULTANTS PRIVATE LIMITED,DIPP231982,RECOGNISED,U45309MH2021PTC368776,Scaling,Nagpur,Maharashtra,Human Resources,Recruitment Jobs,www.placeassured.com,,,,OK
692ac9dde4b03cb05416673a,YANTRIFY TECHNOLOGIES PRIVATE LIMITED,DIPP231771,RECOGNISED,U26100MH2025PTC444024,Prototype,Nagpur,Maharashtra,Design,Others,NA,,,,OK
6929c564e4b03cb0541628f8,MOVENTRA LLP,DIPP231683,RECOGNISED,ACR-0843,Validation,Nagpur,Maharashtra,IT Services,Application Development,http://notexist.com,,,,OK
69296f39e4b03cb054160138,UMRED VERMI BHU VISION PRODUCER COMPANY LIMITED,DIPP231602,RECOGNISED,U01611MH2025PTC444073,Prototype,Nagpur,Maharashtra,Agriculture,Organic Agriculture,,,,,OK
692820e4e4b03cb05415894f,ELIXGEN SYSTEM MANAGEMENT PRIVATE LIMITED,DIPP231398,RECOGNISED,U47413MH2025PTC451904,Validation,Nagpur,Maharashtra,IT Services,Product Development,https://www.elixgen.com/,,,,OK
6927f00de4b03cb05415714a,GREEN BITE FOOD SERVICE PRIVATE LIMITED,DIPP231344,RECOGNISED,U56290PN2025PTC245401,Validation,Nagpur,Maharashtra,Food & Beverages,Food Technology/Food Delivery,NA,,,,OK
6926c779e4b03cb054152588,KALLSAIT WYAPAAR PRIVATE LIMITED,DIPP231203,RECOGNISED,U52290MH2025PTC453962,Scaling,Nagpur,Maharashtra,Construction,Construction Materials,NA,,,,OK
6926c688e4b03cb054152510,CELERIS VENTURES LLP,DIPP231200,RECOGNISED,ACR-7879,Prototype,Nagpur,Maharashtra,AI,Others,www.celerisventures.com,,,,OK
69245246e4b03cb054148330,VAT VRIKSH CONSTRUCTIONS PRIVATE LIMITED,DIPP230851,RECOGNISED,U78100MH2025PTC459043,Prototype,Nagpur,Maharashtra,Construction,Construction & Engineering,www.vatvrikshconstructions.com,,,,OK
691dd6e0e4b03cb05412f2b1,ITCT EDUCATION INDIA PRIVATE LIMITED,DIPP230169,RECOGNISED,U85499MH2025PTC459757,Prototype,Nagpur,Maharashtra,Education,Education Technology,www.itctedu.in,,,,OK
691c6668e4b03cb054128ab8,MEDIZONMED PRIVATE LIMITED,DIPP229992,RECOGNISED,U46497MH2025PTC453958,Prototype,Nagpur,Maharashtra,Healthcare & Lifesciences,Health & Wellness,,,,,OK
691c645be4b03cb0541289e3,DROPLETX PRIVATE LIMITED,DIPP229989,RECOGNISED,U11040MH2025PTC458378,Prototype,Nagpur,Maharashtra,Food & Beverages,Others,https://www.dropletx.com/,,,,OK
691c611de4b03cb05412880f,MIRAIYUSHUTSU GLOBAL VENTURE LLP,DIPP229982,RECOGNISED,ACQ-5559,EarlyTraction,Nagpur,Maharashtra,Professional & Commercial Services,Others,http://www.miraiyushutsu.com/,,,,OK
691c4fcee4b03cb054127df4,TFNXPRESS FOOD PRIVATE LIMITED,DIPP229954,RECOGNISED,U10618MH2025PTC460812,Prototype,Nagpur,Maharashtra,Food & Beverages,Food Technology/Food Delivery,NA,,,,OK
691c3eb9e4b03cb0541272c9,QUANTNEURAL PRIVATE LIMITED,DIPP229928,RECOGNISED,U96905MH2024PTC435853,Prototype,Nagpur,Maharashtra,Other Specialty Retailers,Others,,,,,OK
691af684e4b07810ba1a6278,FAECOM ENGINEERING PRIVATE LIMITED,DIPP229765,RECOGNISED,U45100MH2022PTC386952,Prototype,Nagpur,Maharashtra,Architecture Interior Design,Others,,,,,OK
691ac5bee4b07810ba1a4a5d,SANJIVEENI AGROSCIENCE LLP,DIPP229711,RECOGNISED,ACR-6743,Prototype,Nagpur,Maharashtra,Agriculture,Food Processing,NA,,,,OK
691a9c57e4b07810ba1a3826,CARVAANIX CINEGRAPHY LLP,DIPP229682,RECOGNISED,ACS-4385,EarlyTraction,Nagpur,Maharashtra,Art & Photography,Photography,https://carvaanix.in,,,,OK
69188535e4b07810ba19e48f,BYTEWORKS MEDOLOGY LLP,DIPP229609,RECOGNISED,ACS-6185,Prototype,Nagpur,Maharashtra,IT Services,Others,,,,,OK
69185a9ee4b07810ba19cffa,CIVILJUNCTION INFRATECH LLP,DIPP229549,RECOGNISED,ABB-1942,Prototype,Nagpur,Maharashtra,Renewable Energy,Renewable Energy Solutions,civiljunction.co.in,,,,OK
6918560de4b07810ba19cd33,HEURETHICS PRIVATE LIMITED,DIPP229545,RECOGNISED,U62099MH2025PTC455665,EarlyTraction,Nagpur,Maharashtra,IT Services,IT Consulting,www.heurist.in,,,,OK
69171d09e4b07810ba197b87,FAECOMTECH SOLUTIONS LLP,DIPP229379,RECOGNISED,ACR-0856,Scaling,Nagpur,Maharashtra,IT Services,IT Consulting,www.faecomtech.com,,,,OK
6915c003e4b07810ba190282,AUREVON EDGE PRIVATE LIMITED,DIPP229153,RECOGNISED,U62099MH2025PTC459671,Validation,Nagpur,Maharashtra,IT Services,Application Development,https://www.mca.gov.in/content/mca/global/en/mca/master-data/MDS/company-master-info.html,,,,OK
691578a0e4b07810ba18d3aa,PUROMED GLOBAL PRIVATE LIMITED,DIPP229065,RECOGNISED,U46497MH2025PTC458791,Validation,Nagpur,Maharashtra,Healthcare & Lifesciences,Healthcare Services,NA,,,,OK
691446bae4b07810ba187a77,GREAT WEB SOFT PRIVATE LIMITED,DIPP228908,RECOGNISED,U62099MH2023PTC414766,Prototype,Nagpur,Maharashtra,AI,Others,,,,,OK
690f3ab5e4b07810ba1718fd,DOORABAG INDIA LLP,DIPP228459,RECOGNISED,ACR-1231,Prototype,Nagpur,Maharashtra,House-Hold Services,Others,www.doorabag.in,,,,OK
690dfb26e4b07810ba16d27b,NUTRIOSA HEALTH &amp; INNOVATION PRIVATE LIMITED,DIPP228341,RECOGNISED,U21002MH2025PTC439630,EarlyTraction,Nagpur,Maharashtra,Healthcare & Lifesciences,Health & Wellness,https://nutriosa.biz/,,,,OK
690d78aae4b07810ba1692fb,CANNAN CARBON PRIVATE LIMITED,DIPP224602,RECOGNISED,U46610MH2025PTC445753,Validation,Nagpur,Maharashtra,Green Technology,Clean Tech,NIL,,,,OK
690c9c3ce4b07810ba166f64,IMANEDGE DIGITAL SERVICES BHARAT PRIVATE LIMITED,DIPP228152,RECOGNISED,U62020MH2025PTC454644,Prototype,Nagpur,Maharashtra,Security Solutions,Cyber Security,https://www.imanedge.com,,,,OK
690c98e3e4b07810ba166ceb,WPL BHARAT AGROFUEL PRIVATE LIMITED,DIPP223429,RECOGNISED,U32900PN2025PTC240729,Prototype,Nagpur,Maharashtra,Renewable Energy,Renewable Energy Solutions,https://wplagrofuel.com/,,,,OK
690c6b0ce4b07810ba1650a8,BAMBOLE ENGINEERING PRIVATE LIMITED,DIPP219370,RECOGNISED,U28299MH2025PTC451714,Prototype,Nagpur,Maharashtra,Technology Hardware,Manufacturing,,,,,OK
690b0ebae4b06dfd0cb01d07,ARTHAZEYRO TECHNOLOGIES PRIVATE LIMITED,DIPP227899,RECOGNISED,U62011MH2025PTC451813,Validation,Nagpur,Maharashtra,Finance Technology,Personal Finance,https://www.zeyro.in/,,,,OK
6909d906e4b06dfd0cafc737,LEGENDARY GROWTH SOLUTIONS LLP,DIPP227745,RECOGNISED,ACD-2028,Scaling,Nagpur,Maharashtra,IT Services,IT Consulting,www.legendarygrowthsolutions.com,,,,OK
6909ae28e4b06dfd0cafaf21,MYTHIC MOTION (OPC) PRIVATE LIMITED,DIPP227689,RECOGNISED,U58203MH2025OPC449016,Validation,Nagpur,Maharashtra,Toys and Games,Virtual Games,mythicmotion.in,,,,OK
69087e6fe4b06dfd0caf4c1e,PREPDOT SOLUTIONS PRIVATE LIMITED,DIPP220231,RECOGNISED,U85500MH2024PTC428888,Validation,Nagpur,Maharashtra,Education,Education Technology,https://www.getvidya.in,,,,OK
69074069e4b06dfd0caef8ae,SHREE RR INFRA UDYOG PRIVATE LIMITED,DIPP227484,RECOGNISED,U24311MH2025PTC454705,Validation,Nagpur,Maharashtra,Construction,Construction & Engineering,NA,,,,OK
690456cee4b06dfd0cad6c3e,HERBNEXUS PRIVATE LIMITED,DIPP227246,RECOGNISED,U20118MH2025PTC443699,Prototype,Nagpur,Maharashtra,Marketing,Branding,,,,,OK
69036f3de4b06dfd0cacdd9c,PUREANNFOODS PRIVATE LIMITED,DIPP227203,RECOGNISED,U10790MH2025PTC458885,EarlyTraction,Nagpur,Maharashtra,Food & Beverages,Food Processing,www.clealth.com,,,,OK
69032f06e4b063a5bedd9771,YES HOSPITAL AND RESEARCH CENTRE INDIA PRIVATE LIMITED,DIPP227115,RECOGNISED,U86100MH2025PTC455085,Scaling,Nagpur,Maharashtra,Healthcare & Lifesciences,Healthcare Services,www.yeshospital.com,,,,OK
69031c39e4b063a5bedd82a2,SHARINGMITRA FOUNDATION,DIPP229396,RECOGNISED,U85300MH2022NPL393077,EarlyTraction,Nagpur,Maharashtra,Social Impact,Others,,,,,OK
69020330e4b063a5bedccaa5,FROUV GREEN MARKETPLACE PRIVATE LIMITED,DIPP226991,RECOGNISED,U63120MH2025PTC442775,Validation,Nagpur,Maharashtra,Green Technology,Clean Tech,https://www.frouv.com/,,,,OK
6901f248e4b063a5bedcb252,GREENFARM BIO-SEED PRIVATE LIMITED,DIPP226968,RECOGNISED,U20210MH2024PTC435422,EarlyTraction,Nagpur,Maharashtra,Agriculture,Others,N/A,,,,OK
68ff64bbe4b063a5bedb05dc,YOUREASE TECHNOLOGIES (OPC) PRIVATE LIMITED,DIPP226697,RECOGNISED,U62013MH2025OPC457800,Prototype,Nagpur,Maharashtra,AI,Machine Learning,yourease.io,,,,OK
68fdec7ce4b063a5beda421b,MAHREEN INFRATRADE LLP,DIPP226587,RECOGNISED,ACQ-5507,Prototype,Nagpur,Maharashtra,Construction,Construction & Engineering,,,,,OK
68f244bbe4b063a5bed61da9,NIBBIX FOOD (OPC) PRIVATE LIMITED,DIPP226075,RECOGNISED,U10613MH2025OPC449181,Prototype,Nagpur,Maharashtra,Food & Beverages,Food Processing,,,,,OK
68f21363e4b063a5bed606df,CHUDIWAL AGRO &amp; FOOD INDUSTRY PRIVATE LIMITED,DIPP226018,RECOGNISED,U15549MH2020PTC341809,Scaling,Nagpur,Maharashtra,Healthcare & Lifesciences,Healthcare Services,www.chudiwal.com,,,,OK
68f1deb5e4b063a5bed5e80a,WEALTRIX FINTECH PRIVATE LIMITED,DIPP225970,RECOGNISED,U66190MH2025PTC454331,Prototype,Nagpur,Maharashtra,Finance Technology,Others,,,,,OK
68f1cd0be4b063a5bed5dc10,SYNERGYBITS PRIVATE LIMITED,DIPP225955,RECOGNISED,U62011MH2025PTC455837,EarlyTraction,Nagpur,Maharashtra,IT Services,Web Development,NA,,,,OK
68efde00e4b063a5bed53276,ERANIKH INDIA PRIVATE LIMITED,DIPP225797,RECOGNISED,U46529PN2025PTC246862,Validation,Nagpur,Maharashtra,Professional & Commercial Services,Business Support Services,NA,,,,OK
68ea1e86e4b063a5bed2e88d,ROYALKUNJ CRAFTS PRIVATE LIMITED,DIPP225247,RECOGNISED,U17095PN2025PTC247100,Validation,Nagpur,Maharashtra,Technology Hardware,Manufacturing,NA,,,,OK
68e9e52ee4b063a5bed2cdd3,CARGOWAVE SHIPPING AND LOGISTICS PRIVATE LIMITED,DIPP225197,RECOGNISED,U53200MH2025PTC457333,Prototype,Nagpur,Maharashtra,Logistics,Others,NA,,,,OK
68e96b6ae4b063a5bed2c04f,BITEDYNAMICS PRIVATE LIMITED,DIPP225195,RECOGNISED,U10799PN2025PTC247025,EarlyTraction,Nagpur,Maharashtra,Food & Beverages,Food Technology/Food Delivery,https://bitedynamics.in/,,,,OK
68e8edb4e4b063a5bed29076,NIRMAL POWER SERVICES PRIVATE LIMITED,DIPP225145,RECOGNISED,U43210MH2024PTC424017,Validation,Nagpur,Maharashtra,Technology Hardware,Others,NA,,,,OK
68e7bffee4b032c5c21a4df3,BIGBULL SECURITY SERVICES PRIVATE LIMITED,DIPP225022,RECOGNISED,U80100MH2025PTC451773,Scaling,Nagpur,Maharashtra,Human Resources,Recruitment Jobs,https://www.falconebiz.com/company/BIGBULL-SECURITY-SERVICES-PRIVATE-LIMITED-U80100MH2025PTC451773,,,,OK
68e74ae7e4b032c5c219ff13,M.SONS STEELTECH PRIVATE LIMITED,DIPP224905,RECOGNISED,U24311MH2025PTC456677,Scaling,Nagpur,Maharashtra,Construction,Construction Supplies & Fixtures,NA,,,,OK
68e3fb08e4b032c5c218faf7,PAWAN EPOWER SOLUTIONS TECHNOLOGY PRIVATE LIMITED,DIPP224560,RECOGNISED,U79120MH2025PTC449900,Scaling,Nagpur,Maharashtra,Green Technology,Clean Tech,https://me-and-car.com/,,,,OK
68e3ac8de4b032c5c218dffb,GIAS LAB LLP,DIPP224511,RECOGNISED,ACR-6872,Validation,Nagpur,Maharashtra,Healthcare & Lifesciences,Health & Wellness,na,,,,OK
68e3a5a3e4b032c5c218dbeb,JAS JOURNALYST PRIVATE LIMITED,DIPP224497,RECOGNISED,U62099PN2025PTC238753,Validation,Nagpur,Maharashtra,AI,Machine Learning,https://www.mca.gov.in/content/mca/global/en/mca/master-data/MDS/company-master-info.html,,,,OK
68dfb07ae4b032c5c217fc2d,POWERARCH TECHNOLOGIES IP PRIVATE LIMITED,DIPP224163,RECOGNISED,U43900MH2025PTC455489,Prototype,Nagpur,Maharashtra,Professional & Commercial Services,Business Support Services,,,,,OK
68dccfc0e4b032c5c2173bda,ZENCROW TECHNOLOGIES PRIVATE LIMITED,DIPP223879,RECOGNISED,U46512MH2025PTC451309,Prototype,Nagpur,Maharashtra,Education,Skill Development,http://www.zencrowtechnologies.com/,,,,OK
68da3b89e4b032c5c2162d4e,LAXMIVERGE MANPOWER LLP,DIPP223580,RECOGNISED,ACR-3857,Prototype,Nagpur,Maharashtra,Professional & Commercial Services,Employment Services,,,,,OK
68d7dc46e4b032c5c2155e1e,POWERARCH CONSTRUCTIONS PRIVATE LIMITED,DIPP223462,RECOGNISED,U41000MH2025PTC454826,Prototype,Nagpur,Maharashtra,Construction,New-age Construction Technologies,,,,,OK
68d7a6fee4b032c5c21540c1,SKYLINE TELEINFRA PRIVATE LIMITED,DIPP223413,RECOGNISED,U46593MH2025PTC451564,EarlyTraction,Nagpur,Maharashtra,Telecommunication & Networking,Others,www.in-skyline.com,,,,OK
68d78615e4b032c5c2152fb8,KINEMATIC MIND PRIVATE LIMITED,DIPP223381,RECOGNISED,U28299MH2025PTC457338,Prototype,Nagpur,Maharashtra,Robotics,Robotics Application,www.kmpl.in,,,,OK
68d68671e4b032c5c214e27f,FINEAURA AGRI AND BIOFUELS PRIVATE LIMITED,DIPP223313,RECOGNISED,U19204MH2025PTC452786,Validation,Nagpur,Maharashtra,Renewable Energy,Renewable Energy Solutions,NA,,,,OK
68d684cbe4b032c5c214e0ff,XCITEPLAY CLUB ASSOCIATION,DIPP223309,RECOGNISED,U93190MH2025NPL443316,Prototype,Nagpur,Maharashtra,Sports,Others,,,,,OK
68d5330ce4b032c5c2142192,DHANYA RAKSHA ANALYTICS PRIVATE LIMITED,DIPP223129,RECOGNISED,U58200MH2025PTC455477,Validation,Nagpur,Maharashtra,AI,Others,N/A,,,,OK
68d51b60e4b032c5c2140c9a,HAMSA TRADINGS,DIPP228801,RECOGNISED,NG000010813,Validation,Nagpur,Maharashtra,Waste Management,Others,www.hamsatradings.com,,,,OK
68d4d4f3e4b032c5c213bb43,AMSA DARK STORES PRIVATE LIMITED,DIPP222985,RECOGNISED,U52241MH2023PTC400416,Validation,Nagpur,Maharashtra,Healthcare & Lifesciences,Healthcare Services,https://amsanow.com/,,,,OK
68d3a3cde4b032c5c2133b50,ELEKTRABUILD ENGINEERING (OPC) PRIVATE LIMITED,DIPP222823,RECOGNISED,U43211PN2025OPC245876,EarlyTraction,Nagpur,Maharashtra,Construction,Construction & Engineering,NA,,,,OK
68d28cfbe4b032c5c212c757,BLOCKMARK SOLUTION PRIVATE LIMITED,DIPP222717,RECOGNISED,U43299MH2025PTC445903,Prototype,Nagpur,Maharashtra,Construction,Construction & Engineering,,,,,OK
68d25e23e4b032c5c212a2ef,GIER TECHNOLOGIES PRIVATE LIMITED,DIPP222638,RECOGNISED,U26400MH2025PTC450798,Prototype,Nagpur,Maharashtra,Technology Hardware,Electronics,https://www.giertech.com/,,,,OK
68d247dfe4b032c5c2128ec5,ALQADRI AGRO PRIVATE LIMITED,DIPP222618,RECOGNISED,U10309MH2025PTC454391,Prototype,Nagpur,Maharashtra,Agriculture,Food Processing,www.alqadriagro.com,,,,OK
68d191fce4b032c5c21253a7,BUPPOSO HOLIDAYS PRIVATE LIMITED,DIPP222579,RECOGNISED,U52291MH2023PTC406482,EarlyTraction,Nagpur,Maharashtra,Travel & Tourism,Facility Management,www.bupposoholidays.in,,,,OK
68cd389ee4b032c5c21036d7,GREENTREADZ MOBILITY SOLUTIONS PRIVATE LIMITED,DIPP222199,RECOGNISED,U45200MH2025PTC457454,Validation,Nagpur,Maharashtra,Automotive,Tires & Rubber Products,NA,,,,OK
68cc3c28e4b032c5c20fac3a,HINGANGHAT LOGISTICS PARK PRIVATE LIMITED,DIPP222082,RECOGNISED,U52290MH2023PTC409091,Validation,Nagpur,Maharashtra,Transportation & Storage,Others,hlppl.fwh.is,,,,OK
68cb8df8e4b06315917c3d74,ARKANGELS OVERSEAS PRIVATE LIMITED,DIPP221907,RECOGNISED,U53200MH2025PTC456736,Prototype,Nagpur,Maharashtra,Logistics,Others,NA,,,,OK
68cb0a7ce4b06315917c261a,SEER BHARAT FOUNDATION,DIPP221900,RECOGNISED,U88900MH2023NPL409918,EarlyTraction,Nagpur,Maharashtra,Social Impact,NGO,www.seerbharat.org,,,,OK
68ca4392e4b032bcb0bfe17b,LVGR WELLNESS PRIVATE LIMITED,DIPP217201,RECOGNISED,U62090MH2025PTC440475,EarlyTraction,Nagpur,Maharashtra,Healthcare & Lifesciences,Healthcare IT,https://www.livegracious.co.in,,,,OK
68ca3dcee4b032bcb0bfdcbf,INCUBIQ TECHNOLOGIES PRIVATE LIMITED,DIPP216561,RECOGNISED,U62013MH2025PTC452453,Validation,Nagpur,Maharashtra,IT Services,IT Consulting,http://incubiq.in/,,,,OK
68c54233e4b097271d4a006e,STANC ENTERTAINMENT LLP,DIPP221315,RECOGNISED,ACN-4567,Prototype,Nagpur,Maharashtra,Media & Entertainment,Entertainment,NA,,,,OK
68c4e9e7e4b097271d49d48c,ROYALEBLUE HOSPITALITIES (INDIA) PRIVATE LIMITED,DIPP221258,RECOGNISED,U55101MH2021PTC356373,Scaling,Nagpur,Maharashtra,House-Hold Services,Others,https://cleanoclock.in/,,,,OK
68c3d3c9e4b097271d496af5,AGROMITRA TECHNOLOGIES PRIVATE LIMITED,DIPP221140,RECOGNISED,U28219MH2025PTC451528,Prototype,Nagpur,Maharashtra,Agriculture,Agri-Tech,https://www.agromitraa.com/,,,,OK
68c26cb9e4b0dfd7e6e7ab3e,TELECARE SERVICES,DIPP229650,RECOGNISED,4.65E+12,Scaling,Nagpur,Maharashtra,Security Solutions,Public Citizen Security Solutions,telecareservices.com,,,,OK
68c1b8cee4b0dfd7e6e7837b,SARVAKSH COMMUNICATIONS TECHNOLOGIES PRIVATE LIMITED,DIPP220896,RECOGNISED,U26309MH2025PTC454562,Validation,Nagpur,Maharashtra,Telecommunication & Networking,Wireless,www.sarvaksh.co.in,,,,OK
68be8f24e4b0c6365be10e0e,ACCURATE CONFORMITY AND TESTING PRIVATE LIMITED,DIPP220404,RECOGNISED,U70200MH2025PTC455159,EarlyTraction,Nagpur,Maharashtra,Professional & Commercial Services,Business Support Services,NA,,,,OK
68ba976de4b0c6365bdfd0e2,CHIRANJEEVI MULTI CREATIONS,DIPP228547,RECOGNISED,NG000009173,Scaling,Nagpur,Maharashtra,Advertising,Others,www.chiranjeevimulticreations.com,,,,OK
68b95bdde4b0c6365bdf527e,CUBESPACE BUSINESS SOLUTIONS PRIVATE LIMITED,DIPP219897,RECOGNISED,U55109MH2025PTC439353,Scaling,Nagpur,Maharashtra,Real Estate,Coworking Spaces,https://cubespace.org,,,,OK
68b937c7e4b0c6365bdf2f98,UASM PRIVATE LIMITED,DIPP219845,RECOGNISED,U45100MH2025PTC455896,Prototype,Nagpur,Maharashtra,Automotive,Others,,,,,OK
68b7f83fe4b0c6365bddf43e,SWARDHARA INNOVATIVE TECHNOLOGIES PRIVATE LIMITED,DIPP219672,RECOGNISED,U26201MH2025PTC455254,EarlyTraction,Nagpur,Maharashtra,Technology Hardware,Electronics,swardharainnovative.com,,,,OK
68b7cddfe4b0c6365bddd502,HARIBASANTI ENTERPRISES LLP,DIPP219624,RECOGNISED,ACQ-8978,Prototype,Nagpur,Maharashtra,Agriculture,Organic Agriculture,NA,,,,OK
68b6dee0e4b0c6365bdd8dbf,EXCELLWORLD RESTRO CLUB AND RESORTS PRIVATE LIMITED,DIPP219573,RECOGNISED,U55101MH2025PTC439565,Validation,Nagpur,Maharashtra,Travel & Tourism,Hospitality,N/A,,,,OK
68b6d2f4e4b0c6365bdd8389,INDRAWATT SOLAR (OPC) PRIVATE LIMITED,DIPP219555,RECOGNISED,U35105PN2025OPC244692,Prototype,Nagpur,Maharashtra,Renewable Energy,Renewable Solar Energy,,,,,OK
68b6924be4b0c6365bdd4a5d,PRIDEGEEK ENTERPRISE PRIVATE LIMITED,DIPP219475,RECOGNISED,U26700MH2025PTC453871,Validation,Nagpur,Maharashtra,Technology Hardware,Electronics,https://www.linkedin.com/company/pridegeek-enterprise-private-limited,,,,OK
68b5e015e4b0c6365bdd1f7c,CLEANSLATE VENTURES LLP,DIPP219441,RECOGNISED,AAU-0608,EarlyTraction,Nagpur,Maharashtra,Fashion,Apparel,www.theshirtfactory.in,,,,OK
68b2fabfe4b0c6365bd90ffa,BURQON PRIVATE LIMITED,DIPP219214,RECOGNISED,U27900MH2025PTC453490,EarlyTraction,Nagpur,Maharashtra,Technology Hardware,Electronics,http://burqon.com,,,,OK
68b1a6abe4b0c6365bd71d51,AF SKYHIGH CONSTRUCTION PRIVATE LIMITED,DIPP219045,RECOGNISED,U46632PN2025PTC242352,Prototype,Nagpur,Maharashtra,Construction,Construction & Engineering,,,,,OK
68b0410be4b0c6365bd558b6,JOURNOID MEDIA LLP,DIPP218820,RECOGNISED,ACL-9598,Prototype,Nagpur,Maharashtra,Advertising,AdTech,,,,,OK
68ada9b9e4b0c6365bd27896,DIGITRUCE PRIVATE LIMITED,DIPP218459,RECOGNISED,U62090MH2025PTC451561,Validation,Nagpur,Maharashtra,IT Services,Others,www.digitruce.com,,,,OK
68ad89f2e4b0c6365bd24174,NOVERRA GROWTH STUDIO PRIVATE LIMITED,DIPP218405,RECOGNISED,U73100MH2025PTC451659,Validation,Nagpur,Maharashtra,Advertising,AdTech,https://noverra.online/,,,,OK
68ad7805e4b0c6365bd21eb1,HEALTHANCHOR PRIVATE LIMITED,DIPP218376,RECOGNISED,U32500MH2025PTC446783,Validation,Nagpur,Maharashtra,Healthcare & Lifesciences,Medical Devices Biomedical,https://medibot.co.in/,,,,OK
68ac439ae4b021e0fa5f0346,AKASHGANGA AQUA TECH PRIVATE LIMITED,DIPP214134,RECOGNISED,U11043MH2024PTC425542,Validation,Nagpur,Maharashtra,Green Technology,Clean Tech,aquagenerators.in,,,,OK
68ac21cde4b021e0fa5ebf3d,KAMY INDIA LLP,DIPP218186,RECOGNISED,ACN-3783,Prototype,Nagpur,Maharashtra,Construction,Construction & Engineering,KAMY INDIA LLP,,,,OK
68aad249e4b021e0fa5d63e1,SHAVREAL PHARMACEUTICALS PRIVATE LIMITED,DIPP218102,RECOGNISED,U46497MH2025PTC450532,EarlyTraction,Nagpur,Maharashtra,Marketing,Sales,NA,,,,OK
68a9aebbe4b021e0fa5c4d9a,REACHOUT PLUS LLP,DIPP218049,RECOGNISED,ACM-7788,EarlyTraction,Nagpur,Maharashtra,IT Services,BPO,N/A,,,,OK
68a97910e4b021e0fa5bf1d1,NEXTNEEDS MULTI SOLUTIONS PRIVATE LIMITED,DIPP217980,RECOGNISED,U74999MH2021PTC358976,Scaling,Nagpur,Maharashtra,Human Resources,Recruitment Jobs,http://www.nnmspl.com,,,,OK
68a55f95e4b021e0fa565538,ERECTRON SOLUTION (OPC) PRIVATE LIMITED,DIPP217387,RECOGNISED,U43219MH2025OPC451533,Prototype,Nagpur,Maharashtra,Professional & Commercial Services,Others,NA,,,,OK
68a1e57ce4b021e0fa522e6c,TRUCON POWER ENGINEERS PRIVATE LIMITED,DIPP217008,RECOGNISED,U31909MH2017PTC292110,Validation,Nagpur,Maharashtra,Construction,Construction & Engineering,http://www.truconassociates.com/,,,,OK
68a05159e4b021e0fa50cce6,UPLYNK NETWORKS PRIVATE LIMITED,DIPP216943,RECOGNISED,U63119PN2025PTC243493,Validation,Nagpur,Maharashtra,IT Services,Others,www.uplynknetworks.com,,,,OK
689c88b5e4b0f62ba8a8a735,FARDA CLOTHING PRIVATE LIMITED,DIPP216635,RECOGNISED,U52609MH2022PTC375035,EarlyTraction,Nagpur,Maharashtra,Fashion,Apparel,https://fardaclothing.com/,,,,OK
689b40d3e4b0f62ba8a6984f,PISE DESIGN ATELIER LLP,DIPP216459,RECOGNISED,ACP-9571,Validation,Nagpur,Maharashtra,Design,Others,www.pisedesign.com,,,,OK
689b3734e4b0f62ba8a68839,MAHAPARVAT PRIVATE LIMITED,DIPP216444,RECOGNISED,U66300MH2025PTC450893,EarlyTraction,Nagpur,Maharashtra,Professional & Commercial Services,Others,mahaparvat.com,,,,OK
689b0244e4b0f62ba8a61d2c,RUTUSAR BUILDER AND DEVELOPERS PRIVATE LIMITED,DIPP216362,RECOGNISED,U43299MH2024PTC425768,Validation,Nagpur,Maharashtra,Construction,Homebuilding,NIL,,,,OK
6899a9ade4b0f62ba8a4686f,ECONEST HOSPITALITY PRIVATE LIMITED,DIPP216158,RECOGNISED,U55101MH2025PTC451342,Validation,Nagpur,Maharashtra,Events,Event Management,econesthospitality.com,,,,OK
6897252de4b0f62ba8a244bb,GROOMTAP PRIVATE LIMITED,DIPP216063,RECOGNISED,U46512MH2025PTC452548,Prototype,Nagpur,Maharashtra,IT Services,Application Development,,,,,OK
6896063fe4b0f62ba8a16da3,ACROFUND EARNING SOLUTION PRIVATE LIMITED,DIPP216016,RECOGNISED,U66309MH2025PTC446093,Validation,Nagpur,Maharashtra,Finance Technology,Advisory,acroinvest.in,,,,OK
6894d3a9e4b01b8d0aa6ef86,KAKI INDUSTRIES PRIVATE LIMITED,DIPP215857,RECOGNISED,U24290MH2022PTC379654,Scaling,Nagpur,Maharashtra,Renewable Energy,Renewable Solar Energy,ki.nagpur@gmail.com,,,,OK
68949929e4b01b8d0aa69c62,DOCTORAMAN HEALTHCARE PRIVATE LIMITED,DIPP215820,RECOGNISED,U86909MH2025PTC452473,Prototype,Nagpur,Maharashtra,Healthcare & Lifesciences,Healthcare Services,,,,,OK
68944ce9e4b043b22d2ef230,HUMONZ CLOTHING LLP,DIPP215688,RECOGNISED,ACP-9753,Scaling,Nagpur,Maharashtra,Textiles & Apparel,Others,NA,,,,OK
6891f453e4b043b22d2bd896,ANUKULYAM GLOBAL PRIVATE LIMITED,DIPP215396,RECOGNISED,U10403MH2025PTC439634,Validation,Nagpur,Maharashtra,Healthcare & Lifesciences,Healthcare Services,https://www.anucool-autismacademy.org/,,,,OK
6891f43ce4b043b22d2bd85e,SIDDHATECH COTTON PRIVATE LIMITED,DIPP215394,RECOGNISED,U17100MH2017PTC295143,Prototype,Nagpur,Maharashtra,Renewable Energy,Others,,,,,OK
6891d11fe4b043b22d2b9226,GARAGETECH PLUS PRIVATE LIMITED,DIPP215320,RECOGNISED,U45300MP2023PTC067173,Scaling,Nagpur,Maharashtra,Automotive,Others,www.garagewalle.com,,,,OK
68908ae0e4b043b22d2a3ac5,ELOHIM FILM PRODUCTION PRIVATE LIMITED,DIPP212140,RECOGNISED,U59112MH2023PTC413407,Validation,Nagpur,Maharashtra,Media & Entertainment,Entertainment,www.elohimfilmproduction.com,,,,OK
68908a3be4b043b22d2a398c,SADA INNOVATIONS PRIVATE LIMITED,DIPP212060,RECOGNISED,U62090MH2025PTC446826,Validation,Nagpur,Maharashtra,Enterprise Software,Cloud,www.dialitcrm.com,,,,OK
689089c5e4b043b22d2a38be,FLAVORRUSH (OPC) PRIVATE LIMITED,DIPP215077,RECOGNISED,U46309MH2025OPC451137,Scaling,Nagpur,Maharashtra,Food & Beverages,Others, info@flavorrush.in,,,,OK
68908436e4b043b22d2a2fe8,VERIFIQ FORENSICS PRIVATE LIMITED,DIPP211425,RECOGNISED,U80300MH2025PTC445088,Prototype,Nagpur,Maharashtra,Professional & Commercial Services,Professional Information Services,,,,,OK
68907d44e4b043b22d2a2584,KEYEVENTS TECHNOLOGIES PRIVATE LIMITED,DIPP215036,RECOGNISED,U82990MH2023PTC403757,Scaling,Nagpur,Maharashtra,Enterprise Software,Collaboration,thekeyevents.com,,,,OK
688dc3b7e4b043b22d27fb69,FLUXION INNOVATION PRIVATE LIMITED,DIPP214779,RECOGNISED,U62099MH2025PTC445371,EarlyTraction,Nagpur,Maharashtra,AI,Machine Learning,NA,,,,OK
688dae9de4b043b22d27dd4a,DAMYANTI AGRICHEM SERVICES PRIVATE LIMITED,DIPP214753,RECOGNISED,U10402MH2023PTC406626,Validation,Nagpur,Maharashtra,Agriculture,Food Processing,NA,,,,OK
688c6db7e4b043b22d26cbc5,HEALINGMONK LLP,DIPP214668,RECOGNISED,ACP-7752,Prototype,Nagpur,Maharashtra,Healthcare & Lifesciences,Health & Wellness,NA,,,,OK
6884c065e4b0861e7e802827,TVAVAT ARTISTRY PRIVATE LIMITED,DIPP213993,RECOGNISED,U90003PN2024PTC235209,Prototype,Nagpur,Maharashtra,Art & Photography,Art,,,,,OK
68836692e4b0861e7e7eb142,THREADMINDS PRIVATE LIMITED,DIPP213862,RECOGNISED,U62099MH2025PTC451363,Validation,Nagpur,Maharashtra,Healthcare & Lifesciences,Healthcare Technology,www.threadminds.org,,,,OK
68822dcbe4b0861e7e7d1285,URJAAYAN PRIVATE LIMITED,DIPP213755,RECOGNISED,U35105MH2025PTC439430,EarlyTraction,Nagpur,Maharashtra,Agriculture,Others,not available ,,,,OK
6881f2a9e4b0861e7e7ca83a,SHAILNATH CONSULTING PRIVATE LIMITED,DIPP213694,RECOGNISED,U62099MH2025PTC438679,Prototype,Nagpur,Maharashtra,Marketing,Discovery,NA,,,,OK
6880854ce4b0861e7e7afd21,DIDIDEALS PRIVATE LIMITED,DIPP213508,RECOGNISED,U72200MH2025PTC439930,Prototype,Nagpur,Maharashtra,Social Impact,Others,,,,,OK
687e23a0e4b0861e7e78939a,DHRUVANT COMMUNICATION PRIVATE LIMITED,DIPP213274,RECOGNISED,U62099MH2025PTC448576,Validation,Nagpur,Maharashtra,Telecommunication & Networking,Network Technology Solutions,https://dhruvant.com/,,,,OK
687b9d0fe4b0861e7e76412f,EPPZI PHARMA PRIVATE LIMITED,DIPP213117,RECOGNISED,U21001MH2025PTC449244,Validation,Nagpur,Maharashtra,Healthcare & Lifesciences,Pharmaceutical,NIL,,,,OK
6879df92e4b0861e7e743fe6,VRIB CONSULTANTS (OPC) PRIVATE LIMITED,DIPP212847,RECOGNISED,U70200MH2025OPC439893,Prototype,Nagpur,Maharashtra,Professional & Commercial Services,Business Support Services,,,,,OK
6878c24de4b074eae6d4ab09,ARNOAI PRIVATE LIMITED,DIPP212739,RECOGNISED,U74909MH2024PTC427357,EarlyTraction,Nagpur,Maharashtra,AI,Machine Learning,https://arnoai.com,,,,OK
687502d5e4b074eae6d0eec0,LLTS IT PRIVATE LIMITED,DIPP212282,RECOGNISED,U72200PN2022PTC213055,Validation,Nagpur,Maharashtra,IT Services,Application Development,www.lifelongtechsolutions.com,,,,OK
68748f3ae4b074eae6d0263d,CHAMELLION CREATIVE LABS LLP,DIPP212117,RECOGNISED,ACO-4242,Prototype,Nagpur,Maharashtra,Textiles & Apparel,Apparel & Accessories,,,,,OK
6872ca0ae4b074eae6cef0dc,NIDRAZ PRIVATE LIMITED,DIPP212088,RECOGNISED,U31005MH2023PTC408049,EarlyTraction,Nagpur,Maharashtra,Healthcare & Lifesciences,Health & Wellness,https://www.nidraz.com,,,,OK
68726b43e4b074eae6ceac7f,MECHBEES SMART MOBILITY PRIVATE LIMITED,DIPP212072,RECOGNISED,U45200MH2025PTC449214,EarlyTraction,Nagpur,Maharashtra,Automotive,Electric Vehicles,www.mechbees.com,,,,OK
68710e39e4b074eae6cd681d,AUPIXEL SOLUTION LLP,DIPP211955,RECOGNISED,ACO-0899,EarlyTraction,Nagpur,Maharashtra,Technology Hardware,Manufacturing,aupixel.in,,,,OK
686f5962e4b074eae6cb8dde,MAATU FOOD &amp; SPICES LLP,DIPP211765,RECOGNISED,ACN-7195,Prototype,Nagpur,Maharashtra,Food & Beverages,Food Processing,,,,,OK
686d00dae4b04a618f4cc054,KINETO MEDIIT PRIVATE LIMITED,DIPP211581,RECOGNISED,U80301MH2023PTC397734,EarlyTraction,Nagpur,Maharashtra,Education,Coaching,www.pacenagpur.com,,,,OK
68693960e4b0c1da35b8125f,BeRam Drones,DIPP211207,RECOGNISED,U26515MH2025PTC443728,Validation,Nagpur,Maharashtra,Aeronautics Aerospace & Defence,Drones,beramdrones.com,,,,OK
6867b41fe4b0c1da35b600f5,FLORINEXT BIOSOLUTIONS LLP,DIPP211015,RECOGNISED,ACK-1218,Validation,Nagpur,Maharashtra,Agriculture,Agri-Tech,NA,,,,OK
6867a72be4b0c1da35b5f94d,CERTNEXUS INDIA PRIVATE LIMITED,DIPP210994,RECOGNISED,U70200MH2024PTC428145,Prototype,Nagpur,Maharashtra,Professional & Commercial Services,Business Support Services,,,,,OK
6867a0c5e4b0c1da35b5f585,ALTAFUEL TECHNOLOGIES PRIVATE LIMITED,DIPP210986,RECOGNISED,U39000MH2024PTC427400,Validation,Nagpur,Maharashtra,Green Technology,Waste Management,https://altafueltech.in,,,,OK
68638055e4b06dfc4c9f717b,GROWSHINE MARKETING AND TRADING PRIVATE LIMITED,DIPP210325,RECOGNISED,U46209MH2025PTC443169,EarlyTraction,Nagpur,Maharashtra,Healthcare & Lifesciences,Healthcare Services,NA,,,,OK
68628800e4b06dfc4c9f38c6,IND D'SIN ENGG PRIVATE LIMITED,DIPP209848,RECOGNISED,U24109MH2025PTC448387,Validation,Nagpur,Maharashtra,Construction,New-age Construction Technologies,NA,,,,OK
68627d13e4b06dfc4c9f3112,COGNISKILL INDIA PRIVATE LIMITED,DIPP208177,RECOGNISED,U78300MH2025PTC442437,EarlyTraction,Nagpur,Maharashtra,Education,Skill Development,WWW.COGNISKILL.IN,,,,OK
68627217e4b06dfc4c9f28ed,STRALTO GLOBAL PRIVATE LIMITED,DIPP210242,RECOGNISED,U72900MH2020PTC351663,Prototype,Nagpur,Maharashtra,IT Services,Product Development,www.straltoglobal.com,,,,OK
685fff67e4b06dfc4c9e9dc2,SR GLOBAL ENTERPRISE,DIPP211777,RECOGNISED,NG000009547,EarlyTraction,Nagpur,Maharashtra,Chemicals,Specialty Chemicals,www.valencey.in,,,,OK
685e70aae4b06dfc4c9e32be,DEFY LIMITS XTREME ADVENTURE SPORTS PRIVATE LIMITED,DIPP209843,RECOGNISED,U93190MH2025PTC449580,Prototype,Nagpur,Maharashtra,Sports,Others,n/a,,,,OK
685e4ed4e4b06dfc4c9e22e3,AWSHIT LIFECARE PRIVATE LIMITED,DIPP209827,RECOGNISED,U21001MH2025PTC446533,Validation,Nagpur,Maharashtra,Healthcare & Lifesciences,Pharmaceutical,https://awshitlifecare.com/,,,,OK
685d468ee4b06dfc4c9ddfa9,DVSLA TECHNOLOGIES PRIVATE LIMITED,DIPP209773,RECOGNISED,U27101MH2025PTC448587,Prototype,Nagpur,Maharashtra,Automotive,Electric Vehicles,www.hertzcharge.in,,,,OK
685d31f1e4b091a0bbf4de78,VIRAAJ PAINTS AND COATING PRIVATE LIMITED,DIPP209732,RECOGNISED,U20221PN2025PTC239971,EarlyTraction,Nagpur,Maharashtra,Chemicals,Others,na,,,,OK
6858f9a1e4b04240c52d1c63,ZENITO VENTURES PRIVATE LIMITED,DIPP209087,RECOGNISED,U85499MH2025PTC446377,Prototype,Nagpur,Maharashtra,Education,Others,,,,,OK
68555207e4b04240c52c369e,POCKETVENDR TECH PRIVATE LIMITED,DIPP208883,RECOGNISED,U47912MH2024PTC429806,Prototype,Nagpur,Maharashtra,IT Services,IT Management,,,,,OK
6855317be4b04240c52c2544,BOOTCODING PRIVATE LIMITED,DIPP208829,RECOGNISED,U62099MH2023PTC405805,Prototype,Nagpur,Maharashtra,AI,Machine Learning,www.bootcoding.in,,,,OK
6853f1c6e4b04240c52bce5c,REPARV SERVICES PRIVATE LIMITED,DIPP208670,RECOGNISED,U69100MH2025PTC438779,Prototype,Nagpur,Maharashtra,Real Estate,Others,https://www.reparv.in/,,,,OK
6852d5eee4b04240c52b8b0a,EVOLVEEQ TECH SOLUTIONS PRIVATE LIMITED,DIPP208551,RECOGNISED,U62090MH2025PTC442545,Validation,Nagpur,Maharashtra,IT Services,Others,evolveeq.in,,,,OK
685292b5e4b04240c52b6fa1,GITAMRI ENTERPRISE PRIVATE LIMITED,DIPP208462,RECOGNISED,U46300MH2025PTC448464,Validation,Nagpur,Maharashtra,Food & Beverages,Others,na,,,,OK
68515331e4b04240c52b1f26,SHAKYA VISION FOUNDATION,DIPP208313,RECOGNISED,U85490MH2025NPL441538,Prototype,Nagpur,Maharashtra,Education,Skill Development,,,,,OK
684fa378e4b04240c52a946e,SAFEWRAP INDUSTRIES,DIPP208099,RECOGNISED,NG000008503,Validation,Nagpur,Maharashtra,Professional & Commercial Services,Commercial Printing Services,SAFEWRAP INDUSTRIES,,,,OK
684d6d79e4b04240c52a4a5b,KMWS SOLUTIONS PRIVATE LIMITED,DIPP207957,RECOGNISED,U32909MH2024PTC431710,Prototype,Nagpur,Maharashtra,Agriculture,Organic Agriculture,,,,,OK
684d4916e4b04240c52a3e47,IND INFOTECH SERVICES PRIVATE LIMITED,DIPP207917,RECOGNISED,U62013MH2023PTC399579,Prototype,Nagpur,Maharashtra,Analytics,Others,,,,,OK
684d2b46e4b04240c52a32b2,DOZEN DIAMONDS INDIA PRIVATE LIMITED,DIPP207878,RECOGNISED,U64990MH2023PTC401121,EarlyTraction,Nagpur,Maharashtra,Finance Technology,Trading,www.dozendiamonds.com,,,,OK
684bf5dee4b04240c529ea85,VARM ENGINEERING &amp; TECHNOLOGY PRIVATE LIMITED,DIPP207733,RECOGNISED,U35105MH2025PTC444695,Prototype,Nagpur,Maharashtra,Renewable Energy,Renewable Solar Energy,,,,,OK
684ae583e4b04240c529b1a6,TECHVANCE INNOVATIONS PRIVATE LIMITED,DIPP207618,RECOGNISED,U62020MH2024PTC420922,Scaling,Nagpur,Maharashtra,Design,Others,TechvanceInnovations.com,,,,OK
684abfaae4b04240c529a563,CYBERFLUX ENTERPRISES PRIVATE LIMITED,DIPP207575,RECOGNISED,U32403MH2023PTC408214,Validation,Nagpur,Maharashtra,IT Services,Product Development,CYBERFLUX ENTERPRISES PRIVATE LIMITED,,,,OK
684a81e0e4b04240c529868b,TERRATHRIVE INDIA LLP,DIPP207480,RECOGNISED,ACO-7037,Validation,Nagpur,Maharashtra,Logistics,Others,NA,,,,OK
68495cc9e4b0a122c128f78a,DARSAM INSURANCE MARKETING PRIVATE LIMITED,DIPP207350,RECOGNISED,U65110MH2023PTC407774,EarlyTraction,Nagpur,Maharashtra,Finance Technology,Insurance,NA,,,,OK
68494f7be4b0a122c128efab,HIESO HEALTHCARE PRIVATE LIMITED,DIPP207335,RECOGNISED,U21001MH2025PTC447593,Prototype,Nagpur,Maharashtra,Healthcare & Lifesciences,Others,,,,,OK
6847ee4fe4b08b02d8e485e6,TNMZ MEDIA PRIVATE LIMITED,DIPP207149,RECOGNISED,U62099MH2023PTC415993,EarlyTraction,Nagpur,Maharashtra,Marketing,Others,ztransform.in,,,,OK
68453893e4b0725998bdd21a,Ayurveda At Tips,DIPP206963,RECOGNISED,U20236MH2025PTC449212,Validation,Nagpur,Maharashtra,Healthcare & Lifesciences,Health & Wellness,ayurvedaattips.com,,,,OK
6842e229e4b0725998bd6caa,SUNPOWER DYNAMICS PRIVATE LIMITED,DIPP206817,RECOGNISED,U35105MH2024PTC437010,Prototype,Nagpur,Maharashtra,Green Technology,Clean Tech,www.sunpowerdynamics.com,,,,OK
68403d2be4b0c230967dea43,MIHIR INSTITUTIONS PRIVATE LIMITED,DIPP206498,RECOGNISED,U85500MH2025PTC446846,Validation,Nagpur,Maharashtra,Education,Others,nil,,,,OK
683f1327e4b08462cd03f775,GRISTIP SOFTWARE PRIVATE LIMITED,DIPP206315,RECOGNISED,U62011PN2025PTC242145,Prototype,Nagpur,Maharashtra,IT Services,Product Development,,,,,OK
683eea86e4b08462cd03ecbe,ADRACA AI PRIVATE LIMITED,DIPP206285,RECOGNISED,U62013MH2024PTC432539,EarlyTraction,Nagpur,Maharashtra,AI,Others,https://adraca.in/,,,,OK
683d90bae4b020f36eec8cbd,ILOMA TECHNOLOGY PRIVATE LIMITED,DIPP206120,RECOGNISED,U74999MH2018PTC305484,Validation,Nagpur,Maharashtra,IT Services,Application Development,https://www.ilomatechnology.com/,,,,OK
683ab169e4b020f36eec017b,NEXORAX TECHNOLOGIES PRIVATE LIMITED,DIPP205875,RECOGNISED,U62013MH2024PTC426214,Validation,Nagpur,Maharashtra,IT Services,Application Development,https://www.nexorax.in/,,,,OK
6839bfdce4b020f36eebd4d8,ASHTMARG SOLUTIONS PRIVATE LIMITED,DIPP205814,RECOGNISED,U35105MH2025PTC440619,Scaling,Nagpur,Maharashtra,Renewable Energy,Renewable Solar Energy,www.ashtmargsolutoins.com,,,,OK
68395c32e4b0e8a28707fdda,NAGPUR TRANSPORT SOLUTIONS PRIVATE LIMITED,DIPP205728,RECOGNISED,U49210MH2024PTC435750,EarlyTraction,Nagpur,Maharashtra,Transportation & Storage,Passenger Transportation Services,transvolt.in,,,,OK
68385307e4b029850b96cf61,SAMYRA IMPEX PRIVATE LIMITED,DIPP205652,RECOGNISED,U74999MH2018PTC314576,EarlyTraction,Nagpur,Maharashtra,Logistics,Others,na,,,,OK
68381226e4b029850b96a96f,SAFE UNIVERSE RESEARCH AND PRODUCTIVITY PRIVATE LIMITED,DIPP205556,RECOGNISED,U72100MH2025PTC441761,Prototype,Nagpur,Maharashtra,Green Technology,Clean Tech,www.safeuniverseresearch.com,,,,OK
6836aef1e4b029850b962fba,JEKORD PROJECT LLP,DIPP205358,RECOGNISED,ACG-5960,Scaling,Nagpur,Maharashtra,Healthcare & Lifesciences,Health & Wellness,NA,,,,OK
68359184e4b029850b95e61a,MODU-PRO INNOVATION PRIVATE LIMITED,DIPP205248,RECOGNISED,U20295MH2025PTC447155,Validation,Nagpur,Maharashtra,Professional & Commercial Services,Business Support Services,MODU-PRO INNOVATION PRIVATE LIMITED,,,,OK
68355515e4b029850b95becd,AARA GREEN INFOSOLUTIONS PRIVATE LIMITED,DIPP205169,RECOGNISED,U70200MH2025PTC448017,Prototype,Nagpur,Maharashtra,Professional & Commercial Services,Others,,,,,OK
68354a19e4b029850b95b54c,AMBE AI TECHNOLOGIES PRIVATE LIMITED,DIPP203478,RECOGNISED,U62013MH2024PTC432356,Validation,Nagpur,Maharashtra,IT Services,Product Development,https://ambetechnologies.com/,,,,OK
68320771e4b029850b94b75f,TBH GLOBAL LIFESTYLE PRIVATE LIMITED,DIPP204951,RECOGNISED,U47714MH2024PTC433502,EarlyTraction,Nagpur,Maharashtra,Fashion,Lifestyle,http://www.thebrownhide.com,,,,OK
6831c1b9e4b029850b94a70d,TATTWA F&amp;B SERVICES PRIVATE LIMITED,DIPP204917,RECOGNISED,U55101MH2024PTC416633,Prototype,Nagpur,Maharashtra,Food & Beverages,Restaurants,https://www.falconebiz.com/company/TATTWA-F-B-SERVICES-PRIVATE-LIMITED-U55101MH2024PTC416633,,,,OK
682f21dde4b0cf6e6488e132,X ABLE INDIA PRIVATE LIMITED,DIPP204632,RECOGNISED,U47990PN2024PTC228887,Validation,Nagpur,Maharashtra,Technology Hardware,Manufacturing,NA,,,,OK
682eaf5de4b0cf6e6488a219,YURIAQUA PRIVATE LIMITED,DIPP204491,RECOGNISED,U28170MH2025PTC439853,EarlyTraction,Nagpur,Maharashtra,Other Specialty Retailers,Home Improvement Products & Services Retailers,www.h2s.co.in,,,,OK
682dbf53e4b0cf6e6488788b,MEDBRIX HEALTHCARE PRIVATE LIMITED,DIPP204435,RECOGNISED,U46497MH2025PTC444741,Prototype,Nagpur,Maharashtra,Healthcare & Lifesciences,Pharmaceutical,,,,,OK
682d9770e4b0cf6e648864fa,WANZEN ENDEAVORS PRIVATE LIMITED,DIPP204378,RECOGNISED,U46309MH2024PTC436255,Validation,Nagpur,Maharashtra,Food & Beverages,Food Processing,http://wanzenfoods.com/,,,,OK
682c65ffe4b0cf6e6488186b,K S INFRATECH MANPOWER LLP,DIPP204253,RECOGNISED,ACN-7586,Validation,Nagpur,Maharashtra,Human Resources,Others,NA,,,,OK
682c3999e4b0cf6e648800a3,NEXTGEN TECHNOLOGY WORLD CREATER PRIVATE LIMITED,DIPP204204,RECOGNISED,U62099MH2025PTC440760,Validation,Nagpur,Maharashtra,Agriculture,Agri-Tech,NEXTGEN TECHNOLOGY WORLD CREATER PRIVATE LIMITED,,,,OK
682ae481e4b0cf6e6487873a,PUREBIOTIC NATURE PRIVATE LIMITED,DIPP204028,RECOGNISED,U24304MH2019PTC328682,Prototype,Nagpur,Maharashtra,Healthcare & Lifesciences,Health & Wellness,https://www.belsaherbal.com/,,,,OK
6828966de4b0cf6e64872cc2,IAMFIRST DIGITIONS SOLUTIONS (I) PRIVATE LIMITED,DIPP203964,RECOGNISED,U72501MH2018PTC306188,EarlyTraction,Nagpur,Maharashtra,IT Services,Product Development,NA,,,,OK
6828666fe4b0cf6e64871fd4,ERENTOO ELECTRICAL VEHICLE SERVICES LLP,DIPP203924,RECOGNISED,ACN-1959,Prototype,Nagpur,Maharashtra,Automotive,Electric Vehicles,,,,,OK
682829bce4b0cf6e648709cb,LEVITATE DYNAMICS PRIVATE LIMITED,DIPP203861,RECOGNISED,U30305MH2025PTC447508,Prototype,Nagpur,Maharashtra,Aeronautics Aerospace & Defence,Drones,NA--,,,,OK
6825dabfe4b025b6b8a8001e,XEROX ECOMMERCE SERVICE PRIVATE LIMITED,DIPP203636,RECOGNISED,U47912MH2025PTC447864,Validation,Nagpur,Maharashtra,Retail,Retail Technology,NA,,,,OK
6825bc40e4b025b6b8a7f033,KGBAIS DIGITAL SERVICES PRIVATE LIMITED,DIPP203596,RECOGNISED,U72900MH2022PTC394292,Validation,Nagpur,Maharashtra,Media & Entertainment,Digital Media,NA,,,,OK
68258ff0e4b025b6b8a7db42,REDMENTOR TRADEDEXX (OPC) PRIVATE LIMITED,DIPP203545,RECOGNISED,U85499MH2025OPC440264,Prototype,Nagpur,Maharashtra,Education,Skill Development,https://www.falconebiz.com/company/REDMENTOR-TRADEDEXX-OPC-PRIVATE-LIMITED-U85499MH2025OPC440264,,,,OK
6825883ce4b025b6b8a7d677,UNISEES SOLAR PRIVATE LIMITED,DIPP203528,RECOGNISED,U35105PN2025PTC241428,Prototype,Nagpur,Maharashtra,Renewable Energy,Renewable Solar Energy,n/a,,,,OK
6823186ee4b025b6b8a7351f,AD VIVUM EDUCATION AND RESEARCH PRIVATE LIMITED,DIPP203261,RECOGNISED,U72200MH2024PTC425188,Validation,Nagpur,Maharashtra,AI,Others,www.advivum.im,,,,OK
681dbd8ae4b010f8c8cefc49,DIPTHI HEALTH CARE SERVICES PRIVATE LIMITED,DIPP202937,RECOGNISED,U86201MH2025PTC443004,Scaling,Nagpur,Maharashtra,Healthcare & Lifesciences,Health & Wellness,na,,,,OK
681ca939e4b010f8c8cec508,RNA CURE PRIVATE LIMITED,DIPP202867,RECOGNISED,U72200MH2025PTC441393,Scaling,Nagpur,Maharashtra,Healthcare & Lifesciences,Others,NA,,,,OK
681c846fe4b010f8c8ceb3b4,TAHUM GLOBAL LLP,DIPP202827,RECOGNISED,ACN-3674,Validation,Nagpur,Maharashtra,Food & Beverages,Food Processing,tahumglobal@gmail.com,,,,OK
681bc771e4b010f8c8ce8164,NAMDEO INNOVATIONS PRIVATE LIMITED,DIPP202755,RECOGNISED,U28290MH2025PTC443062,Validation,Nagpur,Maharashtra,Automotive,Others,www.naturewynn.com,,,,OK
681b6b23e4b010f8c8ce70d2,VIRIDIZ INFRA SOLUTIONS PRIVATE LIMITED,DIPP202741,RECOGNISED,U45201MH2020PTC338759,EarlyTraction,Nagpur,Maharashtra,Green Technology,Clean Tech,www.viridiz.in,,,,OK
681b4a8be4b010f8c8ce652a,DCIT SYSTEMS PRIVATE LIMITED,DIPP202712,RECOGNISED,U85499MH2024PTC433813,Validation,Nagpur,Maharashtra,IT Services,IT Consulting,www.dcit.co.in,,,,OK
6819e7a6e4b04a4dc1c6c69a,CLYSTRA NETWORKS PRIVATE LIMITED,DIPP202541,RECOGNISED,U61101MH2025PTC443366,Scaling,Nagpur,Maharashtra,Internet of Things,Others,clystranetworks.com,,,,OK
6818bbf4e4b0ea43c8effb0c,STRATAGEN DEFENCE PRIVATE LIMITED,DIPP202447,RECOGNISED,U58200MH2024PTC436646,Validation,Nagpur,Maharashtra,Aeronautics Aerospace & Defence,Defence Equipment,https://stratagendefence.com,,,,OK
68189959e4b0ea43c8efe918,CIVIC AXIS PRIVATE LIMITED,DIPP202405,RECOGNISED,U58200MH2025PTC439937,Validation,Nagpur,Maharashtra,IT Services,Product Development,www.civicplan.in ,,,,OK
6815a876e4b0ea43c8ef3317,SOCIALHOOK TECHNOLOGIES PRIVATE LIMITED,DIPP202190,RECOGNISED,U63120MH2025PTC446413,Validation,Nagpur,Maharashtra,Social Network,Others,socialhookapp.com,,,,OK
6811eb27e4b0611108b3f391,MUDITAA INFOSOFT LLP,DIPP201809,RECOGNISED,ACC-2122,EarlyTraction,Nagpur,Maharashtra,Enterprise Software,Others,: https://obhau.com,,,,OK
6811e08ae4b0611108b3ed8e,JAYKAMAL FOODS PRIVATE LIMITED,DIPP201796,RECOGNISED,U56103MH2025PTC441858,Prototype,Nagpur,Maharashtra,Agriculture,Food Processing,NA,,,,OK
6810c1aee4b0611108b38e38,KATARE HEALTHCARE PRIVATE LIMITED,DIPP200696,RECOGNISED,U86100MH2024PTC419585,Prototype,Nagpur,Maharashtra,Healthcare & Lifesciences,Healthcare Services,,,,,OK
681087d5e4b0611108b35807,EARNLINGUA (OPC) PRIVATE LIMITED,DIPP201613,RECOGNISED,U85499MH2025OPC446395,EarlyTraction,Nagpur,Maharashtra,Education,Others,NA,,,,OK
680f7cb4e4b0611108b31494,MKS OTERRI PRIVATE LIMITED,DIPP201541,RECOGNISED,U46510MH2024PTC424223,EarlyTraction,Nagpur,Maharashtra,Enterprise Software,Others,https://oterri.com,,,,OK
680f64f0e4b0611108b30839,ATHERA MEDICAL TECHNOLOGIES (OPC) PRIVATE LIMITED,DIPP201492,RECOGNISED,U32509PN2025OPC238606,Prototype,Nagpur,Maharashtra,Healthcare & Lifesciences,Medical Devices Biomedical,,,,,OK
680cd30de4b0611108b27c19,ELITE TISSUE LLP,DIPP201353,RECOGNISED,ACM-6714,Prototype,Nagpur,Maharashtra,Other Specialty Retailers,Others,,,,,OK
680a22a2e4b0611108b1c2e4,I PEEP SOLUTIONS PRIVATE LIMITED,DIPP201040,RECOGNISED,U70200MH2025PTC439806,EarlyTraction,Nagpur,Maharashtra,Technology Hardware,Others,ipeepsolutions.com,,,,OK
6808b976e4b0611108b1547c,TRIGEN ENTERPRISES PRIVATE LIMITED,DIPP200873,RECOGNISED,U43222MH2024PTC428113,EarlyTraction,Nagpur,Maharashtra,Construction,Construction & Engineering,www.trigen.com,,,,OK
68075cd0e4b0611108b0f13e,APEXSOFTNET PRIVATE LIMITED,DIPP200700,RECOGNISED,U62020MH2023PTC402006,Validation,Nagpur,Maharashtra,Enterprise Software,Others,APEXSOFTNET PRIVATE LIMITED,,,,OK
68037ce0e4b0e456e35c396a,NUGEN DEEPTECH PRIVATE LIMITED,DIPP200417,RECOGNISED,U62090MH2023PTC413601,Prototype,Nagpur,Maharashtra,AI,Others,https://nugen.in/,,,,OK
68033087e4b0e456e35c198d,NISHIKANT ARCHANA CHOUDHARI SOCIAL FOUNDATION,DIPP200359,RECOGNISED,U88900MH2025NPL440956,Validation,Nagpur,Maharashtra,Social Impact,NGO,NIL,,,,OK
68024429e4b0e456e35bf60d,SATTVA HARVEST INNOVENTURES PRIVATE LIMITED,DIPP200320,RECOGNISED,U20119PN2023PTC225936,Validation,Nagpur,Maharashtra,Biotechnology,Others,https://sattvaharvest.com/,,,,OK
680239ace4b0e456e35bee37,RELIRA BLASTECH PRIVATE LIMITED,DIPP199629,RECOGNISED,U28193MH2024PTC433299,Validation,Nagpur,Maharashtra,Internet of Things,Others,na,,,,OK
6801ecd9e4b0e456e35bcd27,OODA PROFESSIONAL INSTITUTE PRIVATE LIMITED,DIPP200223,RECOGNISED,U85499MH2023PTC408864,Validation,Nagpur,Maharashtra,Finance Technology,Trading,https://oodatraders.com/,,,,OK
67ff430ee4b0e456e35b1a14,BACKBONE SYSTEMS PRIVATE LIMITED,DIPP199937,RECOGNISED,U62091MH2025PTC440419,Scaling,Nagpur,Maharashtra,Professional & Commercial Services,Professional Information Services,https://www.backbonesystems.io/,,,,OK
67fdecb0e4b0e456e35aaa7c,ESENES STEEL LLP,DIPP199799,RECOGNISED,ACN-3610,Validation,Nagpur,Maharashtra,Construction,Others,ESENES STEEL LLP,,,,OK
67fcd28fe4b0e456e35a6ef0,SPLENDITONE INTERNATIONAL HEALTHCARE PRIVATE LIMITED,DIPP199689,RECOGNISED,U85100MH2022PTC382534,EarlyTraction,Nagpur,Maharashtra,Healthcare & Lifesciences,Health & Wellness,NA,,,,OK
67f7b214e4b0e456e3596417,S K FIRE PROTECTION PRIVATE LIMITED,DIPP199350,RECOGNISED,U28193MH2024PTC425141,Prototype,Nagpur,Maharashtra,Safety,Others,,,,,OK
67f788c6e4b0e456e3594fd7,STARSPLANNET DIGITAL PRIVATE LIMITED,DIPP199299,RECOGNISED,U66190MH2025PTC443881,Validation,Nagpur,Maharashtra,Finance Technology,Point of Sales,NA,,,,OK
67f4e58de4b0e456e3588e0d,AIO TRADING INDIA (OPC) PRIVATE LIMITED,DIPP198963,RECOGNISED,U46690MH2025OPC442251,Prototype,Nagpur,Maharashtra,Professional & Commercial Services,Others,https://aiotrading.co/,,,,OK
67f0bfece4b0e456e3576c07,ASTRO SPARK PRIVATE LIMITED,DIPP198649,RECOGNISED,U35109MH2025PTC442960,Validation,Nagpur,Maharashtra,Renewable Energy,Manufacture of Machinery and Equipment,https://www.falconebiz.com/company/ASTRO-SPARK-PRIVATE-LIMITED-U35109MH2025PTC442960,,,,OK
67eff705e4b0e456e3574959,JAGRUT AUTOMATION AND ROBOTICS PRIVATE LIMITED,DIPP198636,RECOGNISED,U28170MH2025PTC441573,Prototype,Nagpur,Maharashtra,Robotics,Robotics Technology,,,,,OK
67ef77f8e4b0e456e3570365,WHITE GOLD AGRO PROCESSORS LLP,DIPP198516,RECOGNISED,AAL-8505,Scaling,Nagpur,Maharashtra,Agriculture,Others,www.nowebsite.com,,,,OK
67ee797ee4b0e456e356c768,VAHA FLOW PRIVATE LIMITED,DIPP198455,RECOGNISED,U46909MH2024PTC419577,EarlyTraction,Nagpur,Maharashtra,Toys and Games,Physical Toys and Games,https://www.vahaflow.com,,,,OK
67ecf957e4b009a0a6049d32,VAIBHAV LAKSHMI MANPOWER SOLUTIONS PRIVATE LIMITED,DIPP198263,RECOGNISED,U93090MH2021PTC368309,Prototype,Nagpur,Maharashtra,Human Resources,Recruitment Jobs,https://www.filesure.in/company/vaibhav-lakshmi-manpower-solutions-private-limited/U93090MH2021PTC368309?tab=compliance,,,,OK
67ebb390e4b06cb547605abd,CIRCULAR ECOTECH PRIVATE LIMITED,DIPP198125,RECOGNISED,U37100MH2022PTC374843,Validation,Nagpur,Maharashtra,Green Technology,Clean Tech,www.circularecotech.com,,,,OK
67ea735be4b06cb5475fef18,GEOBIZ IMPEX AND SERVICES LLP,DIPP197972,RECOGNISED,AAU-2998,Prototype,Nagpur,Maharashtra,Agriculture,Agri-Tech,www.smartagrierp.com,,,,OK
67e84aaae4b06cb5475f51b5,TRONOCITY LABS PRIVATE LIMITED,DIPP197884,RECOGNISED,U62099MH2024PTC416538,EarlyTraction,Nagpur,Maharashtra,IT Services,KPO,https://www.gigzs.com,,,,OK
67e7cb83e4b06cb5475f2b3b,SINGLE POINT ENERGY SOLUTIONS PRIVATE LIMITED,DIPP197806,RECOGNISED,U45500MH2018PTC318216,Scaling,Nagpur,Maharashtra,Construction,Construction & Engineering,SINGLE POINT ENERGY SOLUTIONS PRIVATE LIMITED,,,,OK
67e63948e4b0dcb9493b41fb,EDUPEAK SCHOLARS PRIVATE LIMITED,DIPP197579,RECOGNISED,U85499MH2025PTC442462,Validation,Nagpur,Maharashtra,Education,Skill Development,EDUPEAK SCHOLARS PRIVATE LIMITED,,,,OK
67e413fbe4b06de30954dd00,WOOFERZZ INNOVATIONS PRIVATE LIMITED,DIPP197402,RECOGNISED,U46410MH2025PTC440329,EarlyTraction,Nagpur,Maharashtra,Pets & Animals,Others,WWW.WOOFERZZ.COM,,,,OK
67e3a186e4b06de3095460a5,PITAJI M D PANCHBHAI FOUNDATION,DIPP197215,RECOGNISED,U88900MH2024NPL431264,EarlyTraction,Nagpur,Maharashtra,Social Impact,Others,https://www.thecompanycheck.com/company/pitaji-m-d-panchbhai-foundation/U88900MH2024NPL431264,,,,OK
67e26899e4b06de30953a8a6,MANYA CLASSICS PRIVATE LIMITED,DIPP197102,RECOGNISED,U55101MH2024PTC437079,Prototype,Nagpur,Maharashtra,Real Estate,Coworking Spaces,Under Process,,,,OK
67dc00eee4b079e98982f686,MINGLEBUCKS GLOBAL PRIVATE LIMITED,DIPP196518,RECOGNISED,U63120MH2025PTC440064,Prototype,Nagpur,Maharashtra,Media & Entertainment,Others,NA,,,,OK
67dbce07e4b079e98982b785,IBIA INDUSTRIAL BATTERIES PRIVATE LIMITED,DIPP196446,RECOGNISED,U27200MH2024PTC418769,EarlyTraction,Nagpur,Maharashtra,Renewable Energy,Manufacture of Electrical Equipment,http://ibiaindustrials.in/,,,,OK
67da9b7fe4b02fefa51082cd,MAHALAXMI RICE AND FOOD INDUSTRY ,DIPP199936,RECOGNISED,NG000009874,EarlyTraction,Nagpur,Maharashtra,Agriculture,Food Processing,https://www.instagram.com/mahalaxmifoodandriceindustry/,,,,OK
67da6ffae4b00e0c1b1a0f4c,HOPEVE SOLUTIONS LLP,DIPP194086,RECOGNISED,ACD-2797,Scaling,Nagpur,Maharashtra,Security Solutions,Others,WWW.HOPEVE.COM,,,,OK
67d82b8ee4b00e0c1b186a33,SUNTRONIC RENEWABLES PRIVATE LIMITED,DIPP196030,RECOGNISED,U74999MH2020PTC341821,EarlyTraction,Nagpur,Maharashtra,Renewable Energy,Renewable Solar Energy,www.suntronicrenewables.com,,,,OK
67d7dc97e4b00e0c1b17d127,ASCENDIUM VENTURES PRIVATE LIMITED,DIPP195925,RECOGNISED,U93120MH2025PTC439134,Prototype,Nagpur,Maharashtra,Travel & Tourism,Experiential Travel,https://ascendiumventures.in,,,,OK
67d3ea1de4b00e0c1b146400,LAKSHMIBHUMI FARMER PRODUCER COMPANY LIMITED,DIPP195724,RECOGNISED,U01611MH2024PTC437157,Prototype,Nagpur,Maharashtra,Agriculture,Agri-Tech,,,,,OK
67cee17ae4b00e0c1b0a93da,ALTRIX AGRO FARM PRIVATE LIMITED,DIPP195278,RECOGNISED,U68200MH2025PTC439515,Prototype,Nagpur,Maharashtra,Agriculture,Organic Agriculture,https://altrixagrofarm.com,,,,OK
67ceb9c2e4b00e0c1b0a461f,BHAVYA AGRO INSPECTION AND WAREHOUSING PRIVATE LIMITED,DIPP195234,RECOGNISED,U46101MH2025PTC437618,Prototype,Nagpur,Maharashtra,Agriculture,Others,,,,,OK
67cb0591e4b00e0c1b063f1e,HEEMUL MEDCO PRIVATE LIMITED,DIPP195006,RECOGNISED,U46497MH2024PTC433092,Prototype,Nagpur,Maharashtra,Healthcare & Lifesciences,Healthcare Services,,,,,OK
67c955aae4b0229a79735053,SHANIF TECH SOLUTIONS PRIVATE LIMITED,DIPP194766,RECOGNISED,U58201MH2025PTC439740,Validation,Nagpur,Maharashtra,IT Services,Product Development,http://www.shaniftechsolutions.com,,,,OK
67c6d58ee4b0f37094cb3dc1,AZURECHIC PHARMACEUTICAL PRIVATE LIMITED,DIPP194465,RECOGNISED,U46497MH2025PTC441605,Prototype,Nagpur,Maharashtra,Healthcare & Lifesciences,Pharmaceutical,NA,,,,OK
67c5926be4b0f37094be685c,MANOSHREE ENGINEERING AND CONSULTANCY LLP,DIPP194324,RECOGNISED,ACE-8028,Prototype,Nagpur,Maharashtra,Construction,Construction & Engineering,,,,,OK
67c56843e4b038466327a183,CHRYSOLITE AGRO &amp; HELATH CARE PRIVATE LIMITED,DIPP194271,RECOGNISED,U86900MH2024PTC428586,Prototype,Nagpur,Maharashtra,Agriculture,Organic Agriculture,,,,,OK
67c17741e4b0384663242b3f,MAISONVEDA PETS PRIVATE LIMITED,DIPP193971,RECOGNISED,U10803MH2024PTC434783,EarlyTraction,Nagpur,Maharashtra,Pets & Animals,Others, https://wholewoofsmarket.com/,,,,OK
67c0618fe4b0c167e9fac1e1,DZGNJAM LEARNINGS PRIVATE LIMITED,DIPP193879,RECOGNISED,U85499MH2024PTC425094,Validation,Nagpur,Maharashtra,Education,Skill Development,https://www.dzgnjam.com/,,,,OK
67bed43ce4b0c167e9f9f89f,MAHABUDDY TALENT MANAGEMENT PRIVATE LIMITED,DIPP193660,RECOGNISED,U78300MH2024PTC429763,Prototype,Nagpur,Maharashtra,Human Resources,Talent Management,https://www.mahabuddy.com/webmaha/,,,,OK
67be2fffe4b0c167e9f9c64e,THREE LEAF PRODUCTS LLP,DIPP193610,RECOGNISED,ACB-4886,EarlyTraction,Nagpur,Maharashtra,Agriculture,Organic Agriculture,threeleafproducts.in,,,,OK
67bdba2be4b0c167e9f99c81,VOICE VILLA STUDIOS PRIVATE LIMITED,DIPP193586,RECOGNISED,U59201MH2023PTC401281,EarlyTraction,Nagpur,Maharashtra,Advertising,AdTech,UdyamRegistrationCertificate,,,,OK
67bc61ebe4b0b57bb29f6605,PANJTAN INDUSTRIES PRIVATE LIMITED,DIPP193396,RECOGNISED,U22209MH2025PTC438535,Prototype,Nagpur,Maharashtra,Food & Beverages,Others,,,,,OK
67bc3df1e4b0b57bb29f47a6,Meraaki Founders Club,DIPP212459,RECOGNISED,ACO-2820,Prototype,Nagpur,Maharashtra,Professional & Commercial Services,Business Support Services,www.meraakifoundersclub.com,,,,OK
67b88cf9e4b06e2290adb3d8,AGRIPILOT TECH PRIVATE LIMITED,DIPP193143,RECOGNISED,U62099MH2023PTC413309,EarlyTraction,Nagpur,Maharashtra,Agriculture,Agri-Tech,https://agripilot.ai/,,,,OK
67b86940e4b06e2290ada149,QUANTUM RAIDOTECH PRIVATE LIMITED,DIPP193118,RECOGNISED,U52290MH2024PTC420235,EarlyTraction,Nagpur,Maharashtra,Transportation & Storage,Passenger Transportation Services,http://raidobiketaxi.in,,,,OK
67b761f6e4b06e2290ad1bee,TRYAKSH INNOVATIONS PRIVATE LIMITED,DIPP193008,RECOGNISED,U26514MH2025PTC439161,EarlyTraction,Nagpur,Maharashtra,Technology Hardware,Embedded,https://www.tryakshipl.com/,,,,OK
67b7253ae4b06e2290aceb4c,INDS ELECTRICALS PRIVATE LIMITED,DIPP192985,RECOGNISED,U40106MH2020PTC337883,Validation,Nagpur,Maharashtra,Automotive,Electric Vehicles,www.indselectriclas.com,,,,OK
67b700ffe4b06e2290acb86d,FLEXIVERSE SOLUTIONS PRIVATE LIMITED,DIPP192942,RECOGNISED,U42900MH2025PTC439027,Prototype,Nagpur,Maharashtra,Construction,Construction & Engineering,,,,,OK
67b5e97be4b06e2290ac3e7e,THERMO TECHNOCOM PRIVATE LIMITED,DIPP192861,RECOGNISED,U33121MH2024PTC431672,Prototype,Nagpur,Maharashtra,Construction,Construction & Engineering,,,,,OK
67b5be6fe4b06e2290ac1eec,IOTISE PRIVATE LIMITED,DIPP192820,RECOGNISED,U72900MH2022PTC382427,Validation,Nagpur,Maharashtra,Agriculture,Food Processing,ssges.co.in,,,,OK
67b30b0ee4b02f3969107d32,FINOFINEX EXIM PRIVATE LIMITED,DIPP192509,RECOGNISED,U74901MH2024PTC430976,Prototype,Nagpur,Maharashtra,Education,Skill Development,www.exim.ifssgroup.in,,,,OK
67add14ce4b0833282ef7d35,INDS AGRO INDUSTRY PRIVATE LIMITED,DIPP192133,RECOGNISED,U15200MH2022PTC395225,Validation,Nagpur,Maharashtra,Agriculture,Food Processing,INDS AGRO INDUSTRY PRIVATE LIMITED,,,,OK
67ad954ce4b0833282ef543f,NEELANSH INFRA PROJECTS PRIVATE LIMITED,DIPP191147,RECOGNISED,U42209MH2024PTC437360,Validation,Nagpur,Maharashtra,Construction,Construction & Engineering,https://www.mca.gov.in/content/mca/global/en/mca/master-data/MDS/company-master-info.html,,,,OK
67ad89bbe4b045171969bc04,SKYREN BROADBAND SERVICES PRIVATE LIMITED,DIPP190038,RECOGNISED,U72900MH2022PTC394587,EarlyTraction,Nagpur,Maharashtra,Internet of Things,Others,NA,,,,OK
67ad81afe4b045171969b33c,ACUMENITY ADVISORY PRIVATE LIMITED,DIPP189139,RECOGNISED,U82199MH2024PTC437391,Prototype,Nagpur,Maharashtra,Professional & Commercial Services,Business Support Services,,,,,OK
67ac5bf5e4b04517196941f0,SYBOCIC REAL EASTATE PRIVATE LIMITED,DIPP191951,RECOGNISED,U41001MH2025PTC437615,Scaling,Nagpur,Maharashtra,Real Estate,Others,N/A,,,,OK
67ab4183e4b0e8e31271f6f8,OMMAHADEV AYURVEDA AND PHARMA PRIVATE LIMITED,DIPP191894,RECOGNISED,U21001MH2024PTC431004,Validation,Nagpur,Maharashtra,Healthcare & Lifesciences,Pharmaceutical,NA,,,,OK
67a6f250e4b0ba33679247d3,SHREEYA DEVANSHI INTERNATIONAL SPICE PRIVATE LIMITED,DIPP191521,RECOGNISED,U01284MH2024PTC433009,Validation,Nagpur,Maharashtra,Agriculture,Agri-Tech,https://agrawalspices.com/shreeya-devanshi-international-spice-private-limited/,,,,OK
67a5fb1de4b0ba336791f5c5,BHAVNA INTERNATIONAL SPICE PRIVATE LIMITED,DIPP191485,RECOGNISED,U01284MH2024PTC432214,Prototype,Nagpur,Maharashtra,Agriculture,Agri-Tech,https://agrawalspices.com/,,,,OK
67a5f174e4b0ba336791ee0f,FOODSIA SERVICES PRIVATE LIMITED,DIPP191464,RECOGNISED,U47219MH2025PTC438938,Prototype,Nagpur,Maharashtra,Food & Beverages,Others,,,,,OK
67a43e61e4b0a671abf4be2b,SGUARD AUTOMATION PRIVATE LIMITED,DIPP191231,RECOGNISED,U34100MH2021PTC359457,EarlyTraction,Nagpur,Maharashtra,Technology Hardware,Manufacturing,SGUARD AUTOMATION PRIVATE LIMITED,,,,OK
67a20459e4b0a671abf3d77c,WROFY ELEGANCE PRIVATE LIMITED,DIPP191037,RECOGNISED,U14101MH2025PTC438761,Prototype,Nagpur,Maharashtra,Fashion,Lifestyle,,,,,OK
679e011ee4b0c8d671afa3a6,CONSO INNOVATIONS PRIVATE LIMITED,DIPP190736,RECOGNISED,U70200MH2025PTC438845,Prototype,Nagpur,Maharashtra,Finance Technology,Advisory,https://conso.in/,,,,OK
679de117e4b0c8d671af950f,RAJSHRI CONFETTI SKINCARE VENTURES PRIVATE LIMITED,DIPP190708,RECOGNISED,U46901MH2024PTC435007,Validation,Nagpur,Maharashtra,Retail,Others,www.confettibeauty.in,,,,OK
679db6e4e4b0c8d671af7be0,DS CORRUPACK PRIVATE LIMITED,DIPP190679,RECOGNISED,U22203MH2024PTC431453,Prototype,Nagpur,Maharashtra,Professional & Commercial Services,Business Support Supplies,NA,,,,OK
679c89f0e4b0c8d671af1c13,CAPSEC FASHION PRIVATE LIMITED,DIPP190552,RECOGNISED,U32909MH2024PTC437036,Prototype,Nagpur,Maharashtra,Textiles & Apparel,Apparel & Accessories,,,,,OK
679b26eae4b01d22e013535b,KDKOLTE TASTY GO PRIVATE LIMITED,DIPP190396,RECOGNISED,U56290MH2024PTC428257,Prototype,Nagpur,Maharashtra,Food & Beverages,Food Technology/Food Delivery,NA,,,,OK
679a0957e4b01d22e012cca0,BLUEWALL MARINE SERVICES PRIVATE LIMITED,DIPP190319,RECOGNISED,U45309MH2022PTC388539,Scaling,Nagpur,Maharashtra,Sports,Others,https://bluewallmarine.com,,,,OK
6798b794e4b08d5f74b2de7c,SHIVANKAR HEALTH CARE SERVICES PRIVATE LIMITED,DIPP190167,RECOGNISED,U86100MH2024PTC432970,Prototype,Nagpur,Maharashtra,Healthcare & Lifesciences,Healthcare Services,,,,,OK
6798a7e2e4b08d5f74b2d705,KRACK SHIELD PRIVATE LIMITED,DIPP190142,RECOGNISED,U46901PN2024PTC234372,EarlyTraction,Nagpur,Maharashtra,Chemicals,Commodity Chemicals,crackproof.in,,,,OK
67971d96e4b08d5f74b267ba,SHUBHAM TECH SERVICES PRIVATE LIMITED,DIPP189965,RECOGNISED,U71200MH2023PTC412883,Prototype,Nagpur,Maharashtra,Analytics,Business Intelligence,,,,,OK
6794c53be4b08d5f74b20ea6,HYDRAULIX INDIA PRIVATE LIMITED,DIPP189883,RECOGNISED,U45309MH2022PTC395119,EarlyTraction,Nagpur,Maharashtra,Construction,New-age Construction Technologies,www.hydraulixindia.com,,,,OK
678f9a24e4b04104efa167ed,RISING STAR,DIPP194219,RECOGNISED,NG000010378,Validation,Nagpur,Maharashtra,Safety,Others,https://www.risingstarcng.com/hostpanel/login/webmail,,,,OK
678e4ad0e4b04104efa12071,AGILE BEANS PRIVATE LIMITED,DIPP189222,RECOGNISED,U72900MH2017PTC294290,Validation,Nagpur,Maharashtra,AI,Others,saurabhparse@gmail.com,,,,OK
678e3950e4b04104efa11965,IM INFRACON PRIVATE LIMITED,DIPP189193,RECOGNISED,U45201MH2022PTC389925,Prototype,Nagpur,Maharashtra,Real Estate,Others,,,,,OK
678e1740e4b04104efa1062f,R &amp; R HERBAL BIOCARE LLP,DIPP189166,RECOGNISED,AAY-6548,Validation,Nagpur,Maharashtra,Agriculture,Others,www.rrherbalbiocareservices.com,,,,OK
678bf598e4b04104efa0b64a,SYNAPTRIX TECHNOLOGY PRIVATE LIMITED,DIPP189115,RECOGNISED,U62099MH2024PTC436872,Validation,Nagpur,Maharashtra,AI,Machine Learning,https://synaptrix.org,,,,OK
678b6319e4b04104efa089ef,VED SANJEEVANI PRIVATE LIMITED,DIPP189041,RECOGNISED,U47912PN2024PTC234517,Validation,Nagpur,Maharashtra,Healthcare & Lifesciences,Health & Wellness,vedsanjeevani.com,,,,OK
678a24f0e4b04104efa04c71,VEMS IMPOEXPO PRIVATE LIMITED,DIPP188937,RECOGNISED,U74994MH2020PTC337361,Prototype,Nagpur,Maharashtra,Telecommunication & Networking,Network Technology Solutions,,,,,OK
6789ddf7e4b04104efa03015,VIRTUAL TRADE BALE HUB PRIVATE LIMITED,DIPP188882,RECOGNISED,U46109MH2024PTC426006,Validation,Nagpur,Maharashtra,Professional & Commercial Services,Others,https://www.balehub.link/,,,,OK
67868481e4b04104ef9f9cbb,ADIVIDHYA CONSTRUCTION LLP,DIPP188665,RECOGNISED,ACD-5504,EarlyTraction,Nagpur,Maharashtra,Construction,Construction & Engineering,Not applicable,,,,OK
6784b779e4b0086ce8e3c02b,SHRIPUNYA EPC PRIVATE LIMITED,DIPP188449,RECOGNISED,U71100MH2024PTC434890,Validation,Nagpur,Maharashtra,Computer Vision,Others,SHRIPUNYA EPC PRIVATE LIMITED,,,,OK
67811886e4b0086ce8e3263a,SECYORO TECHNOLOGIES PRIVATE LIMITED,DIPP188309,RECOGNISED,U62099PN2024PTC234714,Prototype,Nagpur,Maharashtra,IT Services,IT Management,NA,,,,OK
6780d106e4b0086ce8e30d7d,SHIVAANI HYGIENE PRIVATE LIMITED,DIPP188243,RECOGNISED,U17299MH2022PTC388446,Scaling,Nagpur,Maharashtra,Healthcare & Lifesciences,Health & Wellness,www.vaidyaindustries.in,,,,OK
677e380ae4b0086ce8e28980,TECHLYNC LEARNING TECHNOLOGIES PRIVATE LIMITED,DIPP182847,RECOGNISED,U43900MH2023PTC411405,Prototype,Nagpur,Maharashtra,Education,E-learning,,,,,OK
677e296ce4b0086ce8e28404,SERVICENOVA PRIVATE LIMITED,DIPP182131,RECOGNISED,U46529MH2024PTC417634,Prototype,Nagpur,Maharashtra,Renewable Energy,Renewable Energy Solutions,,,,,OK
677e1adfe4b0086ce8e27d3e,VERDANT DYNAMICS LLP,DIPP184950,RECOGNISED,ACK-5648,Validation,Nagpur,Maharashtra,Indic Language Startups,E-Commerce,www.verdant.com,,,,OK
677bb3cbe4b0f84ff2b64b51,AMRIT OXIDANE PRIVATE LIMITED,DIPP187744,RECOGNISED,U33122MH2024PTC421552,EarlyTraction,Nagpur,Maharashtra,Green Technology,Clean Tech,0,,,,OK
6777e594e4b0f84ff2b5a3b3,SPACEVERSE TECHNOLOGIES PRIVATE LIMITED,DIPP187528,RECOGNISED,U30304MH2024PTC421143,Validation,Nagpur,Maharashtra,Aeronautics Aerospace & Defence,Space Technology,www.spaceverse.tech ,,,,OK
6772aa41e4b0e15a7fe636e7,RAGES FASHION HOUSE INDIA (OPC) PRIVATE LIMITED,DIPP187136,RECOGNISED,U14101MH2024OPC434947,Validation,Nagpur,Maharashtra,Fashion,Others,RAGES FASHION HOUSE INDIA (OPC) PRIVATE LIMITED,,,,OK
6772969ce4b07f1a9aadafe5,FEATHERNINE GLOBAL VENTURES PRIVATE LIMITED,DIPP187122,RECOGNISED,U62099MH2024PTC418533,Prototype,Nagpur,Maharashtra,IT Services,IT Consulting,http://www.feathernine.com,,,,OK
67727e2be4b07634d0e57c46,MANDHANA'S RENEWBLEND MATERIAL LLP,DIPP187097,RECOGNISED,ACI-2415,Validation,Nagpur,Maharashtra,Construction,New-age Construction Technologies,www.madhana.com,,,,OK
676fdae0e4b07634d0e5199f,SHREE COM OUTLET PRIVATE LIMITED,DIPP186975,RECOGNISED,U46632MH2024PTC425340,Validation,Nagpur,Maharashtra,Agriculture,Food Processing,www.scopl.com,,,,OK
676e5706e4b02067edf175ac,SINDHAM ORGANIC AGROTECH PRIVATE LIMITED,DIPP186813,RECOGNISED,U01500MH2024PTC434199,Prototype,Nagpur,Maharashtra,Agriculture,Organic Agriculture,www.sindham.com,,,,OK
676a8a55e4b04f27c1353297,SUGAT TRADERS PRIVATE LIMITED,DIPP186490,RECOGNISED,U94910PN2024PTC234548,EarlyTraction,Nagpur,Maharashtra,Retail,Others,https://sugatglobalcreations.com,,,,OK
67656092e4b02edde77f63be,LEXPRO TECHNOLOGIES PRIVATE LIMITED,DIPP186126,RECOGNISED,U62010MH2024PTC428678,Prototype,Nagpur,Maharashtra,AI,Others,,,,,OK
67654717e4b02edde77f4f1f,PURPOSE HEALTHCARE LABS PRIVATE LIMITED,DIPP186092,RECOGNISED,U11049MH2024PTC426250,Validation,Nagpur,Maharashtra,Healthcare & Lifesciences,Health & Wellness,PURPOSE HEALTHCARE LABS PRIVATE LIMITED,,,,OK
6763c2d2e4b090dc29023e25,BHUMISAAR ENTERPRISES PRIVATE LIMITED,DIPP185931,RECOGNISED,U46909PN2024PTC236003,Prototype,Nagpur,Maharashtra,Agriculture,Agri-Tech,N/A,,,,OK
67617738e4b035f7d75690aa,STEELCOOL COOLERS PRIVATE LIMITED,DIPP185780,RECOGNISED,U27501MH2024PTC424771,Validation,Nagpur,Maharashtra,Technology Hardware,Manufacturing,NA,,,,OK
6761751fe4b035f7d7568fbe,ROSPAND GLOBAL TECHNO SERVICES PRIVATE LIMITED,DIPP185777,RECOGNISED,U01120MH2024PTC435564,Validation,Nagpur,Maharashtra,Agriculture,Organic Agriculture,https://rospand.com/,,,,OK
67602abfe4b011954bce818d,AACHARYAUTPURE AGRI MULTI PRODUCTS LLP,DIPP185637,RECOGNISED,ACI-3949,Validation,Nagpur,Maharashtra,Agriculture,Agri-Tech,www.aacharyaseed.com,,,,OK
675ad74be4b0e761d3171610,CARBON GREEN SOLUTION PRIVATE LIMITED,DIPP185311,RECOGNISED,U51909MH2022PTC380577,Validation,Nagpur,Maharashtra,Automotive,Electric Vehicles,na,,,,OK
675ac758e4b0e761d3170f6b,DSPB SUPERFOODS PRIVATE LIMITED,DIPP185293,RECOGNISED,U47737MH2024PTC417909,Validation,Nagpur,Maharashtra,Food & Beverages,Food Processing,NA,,,,OK
67594b0ce4b0e761d316bbf7,DRIPMONK TEXTILES (OPC) PRIVATE LIMITED,DIPP185137,RECOGNISED,U47711MH2024OPC434416,Validation,Nagpur,Maharashtra,Fashion,Apparel,https://www.thecompanycheck.com/company/dripmonk-textiles-opc-private-limited/U47711MH2024OPC434416,,,,OK
67582fdce4b0953e58b21e72,AAVRAJAN SERVICES PRIVATE LIMITED,DIPP185080,RECOGNISED,U66190MH2024PTC434787,Prototype,Nagpur,Maharashtra,Finance Technology,Foreign Exchange,https://moneykauf.com/home/,,,,OK
6757def6e4b0953e58b1fb2e,DIGISHARP TECHNOSOFT LLP,DIPP184996,RECOGNISED,AAS-1997,Validation,Nagpur,Maharashtra,Technology Hardware,Manufacturing,https://digisharp.in/,,,,OK
674ef698e4b0c0da2133db2c,SAMVAY KNOWLEDGE ENRICHMENT PRIVATE LIMITED,DIPP184446,RECOGNISED,U90003MH2024PTC425669,EarlyTraction,Nagpur,Maharashtra,Education,Others,https://samvay.co.in/,,,,OK
674ef330e4b0c0da2133d9fc,CHA IMPEX LLP,DIPP184440,RECOGNISED,ACK-3835,Validation,Nagpur,Maharashtra,Healthcare & Lifesciences,Health & Wellness,na,,,,OK
674ed27ae4b0c0da2133cce2,GREEN HEALTH DYNAMICS PRIVATE LIMITED,DIPP184408,RECOGNISED,U37003MH2024PTC429375,Prototype,Nagpur,Maharashtra,Waste Management,Others,,,,,OK
674b0057e4b0c0da2133050d,GAURAVI INTERNATIONAL PRIVATE LIMITED,DIPP184205,RECOGNISED,U10795MH2023PTC403375,Validation,Nagpur,Maharashtra,Food & Beverages,Food Processing,GAURAVI INTERNATIONAL PRIVATE LIMITED,,,,OK
674aebe2e4b0c0da2132fe4d,BUSTBRAIN LABS (OPC) PRIVATE LIMITED,DIPP184190,RECOGNISED,U62013PN2024OPC235510,EarlyTraction,Nagpur,Maharashtra,Enterprise Software,Others,N/A,,,,OK
6749a068e4b02d7a79000f6e,EFRGENZ PRIVATE LIMITED,DIPP184101,RECOGNISED,U35106MH2023PTC410135,Validation,Nagpur,Maharashtra,Technology Hardware,Manufacturing,NA,,,,OK
67470827e4b079d818347f14,VECTORTEK LABS PRIVATE LIMITED,DIPP183850,RECOGNISED,U62013MH2024PTC433874,Validation,Nagpur,Maharashtra,IT Services,Application Development,NA,,,,OK
6746f6cee4b002d32d805ce0,MINTBOX FINTECH PRIVATE LIMITED,DIPP183830,RECOGNISED,U66300MH2023PTC411808,EarlyTraction,Nagpur,Maharashtra,Finance Technology,Advisory,www.mintit.in,,,,OK
67458369e4b0dd5c705451b2,KARTEXIN TECHNOLOGIES PRIVATE LIMITED,DIPP183583,RECOGNISED,U82990MH2024PTC422361,Prototype,Nagpur,Maharashtra,Retail,Retail Technology,www.kartex.in,,,,OK
67443dc9e4b0dd5c705411ff,MARTY INDIA EQUIPMENTS PRIVATE LIMITED,DIPP183565,RECOGNISED,U29309MH2022PTC394589,Prototype,Nagpur,Maharashtra,Construction,Construction & Engineering,,,,,OK
673f320ae4b038b18cd23af8,SHAHI RAJ DISPOSABLE LLP,DIPP183324,RECOGNISED,ACH-8414,Scaling,Nagpur,Maharashtra,Waste Management,Others,Shahiraj.com,,,,OK
673b3beae4b061047b5e4c97,WISE-BESARV EV PRIVATE LIMITED,DIPP182972,RECOGNISED,U29109MH2024PTC420376,EarlyTraction,Nagpur,Maharashtra,Automotive,Electric Vehicles,www.wisebesarvev.com,,,,OK
673b1118e4b061047b5e3a42,BETASYS AI PRIVATE LIMITED,DIPP182925,RECOGNISED,U62099MH2024PTC431926,EarlyTraction,Nagpur,Maharashtra,AI,NLP,www.betasys.ai,,,,OK
673882dae4b061047b5dcff5,SHARIDHS TECH SOLUTIONS,DIPP183898,RECOGNISED,NG000010211,Prototype,Nagpur,Maharashtra,Professional & Commercial Services,Business Support Services,bighelpr.com,,,,OK
673873ace4b061047b5dcb3a,WIT WEB INTEGRATED TECHNOLOGY PRIVATE LIMITED,DIPP182825,RECOGNISED,U62090MH2024PTC433634,Validation,Nagpur,Maharashtra,IT Services,Web Development,https://www.webintegratedtech.com/,,,,OK
67370386e4b061047b5d832c,SHREYA DONGRE DESIGN STUDIO PRIVATE LIMITED,DIPP182721,RECOGNISED,U70200MH2023PTC409919,Prototype,Nagpur,Maharashtra,Design,Others,,,,,OK
6735e900e4b061047b5d54b5,WATERSHOPY WORLDWIDE (OPC) PRIVATE LIMITED,DIPP182655,RECOGNISED,U29100MH2022OPC377226,EarlyTraction,Nagpur,Maharashtra,Marketing,Sales,www.watershopyworldwide.in,,,,OK
6734a7c9e4b061047b5d0cfd,SHUKL SOLUTIONS PRIVATE LIMITED,DIPP177647,RECOGNISED,U20233MH2024PTC426337,Validation,Nagpur,Maharashtra,Chemicals,Specialty Chemicals,https://www.brisklean.com/,,,,OK
6734a34fe4b061047b5d0abb,SHAVISWA FOUNDATION,DIPP182543,RECOGNISED,U88900PN2023NPL219151,Prototype,Nagpur,Maharashtra,Education,E-learning,https://www.thecompanycheck.com/company/shaviswa-foundation/U88900PN2023NPL219151,,,,OK
673433e1e4b01007c15537f1,PROJENSE SYSTEMS PRIVATE LIMITED,DIPP182438,RECOGNISED,U62099MH2023PTC411523,Validation,Nagpur,Maharashtra,Enterprise Software,ERP,https://projense.com/,,,,OK
6733028fe4b017491c4e9ddc,CLEOO COSMETICS PRIVATE LIMITED,DIPP182341,RECOGNISED,U20237MH2023PTC409694,Prototype,Nagpur,Maharashtra,Retail,Retail Technology,Home-Cleoo Cosmetic,,,,OK
67321bdae4b017491c4e7bb9,FINSIMPLIFY SOLUTIONS PRIVATE LIMITED,DIPP182310,RECOGNISED,U69201MH2024PTC433836,Prototype,Nagpur,Maharashtra,Finance Technology,Business Finance,,,,,OK
67319ae2e4b017491c4e47c8,PINAKRAJ CLASSICS PRIVATE LIMITED,DIPP182226,RECOGNISED,U47912PN2024PTC231795,Prototype,Nagpur,Maharashtra,Fashion,Apparel,NA,,,,OK
672e0203e4b017491c4d81ab,SALAMRAMA TRADING (OPC) PRIVATE LIMITED,DIPP182110,RECOGNISED,U47912MH2024OPC428625,Validation,Nagpur,Maharashtra,Indic Language Startups,E-Commerce, www.salamrama.com,,,,OK
672de010e4b017491c4d7320,GOFLAXO BIOSCIENCES PRIVATE LIMITED,DIPP182076,RECOGNISED,U21009MH2023PTC400447,Prototype,Nagpur,Maharashtra,Healthcare & Lifesciences,Health & Wellness,,,,,OK
6729e353e4b0a3f67b48e879,RVT PHARMA ENTERPRISES PRIVATE LIMITED,DIPP181778,RECOGNISED,U47720MH2023PTC415630,Prototype,Nagpur,Maharashtra,Marketing,Sales,NA,,,,OK
6728baaee4b0a3f67b48b050,ATOM O' SPHERE RESEARCH & TECHNOLOGIES PRIVATE LIMITED,DIPP157898,RECOGNISED,U72900MH2022PTC377794,EarlyTraction,Nagpur,Maharashtra,Finance Technology,Others,https://atomosphere.in/,,,,OK
6725fcebe4b01514dfdc590a,CODEF SOLUTIONS PRIVATE LIMITED,DIPP181674,RECOGNISED,U52100MH2021PTC370851,Scaling,Nagpur,Maharashtra,Professional & Commercial Services,Professional Information Services,www.codefsolutions.com,,,,OK
6721fa52e4b01514dfdbfc5c,A K SANTRA ASSOCIATE AND CONSULTANT PRIVATE LIMITED,DIPP181617,RECOGNISED,U82990MH2024PTC430821,Validation,Nagpur,Maharashtra,Safety,Others,Not Applicable,,,,OK
671f179de4b0bbf338c3b531,SUSTAINSH BIOSOLUTIONS LLP,DIPP181217,RECOGNISED,ACI-5079,Validation,Nagpur,Maharashtra,Biotechnology,Others,NA,,,,OK
671a1dabe4b03c19ec8d17c1,YOUNG CEO ENTERTAINMENT,DIPP181566,RECOGNISED,NG000010158,Validation,Nagpur,Maharashtra,Media & Entertainment,Entertainment,www.youngceoentertainment.com,,,,OK
67164e1ae4b005845491519f,MANMACH SERVICES PRIVATE LIMITED,DIPP180805,RECOGNISED,U74999MH2020PTC346574,Prototype,Nagpur,Maharashtra,Human Resources,Others,,,,,OK
67128f6ee4b00e6292704aef,SPECTRUM INVENTIVE DESIGNS PRIVATE LIMITED,DIPP180588,RECOGNISED,U18115MH2024PTC433731,Validation,Nagpur,Maharashtra,Textiles & Apparel,Others,SPECTRUM INVENTIVE DESIGNS PRIVATE LIMITED,,,,OK
67128f6ae4b00e6292704ae3,BELLYBASKET ECOMMERCE PRIVATE LIMITED,DIPP180585,RECOGNISED,U47910PN2024PTC231408,Prototype,Nagpur,Maharashtra,IT Services,Product Development,,,,,OK
67128f65e4b00e6292704ad7,ASHISH GREEN ENERGY PRIVATE LIMITED,DIPP180583,RECOGNISED,U35105MH2023PTC401236,Validation,Nagpur,Maharashtra,Renewable Energy,Renewable Solar Energy,ASHISH GREEN ENERGY PRIVATE LIMITED,,,,OK
67128f4be4b00e6292704aa6,ANAN VIRIYATECH PRIVATE LIMITED,DIPP180573,RECOGNISED,U35105MH2023PTC402390,Validation,Nagpur,Maharashtra,Renewable Energy,Renewable Solar Energy,ANAN VIRIYATECH PRIVATE LIMITED,,,,OK
6710bc31e4b062d0389313d3,AMEC CODEX PRIVATE LIMITED,DIPP180377,RECOGNISED,U62091MH2024PTC425971,Validation,Nagpur,Maharashtra,IT Services,Others,dhoond.co,,,,OK
670f926ae4b09e4189b03f76,SNDT SERVICES PRIVATE LIMITED,DIPP180284,RECOGNISED,U74999MH2021PTC372711,EarlyTraction,Nagpur,Maharashtra,Construction,Others,sndtservices.com,,,,OK
670cf67be4b0b193604ee6f8,TECHDYNAMICS INNOVATIONS PRIVATE LIMITED,DIPP180071,RECOGNISED,U85490MH2024PTC426444,Validation,Nagpur,Maharashtra,Education,Skill Development,NA,,,,OK
670bd9cee4b0bcb751c509f1,ANALOGLIFE PRIVATE LIMITED,DIPP180011,RECOGNISED,U32500MH2024PTC430394,EarlyTraction,Nagpur,Maharashtra,Healthcare & Lifesciences,Medical Devices Biomedical,www.Analoglifes.com,,,,OK
6708bf3ee4b0913403d3e5b5,SANVIVIJAY MICROSERVICES ASSOCIATION,DIPP179907,RECOGNISED,U88900MH2024NPL422825,Validation,Nagpur,Maharashtra,Finance Technology,Personal Finance,www.sanvivijay.com,,,,OK
67012b0ae4b0f06e1bb26435,NEXOR MINING PRIVATE LIMITED,DIPP179451,RECOGNISED,U07294MH2024PTC431411,EarlyTraction,Nagpur,Maharashtra,Professional & Commercial Services,Others,https://www.thecompanycheck.com/company/nexor-mining-private-limited/U07294MH2024PTC431411,,,,OK
66fe812de4b0f06e1bb18ba3,DRRV ADVANCED HEALTH PRIVATE LIMITED,DIPP179228,RECOGNISED,U86904MH2024PTC426110,Validation,Nagpur,Maharashtra,Healthcare & Lifesciences,Health & Wellness,DRRV ADVANCED HEALTH PRIVATE LIMITED,,,,OK
66fa79b6e4b0f06e1bb05f10,ELITA VENTURES PRIVATE LIMITED,DIPP178932,RECOGNISED,U55101MH2024PTC431311,Prototype,Nagpur,Maharashtra,Agriculture,Organic Agriculture,NA,,,,OK
66f7d9fee4b0e7dee436ac68,ARMISTICE DESTINATIONS PRIVATE LIMITED,DIPP178798,RECOGNISED,U74999MH2022PTC393722,Validation,Nagpur,Maharashtra,Travel & Tourism,Others,ARMISTICE DESTINATIONS PRIVATE LIMITED,,,,OK
66f692e7e4b09affe3108a07,ALTERWORKS BIOLABS LLP,DIPP172885,RECOGNISED,ACF-5703,Validation,Nagpur,Maharashtra,Healthcare & Lifesciences,Biotechnology,null,,,,OK
66f67e6be4b09ec5c50db567,PV-ENVIRO ENERGIES PRIVATE LIMITED,DIPP178700,RECOGNISED,U43222MH2023PTC414232,Validation,Nagpur,Maharashtra,Renewable Energy,Renewable Solar Energy,https://pvenviroenergies.com/,,,,OK
66f27f92e4b0799ff2783e8b,OMSHREE REALTORS NETWORK PRIVATE LIMITED,DIPP178361,RECOGNISED,U42909PN2023PTC225304,EarlyTraction,Nagpur,Maharashtra,Construction,Construction & Engineering,Roshanbhardwaj227@gmail.com,,,,OK
66f049c8e4b0f6c933094bed,YLALA SECURITY &amp; MANPOWER PRIVATE LIMITED,DIPP178129,RECOGNISED,U74904MH2024PTC426959,Validation,Nagpur,Maharashtra,Security Solutions,Others,www.ylalasecurityservices.com,,,,OK
66ee9ab5e4b0f6c93308f4dd,VIDRAM INDUSTRIES PRIVATE LIMITED,DIPP178065,RECOGNISED,U28246MH2024PTC418220,Validation,Nagpur,Maharashtra,Automotive,"Auto, Truck & Motorcycle Parts",https://www.mca.gov.in/content/mca/global/en/mca/master-data/MDS/company-master-info.html,,,,OK
66e9cd29e4b00aca7cb9e817,SALK AI PRIVATE LIMITED,DIPP177639,RECOGNISED,U62099MH2024PTC425737,EarlyTraction,Nagpur,Maharashtra,AI,Others,https://salk.ai,,,,OK
66e93ae1e4b0ff83efe1f895,FLEURIRA ENTERPRISES PRIVATE LIMITED,DIPP177580,RECOGNISED,U46491MH2024PTC429528,Prototype,Nagpur,Maharashtra,House-Hold Services,Personal Care,,,,,OK
66e938a2e4b0ff83efe1f6dd,QWERTYABCD LABS PRIVATE LIMITED,DIPP177579,RECOGNISED,U72900PN2021PTC204527,EarlyTraction,Nagpur,Maharashtra,AI,Machine Learning,https://fabrichq.ai,,,,OK
66e7d889e4b0862aa0d08d31,AARVK INNOVATIVE &amp; TEXTILE INDUSTRIES PRIVATE LIMITED,DIPP177462,RECOGNISED,U14101MH2024PTC431230,Validation,Nagpur,Maharashtra,Textiles & Apparel,Others,AARVK INNOVATIVE &amp; TEXTILE INDUSTRIES PRIVATE LIMITED,,,,OK
66e5b919e4b0aee6d0f10c39,GAGANTEJ AGRO &amp; ENERGY PRIVATE LIMITED,DIPP177430,RECOGNISED,U10790MH2024PTC430742,Validation,Nagpur,Maharashtra,Renewable Energy,Others,GAGANTEJ AGRO &amp; ENERGY PRIVATE LIMITED,,,,OK
66e42d0ce4b0aee6d0f0b6d3,WAGH DEFENCE PRIVATE LIMITED,DIPP177315,RECOGNISED,U25200MH2024PTC428978,Validation,Nagpur,Maharashtra,Aeronautics Aerospace & Defence,Defence Equipment,https://waghdefence.com/,,,,OK
66e2f27be4b0574f4f8e062b,VIEWSPACE TECHNOLOGY PRIVATE LIMITED,DIPP177204,RECOGNISED,U63112MH2024PTC427819,Prototype,Nagpur,Maharashtra,Finance Technology,Advisory,,,,,OK
66e00d84e4b0554f91179e37,MRO ENGINEERING AND SUPPLIES PRIVATE LIMITED,DIPP176890,RECOGNISED,U74999MH2017PTC290871,EarlyTraction,Nagpur,Maharashtra,Automotive,"Auto, Truck & Motorcycle Parts",industrialmro.com,,,,OK
66db04c4e4b0da161d5b5346,CUTTINGEJ SOLUTIONS INDIA PRIVATE LIMITED,DIPP176601,RECOGNISED,U62099MH2024PTC429106,Prototype,Nagpur,Maharashtra,Security Solutions,Cyber Security,,,,,OK
66d84082e4b0da161d5aae6d,QUINTESSENTIAL INFORMATICS SYSTEMS PRIVATE LIMITED,DIPP176365,RECOGNISED,U72900MH2021PTC357591,Validation,Nagpur,Maharashtra,IT Services,Product Development,QUINTESSENTIAL INFORMATICS SYSTEMS PRIVATE LIMITED,,,,OK
66d80c2ee4b0da161d5a8b3e,UXVERSE PRIVATE LIMITED,DIPP176343,RECOGNISED,U74103MH2024PTC416952,EarlyTraction,Nagpur,Maharashtra,Textiles & Apparel,Apparel & Accessories,http://www.uxverse.co.in/,,,,OK
66d31f2fe4b0da161d5955ab,SKILLIFIED LLP,DIPP176039,RECOGNISED,ACI-3327,Prototype,Nagpur,Maharashtra,Toys and Games,Physical Toys and Games,www.skillified.in,,,,OK
66d2bffce4b0da161d592904,A.G.UPASE CIVIL CONSTRUCTION PRIVATE LIMITED,DIPP175944,RECOGNISED,U42900MH2024PTC425210,Validation,Nagpur,Maharashtra,Construction,Others,nill,,,,OK
66d1c5dbe4b0da161d58ee32,SRIKALAHASTI FOOD PRODUCTS (OPC) PRIVATE LIMITED,DIPP175895,RECOGNISED,U10509MH2024OPC421390,Scaling,Nagpur,Maharashtra,Food & Beverages,Food Processing,https://srikalahastifoodproducts.com ,,,,OK
66d04ac4e4b0da161d5857e8,ULTRACHEM INFRA SOLUTIONS PRIVATE LIMITED,DIPP175694,RECOGNISED,U42909MH2024PTC426352,Validation,Nagpur,Maharashtra,Chemicals,Others,www.ultrachem.com,,,,OK
66cf5c05e4b0da161d582076,SUPERSHEET STEEL PROFILE PRIVATE LIMITED,DIPP175606,RECOGNISED,U74999MH2015PTC267833,Scaling,Nagpur,Maharashtra,Construction,Others,https://www.supersheet.in/,,,,OK
66cd6beee4b0da161d5787a2,DR.SB DATA &amp; DIGITAL SERVICES PRIVATE LIMITED,DIPP175356,RECOGNISED,U72900PN2021PTC205522,Prototype,Nagpur,Maharashtra,Media & Entertainment,Social Media,,,,,OK
66c9b84be4b0da161d570f62,MAKEFACE TECHNOLOGIES PRIVATE LIMITED,DIPP175241,RECOGNISED,U62099MH2024PTC426443,Prototype,Nagpur,Maharashtra,Social Network,Others,Pratikpetkar231@gmail.com,,,,OK
66c9ae6fe4b0da161d570cbe,EIROBAA ELECTRIC VEHICLES PRIVATE LIMITED,DIPP175231,RECOGNISED,U45100MH2024PTC430247,Validation,Nagpur,Maharashtra,Automotive,Electric Vehicles,https://eirobaa.com/,,,,OK
66c728eae4b0da161d56951c,SUNMARC PAPER INDUSTRY PRIVATE LIMITED,DIPP174986,RECOGNISED,U21099MH2022PTC390906,Scaling,Nagpur,Maharashtra,Waste Management,Others,https://sunmarc.in/,,,,OK
66c589a7e4b0da161d5627fd,HYPROCON TECH SERVICES PRIVATE LIMITED,DIPP174800,RECOGNISED,U74910MH2022PTC388179,Validation,Nagpur,Maharashtra,House-Hold Services,Others,https://www.fiestaservices.co.in/,,,,OK
66c483bbe4b0da161d55f953,JIVICHEM SYNTHESIS PRIVATE LIMITED,DIPP174744,RECOGNISED,U20299PN2023PTC219164,Prototype,Nagpur,Maharashtra,Chemicals,Specialty Chemicals,www.Jivichem.com,,,,OK
66c3718ae4b0da161d55bda1,CLIDE CONSULTING (OPC) PRIVATE LIMITED,DIPP174673,RECOGNISED,U70200MH2024OPC419613,Prototype,Nagpur,Maharashtra,Safety,Others,https://clideg.clideanalyser.com,,,,OK
66c04d84e4b0eebff778f4db,BIOCARE KMK PRIVATE LIMITED,DIPP174569,RECOGNISED,U46209MH2024PTC428619,Validation,Nagpur,Maharashtra,Agriculture,Others,www.biocare.com,,,,OK
66bc4baae4b0e0a79682ddf1,ALLIOSTAAR TECHUB LLP,DIPP174261,RECOGNISED,AAO-0396,EarlyTraction,Nagpur,Maharashtra,IT Services,Others,ALLIOSTAAR TECHUB LLP,,,,OK
66bb63e2e4b0e0a79682c0c1,SMARF INFORMATION SYSTEM PRIVATE LIMITED,DIPP174234,RECOGNISED,U62099MH2023PTC412608,Validation,Nagpur,Maharashtra,Professional & Commercial Services,Others,Glowme.app,,,,OK
66bb52e7e4b0e0a79682bd06,SHLOK REFVAN SERVICES PRIVATE LIMITED,DIPP174224,RECOGNISED,U74994MH2018PTC314840,Scaling,Nagpur,Maharashtra,Transportation & Storage,Others,SHLOK REFVAN SERVICES PRIVATE LIMITED,,,,OK
66bafd39e4b0c0e46a15899d,INALTS FINSOLVE PRIVATE LIMITED,DIPP174143,RECOGNISED,U66190MH2024PTC420283,Validation,Nagpur,Maharashtra,Finance Technology,Others,www.inalts.com,,,,OK
66b9f935e4b0b38a2e949805,MAHALLE INFRAVENTURES PRIVATE LIMITED,DIPP174086,RECOGNISED,U43900MH2023PTC408444,EarlyTraction,Nagpur,Maharashtra,Construction,Construction & Engineering,https://www.tofler.in/mahalle-infraventures-private-limited/company/U43900MH2023PTC408444,,,,OK
66b9d53be4b07afdd018981b,PROJCON - INCONTEXT ENGINEERING AND MANAGEMENT ADVISORS LLP,DIPP174055,RECOGNISED,AAY-7131,Validation,Nagpur,Maharashtra,Professional & Commercial Services,Business Support Services,www.theprojcon.com,,,,OK
66b86c7ee4b0c2c2d5d2a8c7,IYIYK TOY SOLUTIONS PRIVATE LIMITED,DIPP173995,RECOGNISED,U36999MH2023PTC397851,EarlyTraction,Nagpur,Maharashtra,Toys and Games,Physical Toys and Games,www.iyiyktoys.com,,,,OK
66b7109be4b0c2c2d5d27409,SHUBHKARTIK VENTURES PRIVATE LIMITED,DIPP173920,RECOGNISED,U55200MH2022PTC378004,Validation,Nagpur,Maharashtra,Professional & Commercial Services,Others,shubhkartik.com,,,,OK
66b1fa14e4b0ec4eca35f325,TRIRIK TECHNOLOGY (OPC) PRIVATE LIMITED,DIPP173525,RECOGNISED,U62013MH2023OPC412552,Prototype,Nagpur,Maharashtra,IT Services,Product Development,https://www.tririktechnology.com/,,,,OK
66b064dfe4b07936b4731f8f,BIO SPECTRONICS PRIVATE LIMITED,DIPP173342,RECOGNISED,U51909MH2022PTC374856,EarlyTraction,Nagpur,Maharashtra,Healthcare & Lifesciences,Healthcare Technology,https://www.rknec.edu/,,,,OK
66ade0c8e4b07936b472ceb6,CRABCARE CANCER E-SERVICES PRIVATE LIMITED,DIPP173277,RECOGNISED,U86201MH2024PTC428960,Prototype,Nagpur,Maharashtra,Other Specialty Retailers,Others,,,,,OK
66accc11e4b07936b472a6bb,DRONOLOGY INNOVATIONS PRIVATE LIMITED,DIPP173223,RECOGNISED,U74999MH2022PTC391289,Prototype,Nagpur,Maharashtra,Aeronautics Aerospace & Defence,Drones,https://dronologyinnovations.com/,,,,OK
66a8e55ce4b07936b471b6ca,FENIXIN WEALTHWISE PRIVATE LIMITED,DIPP172949,RECOGNISED,U66290MH2024PTC426914,Prototype,Nagpur,Maharashtra,Finance Technology,Business Finance,,,,,OK
66a8e24ce4b07936b471b5e9,KOYABIZZ VENTURES PRIVATE LIMITED,DIPP172946,RECOGNISED,U74999MH2020PTC348857,EarlyTraction,Nagpur,Maharashtra,Waste Management,Others,www.koyabizz.in,,,,OK
66a8c647e4b07936b471a756,SANGRAVITY DIGISOLUTIONS INDIA PRIVATE LIMITED,DIPP172910,RECOGNISED,U66190MH2023PTC402863,Prototype,Nagpur,Maharashtra,Finance Technology,Business Finance,,,,,OK
66a89e72e4b07936b4718a32,POTSDAM INDIA PRIVATE LIMITED,DIPP172872,RECOGNISED,U23939MH2024PTC421065,Prototype,Nagpur,Maharashtra,Architecture Interior Design,Others,,,,,OK
66a87f92e4b07936b4717cbd,NANAK CONSTRUCTION,DIPP173522,RECOGNISED,NGP-13431/2013-14,Validation,Nagpur,Maharashtra,Chemicals,Commodity Chemicals,N/A,,,,OK
66a78462e4b07936b4715a10,SPINOFF DIGITAL INDIA PRIVATE LIMITED,DIPP172811,RECOGNISED,U72900MH2017PTC297310,Scaling,Nagpur,Maharashtra,IT Services,Others,https://spinoffindia.com/,,,,OK
66a4c0b2e4b07936b470ea80,HERHUES ADORNMENT LLP,DIPP172693,RECOGNISED,ACH-3480,Validation,Nagpur,Maharashtra,Fashion,Jewellery,NA,,,,OK
66a49576e4b07936b470de3c,INDINOM FOODS PRIVATE LIMITED,DIPP172673,RECOGNISED,U56100MH2024PTC424141,Scaling,Nagpur,Maharashtra,Food & Beverages,Food Technology/Food Delivery,https://indinomfoods.com/,,,,OK
66a33cc1e4b07936b4709965,ICAD PUBLICATIONS PRIVATE LIMITED,DIPP172569,RECOGNISED,U22130MH2021PTC359776,Validation,Nagpur,Maharashtra,Education,Others,ICAD PUBLICATIONS PRIVATE LIMITED,,,,OK
669e55bfe4b07936b46f7d35,SATTVA AGRO AND DAIRY FOODS EXIM PRIVATE LIMITED,DIPP171756,RECOGNISED,U01611MH2023PTC411141,Validation,Nagpur,Maharashtra,Agriculture,Food Processing,https://www.thecompanycheck.com/company/sattva-agro-and-dairy-foods-exim-private-limited/U01611MH2023PTC411141,,,,OK
669e55aee4b07936b46f7d2a,PIVOTNOW TECH SOLUTIONS PRIVATE LIMITED,DIPP171729,RECOGNISED,U62099PN2023PTC223620,EarlyTraction,Nagpur,Maharashtra,Finance Technology,Payment Platforms,https://www.raze.co.in/,,,,OK
669e432ee4b07936b46f7444,CENTREXCEL BUSINESS SOLUTIONS PRIVATE LIMITED,DIPP170443,RECOGNISED,U62099PN2024PTC230327,Prototype,Nagpur,Maharashtra,IT Services,Application Development,NA,,,,OK
669e3ae1e4b07936b46f6dbe,MKS DIGITECH LLP,DIPP172249,RECOGNISED,ACB-8979,Validation,Nagpur,Maharashtra,Enterprise Software,Collaboration,https://mksdigitech.com/,,,,OK
669e3adae4b07936b46f6db7,MAHAKAL TRADEHUB PRIVATE LIMITED,DIPP167035,RECOGNISED,U46699MH2023PTC403919,Scaling,Nagpur,Maharashtra,Construction,Construction Materials,NA,,,,OK
669e2502e4b07936b46f5e92,MD IT INFO PRIVATE LIMITED,DIPP172234,RECOGNISED,U72900MH2020PTC352563,Scaling,Nagpur,Maharashtra,IT Services,Application Development,https://mditinfo.com/,,,,OK
669cc01ee4b07936b46efee7,GOPOOL SERVICES PRIVATE LIMITED,DIPP172170,RECOGNISED,U62012MH2024PTC427908,EarlyTraction,Nagpur,Maharashtra,Travel & Tourism,Experiential Travel,https://gopool.app,,,,OK
669a56a3e4b07936b46e74d1,ALTMED EDTECH PRIVATE LIMITED,DIPP172106,RECOGNISED,U85491MH2024PTC425606,EarlyTraction,Nagpur,Maharashtra,Education,E-learning,WWW.HOMEOED.IN,,,,OK
669a3deae4b07936b46e64ba,NAG INFOTECHNOLOGIES PRIVATE LIMITED,DIPP172087,RECOGNISED,U62099MH2023PTC409742,Validation,Nagpur,Maharashtra,IT Services,Others,NAG INFOTECHNOLOGIES PRIVATE LIMITED,,,,OK
669683cae4b07936b46d3504,PN POLYALLOY & METAL FINISHER (OPC) PRIVATE LIMITED,DIPP171867,RECOGNISED,U22209MH2024OPC428316,Validation,Nagpur,Maharashtra,Automotive,"Auto, Truck & Motorcycle Parts",PN POLYALLOY &amp; METAL FINISHER (OPC) PRIVATE LIMITED,,,,OK
669657cbe4b07936b46d239b,GIGAWAVE VENTURES LLP,DIPP171846,RECOGNISED,ACE-0211,Prototype,Nagpur,Maharashtra,Telecommunication & Networking,Others,,,,,OK
66964aefe4b07936b46d1b46,SWASTHAVYAS EMERGENCY LLP,DIPP171842,RECOGNISED,ACF-3321,Validation,Nagpur,Maharashtra,Healthcare & Lifesciences,Healthcare IT,https://ezambulance.vercel.app/,,,,OK
669606bce4b07936b46ce841,GEN XCELERATE EVENTS LLP,DIPP171771,RECOGNISED,ACG-9237,Prototype,Nagpur,Maharashtra,Events,Others,www.outoftheboxexpo.in,,,,OK
66951718e4b07936b46ccdbf,DIALECTAI TECHNOLOGIES PRIVATE LIMITED,DIPP171745,RECOGNISED,U58201MH2023PTC407906,EarlyTraction,Nagpur,Maharashtra,AI,Machine Learning,www.dialectai.tech,,,,OK
66935acee4b01cb6e0d00499,STHAYI INNOLUTIONS LLP,DIPP171636,RECOGNISED,ACG-7674,Validation,Nagpur,Maharashtra,Healthcare & Lifesciences,Medical Devices Biomedical,www.sthayi.in(not yet deployed),,,,OK
669256d9e4b01cb6e0cfe8c7,GOLSTAR INDUSTRIES PRIVATE LIMITED,DIPP171598,RECOGNISED,U31900MH2022PTC391490,Validation,Nagpur,Maharashtra,Renewable Energy,Manufacture of Electrical Equipment,GOLSTAR INDUSTRIES PRIVATE LIMITED,,,,OK
668fc184e4b014c9a9a2994c,SHARYA EV PARK LLP,DIPP171386,RECOGNISED,ACG-8090,Prototype,Nagpur,Maharashtra,Automotive,Electric Vehicles,,,,,OK
668fb1d9e4b014c9a9a290c4,CDBE TECHNOLOGIES PRIVATE LIMITED,DIPP171370,RECOGNISED,U62099MH2023PTC409819,EarlyTraction,Nagpur,Maharashtra,Enterprise Software,Collaboration,https://www.cube.ms/,,,,OK
668e3d6ce4b014c9a9a23087,BLUE-I FACILITY SERVICES PRIVATE LIMITED,DIPP171832,RECOGNISED,U74904MH2024PTC417692,Prototype,Nagpur,Maharashtra,Others,Others,,,,,OK
668d538ae4b014c9a9a20575,ANAGHA-AJINKYA INDUSTRIES PRIVATE LIMITED,DIPP171203,RECOGNISED,U27200MH2024PTC427310,Validation,Nagpur,Maharashtra,Renewable Energy,Manufacture of Electrical Equipment,NA,,,,OK
6687b77ae4b014c9a9a0e9a2,OXXYCAFE BHARAT PRIVATE LIMITED,DIPP170804,RECOGNISED,U96092MH2024PTC424401,EarlyTraction,Nagpur,Maharashtra,Pets & Animals,Others,NA,,,,OK
668663dde4b014c9a9a09563,RUDRA TRANSBLUE PRIVATE LIMITED,DIPP170697,RECOGNISED,U52290MH2024PTC420116,Prototype,Nagpur,Maharashtra,Automotive,Others,https://rudratransblue.com/lander,,,,OK
668648a3e4b014c9a9a087ac,INDIGROW AGROTECH PRIVATE LIMITED,DIPP170676,RECOGNISED,U15490MH2021PTC367672,EarlyTraction,Nagpur,Maharashtra,Agriculture,Agri-Tech,www.indigrow.in,,,,OK
6684fe7ee4b05ec08d227f00,PAKHMODE PREWORKS INDIA PRIVATE LIMITED,DIPP170552,RECOGNISED,U43900MH2023PTC410779,Prototype,Nagpur,Maharashtra,Construction,Others,www.preworks.in,,,,OK
6683fcf1e4b05ec08d224b06,AVSAR DIGITAL INDIA PRIVATE LIMITED,DIPP170516,RECOGNISED,U30003MH2022PTC386565,Prototype,Nagpur,Maharashtra,Technology Hardware,Others,,,,,OK
6681a150e4b05a5f46de96bd,EDGYPIXELZ STUDIOS PRIVATE LIMITED,DIPP170299,RECOGNISED,U58203MH2024PTC419194,Validation,Nagpur,Maharashtra,Toys and Games,Virtual Games,https://lnkd.in/gR2S6V8m,,,,OK
667d7c32e4b095452164ffce,TAPI TECHNOSERVES PRIVATE LIMITED,DIPP170056,RECOGNISED,U72900MH2022PTC395763,EarlyTraction,Nagpur,Maharashtra,AI,Others,tapitechnoserves.in,,,,OK
667c270ee4b03320a747f19b,SKYCONNECT INFRASTRUCTURES TECH PRIVATE LIMITED,DIPP169924,RECOGNISED,U43299PN2024PTC230866,Prototype,Nagpur,Maharashtra,Real Estate,Housing,,,,,OK
667be89ce4b03320a747dc69,PARENTING INNOVATIONS PRIVATE LIMITED,DIPP169866,RECOGNISED,U46909MH2024PTC419162,EarlyTraction,Nagpur,Maharashtra,Retail,Retail Technology,www.TwinsTribe.in,,,,OK
66799cdce4b0ecbc9c2f6bb7,GROWLOGIC TECHNOLOGIES PRIVATE LIMITED,DIPP169672,RECOGNISED,U62013MH2024PTC421402,Validation,Nagpur,Maharashtra,IT Services,Others,https://growlogic.in/,,,,OK
66767993e4b0facc95a653dd,MRPRINT WORLD PRIVATE LIMITED,DIPP169483,RECOGNISED,U18115MH2024PTC422637,Prototype,Nagpur,Maharashtra,Professional & Commercial Services,Commercial Printing Services,NA,,,,OK
6674162de4b0d5f6c8bc48b7,ORANGEBITS SOFTWARE TECHNOLOGIES (INDIA) PRIVATE LIMITED,DIPP169314,RECOGNISED,U72900MH2016PTC284215,Scaling,Nagpur,Maharashtra,IT Services,Others,https://www.orangebitsindia.com/,,,,OK
6672cff5e4b0d5f6c8bc0508,ANKARPIT UDYOG (OPC) PRIVATE LIMITED,DIPP169217,RECOGNISED,U79110MH2024OPC423767,Prototype,Nagpur,Maharashtra,Travel & Tourism,Others,,,,,OK
66717630e4b0d5f6c8bbc0e6,KHOJ COMMODITIES PRIVATE LIMITED,DIPP165368,RECOGNISED,U58191MH2024PTC420951,Scaling,Nagpur,Maharashtra,Agriculture,Agri-Tech,https://khoj.app/,,,,OK
66713509e4b09f055b632a46,PRANIL LOGISTICS PRIVATE LIMITED,DIPP169023,RECOGNISED,U52241MH2024PTC421993,Scaling,Nagpur,Maharashtra,Transportation & Storage,Freight & Logistics Services,http://Www.pranillogistics.com,,,,OK
667051f5e4b09f055b630fc8,MECHHELP PRIVATE LIMITED,DIPP168985,RECOGNISED,U45200MH2023PTC415401,EarlyTraction,Nagpur,Maharashtra,Automotive,Others,https://mechhelp.vercel.app/,,,,OK
66701699e4b0bd5d3c2e602c,SRW WIRES &amp; CABLES PRIVATE LIMITED,DIPP168942,RECOGNISED,U27320MH2023PTC408448,Validation,Nagpur,Maharashtra,Technology Hardware,Manufacturing,http://www.srwwirescables.com,,,,OK
666ad162e4b0bd5d3c2d8d35,TASKEASE MULTI SOLUTIONS PRIVATE LIMITED,DIPP168617,RECOGNISED,U46520MH2024PTC423260,Validation,Nagpur,Maharashtra,Security Solutions,Home Security solutions,TASKEASE MULTI SOLUTIONS PRIVATE LIMITED,,,,OK
666ab38ee4b0bd5d3c2d69b4,SHIL INDUSTRIES,DIPP170122,RECOGNISED,2.45E+15,Prototype,Nagpur,Maharashtra,Design,Industrial Design,,,,,OK
66698b63e4b0bd5d3c2d0056,ARCHIS HEALTH CARE PRIVATE LIMITED,DIPP168492,RECOGNISED,U51397MH2022PTC391259,Validation,Nagpur,Maharashtra,Healthcare & Lifesciences,Pharmaceutical,ARCHIS HEALTH CARE PRIVATE LIMITED,,,,OK
6666d0bbe4b0bd5d3c2bdabd,THINKONIC SOFTWARE PRIVATE LIMITED,DIPP168196,RECOGNISED,U74999MH2017PTC295090,Scaling,Nagpur,Maharashtra,IT Services,Application Development,THINKONIC SOFTWARE PRIVATE LIMITED,,,,OK
666696cae4b0c35880dafa2c,SMARTTSUN POWER PRIVATE LIMITED,DIPP168150,RECOGNISED,U35105MH2024PTC416655,Prototype,Nagpur,Maharashtra,Renewable Energy,Renewable Solar Energy,,,,,OK
66632d3ce4b0c35880da94b9,PASHAAN TECHNOLOGIES PRIVATE LIMITED,DIPP168019,RECOGNISED,U74999MH2020PTC337557,EarlyTraction,Nagpur,Maharashtra,Aeronautics Aerospace & Defence,Drones,www.dreaminnovators.in,,,,OK
6661bda5e4b064981a551eb6,AYURAFIT ORGANICS PRIVATE LIMITED,DIPP167865,RECOGNISED,U21001MH2024PTC420829,Validation,Nagpur,Maharashtra,Food & Beverages,Food Technology/Food Delivery,www.ayurafitorganisc.com,,,,OK
6661b0d1e4b064981a551c44,STARTUPHUSTLER PRIVATE LIMITED,DIPP167853,RECOGNISED,U47219MH2023PTC411045,Scaling,Nagpur,Maharashtra,Food & Beverages,Food Technology/Food Delivery,www.pohewala.com,,,,OK
665d849ae4b064981a526cf2,SHREESHIVAM POWERHOUSE MULTIVENTURES PRIVATE LIMITED,DIPP167473,RECOGNISED,U27101MH2024PTC417737,Prototype,Nagpur,Maharashtra,Automotive,Electric Vehicles,,,,,OK
665b1299e4b0ca3a76d2c5fa,AMBROSINE PHARMA PRIVATE LIMITED,DIPP167398,RECOGNISED,U21002MH2024PTC423851,Prototype,Nagpur,Maharashtra,Chemicals,Others,,,,,OK
665963eee4b06e49b59f7dba,SHUBHAM SYNDICATE LLP,DIPP167219,RECOGNISED,AAG-5095,Scaling,Nagpur,Maharashtra,Chemicals,Specialty Chemicals,SHUBHAM SYNDICATE LLP,,,,OK
66559743e4b065e4968451c8,SEC TESTING LABORATORY PRIVATE LIMITED,DIPP166894,RECOGNISED,U71200MH2023PTC411600,Prototype,Nagpur,Maharashtra,Construction,Others,,,,,OK
66544fe8e4b0608c0b1876d7,ARJAVAM AEROSPACE (OPC) PRIVATE LIMITED,DIPP166803,RECOGNISED,U52230MH2024OPC424288,Validation,Nagpur,Maharashtra,Aeronautics Aerospace & Defence,Aviation & Others,https://arjavamaerospace.com/,,,,OK
6651dd6be4b0608c0b181de1,AROTALK GLOBAL PRIVATE LIMITED,DIPP166733,RECOGNISED,U74999MH2018PTC311159,Scaling,Nagpur,Maharashtra,IT Services,IT Consulting,arotalk.com,,,,OK
6651cc8ee4b0608c0b1818f3,BRAHMAVEDA AYURVED PRIVATE LIMITED,DIPP166718,RECOGNISED,U21003MH2024PTC421019,Validation,Nagpur,Maharashtra,Healthcare & Lifesciences,Health & Wellness,https://brahmaveda.com/,,,,OK
665034d4e4b0608c0b17aba9,BIDSONMOTORS PRIVATE LIMITED,DIPP166569,RECOGNISED,U46109PN2024PTC230836,Prototype,Nagpur,Maharashtra,Automotive,Others,,,,,OK
664de08de4b0608c0b1731e8,VLGS TECHNOLOGIES PRIVATE LIMITED,DIPP166432,RECOGNISED,U43122PN2024PTC230496,EarlyTraction,Nagpur,Maharashtra,Analytics,Data Science,NA,,,,OK
664c5894e4b0608c0b16dde2,RAJOLI AGRITECH PRIVATE LIMITED,DIPP166242,RECOGNISED,U46101MH2023PTC402575,Prototype,Nagpur,Maharashtra,Agriculture,Agri-Tech,,,,,OK
664c5855e4b0608c0b16ddc3,ELECTROPHOTAN SOLAR INFRASTRUCTURE AND ENGINEERING PRIVATE LIMITED,DIPP166239,RECOGNISED,U35105MH2024PTC423054,Prototype,Nagpur,Maharashtra,Renewable Energy,Renewable Solar Energy,,,,,OK
664af693e4b0608c0b16a29e,COLLECTIVE PRAXIS DPM LLP,DIPP166101,RECOGNISED,ACG-5340,EarlyTraction,Nagpur,Maharashtra,Architecture Interior Design,Others,www.thecollectivepraxis.in,,,,OK
6648a298e4b0608c0b166fe8,SONKARSUPER MULTISERVICE (OPC) PRIVATE LIMITED,DIPP166056,RECOGNISED,U42900MH2024OPC424477,Prototype,Nagpur,Maharashtra,Construction,Others,,,,,OK
6648975ae4b0608c0b166dc5,RAJOLI ADVISORY SERVICES PRIVATE LIMITED,DIPP166047,RECOGNISED,U74999MH2018PTC317214,Scaling,Nagpur,Maharashtra,Professional & Commercial Services,Business Support Services,NO WEBSITE,,,,OK
66477190e4b0608c0b164880,CORPOSENT PHARMACEUTICAL PRIVATE LIMITED,DIPP165962,RECOGNISED,U24239MH2023PTC396691,EarlyTraction,Nagpur,Maharashtra,Healthcare & Lifesciences,Pharmaceutical,www.corposent.com,,,,OK
6645eef0e4b0608c0b160918,MICHANOLOGIA ENTERPRISES,DIPP165822,RECOGNISED,U33200MH2024PTC424998,Prototype,Nagpur,Maharashtra,Agriculture,Agri-Tech,,,,,OK
6645a0d6e4b0608c0b15ece3,SKY FALCON WELLNESS PRIVATE LIMITED,DIPP165676,RECOGNISED,U47722MH2023PTC409228,Prototype,Nagpur,Maharashtra,Marketing,Sales,,,,,OK
66459c0ae4b0608c0b15eb9a,ADHILLIANCE PROJECTS PRIVATE LIMITED,DIPP165674,RECOGNISED,U78300MH2024PTC422744,Prototype,Nagpur,Maharashtra,Human Resources,Others,,,,,OK
66435c05e4b0608c0b1595f5,MS. DVS MINING INFRA PRIVATE LIMITED,DIPP165640,RECOGNISED,U14200MH2022PTC383239,Prototype,Nagpur,Maharashtra,Renewable Energy,Others,info@dvsmining.com,,,,OK
664349a3e4b08b3dcd0bb125,SIDRTREE AUTOMATION PRIVATE LIMITED,DIPP165618,RECOGNISED,U46593MH2023PTC398262,Scaling,Nagpur,Maharashtra,Chemicals,Others,WWW.SIDRTREE.COM,,,,OK
6642404de4b02a1359266843,GUT-BUDDY HEALTHCARE SERVICES PRIVATE LIMITED,DIPP165536,RECOGNISED,U46497MH2023PTC407243,EarlyTraction,Nagpur,Maharashtra,Healthcare & Lifesciences,Health & Wellness,www.gut-buddy.com,,,,OK
66411010e4b02a1359262f6f,DATAVENTICS SOFTWARE SOLUTIONS PRIVATE LIMITED,DIPP165442,RECOGNISED,U62012MH2023PTC399827,Prototype,Nagpur,Maharashtra,IT Services,Product Development,www.dataventics.com,,,,OK
663b607de4b00265e00a49d0,OM PRECAST AND PROJECTS PRIVATE LIMITED,DIPP165045,RECOGNISED,U45400MH2022PTC385525,Validation,Nagpur,Maharashtra,Construction,Construction & Engineering,www.teamatharva.in,,,,OK
663b5ac6e4b00265e00a45d1,DURA COMPOSITES PRIVATE LIMITED,DIPP165034,RECOGNISED,U25119MH2024PTC416941,Validation,Nagpur,Maharashtra,Construction,New-age Construction Technologies,https://www.duracomposites.com/,,,,OK
663b3d5de4b00265e00a37e2,MAHACHAI PRIVATE LIMITED,DIPP164996,RECOGNISED,U15134MH2020PTC342169,Validation,Nagpur,Maharashtra,Food & Beverages,Food Processing,https://www.mahachai.in/,,,,OK
663b2f41e4b00265e00a3310,TS SWITCH E-RIDE PRIVATE LIMITED,DIPP164988,RECOGNISED,U62013MH2024PTC417647,EarlyTraction,Nagpur,Maharashtra,Passenger Experience,Others,www.switcheride.com,,,,OK
66373a21e4b0cdd2e3dde5da,UNIKISAN AGROTECH PRIVATE LIMITED,DIPP164773,RECOGNISED,U01114MH2024PTC424324,EarlyTraction,Nagpur,Maharashtra,Agriculture,Agri-Tech,www.unikisan.com,,,,OK
663610bce4b0cdd2e3ddce48,ASTROVERSE TECHNOLOGIES PRIVATE LIMITED,DIPP164723,RECOGNISED,U72900MH2022PTC377723,EarlyTraction,Nagpur,Maharashtra,AI,Machine Learning,https://www.melooha.com/,,,,OK
66349b85e4b0cdd2e3dd98a8,ROOTSECURED CONSULTANT PRIVATE LIMITED,DIPP164581,RECOGNISED,U62099PN2024PTC227663,Validation,Nagpur,Maharashtra,Security Solutions,Cyber Security,https://www.rootsecured.com/,,,,OK
66337a6fe4b0cdd2e3dd70d3,SACRET POWER TO-X PRIVATE LIMITED,DIPP164532,RECOGNISED,U40106PN2022PTC208153,Prototype,Nagpur,Maharashtra,Renewable Energy,Renewable Energy Solutions,https://sacretpowertox.com/,,,,OK
66333b0be4b0cdd2e3dd58e7,MAITREE RESILIENCE (OPC) PRIVATE LIMITED,DIPP161007,RECOGNISED,U87200MH2024OPC417025,Prototype,Nagpur,Maharashtra,Healthcare & Lifesciences,Healthcare Services,,,,,OK
663223cce4b0cdd2e3dd3251,KOLBA ORGANICS LLP,DIPP164433,RECOGNISED,ACE-2473,EarlyTraction,Nagpur,Maharashtra,Agriculture,Organic Agriculture,www.nativ.in,,,,OK
662f5cc1e4b0cdd2e3dca966,PROBUZ TECHNOLOGIES PRIVATE LIMITED,DIPP164164,RECOGNISED,U72200MH2021PTC361137,Scaling,Nagpur,Maharashtra,IT Services,IT Management,https://probuztech.in/,,,,OK
662f54cee4b0cdd2e3dca643,REDWOOD EDUTOURS PRIVATE LIMITED,DIPP164158,RECOGNISED,U80904MH2017PTC298397,Prototype,Nagpur,Maharashtra,Education,Others,,,,,OK
662b9ac0e4b0cdd2e3dc3ad4,ECO-SPOON PRODUCTS PRIVATE LIMITED,DIPP164006,RECOGNISED,U17092MH2023PTC400656,Prototype,Nagpur,Maharashtra,Waste Management,Others,www.ecospoon.co.in,,,,OK
662b86d6e4b0cdd2e3dc34d4,GRITZEST TECHNOLOGIES PRIVATE LIMITED,DIPP163989,RECOGNISED,U63999PN2023PTC225302,Validation,Nagpur,Maharashtra,IT Services,Others,http://www.gritzest.com/,,,,OK
662b62ede4b0cdd2e3dc2a1a,MAYTAS INFRAVENTURES PRIVATE LIMITED,DIPP163956,RECOGNISED,U45309MH2022PTC393704,Validation,Nagpur,Maharashtra,Construction,Homebuilding,https://www.mca.gov.in/content/mca/global/en/mca/master-data/MDS/company-master-info.html,,,,OK
66279dafe4b0cdd2e3db8de3,VIDYA WAREHOUSING PRIVATE LIMITED,DIPP163641,RECOGNISED,U52109MH2024PTC417868,Validation,Nagpur,Maharashtra,Transportation & Storage,Others,NA,,,,OK
66238b43e4b0cdd2e3daf70a,SIXTH SENSE HOSPITALITY SERVICES PRIVATELIMITED,DIPP163388,RECOGNISED,U55101MH2024PTC423300,Validation,Nagpur,Maharashtra,Travel & Tourism,Hospitality,SIXTH SENSE HOSPITALITY SERVICES PRIVATE LIMITED,,,,OK
66237e18e4b0cdd2e3daf348,AMRUT JAL TECHNOLOGIES PRIVATE LIMITED,DIPP163380,RECOGNISED,U36000MH2024PTC417802,Scaling,Nagpur,Maharashtra,Waste Management,Others,https://ajtplnagpur.wixsite.com/amrut-jal-1,,,,OK
66225a21e4b0cdd2e3dacbce,AGAPE SHIPPING AND LOGISTICS PRIVATE LIMITED,DIPP163327,RECOGNISED,U52292MH2024PTC419660,Validation,Nagpur,Maharashtra,Logistics,Others,https://agapeshipping.in/,,,,OK
66221248e4b0cdd2e3dab3e5,PROLANCE FUTURE PRIVATE LIMITED,DIPP163280,RECOGNISED,U73200MH2024PTC423350,Validation,Nagpur,Maharashtra,Professional & Commercial Services,Others,https://olivedrab-peafowl-884744.hostingersite.com/,,,,OK
661e4ebbe4b0d62d662d3682,HEALYANTRA MEDICAL TECHNOLOGIES PRIVATE LIMITED,DIPP162972,RECOGNISED,U32503MH2024PTC421938,Validation,Nagpur,Maharashtra,Healthcare & Lifesciences,Medical Devices Biomedical,www.healyantra.com,,,,OK
661e4db7e4b0d62d662d3525,DE FAIR HOMES PRIVATE LIMITED,DIPP162909,RECOGNISED,U45309MH2021PTC364282,Scaling,Nagpur,Maharashtra,Construction,Construction & Engineering,NA,,,,OK
661a68b9e4b0d62d662ca9de,DYNAGE TECH PRIVATE LIMITED,DIPP162685,RECOGNISED,U62099MH2023PTC399294,Scaling,Nagpur,Maharashtra,Technology Hardware,Electronics,www.dynagetech.com,,,,OK
6616dcdfe4b04e0505d8726b,DIPVIJAY MULTY SERVICE,DIPP163627,RECOGNISED,NG000009761,Prototype,Nagpur,Maharashtra,Human Resources,Others,sauvijay@gmail.com,,,,OK
66151725e4b04e0505d811c7,UPCYCLE WASTE WISE PRIVATE LIMITED,DIPP162420,RECOGNISED,U22113MH2024PTC421821,Validation,Nagpur,Maharashtra,Automotive,Tires & Rubber Products,UPCYCLE WASTE WISE PRIVATE LIMITED,,,,OK
66141ec7e4b018edf02b8538,BUDDHA COGNITIVE LAB PRIVATE LIMITED,DIPP162350,RECOGNISED,U62099MH2024PTC417114,Prototype,Nagpur,Maharashtra,IT Services,IT Consulting,http://www.hirebuddha.in/,,,,OK
661127c7e4b041e3eca2ee50,FLUENCE DIAMOND PRIVATE LIMITED,DIPP162187,RECOGNISED,U32112MH2024PTC420837,Prototype,Nagpur,Maharashtra,Retail,Others,,,,,OK
660e9122e4b0c763de7eebd8,EARLY BIRD KIDS SPORTS PRIVATE LIMITED,DIPP162004,RECOGNISED,U85410MH2023PTC415996,Prototype,Nagpur,Maharashtra,Sports,Sports Promotion and Networking,,,,,OK
660d85f4e4b0cba5bc171f13,FINKEEP PRIVATE LIMITED,DIPP161959,RECOGNISED,U69201MH2023PTC401012,Validation,Nagpur,Maharashtra,Finance Technology,Accounting,www.finkeep.in,,,,OK
660d42cde4b0cba5bc170f0a,CHATRAPATIY IMPEX PHARMA INDIA PRIVATE LIMITED,DIPP161784,RECOGNISED,U21000MH2024PTC416467,Validation,Nagpur,Maharashtra,Healthcare & Lifesciences,Pharmaceutical,https://chatrapatiyimpex.com/,,,,OK
65fc0a5ae4b07fb5e52ffbe2,RHIZOME SOFTWARE PRIVATE LIMITED,DIPP160620,RECOGNISED,U62013MH2023PTC415749,Prototype,Nagpur,Maharashtra,IT Services,IT Consulting,,,,,OK
65f955fbe4b07fb5e52f4844,SHUBH ADS PRIVATE LIMITED,DIPP160362,RECOGNISED,U28293MH2023PTC402337,Validation,Nagpur,Maharashtra,Renewable Energy,Manufacture of Machinery and Equipment,SHUBH ADS PRIVATE LIMITED,,,,OK
65f3fedfe4b0d69ddd02a02e,SILCOSYS SOLUTIONS PRIVATE LIMITED,DIPP160052,RECOGNISED,U78100MH2023PTC414984,Validation,Nagpur,Maharashtra,IT Services,IT Consulting,www.silcosys.com,,,,OK
65f2d42fe4b023ec3d75e5df,VEER INFOTECH PRIVATE LIMITED,DIPP160008,RECOGNISED,U72900MH2020PTC351617,EarlyTraction,Nagpur,Maharashtra,IT Services,Application Development,https://www.stcc-triage.com/partners,,,,OK
65f18cd2e4b023ec3d7594ad,ENLIGHT ENGINEERING,DIPP161182,RECOGNISED,NG000008806,EarlyTraction,Nagpur,Maharashtra,Biotechnology,Others,https://www.kamwa.co.in/,,,,OK
65f15886e4b023ec3d757757,TERRACELL POWER SYSTEMS PRIVATE LIMITED,DIPP160802,RECOGNISED,U29304MH2023PTC413351,Prototype,Nagpur,Maharashtra,Renewable Energy,Manufacture of Machinery and Equipment,,,,,OK
65e968a9e4b063fe21c6fd73,MEWAD TEXTILES PRIVATE LIMITED,DIPP159339,RECOGNISED,U46695MH2024PTC417383,Validation,Nagpur,Maharashtra,Textiles & Apparel,Others,www.com,,,,OK
65e965f4e4b063fe21c6fbb5,ASG MAINTENANCE AND LAWN INNOVATION PRIVATE LIMITED,DIPP159337,RECOGNISED,U81300MH2023PTC401842,Validation,Nagpur,Maharashtra,Agriculture,Horticulture,ASG MAINTENANCE AND LAWN INNOVATION PRIVATE LIMITED,,,,OK
65e94238e4b063fe21c6ec82,PHILONTHROPIC MULTIVENTURES PRIVATE LIMITED,DIPP159318,RECOGNISED,U96090MH2024PTC416466,Validation,Nagpur,Maharashtra,Agriculture,Food Processing,https://www.falconebiz.com/company/PHILONTHROPIC-MULTIVENTURES-PRIVATE-LIMITED-U96090MH2024PTC416466,,,,OK
65e6f274e4b063fe21c65563,ISHA SPACES (OPC) PRIVATE LIMITED,DIPP159133,RECOGNISED,U68200MH2023OPC414433,Prototype,Nagpur,Maharashtra,Real Estate,Others,,,,,OK
65e6e910e4b063fe21c64e8a,FITROO CLOTHING PRIVATE LIMITED,DIPP160023,RECOGNISED,U14101MH2023PTC401816,Prototype,Nagpur,Maharashtra,Textiles & Apparel,Apparel & Accessories,http://www.fitrooclothing.com/,,,,OK
65decceae4b0a5e1c011a608,SKYBLUE INFRA VENTURES LLP,DIPP158455,RECOGNISED,ACD-6757,Validation,Nagpur,Maharashtra,Real Estate,Housing,https://www.thecompanycheck.com/people/skyblue-infra-ventures-llp/ACD-6757,,,,OK
65ddb3e1e4b0c758a8852cb1,SOLITARY SPACES PRIVATE LIMITED,DIPP158349,RECOGNISED,U71100MH2024PTC417866,EarlyTraction,Nagpur,Maharashtra,Architecture Interior Design,Others,solitaryspaces.in,,,,OK
65dd7902e4b0f8921ab260d4,BLEND EAT FOODS PRIVATE LIMITED,DIPP158302,RECOGNISED,U10795MH2023PTC407524,Validation,Nagpur,Maharashtra,Chemicals,Agricultural Chemicals,https://blendeatfoods.com,,,,OK
65dc7f5fe4b06352cbf09f9e,DASHOFRUIT FOODS PRIVATE LIMITED,DIPP158268,RECOGNISED,U56102MH2023PTC408742,Prototype,Nagpur,Maharashtra,Food & Beverages,Others,http://www.dashofruit.com/,,,,OK
65dc6eece4b06352cbf097cc,PUTHRAN HOSPITALITY PRIVATE LIMITED,DIPP158243,RECOGNISED,U55101MH2023PTC400569,Validation,Nagpur,Maharashtra,Food & Beverages,Microbrewery,https://www.google.com/search?q=PUTHRAN+HOSPITALITY+PRIVATE+LIMITED&amp;rlz=1C1ONGR_enIN1009IN1009&amp;oq=PUTHRAN+HOSPITALITY+PRIVATE+LIMITED&amp;gs_lcrp=EgZjaHJvbWUyBggAEEUYOTIGCAEQRRg80gEHNDg2ajBqN6gCALACAA&amp;sou,,,,OK
65d9a661e4b06352cbefbdef,MAXELS TEKVENTURES PRIVATE LIMITED,DIPP158565,RECOGNISED,U74999MH2022PTC385365,Prototype,Nagpur,Maharashtra,Professional & Commercial Services,Others,https://maxelstek.com/,,,,OK
65d868a7e4b06352cbef55d8,Kolbro Group Private Limited,DIPP158072,RECOGNISED,U74999MH2018PTC308003,EarlyTraction,Nagpur,Maharashtra,IT Services,Project Management,http://kolbrogroup.com,,,,OK
65d59255e4b0ca4eefccd762,MOCBSZ PRIVATE LIMITED,DIPP157685,RECOGNISED,U39000MH2022PTC383447,Validation,Nagpur,Maharashtra,Agriculture,Agri-Tech,www.com,,,,OK
65ccb007e4b0da2d9424e016,VIKRAMADITYA CTL PRIVATE LIMITED,DIPP153857,RECOGNISED,U43299MH2023PTC405641,Validation,Nagpur,Maharashtra,Construction,Construction & Engineering,www.VIKRAMADITYACTL.com,,,,OK
65ccaf54e4b0da2d9424df65,ANTMORE LABS PRIVATE LIMITED,DIPP153805,RECOGNISED,U62099MH2023PTC412178,Validation,Nagpur,Maharashtra,IT Services,Others,https://www.thegoodgametheory.com/,,,,OK
65ccae98e4b0da2d9424def1,TEKAS FOOTCARE PRIVATE LIMITED,DIPP153743,RECOGNISED,U15209MH2023PTC407803,EarlyTraction,Nagpur,Maharashtra,Healthcare & Lifesciences,Healthcare Services,https://tekasfootcare.com/,,,,OK
65cca266e4b0da2d9424d6e2,GAME CITY MEDIA PRIVATE LIMITED,DIPP157049,RECOGNISED,U58203MH2023PTC409162,Prototype,Nagpur,Maharashtra,Other Specialty Retailers,Others,,,,,OK
65cc512de4b0da2d94249fae,PACKWELL PACKAGING SOLUTIONS PRIVATE LIMITED,DIPP152269,RECOGNISED,U82920MH2023PTC409821,Validation,Nagpur,Maharashtra,Logistics,Others,www.packwellsolutions.com,,,,OK
65cb6ce2e4b0da2d942484d0,ENERGY SETU LLP,DIPP152137,RECOGNISED,AAX-1190,Validation,Nagpur,Maharashtra,Green Technology,Clean Tech,https://energysetu.com/,,,,OK
65cb0790e4b0cdd545785a82,PIAT LEARNINGS PRIVATE LIMITED,DIPP156866,RECOGNISED,U85499MH2023PTC414346,EarlyTraction,Nagpur,Maharashtra,Education,Coaching,https://piatinstitute.com/,,,,OK
65ca15bde4b0cdd545781a8a,SIMO SCREENS PRIVATE LIMITED,DIPP148882,RECOGNISED,U25993MH2023PTC410347,Prototype,Nagpur,Maharashtra,Design,Industrial Design,,,,,OK
65ca0842e4b0cdd545780eca,SEVENCRAFT ARTS &amp; CREATIVES PRIVATE LIMITED,DIPP124119,RECOGNISED,U52602MH2019PTC327901,Scaling,Nagpur,Maharashtra,Art & Photography,Others,NA,,,,OK
65c9e220e4b06b4534b66de1,WEATHERBLAZER INDIA PRIVATE LIMITED,DIPP156760,RECOGNISED,U43900MH2023PTC406326,Validation,Nagpur,Maharashtra,Other Specialty Retailers,Home Improvement Products & Services Retailers,https://weatherblazer.com/,,,,OK
65c9b714e4b06b4534b64131,SHARANYA SOLAR PRIVATE LIMITED,DIPP156733,RECOGNISED,U40106MH2020PTC351764,Validation,Nagpur,Maharashtra,Renewable Energy,Renewable Energy Solutions,SHARANYA SOLAR PRIVATE LIMITED,,,,OK
65c35b97e4b0d4fa450092ee,SILVER OAKS ZIVI PRIVATE LIMITED,DIPP157822,RECOGNISED,U70109MH2020PTC340838,Scaling,Nagpur,Maharashtra,Professional & Commercial Services,Others,,,,,OK
65c0b03de4b0d4fa44ff9026,MOHANTY PROJECTS PRIVATE LIMITED,DIPP156063,RECOGNISED,U35105MH2024PTC417468,Prototype,Nagpur,Maharashtra,Construction,Construction & Engineering,,,,,OK
65bde2c1e4b0411b473ff724,METTA MONK PRIVATE LIMITED,DIPP155908,RECOGNISED,U46512MH2023PTC411436,Validation,Nagpur,Maharashtra,Technology Hardware,Manufacturing,METTA MONK PRIVATE LIMITED,,,,OK
65b9e9e5e4b0d272d2882aad,GROWBEAN TECHNOLOGIES PVT LTD,DIPP156628,RECOGNISED,U42900MH2021PTC361954,EarlyTraction,Nagpur,Maharashtra,IT Services,Product Development,www.growbean.in,,,,OK
65b8dce8e4b04745d80b062c,VOYAGE ROBOTICSPRIVATE LIMITED,DIPP155038,RECOGNISED,U85490MH2023PTC416437,Prototype,Nagpur,Maharashtra,Education,Coaching,,,,,OK
65b7e9b3e4b0db6d377f85c6,SHUBHLAXMI MECHATRONICS PRIVATE LIMITED,DIPP155387,RECOGNISED,U29109PN2023PTC219465,Validation,Nagpur,Maharashtra,Technology Hardware,Electronics,www.smpl.ind.in,,,,OK
65b799cce4b0db6d377f5c32,V5 IDEAS PRIVATE LIMITED,DIPP154092,RECOGNISED,U72100MH2023PTC409498,Prototype,Nagpur,Maharashtra,Nanotechnology,Others,,,,,OK
65b67462e4b0db6d377ee464,Wayflow Technologies,DIPP156369,RECOGNISED,U62099MH2024PTC417093,Validation,Nagpur,Maharashtra,IT Services,Application Development,https://wayflowtechnologies.in/,,,,OK
65b4db58e4b0db6d377e619f,SHRINA INDUSTRIES PRIVATE LIMITED,DIPP155223,RECOGNISED,U23921MH2023PTC413683,Validation,Nagpur,Maharashtra,Construction,Construction Materials,https://www.tofler.in/shrina-industries-private-limited/company/U23921MH2023PTC413683,,,,OK
65b22a27e4b0db6d377d823f,NURAY LIFESCIENCES PRIVATE LIMITED,DIPP155058,RECOGNISED,U74120MH2015PTC270587,Scaling,Nagpur,Maharashtra,Healthcare & Lifesciences,Pharmaceutical,http://nuraylifesciences.com/,,,,OK
65b0a3d5e4b0dfd7729664cb,NITESH ASSOCIATES PRIVATE LIMITED,DIPP154905,RECOGNISED,U74999MH2022PTC386261,Validation,Nagpur,Maharashtra,Education,Others,www.niteshassociatespvtltd.com,,,,OK
65ae2c4fe4b0b0f811cf497d,AV PATHOLOGY LABORATORY(OPC) PRIVATE LIMITED,DIPP154710,RECOGNISED,U86900PN2023OPC226649,Prototype,Nagpur,Maharashtra,Healthcare & Lifesciences,Healthcare Services,,,,,OK
65a65b7be4b0821e58c3b176,KCYBER EXPERTS PRIVATE LIMITED,DIPP154101,RECOGNISED,U55101MH2016PTC287686,Prototype,Nagpur,Maharashtra,Professional & Commercial Services,Business Support Services,,,,,OK
659fce1de4b07df9a32e515c,KUTUMBINFO PRIVATE LIMITED,DIPP153780,RECOGNISED,U72900MH2020PTC345468,Prototype,Nagpur,Maharashtra,IT Services,Product Development,https://www.kutumbinfo.com,,,,OK
659fc84fe4b07df9a32e4e23,GURU DRASHTI LOGISTICS PRIVATE LIMITED,DIPP153767,RECOGNISED,U60210MH2022PTC393571,Validation,Nagpur,Maharashtra,Transportation & Storage,Freight & Logistics Services,https://gdlogistics.in/,,,,OK
659fc1fbe4b07df9a32e49e8,CELECTRIC MOBILITY PRIVATE LIMITED,DIPP153757,RECOGNISED,U43219MH2023PTC399911,Validation,Nagpur,Maharashtra,Automotive,Others,https://celectricmobility.com/,,,,OK
659fa0cfe4b07df9a32e2f22,TANWISH INSTITUTE OF HEALTH & WELLNESS PRIVATE LIMITED,DIPP153725,RECOGNISED,U85499MH2023PTC403144,Validation,Nagpur,Maharashtra,Healthcare & Lifesciences,Health & Wellness,https://institute.tanwishlife.com/,,,,OK
6597fd77e4b02f5ddcd36e5a,TECHNODAY SOLUTIONS PRIVATE LIMITED,DIPP153341,RECOGNISED,U62099MH2023PTC411055,Validation,Nagpur,Maharashtra,IT Services,Project Management,https://technoday.in/,,,,OK
65956b20e4b02fed18d27e1f,Pugarch Technology Private Limited,DIPP157116,RECOGNISED,U62013MH2023PTC416118,EarlyTraction,Nagpur,Maharashtra,AI,Machine Learning,www.pugarch.in,,,,OK
6594dd9de4b02fed18d23d73,ROBO BAZAR PRIVATE LIMITED,DIPP153059,RECOGNISED,U46593MH2023PTC413355,Prototype,Nagpur,Maharashtra,Technology Hardware,Electronics,,,,,OK
658fd51be4b02fed18d15380,ASPIRELLA TECHNODOCS PRIVATE LIMITED,DIPP152828,RECOGNISED,U71100MH2023PTC400806,EarlyTraction,Nagpur,Maharashtra,Automotive,Others,https://aspirella.in/,,,,OK
658fd2b2e4b02fed18d152d1,P3S GLOBAL PRIVATE LIMITED,DIPP152826,RECOGNISED,U46901MH2023PTC405643,Validation,Nagpur,Maharashtra,Professional & Commercial Services,Business Support Services,https://www.falconebiz.com/company/P3-GLOBAL-SERVICES-PRIVATE-LIMITED-U74999JH2022PTC018728,,,,OK
658bfbece4b02fed18d024f6,PARKESE LABS LLP,DIPP152496,RECOGNISED,ACD-3847,Validation,Nagpur,Maharashtra,Enterprise Software,Cloud,https://parkese.com/,,,,OK
658b18fce4b079c35104b94b,MAHI GLOBAL VENTURES LLP,DIPP157027,RECOGNISED,ACB-0529,Prototype,Nagpur,Maharashtra,Construction,Construction & Engineering,https://l.wl.co/l?u=https://mahiglobalventures.com,,,,OK
657af34de4b080816094a518,KIRTISAGAR IT SERVICES PRIVATE LIMITED,DIPP151896,RECOGNISED,U72900MH2018PTC307646,EarlyTraction,Nagpur,Maharashtra,IT Services,IT Consulting,http://www.kirtisagar.com/,,,,OK
657ab2bbe4b0846ec678a1fe,EGRESAN AUTTOGOES PRIVATE LIMITED,DIPP151859,RECOGNISED,U25995MH2023PTC408519,Prototype,Nagpur,Maharashtra,Healthcare & Lifesciences,Health & Wellness,,,,,OK
6579e3c6e4b0846ec6788186,Sharesskills Infotech Private Limited,DIPP158425,RECOGNISED,U72900MH2022PTC388521,Validation,Nagpur,Maharashtra,Enterprise Software,ERP,https://sharesskills.com/,,,,OK
6579c5d9e4b0846ec678798e,DNTCR TOBECONTINUED GAMES LLP,DIPP151837,RECOGNISED,ACD-4464,Prototype,Nagpur,Maharashtra,Toys and Games,Virtual Games,tobecontinuedgames.com,,,,OK
65788080e4b0b08e4574f0ed,EVALLO DIGITAL PRODUCTS PRIVATE LIMITED,DIPP151776,RECOGNISED,U62091MH2023PTC407818,EarlyTraction,Nagpur,Maharashtra,Enterprise Software,ERP,https://evallo.org/,,,,OK
657845e3e4b0b08e4574df8a,MIXBAG SOLAR POWER (OPC) PRIVATE LIMITED,DIPP151762,RECOGNISED,U27104MH2023OPC404874,Prototype,Nagpur,Maharashtra,Renewable Energy,Renewable Solar Energy,,,,,OK
65743d79e4b0b08e4573de93,DONE MULTISERVICES PRIVATE LIMITED,DIPP151613,RECOGNISED,U90009MH2018PTC306688,Scaling,Nagpur,Maharashtra,Agriculture,Others,www.donemultiservicespvtltd.com,,,,OK
6574220de4b0b08e4573d3a9,AMETRINE EDUREAL PRIVATE LIMITED,DIPP151606,RECOGNISED,U45209MH2019PTC327806,EarlyTraction,Nagpur,Maharashtra,Education,Skill Development,www.ametrine.com,,,,OK
6572ed21e4b0b08e45738b17,MAGNUS FITNESS PRIVATE LIMITED,DIPP151555,RECOGNISED,U85300MH2021PTC365117,Validation,Nagpur,Maharashtra,Technology Hardware,Manufacturing,www.magnusfitnesspvtltd.com,,,,OK
656daf5be4b0435f68ea34a7,PRETORIUS TOURISM CONSULTING PRIVATE LIMITED,DIPP151322,RECOGNISED,U70200MH2023PTC408407,Prototype,Nagpur,Maharashtra,Travel & Tourism,Experiential Travel,,,,,OK
656d8496e4b0435f68ea2516,CIM MANAGEMENT INDIA PRIVATE LIMITED,DIPP151309,RECOGNISED,U85500MH2023PTC408563,Validation,Nagpur,Maharashtra,Education,Skill Development,www.cim-india.com,,,,OK
656b6795e4b0435f68e9ec55,RELIRA BLASTECH LLP,DIPP151293,RECOGNISED,ACB-8528,Prototype,Nagpur,Maharashtra,Technology Hardware,Embedded,,,,,OK
656b116de4b0435f68e9de8e,BUILDSMORE PROPERTY CONSULTANTS PRIVATE LIMITED,DIPP151276,RECOGNISED,U68200MH2023PTC406689,Prototype,Nagpur,Maharashtra,Real Estate,Housing,www.buildsmore.in,,,,OK
656af7dae4b0435f68e9d48a,PIKPURE,DIPP160237,RECOGNISED,U10795MH2023PTC402139,Prototype,Nagpur,Maharashtra,Agriculture,Agri-Tech,www.pikpure.in,,,,OK
656a218ae4b0435f68e9b9ea,VIBGYOR PIXEL PRINTS PRIVATE LIMITED,DIPP151251,RECOGNISED,U18115MH2023PTC410259,Prototype,Nagpur,Maharashtra,Professional & Commercial Services,Commercial Printing Services,,,,,OK
65689f8ee4b0435f68e95f1e,LABINST TECHNOLOGIES PRIVATE LIMITED,DIPP151189,RECOGNISED,U46596MH2023PTC408643,Prototype,Nagpur,Maharashtra,Healthcare & Lifesciences,Healthcare Technology,www.labinst.in,,,,OK
656871ede4b083bab566cc53,SAANZ SAMRUDDHI INDUSTRIES PRIVATE LIMITED,DIPP150574,RECOGNISED,U24104MH2023PTC409214,Prototype,Nagpur,Maharashtra,Waste Management,Others,,,,,OK
65658a7ae4b0f1bb07750794,PUSHPANCHAL FOUNDATION,DIPP151050,RECOGNISED,U80904MH2021NPL370146,Validation,Nagpur,Maharashtra,Education,Skill Development,https://www.PUSHPANCHAL-FOUNDATION,,,,OK
654b5cc4e4b0da30fcfa2f93,ORIENTAL ASSOCIATES SECURITY SERVICES PRIVATE LIMITED,DIPP150648,RECOGNISED,U74999MH2021PTC370344,Prototype,Nagpur,Maharashtra,Professional & Commercial Services,Employment Services,,,,,OK
6548952ee4b0da30fcf97c6c,Nakshatra Pharma Impex India Pvt Ltd,DIPP158755,RECOGNISED,U47721MH2023PTC412000,Validation,Nagpur,Maharashtra,Healthcare & Lifesciences,Pharmaceutical,,,,,OK
6541099be4b01077699f802e,Green Solutions Pest Control Services,DIPP150414,RECOGNISED,NG000005809,Prototype,Nagpur,Maharashtra,Professional & Commercial Services,Others,www.greesolutionspest.com,,,,OK
653cad60e4b01077699eacbe,Hilux laboratories private limited,DIPP157408,RECOGNISED,U86905MH2023PTC404374,Prototype,Nagpur,Maharashtra,Healthcare & Lifesciences,Pharmaceutical,www.hiluxlaboratories.com,,,,OK
65364041e4b01077699ceffb,FULARK INTERNATIONAL LLP,DIPP150172,RECOGNISED,ACD-4948,Validation,Nagpur,Maharashtra,Agriculture,Agri-Tech,,,,,OK
652fb912e4b0af4b35d96fe9,MARKSMAN MANPOWER SERVICES PRIVATE LIMITED,DIPP149783,RECOGNISED,U80100MH2023PTC410735,Validation,Nagpur,Maharashtra,Security Solutions,Others,,,,,OK
652d4a8ce4b0af4b35d8e75a,NOOPH TECHNOLOGIES PRIVATE LIMITED,DIPP149525,RECOGNISED,U62099MH2023PTC412052,Prototype,Nagpur,Maharashtra,IT Services,IT Consulting,,,,,OK
652a29fbe4b0af4b35d84981,DIYOO AGRO FARMS INDIA PRIVATE LIMITED,DIPP149255,RECOGNISED,U01611MH2023PTC409826,Prototype,Nagpur,Maharashtra,Agriculture,Agri-Tech,https://diyooagro.com/,,,,OK
6523f622e4b0a788fc715bb3,INNVOMINDZZ INDIA LLP,DIPP148870,RECOGNISED,ACC-8133,Prototype,Nagpur,Maharashtra,Education,Skill Development,,,,,OK
65214938e4b0a788fc70faae,DIGI MAVENS LLP,DIPP151585,RECOGNISED,ACD-2355,EarlyTraction,Nagpur,Maharashtra,IT Services,IT Consulting,www.digimavens.in,,,,OK
651fb4f8e4b04a801578b6be,QURIT PHARMACEUTICAL PRIVATE LIMITED,DIPP148446,RECOGNISED,U46497PN2023PTC223692,Prototype,Nagpur,Maharashtra,Marketing,Sales,,,,,OK
651d0f0be4b023326373ca4e,BIZFIX BUSINESS SOLUTION PRIVATE LIMITED,DIPP149451,RECOGNISED,U74999MH2022PTC385744,Validation,Nagpur,Maharashtra,Human Resources,Others,,,,,OK
651cf184e4b023326373bde5,CARDEN APPLIANCES PRIVATE LIMITED,DIPP148045,RECOGNISED,U32109PN2021PTC207107,Validation,Nagpur,Maharashtra,Technology Hardware,Electronics,,,,,OK
651a72d9e4b0233263735a72,BENVIRA FORWARD ALGORITHMS PRIVATE LIMITED,DIPP147840,RECOGNISED,U72900MH2022PTC381966,EarlyTraction,Nagpur,Maharashtra,AI,Machine Learning,www.benvira.com,,,,OK
651a6772e4b0233263735811,VP ECO TRADE LLP,DIPP147830,RECOGNISED,AAY-0414,Prototype,Nagpur,Maharashtra,Renewable Energy,Manufacture of Machinery and Equipment,https://vpecotrade.com/,,,,OK
65182b8be4b0233263732742,GUARDINGER ADVANCED TECHNOLOGIES PRIVATELIMITED,DIPP148223,RECOGNISED,U62020MH2023PTC410650,Prototype,Nagpur,Maharashtra,Aeronautics Aerospace & Defence,Defence Equipment,www.guardinger.in,,,,OK
65152b43e4b023326372a299,ANNACHTRA INTERNATIONAL ORGANISATION LLP,DIPP155712,RECOGNISED,AAU-4590,Prototype,Nagpur,Maharashtra,Agriculture,Food Processing,,,,,OK
65152610e4b023326372a0a6,HBTCREATIONS PRIVATE LIMITED,DIPP149909,RECOGNISED,U72900MH2021PTC372761,Prototype,Nagpur,Maharashtra,IT Services,IT Consulting,,,,,OK
6513f330e4b0304aab01aac6,LOTUS GUARDS AND ALLIED SERVICES (OPC) PRIVATE LIMITED,DIPP147600,RECOGNISED,U80100MH2023OPC401711,Validation,Nagpur,Maharashtra,Security Solutions,Others,,,,,OK
650eeabae4b0b4db2d729db2,ENERGENEX BIO FUELS PRIVATE LIMITED,DIPP147125,RECOGNISED,U25121MH2023PTC405368,Prototype,Nagpur,Maharashtra,Renewable Energy,Renewable Energy Solutions,,,,,OK
650c4b36e4b0b4db2d721a0c,THAVISHA PROJECTS (OPC) PRIVATE LIMITED,DIPP147263,RECOGNISED,U45309MH2022OPC381851,EarlyTraction,Nagpur,Maharashtra,Construction,Construction & Engineering,,,,,OK
650c1bb4e4b0b4db2d71da20,VIDRAM VENTURES PRIVATE LIMITED,DIPP146945,RECOGNISED,U25999MH2023PTC410858,Validation,Nagpur,Maharashtra,Construction,Construction & Engineering,,,,,OK
650c0ae2e4b0b4db2d71d410,HIXAA TECHNOLOGIES PRIVATE LIMITED,DIPP146933,RECOGNISED,U72200MH2021PTC365175,EarlyTraction,Nagpur,Maharashtra,Internet of Things,Others,www.hixaa.com,,,,OK
65097d2fe4b055d0eb7b33c2,RUMINET TECHNOLOGIES PRIVATE LIMITED,DIPP146677,RECOGNISED,U62099MH2023PTC402752,Validation,Nagpur,Maharashtra,Architecture Interior Design,Others,,,,,OK
6504156ee4b038ca5054bbc5,ALCSAVIOUR TECHNOLOGIES PRIVATE LIMITED,DIPP146279,RECOGNISED,U27900MH2023PTC398156,Validation,Nagpur,Maharashtra,Technology Hardware,Others,,,,,OK
6502c31ee4b038ca505474c4,PUSHPANCHAL FOUNDATION,DIPP151050,RECOGNISED,,Validation,Nagpur,Maharashtra,Education,Skill Development,,,,,OK
65018e4ee4b038ca50544260,GOSPHEL SHIELD LIFE SCIENCES PRIVATE LIMITED,DIPP146133,RECOGNISED,U21001MH2023PTC398184,Validation,Nagpur,Maharashtra,Healthcare & Lifesciences,Pharmaceutical,https://gosphel.com/,,,,OK
64fc2e4ee4b05092173b9f0b,BRAMHANEE FURNITURE,DIPP144749,RECOGNISED,NG000007746,Validation,Nagpur,Maharashtra,Construction,Homebuilding,,,,,OK
64f9ac59e4b00b8c0d993239,FRANCINA & FRANCIS CONSULTING (OPC) PRIVATE LIMITED,DIPP145384,RECOGNISED,U72900MH2021OPC370333,Prototype,Nagpur,Maharashtra,Enterprise Software,Others,,,,,OK
64f972d0e4b00b8c0d991fa6,PRATIKSHAM SOFTWARES PRIVATE LIMITED,DIPP145335,RECOGNISED,U72900MH2017PTC289516,Scaling,Nagpur,Maharashtra,IT Services,Application Development,,,,,OK
64f844d0e4b00b8c0d98ee0f,RAPIDBULL FINSERVE SOLUTIONS PRIVATE LIMITED,DIPP146486,RECOGNISED,U66190PN2023PTC223406,Validation,Nagpur,Maharashtra,Professional & Commercial Services,Business Support Services,https://bankloanbazaar.in/,,,,OK
64f5c951e4b02bcc4a00dc21,APTEC LEARNINGS PRIVATE LIMITED,DIPP145094,RECOGNISED,U85499MH2023PTC409417,Prototype,Nagpur,Maharashtra,Education,Others,www.mindmentors.in,,,,OK
64f4a208e4b0c7662b3aa97e,NILVIL VENTURES PRIVATE LIMITED,DIPP144719,RECOGNISED,U82990MH2023PTC405669,Prototype,Nagpur,Maharashtra,Food & Beverages,Others,,,,,OK
64f1c286e4b0c7662b3a2c49,TECHNOIS MEDIA MARKETING PRIVATE LIMITED,DIPP144571,RECOGNISED,U22219MH2022PTC377760,Validation,Nagpur,Maharashtra,Media & Entertainment,Social Media,https://nois-tech.com/,,,,OK
64f1b0e6e4b0c7662b3a265d,ARYAWARTA MANPOWER CONSULTANCY (OPC) PRIVATE LIMITED,DIPP144560,RECOGNISED,U78100MH2023OPC402851,EarlyTraction,Nagpur,Maharashtra,Human Resources,Talent Management,,,,,OK
64f086ffe4b0c7662b39e80d,ORGOSYNTH CHEMICALS PRIVATE LIMITED,DIPP144508,RECOGNISED,U24100MH2020PTC335657,Validation,Nagpur,Maharashtra,Chemicals,Specialty Chemicals,,,,,OK
64ec2c94e4b094770c70937f,SHUBH ARAMB TEA PRODUCTS PRIVATE LIMITED,DIPP144019,RECOGNISED,U46306MH2023PTC405624,Validation,Nagpur,Maharashtra,Food & Beverages,Food Processing,,,,,OK
64ec22a2e4b094770c709088,BEST TAX INFO PRIVATE LIMITED,DIPP144016,RECOGNISED,U74999PN2021PTC202957,Prototype,Nagpur,Maharashtra,Professional & Commercial Services,Business Support Services,,,,,OK
64e35a21e4b07d1e25b23c33,BCS ENGINEERING (OPC) PRIVATE LIMITED,DIPP143407,RECOGNISED,U28110MH2023OPC404246,Prototype,Nagpur,Maharashtra,Professional & Commercial Services,Business Support Supplies,,,,,OK
64e1a330e4b07d1e25b1d600,SPANTRONIX INDIA PRIVATE LIMITED,DIPP157740,RECOGNISED,U27900MH2023PTC407934,Validation,Nagpur,Maharashtra,Professional & Commercial Services,Business Support Services,,,,,OK
64df1f04e4b07d1e25b1735a,CYPHY TECH SECURITY PRIVATE LIMITED,DIPP144372,RECOGNISED,U80200MH2023PTC399729,Scaling,Nagpur,Maharashtra,Security Solutions,Cyber Security,,,,,OK
64ddc7e3e4b0f4b8e269cba6,MSG SECURITY AND HOUSEKEEPING SERVICES PRIVATE LIMITED,DIPP143081,RECOGNISED,U93097MH2016PTC283113,Validation,Nagpur,Maharashtra,Human Resources,Recruitment Jobs,https://www.msgservices.in/,,,,OK
64d9ed77e4b0f4b8e2694a82,PRAVIN BORKUTE COTSPIN PRIVATE LIMITED,DIPP143038,RECOGNISED,U17301MH2022PTC380390,Validation,Nagpur,Maharashtra,Textiles & Apparel,Others,,,,,OK
64d77b2ce4b033b7ac84e836,OABCO INNOVATIONS PRIVATE LIMITED,DIPP142496,RECOGNISED,U62011MH2023PTC405323,Validation,Nagpur,Maharashtra,Enterprise Software,Cloud,https://oabco.in/,,,,OK
64d75c66e4b033b7ac84df96,GRAMYA VENTURES PRIVATE LIMITED,DIPP142482,RECOGNISED,U01100MH2020PTC344822,EarlyTraction,Nagpur,Maharashtra,Agriculture,Agri-Tech,https://www.gramyaventures.com/,,,,OK
64d62ec5e4b033b7ac84b800,KEEYGREDIENTS HEALTHFOODS LLP,DIPP142447,RECOGNISED,ACC-2472,Prototype,Nagpur,Maharashtra,Food & Beverages,Food Processing,,,,,OK
64d38707e4b0328477b0fd9b,BIOWALL AGRIHEALTH PRIVATE LIMITED,DIPP142310,RECOGNISED,U01611MH2023PTC403655,Validation,Nagpur,Maharashtra,Agriculture,Horticulture,mitrasena.com,,,,OK
64d1f278e4b06ac59f048a92,HOMSLOO SANITECH PRIVATE LIMITED,DIPP142005,RECOGNISED,U37003MH2023PTC408181,Validation,Nagpur,Maharashtra,Waste Management,Others,,,,,OK
64d1e3e5e4b0fe478f248efa,KORADI INFRA SERVICES SOLUTION PRIVATE LIMITED,DIPP141997,RECOGNISED,U46901PN2023PTC219093,Validation,Nagpur,Maharashtra,Construction,Others,https://www.koradiinfra.com/,,,,OK
64d0cc46e4b0c4486e8b032e,BEDIENUNG SOLUTION PRIVATE LIMITED,DIPP141939,RECOGNISED,U33150MH2023PTC401502,Validation,Nagpur,Maharashtra,Agriculture,Agri-Tech,www.tractorseva.com,,,,OK
64cf4f6ee4b0c4486e8ad0c5,ORIGIN FOOD AND AGROFX (OPC) PRIVATE LIMITED,DIPP141756,RECOGNISED,U10795MH2023OPC405004,Prototype,Nagpur,Maharashtra,Food & Beverages,Food Processing,https://theorigininternational.com/products/,,,,OK
64cde598e4b0c4486e8aa739,TRUE GRADE IMPEX PRIVATE LIMITED,DIPP141698,RECOGNISED,U21093MH2022PTC375273,Validation,Nagpur,Maharashtra,Professional & Commercial Services,Business Support Supplies,,,,,OK
64ccfd4de4b0c4486e8a8dfb,UNICIRCUIT ENGINEERING SERVICES LLP,DIPP141675,RECOGNISED,AAX-1820,Scaling,Nagpur,Maharashtra,Internet of Things,Others,https://unicircuites.com/,,,,OK
64cba4cfe4b0c4486e8a506c,OSK IT SOLUTIONS PRIVATE LIMITED,DIPP141604,RECOGNISED,U62099MH2023PTC406419,Prototype,Nagpur,Maharashtra,Marketing,Others,oskitsolutions.in,,,,OK
64ca5355e4b0c4486e8a143b,ASTABRATA TOKENIZATION PRIVATE LIMITED,DIPP141523,RECOGNISED,U62099MH2023PTC399714,Prototype,Nagpur,Maharashtra,Enterprise Software,Others,,,,,OK
64ca2f63e4b0c4486e8a0687,CUPDA PROJECT PRIVATE LIMITED,DIPP141338,RECOGNISED,U14201MH2023PTC403641,EarlyTraction,Nagpur,Maharashtra,Fashion,Apparel,www.thekapdaproject.com,,,,OK
64c9c4a9e4b0c4486e89ce53,DIFI DIGITAL FASHION PARK PRIVATE LIMITED,DIPP141292,RECOGNISED,U72900MH2020PTC347598,Prototype,Nagpur,Maharashtra,Fashion,Fan Merchandise,,,,,OK
64c8c9a8e4b0c4486e89a599,SAMSAL TECHSERVE PRIVATE LIMITED,DIPP142203,RECOGNISED,U46512MH2023PTC405090,Validation,Nagpur,Maharashtra,Telecommunication & Networking,Integrated communication services,,,,,OK
64c4f2f4e4b0c4486e8913fb,BRANDOVVEN PRIVATE LIMITED,DIPP140976,RECOGNISED,U74103MH2023PTC402729,Prototype,Nagpur,Maharashtra,Marketing,Digital Marketing (SEO Automation),,,,,OK
64c4ee04e4b0c4486e891320,KIPONO TECHNOLOGY PRIVATE LIMITED,DIPP140965,RECOGNISED,U62099MH2023PTC405275,Validation,Nagpur,Maharashtra,Professional & Commercial Services,Professional Information Services,https://www.toptime.club/,,,,OK
64c239dfe4b0c4486e88b1e6,ACCORD AVIATION PRIVATE LIMITED,DIPP140857,RECOGNISED,U74999MH2017PTC297404,Prototype,Nagpur,Maharashtra,Aeronautics Aerospace & Defence,Aviation & Others,,,,,OK
64c0bae8e4b0c4486e8874f5,Planet5E Wellness Pvt Ltd,DIPP140793,RECOGNISED,U69100MH2023PTC406592,EarlyTraction,Nagpur,Maharashtra,Healthcare & Lifesciences,Health & Wellness,www.planet5e.com,,,,OK
64c0b33ce4b0c4486e8871b1,ELITRA TECHNOVISION PRIVATE LIMITED,DIPP140612,RECOGNISED,U73100MH2023PTC405062,EarlyTraction,Nagpur,Maharashtra,Media & Entertainment,Digital Media,,,,,OK
64c01629e4b0c4486e88648a,TRIPOD TECHNOLOGIES PRIVATE LIMITED,DIPP140602,RECOGNISED,U72501MH2016PTC288372,Scaling,Nagpur,Maharashtra,IT Services,IT Consulting,,,,,OK
64bf96e9e4b0c4486e883a56,CAPITAL ASSOCIATES,DIPP140260,RECOGNISED,NG000008481,Validation,Nagpur,Maharashtra,Waste Management,Others,,,,,OK
64bbb291e4b0c4486e87a9f3,DANDARE BEVERAGES PRIVATE LIMITED,DIPP140412,RECOGNISED,U46308MH2023PTC406457,Prototype,Nagpur,Maharashtra,Food & Beverages,Others,,,,,OK
64ba60fce4b0c4486e87765b,SAI SHIVAANSH INDUSTRIES (I) PRIVATE LIMITED,DIPP140933,RECOGNISED,U20234MH2023PTC405921,Prototype,Nagpur,Maharashtra,Other Specialty Retailers,Others,,,,,OK
64ba56ece4b0c4486e877330,PYTHON ANALYTICS PRIVATE LIMITED,DIPP139814,RECOGNISED,U62011MH2023PTC406786,Validation,Nagpur,Maharashtra,AI,Machine Learning,https://piai.online/,,,,OK
64ba4b08e4b0c4486e876f84,RAVIKA ORGANIC PRIVATE LIMITED,DIPP139809,RECOGNISED,U01100MH2022PTC393561,Prototype,Nagpur,Maharashtra,Agriculture,Organic Agriculture,http://ravikaorganic.com,,,,OK
64b9349ee4b0c4486e874b44,TRINITY FORTUNE PRIVATE LIMITED,DIPP139964,RECOGNISED,U93090MH2022PTC378276,Validation,Nagpur,Maharashtra,Telecommunication & Networking,Others,,,,,OK
64b8f549e4b0c4486e871b99,TULJAI WATER SOLUTIONS,DIPP141031,RECOGNISED,15662,Validation,Nagpur,Maharashtra,Green Technology,Others,,,,,OK
64b8e125e4b0c4486e8709e0,VT AGROVET PRIVATE LIMITED,DIPP140096,RECOGNISED,U01100MH2022PTC382634,Validation,Nagpur,Maharashtra,Agriculture,Animal Husbandry,,,,,OK
64b8bfc5e4b0c4486e86fcff,WIFIKATTA COMMUNICATIONS PRIVATE LIMITED,DIPP140071,RECOGNISED,U64204MH2022PTC394415,Validation,Nagpur,Maharashtra,Telecommunication & Networking,Network Technology Solutions,,,,,OK
64b7fbc1e4b0c4486e86f042,JASSWIND REAL FOOD SERVICES PRIVATE LIMITED,DIPP139482,RECOGNISED,U47219MH2023PTC404128,Prototype,Nagpur,Maharashtra,Food & Beverages,Others,,,,,OK
64b7b879e4b0c4486e86e05f,PROCOHAT INNOVATIONS PRIVATE LIMITED,DIPP139438,RECOGNISED,U62099MH2023PTC400533,EarlyTraction,Nagpur,Maharashtra,Events,Event Management,https://procohat.com,,,,OK
64b7822ae4b0c4486e86cfce,PATKOTWAR FOOD PRODUCTS PRIVATE LIMITED,DIPP139544,RECOGNISED,U56102MH2023PTC405939,Prototype,Nagpur,Maharashtra,Food & Beverages,Others,,,,,OK
64b77f03e4b0c4486e86cebd,ABHIVRDH WELLNESS (OPC) PRIVATE LIMITED,DIPP139455,RECOGNISED,U87200MH2023OPC402258,Prototype,Nagpur,Maharashtra,Healthcare & Lifesciences,Healthcare Services,,,,,OK
64b50ba7e4b0c4486e8670e8,HDSN LIFESCIENCES PRIVATE LIMITED,DIPP141112,RECOGNISED,U21002MH2023PTC406530,Prototype,Nagpur,Maharashtra,Healthcare & Lifesciences,Others,,,,,OK
64b1282ee4b0ca7b139a8d51,ARRISE BPO SOLUTIONS PRIVATE LIMITED,DIPP139667,RECOGNISED,U72100MH2019PTC325707,Scaling,Nagpur,Maharashtra,IT Services,BPO,https://www.arrisebpm.com,,,,OK
64b0ebc3e4b0ca7b139a7b22,DISP CARE PRIVATE LIMITED,DIPP139040,RECOGNISED,U13996MH2023PTC402633,Prototype,Nagpur,Maharashtra,Textiles & Apparel,Others,,,,,OK
64b0de85e4b0ca7b139a761b,SHRI RAJARAMTEK FARMERS PRODUCER COMPANYLIMITED,DIPP139036,RECOGNISED,U01611MH2023PTC400555,Prototype,Nagpur,Maharashtra,Agriculture,Agri-Tech,,,,,OK
64b0c853e4b0ca7b139a71f3,PHARMAREGTECH PRIVATE LIMITED,DIPP139030,RECOGNISED,U74999MH2021PTC355263,EarlyTraction,Nagpur,Maharashtra,Healthcare & Lifesciences,Pharmaceutical,www.qualitasglobus.com,,,,OK
64afde59e4b0ca7b139a5991,KRUSHIKRANTI SHETKARI UTPADAK FARMER PRODUCER COMPANY LIMITED,DIPP139095,RECOGNISED,U01409MH2022PTC386149,Prototype,Nagpur,Maharashtra,Agriculture,Organic Agriculture,,,,,OK
64ad58bee4b0ca7b1399e5bb,STARORIGIN PRIVATE LIMITED,DIPP139273,RECOGNISED,U21099MH2021PTC369343,Validation,Nagpur,Maharashtra,Professional & Commercial Services,Business Support Supplies,https://starorigin.in/,,,,OK
64ad3fc0e4b0ca7b1399ddf4,MEDIDEK HEALTHCARE PRIVATE LIMITED,DIPP138805,RECOGNISED,U74909MH2023PTC405996,Validation,Nagpur,Maharashtra,Healthcare & Lifesciences,Healthcare Technology,,,,,OK
64ad22b4e4b0ca7b1399d402,212 BILTMORE HOSPITALITY PRIVATE LIMITED,DIPP138778,RECOGNISED,U55209MH2019PTC333604,Scaling,Nagpur,Maharashtra,Travel & Tourism,Hospitality,https://212biltmore.in/,,,,OK
64ad1b54e4b0ca7b1399d1dc,NAGPUR COUNCIL OF FIRE SERVICE AND SAFETY EDUCATION,DIPP139643,RECOGNISED,U80302MH2022NPL385463,Prototype,Nagpur,Maharashtra,Social Impact,NGO,,,,,OK
64a9531ce4b06880ba8ca55d,JAY KASHYAP OUTSOURCING LLP,DIPP138366,RECOGNISED,ACB-8787,Prototype,Nagpur,Maharashtra,Human Resources,Others,,,,,OK
64a90ae1e4b06880ba8c91ae,MITHEELA MANPOWER & SECURITY LLP,DIPP138511,RECOGNISED,ACB-8507,Prototype,Nagpur,Maharashtra,Human Resources,Others,,,,,OK
64a8286be4b06880ba8c7706,DGCT TECHNOLOGY PRIVATE LIMITED,DIPP138510,RECOGNISED,U72900MH2023PTC397425,Prototype,Nagpur,Maharashtra,IT Services,Project Management,www.dgcttech.com,,,,OK
64a7da59e4b06880ba8c63fe,LUTEC INDIA IT SERVICES PRIVATE LIMITED,DIPP138472,RECOGNISED,U72900MH2021PTC369232,Validation,Nagpur,Maharashtra,IT Services,Product Development,www.lutecindia.com,,,,OK
64a3b26de4b0a5524e7d0781,SHREE MAHA GOMANTAK FOODS & BEVERAGES PRIVATE LIMITED,DIPP138089,RECOGNISED,U11041MH2023PTC399335,Validation,Nagpur,Maharashtra,Food & Beverages,Others,http://www.smgfoodsnbeverages.com/,,,,OK
64a3081be4b0a5524e7cf74c,LIVETUNES MUSIC PRIVATE LIMITED,DIPP138083,RECOGNISED,U92419MH2022PTC384647,Prototype,Nagpur,Maharashtra,Media & Entertainment,Entertainment,,,,,OK
64a01c0be4b0a5524e7c459e,AMJ OVERSEAS EXIM PRIVATE LIMITED,DIPP137326,RECOGNISED,U23209MH2021PTC373008,EarlyTraction,Nagpur,Maharashtra,Green Technology,Clean Tech,https://amjoverseas.com/,,,,OK
649ec002e4b0a5524e7bb7c8,KUSUM OUTSOURCING LLP,DIPP137271,RECOGNISED,ACB-7650,Prototype,Nagpur,Maharashtra,Human Resources,Others,,,,,OK
649ebdd2e4b0a5524e7bb5b5,SHREE LAXMI PHARMA,DIPP140689,RECOGNISED,NG000008445,Validation,Nagpur,Maharashtra,Healthcare & Lifesciences,Healthcare Services,https://shreelp.in/,,,,OK
649d78abe4b0a5524e7b4834,VETRIX NUTRITION PRIVATE LIMITED,DIPP137421,RECOGNISED,U74999MH2017PTC291799,Validation,Nagpur,Maharashtra,Agriculture,Animal Husbandry,,,,,OK
649d5d93e4b0a5524e7b3ef8,NESTA TOYS PRIVATE LIMITED,DIPP138516,RECOGNISED,U36999MH2022PTC393320,Scaling,Nagpur,Maharashtra,Toys and Games,Physical Toys and Games,https://nestatoys.in/,,,,OK
649bd37ee4b063b4996c0b52,SUPA TECHNOLOGY CENTER AND CONSULTANCY PRIVATE LIMITED,DIPP137467,RECOGNISED,U62099MH2023PTC402553,Prototype,Nagpur,Maharashtra,Education,Skill Development,,,,,OK
64957b6ce4b063b4996a8578,BLIINC INNOVATIONS PRIVATE LIMITED,DIPP137041,RECOGNISED,U72900MH2022PTC375551,Validation,Nagpur,Maharashtra,IT Services,Product Development,,,,,OK
6492f6f5e4b0a9bff5ca309b,ONE POINT FURNITURE SOLUTIONS PRIVATE LIMITED,DIPP136712,RECOGNISED,U36999MH2019PTC333135,Prototype,Nagpur,Maharashtra,Other Specialty Retailers,Home Furnishings Retailers,,,,,OK
6492dc97e4b0a9bff5ca29d8,HEIL AAROGYAM MEDICARE PRIVATE LIMITED,DIPP136897,RECOGNISED,U21003MH2023PTC402514,Prototype,Nagpur,Maharashtra,Healthcare & Lifesciences,Health & Wellness,,,,,OK
648d84dde4b0a9bff5c9034f,CONVERGING DYNAMICS PRIVATE LIMITED,DIPP136093,RECOGNISED,U72900MH2022PTC387685,Prototype,Nagpur,Maharashtra,IT Services,Others,,,,,OK
648c52b9e4b0a9bff5c8cd88,MAA BAMLESHWARI REFRACTORIES PRIVATE LIMITED,DIPP144700,RECOGNISED,U26999MH2022PTC396446,Validation,Nagpur,Maharashtra,Chemicals,Others,,,,,OK
648c3895e4b0a9bff5c8c246,AASA HELP HEALTH CARE FOUNDATION,DIPP136045,RECOGNISED,U85300MH2022NPL391717,Prototype,Nagpur,Maharashtra,Healthcare & Lifesciences,Healthcare Technology,,,,,OK
648c0435e4b0a9bff5c8ac96,BS2-EXPORTS PRIVATE LIMITED,DIPP136303,RECOGNISED,U15549MH2022PTC393610,Prototype,Nagpur,Maharashtra,Food & Beverages,Food Processing,,,,,OK
648aa426e4b0a9bff5c82c44,BS2 Purifa Private Limited,DIPP136205,RECOGNISED,U11043MH2023PTC401453,Prototype,Nagpur,Maharashtra,Food & Beverages,Others,,,,,OK
64896b4ce4b0a9bff5c79a3b,SONWE RIDE SYSTEM (OPC) PRIVATE LIMITED,DIPP135900,RECOGNISED,U49224MH2023OPC403723,Prototype,Nagpur,Maharashtra,Logistics,Others,,,,,OK
6488b02de4b0a9bff5c75f0f,DFG FACILITIES MANAGEMENT PRIVATE LIMITED,DIPP136759,RECOGNISED,U74999MH2022PTC382054,Validation,Nagpur,Maharashtra,Professional & Commercial Services,Business Support Services,,,,,OK
64859fa5e4b0bb8a940a6ad8,ELECRECO PRIVATE LIMITED,DIPP135868,RECOGNISED,U95111MH2023PTC404002,Prototype,Nagpur,Maharashtra,Waste Management,Others,www.elecreco.com,,,,OK
6483527fe4b0bb8a940912a4,VALUEUP EDUCATION PRIVATE LIMITED,DIPP136254,RECOGNISED,U80903MH2021PTC374107,Validation,Nagpur,Maharashtra,Education,Skill Development,https://www.valueup.in/,,,,OK
6481d147e4b0ac8d4b2f6687,SAIEGIS MANUFACTURING AND EXPORT (OPC) PRIVATE LIMITED,DIPP136406,RECOGNISED,U24109MH2023OPC404332,Validation,Nagpur,Maharashtra,Technology Hardware,Manufacturing,,,,,OK
64807485e4b018711389f6df,GEMGOVIN PRIVATE LIMITED,DIPP135751,RECOGNISED,U51909MH2023PTC397196,Prototype,Nagpur,Maharashtra,Healthcare & Lifesciences,Health & Wellness,,,,,OK
648011a6e4b0349752878dad,METAGURUKUL KNOWLEDGE CONSULTING PRIVATELIMITED,DIPP135743,RECOGNISED,U85499MH2023PTC401987,Validation,Nagpur,Maharashtra,Education,Others,,,,,OK
647ecfc0e4b034975286f547,VIPRA RESOURCES AND MANAGEMENT PRIVATE LIMITED,DIPP135726,RECOGNISED,U74999MH2021PTC370568,Validation,Nagpur,Maharashtra,Security Solutions,Public Citizen Security Solutions,,,,,OK
647ec4a0e4b034975286edc0,AYZAL HERBALS AND FRAGRANCES PRIVATE LIMITED,DIPP135724,RECOGNISED,U20239MH2023PTC403148,Validation,Nagpur,Maharashtra,Healthcare & Lifesciences,Health & Wellness,,,,,OK
647dc7dbe4b034975286896a,EKAAR WELLNESS PRIVATE LIMITED,DIPP136395,RECOGNISED,U47219MH2023PTC402981,Prototype,Nagpur,Maharashtra,Travel & Tourism,Hospitality,,,,,OK
647998eae4b0d597a0324e71,NORTHERN LIGHTANALYTICS PRIVATE LIMITED,DIPP134846,RECOGNISED,U62099MH2023PTC399162,Validation,Nagpur,Maharashtra,IT Services,Application Development,http://nlalab.com/,,,,OK
64784dd1e4b0d597a031e6ec,DYSMECH COMPETENCY SERVICES PRIVATE LIMITED,DIPP138198,RECOGNISED,U74999MH2017PTC295875,Validation,Nagpur,Maharashtra,IT Services,IT Consulting,https://dysmech.com/,,,,OK
64770e84e4b0d597a0316287,FINE FEATHERS MEDICAL SERVICES PRIVATE LIMITED,DIPP134716,RECOGNISED,U72900MH2022PTC380739,Validation,Nagpur,Maharashtra,Healthcare & Lifesciences,Healthcare Services,,,,,OK
6476f5b6e4b0d597a0315368,BKJ OVERSEAS PRIVATE LIMITED,DIPP135774,RECOGNISED,U82990MH2023PTC400237,Validation,Nagpur,Maharashtra,Agriculture,Others,,,,,OK
6475c483e4b0d597a030b254,AVTAR SURGICAL AND PHARMACEUTICALS PRIVATE LIMITED,DIPP134371,RECOGNISED,U24233MH2021PTC369178,Validation,Nagpur,Maharashtra,Healthcare & Lifesciences,Health & Wellness,,,,,OK
6474c2fbe4b0d597a030508f,DWELLSTAYS HOSPITALITY PRIVATE LIMITED,DIPP134341,RECOGNISED,U79900MH2023PTC402684,Validation,Nagpur,Maharashtra,Travel & Tourism,Hospitality,https//dwellStays.in/,,,,OK
64743981e4b0c38c15a51e73,SEVENIMAGINE EDUCATION PRIVATE LIMITED,DIPP134493,RECOGNISED,U74999MH2020PTC337217,Validation,Nagpur,Maharashtra,Enterprise Software,Others,http://sevensquarelearning.com/,,,,OK
647086fce4b0c38c15a3e89c,ATC PACKING SOLUTION PRIVATE LIMITED,DIPP134164,RECOGNISED,U22203MH2023PTC399594,Validation,Nagpur,Maharashtra,Professional & Commercial Services,Business Support Supplies,,,,,OK
646f01b6e4b06265ab647e88,24COLOURKICKS PRIVATE LIMITED,DIPP133923,RECOGNISED,U15201MH2023PTC403305,Validation,Nagpur,Maharashtra,Textiles & Apparel,Non- Leather Footwear,,,,,OK
646c7dfae4b06265ab6382ef,ARTIGENCE HEALTHCARE SYSTEMS PRIVATE LIMITED,DIPP133697,RECOGNISED,U62099MH2023PTC398192,Validation,Nagpur,Maharashtra,Healthcare & Lifesciences,Healthcare IT,https://artigence.ai,,,,OK
646b3adae4b0cde9dc035ce0,NETPURTI GLOBAL PRIVATE LIMITED,DIPP133584,RECOGNISED,U47912MH2023PTC398859,Prototype,Nagpur,Maharashtra,Indic Language Startups,E-Commerce,,,,,OK
646b25c3e4b02d5d3162c8f5,RAMTEK KISAN BIOFUELS PRIVATE LIMITED,DIPP133893,RECOGNISED,U23201MH2022PTC380939,Validation,Nagpur,Maharashtra,Agriculture,Organic Agriculture,,,,,OK
6468a060e4b0fb2d873dcb3a,MOHANTY EDUCATION PRIVATE LIMITED,DIPP134100,RECOGNISED,U85306MH2023PTC402939,Prototype,Nagpur,Maharashtra,Education,Coaching,,,,,OK
64675e5de4b025c671455b80,TWINKLING BRAINS PRIVATE LIMITED,DIPP133654,RECOGNISED,U72900MH2022PTC383554,Validation,Nagpur,Maharashtra,Education,Others,,,,,OK
6464af6de4b025c67144b921,CRISSPYNUTS INTERNATIONAL PRIVATE LIMITED,DIPP133750,RECOGNISED,U10793MH2023PTC402372,Prototype,Nagpur,Maharashtra,Food & Beverages,Food Processing,,,,,OK
64648d25e4b025c67144adbf,PRAVIND FOODS PRIVATE LIMITED,DIPP133181,RECOGNISED,U10712MH2023PTC400008,Validation,Nagpur,Maharashtra,Food & Beverages,Food Processing,,,,,OK
646454f4e4b025c6714497fa,EARTHX ENGINEERING PRIVATE LIMITED,DIPP133162,RECOGNISED,U45400MH2022PTC390244,Validation,Nagpur,Maharashtra,Technology Hardware,Others,http://sdstonesengineering.com/index.html,,,,OK
6463e33be4b025c671449283,MSPS TRADELINKS LLP,DIPP131575,RECOGNISED,AAW-8319,Prototype,Nagpur,Maharashtra,Healthcare & Lifesciences,Pharmaceutical,www.mayacure.in,,,,OK
64621d40e4b025c671443098,YOUTEEK E-RETAIL PRIVATE LIMITED,DIPP133745,RECOGNISED,U62099MH2023PTC400481,EarlyTraction,Nagpur,Maharashtra,Retail,Comparison Shopping,https://youteek.com/,,,,OK
645e3d87e4b025c671432c09,SHADER LABS PRIVATE LIMITED,DIPP134273,RECOGNISED,U85499PN2023PTC220410,EarlyTraction,Nagpur,Maharashtra,Education,Coaching,https://indiagamelab.com,,,,OK
645d1544e4b037e48cd9163d,IMMVERSE INNOVATIONS PRIVATE LIMITED,DIPP131631,RECOGNISED,U62099MH2023PTC398179,Validation,Nagpur,Maharashtra,AI,Machine Learning,https://www.immverse.ai/,,,,OK
645cc7dae4b0a7a488d03157,VICTOIN MULTISERVICES PRIVATE LIMITED,DIPP132815,RECOGNISED,U74904MH2023PTC400398,Prototype,Nagpur,Maharashtra,Others,Others,victoinmultiservices.com,,,,OK
645b6de7e4b0912f1d822a27,SINFOLIX TECHNOLOGIES,DIPP132844,RECOGNISED,NG000008714,Prototype,Nagpur,Maharashtra,IT Services,IT Consulting,https://www.sinfolix.com/,,,,OK
645b2957e4b0912f1d81fe17,AVSG SOLUTIONS (OPC) PRIVATE LIMITED,DIPP131742,RECOGNISED,U15490MH2022OPC382071,EarlyTraction,Nagpur,Maharashtra,Food & Beverages,Food Technology/Food Delivery,www.sitgri.com,,,,OK
645551fde4b0af7362cb5573,INDAGRO FARMER PRODUCER COMPANY LIMITED,DIPP132523,RECOGNISED,U01100MH2023PTC397370,Prototype,Nagpur,Maharashtra,Agriculture,Others,,,,,OK
64548464e4b0af7362cb12c6,HEALYANTRA HEALTHCARE INNOVATIONS PRIVATE LIMITED,DIPP131278,RECOGNISED,U46596MH2023PTC399379,Validation,Nagpur,Maharashtra,Healthcare & Lifesciences,Medical Devices Biomedical,https://healyantra.com/,,,,OK
64537face4b0af7362cab70a,RE-VAHAAN RECYCLERS PRIVATE LIMITED,DIPP131834,RECOGNISED,U46699MH2023PTC398977,Prototype,Nagpur,Maharashtra,Waste Management,Others,,,,,OK
64524f1ce4b0af7362ca719b,SHAAN TRASH MANAGEMENT PRIVATE LIMITED,DIPP133131,RECOGNISED,U46699MH2023PTC401972,Prototype,Nagpur,Maharashtra,Waste Management,Others,,,,,OK
644ffc8ce4b0f3925ea5ad1e,TEZKIRANA TECHNOLOGIES PRIVATE LIMITED,DIPP131011,RECOGNISED,U46909MH2023PTC400832,EarlyTraction,Nagpur,Maharashtra,Retail,Retail Technology,https://teznow.com,,,,OK
644ff402e4b0f3925ea5ac9c,PBRIDGE CONSULTANCY PRIVATE LIMITED,DIPP137163,RECOGNISED,U70200MH2023PTC398216,Validation,Nagpur,Maharashtra,Education,Coaching,https://pbridge.info/assistive-tech/,,,,OK
644d37bfe4b08c6e5d9ee6ee,SHASHTAV CHARGING BHARAT PRIVATE LIMITED,DIPP136499,RECOGNISED,U27900MH2023PTC401951,Scaling,Nagpur,Maharashtra,Automotive,Electric Vehicles,https://www.blu-e.in/,,,,OK
644b74e9e4b04d6c194aa0bf,ASKSHETI UTPADAN PRODUCER COMPANY LIMITED,DIPP157245,RECOGNISED,U01100MH2021PTC365723,Prototype,Nagpur,Maharashtra,Agriculture,Others,,,,,OK
644ac7a8e4b04d6c194a7212,ANZ GASTRONOMICS PRIVATE LIMITED,DIPP132234,RECOGNISED,U10104MH2023PTC400828,Prototype,Nagpur,Maharashtra,Food & Beverages,Food Technology/Food Delivery,,,,,OK
644a3930e4b04d6c194a31aa,CALYCO PRODUCTS PRIVATE LIMITED,DIPP132908,RECOGNISED,U46620MH2023PTC401442,Prototype,Nagpur,Maharashtra,Chemicals,Others,,,,,OK
644a0d6be4b04d6c194a0ed7,VIHAAN SPACETECH PRIVATE LIMITED,DIPP133409,RECOGNISED,U35999PN2023PTC218033,Prototype,Nagpur,Maharashtra,Aeronautics Aerospace & Defence,Aviation & Others,,,,,OK
6447fc6be4b0ae03c7510b48,CLIFTON BEVERAGES PRIVATE LIMITED,DIPP131916,RECOGNISED,U47222MH2023PTC401654,EarlyTraction,Nagpur,Maharashtra,Food & Beverages,Food Processing,www.cliftonbeverages.com,,,,OK
64414cf8e4b06b54e65788ed,BLUEROCK ASSETS PRIVATE LIMITED,DIPP131255,RECOGNISED,U67100MH2021PTC363024,Validation,Nagpur,Maharashtra,Healthcare & Lifesciences,Healthcare Services,www.bluerockassets.com,,,,OK
64411df1e4b00774939cb7a2,SHIVANKAR VENTURES LLP,DIPP130362,RECOGNISED,ACA-3213,Prototype,Nagpur,Maharashtra,Food & Beverages,Food Processing,,,,,OK
644109b0e4b00774939cad3f,AVYUKT CREATIONS PRIVATE LIMITED,DIPP133730,RECOGNISED,U20237MH2023PTC398791,Prototype,Nagpur,Maharashtra,Healthcare & Lifesciences,Healthcare Services,,,,,OK
643f97f6e4b00774939961b7,PROMEDIX PHARMACY PRIVATE LIMITED,DIPP130073,RECOGNISED,U24299MH2022PTC395525,Prototype,Nagpur,Maharashtra,Healthcare & Lifesciences,Pharmaceutical,,,,,OK
643f9573e4b00774939959ca,NMSD CONSULTANCY SERVICES LLP,DIPP131562,RECOGNISED,ACA-4913,Prototype,Nagpur,Maharashtra,Human Resources,Recruitment Jobs,,,,,OK
643f8db7e4b0077493993ce8,PRIME SERVICES PRIVATE LIMITED,DIPP130131,RECOGNISED,U74999MH2020PTC336694,Validation,Nagpur,Maharashtra,Finance Technology,Others,https://www.primeservicesindia.com/,,,,OK
643f8a01e4b0077493992edf,MUNESHWAR SEEDS PRIVATE LIMITED,DIPP130135,RECOGNISED,U01110MH2021PTC360330,Prototype,Nagpur,Maharashtra,Agriculture,Others,,,,,OK
643d0f55e4b06425b785ce3f,MOMO G FOODS PRIVATE LIMITED,DIPP130609,RECOGNISED,U56102MH2023PTC399257,Prototype,Nagpur,Maharashtra,Food & Beverages,Food Technology/Food Delivery,,,,,OK
6438f5fce4b0ce1b91dc6f35,GBJ BUZZ PRIVATE LIMITED,DIPP131081,RECOGNISED,U72900MH2022PTC395840,EarlyTraction,Nagpur,Maharashtra,IT Services,Others,https://gbjbuzz.com/,,,,OK
64365c7be4b00b51232c9b2d,AMRUT-LIFE INDIA PRIVATE LIMITED,DIPP130049,RECOGNISED,U52206MH2022PTC392764,Scaling,Nagpur,Maharashtra,Food & Beverages,Food Technology/Food Delivery,,,,,OK
6433bc19e4b0fa1bc7c80fd2,SAVVY LIFESCIENCES PRIVATE LIMITED,DIPP129048,RECOGNISED,U51909MH2023PTC397281,Validation,Nagpur,Maharashtra,Healthcare & Lifesciences,Pharmaceutical,,,,,OK
64316524e4b0e8a42abf30ef,ILLUSTECH INFOWAY PRIVATE LIMITED,DIPP132527,RECOGNISED,U72900MH2019PTC333323,Prototype,Nagpur,Maharashtra,Marketing,Digital Marketing (SEO Automation),,,,,OK
642fba0ee4b03b527129983f,HUMMER SOLUTIONS PRIVATE LIMITED,DIPP129632,RECOGNISED,U78300MH2023PTC398191,Prototype,Nagpur,Maharashtra,Human Resources,Recruitment Jobs,,,,,OK
642ebacfe4b03b5271295e26,KALAPENTRY DESIGN STUDIO LLP,DIPP128449,RECOGNISED,ABZ-2473,Validation,Nagpur,Maharashtra,Architecture Interior Design,Others,www.itsthegaragesale.com,,,,OK
642c0ba8e4b017331e5e2443,CASTING VECTORS LLP,DIPP130307,RECOGNISED,ACA-4010,Prototype,Nagpur,Maharashtra,AI,Others,https://www.linkedin.com/in/akshay-taiwade-95b96388,,,,OK
64285363e4b070b7ef2de873,RYEA INDUSTRIES PRIVATE LIMITED,DIPP128180,RECOGNISED,U15400MH2020PTC344567,EarlyTraction,Nagpur,Maharashtra,Agriculture,Others,www.ryeaindustries.com,,,,OK
64280593e4b070b7ef2ddfba,GRATIANA DIGITAL PRIVATE LIMITED,DIPP129730,RECOGNISED,U92490MH2022PTC394834,EarlyTraction,Nagpur,Maharashtra,Media & Entertainment,Digital Media,,,,,OK
6426a38ce4b070b7ef2d8a5e,MOTOFIX GARAGE SERVICES PRIVATE LIMITED,DIPP139331,RECOGNISED,U34300MH2023PTC397439,Prototype,Nagpur,Maharashtra,Automotive,Others,,,,,OK
64269d98e4b070b7ef2d8788,TRADEWISE INDIAN XPORTER PRIVATE LIMITED,DIPP128191,RECOGNISED,U52609MH2022PTC378551,EarlyTraction,Nagpur,Maharashtra,Transportation & Storage,Freight & Logistics Services,https://indianxporter.com/,,,,OK
64268e50e4b070b7ef2d800e,EATNU NUTRIGRAINS PRIVATE LIMITED,DIPP139596,RECOGNISED,U10797MH2023PTC399324,Prototype,Nagpur,Maharashtra,Food & Beverages,Food Processing,,,,,OK
64251134e4b070b7ef2cdcdd,GramIQ,DIPP158964,RECOGNISED,U62099MH2024PTC416747,EarlyTraction,Nagpur,Maharashtra,Agriculture,Agri-Tech,https://gramiq.ai/,,,,OK
6424155ae4b070b7ef2c9d40,SHANMUKH BUSINESS VENTURES PRIVATE LIMITED,DIPP127910,RECOGNISED,U92490MH2021PTC369481,Prototype,Nagpur,Maharashtra,Retail,Retail Technology,,,,,OK
6424015be4b070b7ef2c9558,SRISTA BIOTECH PRIVATE LIMITED,DIPP127929,RECOGNISED,U24304PN2022PTC215929,Prototype,Nagpur,Maharashtra,Healthcare & Lifesciences,Pharmaceutical,,,,,OK
6423d1e9e4b070b7ef2c81ec,LBSSOFTECH PRIVATE LIMITED,DIPP127954,RECOGNISED,U72900MH2022PTC395251,EarlyTraction,Nagpur,Maharashtra,IT Services,Web Development,https://websathi.in/,,,,OK
6423c2c0e4b070b7ef2c7b95,KANSHI INDUSTRIES (FUEL ETHANOL) PRIVATELIMITED,DIPP128503,RECOGNISED,U23200MH2022PTC390991,Validation,Nagpur,Maharashtra,Renewable Energy,Renewable Energy Solutions,,,,,OK
6422ccd7e4b070b7ef2c5d64,AGRILOGIQUE AGRI MANAGEMENT PRIVATE LIMITED,DIPP127814,RECOGNISED,U01110MH2023PTC397482,Validation,Nagpur,Maharashtra,Agriculture,Agri-Tech,www.agrilogique.in,,,,OK
64227763e4b070b7ef2c3b10,BOOTUPSPACE SOLUTIONS PRIVATE LIMITED,DIPP128252,RECOGNISED,U74999MH2022PTC385476,Prototype,Nagpur,Maharashtra,Transportation & Storage,Freight & Logistics Services,,,,,OK
641e9baae4b070b7ef2b5fb8,WELDTON ELECTRODES PRIVATE LIMITED,DIPP127600,RECOGNISED,U29308MH2023PTC396590,Prototype,Nagpur,Maharashtra,Technology Hardware,Manufacturing,,,,,OK
641dcdefe4b070b7ef2b2e6f,RIDAYAN CONSTRUCTIONS LLP,DIPP127417,RECOGNISED,ACA-1361,Prototype,Nagpur,Maharashtra,Construction,Construction & Engineering,https://ridayanconstructionsllp.co.in,,,,OK
641d9d3be4b070b7ef2b166c,GREAMIO TECHNOLOGIES PRIVATE LIMITED,DIPP127453,RECOGNISED,U72200MH2021PTC371988,Validation,Nagpur,Maharashtra,IT Services,IT Management,https://greamio.com/,,,,OK
641acb6ae4b070b7ef2a4ff1,DAIRYMANTRA PRIVATE LIMITED,DIPP127097,RECOGNISED,U72900MH2022PTC390839,Validation,Nagpur,Maharashtra,Agriculture,Dairy Farming,www.dairymantra.com,,,,OK
641a9a95e4b070b7ef2a3ffb,ACOTT INDUSTRIES PRIVATE LIMITED,DIPP127106,RECOGNISED,U17259MH2019PTC323036,Scaling,Nagpur,Maharashtra,Agriculture,Others,,,,,OK
641977cee4b070b7ef2a168a,JABS GLOBAL SOLUTION PRIVATE LIMITED,DIPP127740,RECOGNISED,U45309MH2021PTC363398,Prototype,Nagpur,Maharashtra,Professional & Commercial Services,Business Support Services,,,,,OK
6418618be4b070b7ef29e750,KHANIJZ TECHNOLOGIES PRIVATE LIMITED,DIPP126943,RECOGNISED,U72100MH2023PTC398135,Prototype,Nagpur,Maharashtra,IT Services,Others,www.khanijz.com,,,,OK
641858e9e4b070b7ef29e533,Sanav Holidays & Resorts LLP,DIPP126945,RECOGNISED,ABZ-7820,Validation,Nagpur,Maharashtra,Travel & Tourism,Hospitality,,,,,OK
6417fd4ee4b070b7ef29c0d9,UNICORR ENGINEERING SERVICES PRIVATE LIMITED,DIPP126979,RECOGNISED,U93090MH2019PTC324475,Prototype,Nagpur,Maharashtra,Non- Renewable Energy,Oil & Gas Transportation Services,,,,,OK
64156627e4b070b7ef29436e,SANTALUM AROMATIX PRIVATE LIMITED,DIPP127056,RECOGNISED,U01409MH2023PTC397697,Validation,Nagpur,Maharashtra,Agriculture,Others,,,,,OK
64155adee4b070b7ef293e24,AMNIE INDIA POWER PRIVATE LIMITED,DIPP127312,RECOGNISED,U35107MH2023PTC398643,EarlyTraction,Nagpur,Maharashtra,Renewable Energy,Renewable Solar Energy,,,,,OK
6415454fe4b070b7ef293403,KIRAN MOLECULAR AND PATHOLOGY LABORATORY,DIPP126707,RECOGNISED,NG000007557,Validation,Nagpur,Maharashtra,Healthcare & Lifesciences,Healthcare Services,,,,,OK
6411b444e4b070b7ef280be1,SIXTEEN BUILDCON PRIVATE LIMITED,DIPP126256,RECOGNISED,U45200MH2021PTC372645,Validation,Nagpur,Maharashtra,Construction,Construction & Engineering,,,,,OK
640edf0be4b05275a6b4e132,DITI AUTOMATION PRIVATE LIMITED,DIPP125951,RECOGNISED,U72900MH2022PTC393204,Validation,Nagpur,Maharashtra,Telecommunication & Networking,Integrated communication services,,,,,OK
640c6584e4b05275a6b420e3,CLEANLANE EQUIPMENTS AND SOLUTIONS PRIVATE LIMITED,DIPP133475,RECOGNISED,U29190MH2022PTC395682,Validation,Nagpur,Maharashtra,Waste Management,Others,www.cleanlaneequipments.com,,,,OK
640c5ba5e4b05275a6b3f8ff,SWAGSTAY PRIVATE LIMITED,DIPP128561,RECOGNISED,U55209MP2020PTC054071,Scaling,Nagpur,Maharashtra,Travel & Tourism,Hospitality,https://swagstay.com/,,,,OK
640c5917e4b05275a6b3f202,SUVAN DIAMONDS INDIA PRIVATE LIMITED,DIPP127389,RECOGNISED,U36999MH2023PTC397705,Validation,Nagpur,Maharashtra,Fashion,Jewellery,www.suvandiamond.com,,,,OK
6409b4f1e4b05275a6b34a8e,HABUILD HEALTHTECH PRIVATE LIMITED,DIPP125630,RECOGNISED,U85100MH2022PTC381385,EarlyTraction,Nagpur,Maharashtra,Healthcare & Lifesciences,Health & Wellness,www.habuild.in,,,,OK
64098d89e4b05275a6b33dec,BANSIWALE AGRICULTURE PRIVATE LIMITED,DIPP126497,RECOGNISED,U28212MH2023PTC398333,Validation,Nagpur,Maharashtra,Agriculture,Food Processing,,,,,OK
640961f3e4b05275a6b32e1f,RRJ CHARITABLE FOUNDATION,DIPP125584,RECOGNISED,U85300MH2022NPL381638,Validation,Nagpur,Maharashtra,Healthcare & Lifesciences,Healthcare Services,,,,,OK
64079083e4b05275a6b30256,AAARNA THERAPEUTICS PRIVATE LIMITED,DIPP137911,RECOGNISED,U24230MH2021PTC368585,Validation,Nagpur,Maharashtra,Biotechnology,Others,www.aaarna.com,,,,OK
64019b2ee4b05275a6b0d726,TECHLEELA SOLUTIONS PRIVATE LIMITED,DIPP125260,RECOGNISED,U72900MH2021PTC354883,Prototype,Nagpur,Maharashtra,IT Services,Web Development,www.techleela.com,,,,OK
63ff28bbe4b07770d05f14ce,URECRUIT PRIVATE LIMITED,DIPP125195,RECOGNISED,U80904MH2022PTC384347,EarlyTraction,Nagpur,Maharashtra,Human Resources,Recruitment Jobs,https://www.urecruit.biz/,,,,OK
63fdd3a1e4b07770d05c6e8f,AGRISEVA AGRO VENTURES PRIVATE LIMITED,DIPP124965,RECOGNISED,U01100MH2022PTC390394,Validation,Nagpur,Maharashtra,Agriculture,Agri-Tech,,,,,OK
63fdbc0fe4b07770d05c64f1,SVAGAM HOSPITALITY PRIVATE LIMITED,DIPP125351,RECOGNISED,U55209MH2019PTC328341,Prototype,Nagpur,Maharashtra,Travel & Tourism,Hospitality,,,,,OK
63fc48a8e4b0752eee0181e9,WORLDONE ENERGIES PRIVATE LIMITED,DIPP127998,RECOGNISED,U46909MH2021PTC368013,Scaling,Nagpur,Maharashtra,Renewable Energy,Renewable Solar Energy,www.worldoneenergies.com,,,,OK
63fb5484e4b0752eee0167d7,V.K. SERVICES INDIA PRIVATE LIMITED,DIPP125509,RECOGNISED,U46102MH2023PTC398292,Prototype,Nagpur,Maharashtra,Renewable Energy,Renewable Energy Solutions,,,,,OK
63f9bb9ae4b0752eee00cec1,SELF TECH SOLUTIONS PRIVATE LIMITED,DIPP124697,RECOGNISED,U72900MP2019PTC049443,Prototype,Nagpur,Maharashtra,IT Services,Application Development,https://selftech.in,,,,OK
63f99272e4b0752eee00a495,ASIVIR AGRO INDUSTRY PRIVATE LIMITED,DIPP124778,RECOGNISED,U01403MH2015PTC267606,Scaling,Nagpur,Maharashtra,Agriculture,Others,,,,,OK
63f4ea80e4b0752eedff9b90,GPAL INTERNATIONAL PRIVATE LIMITED,DIPP124679,RECOGNISED,U51909MH2022PTC394477,Prototype,Nagpur,Maharashtra,Agriculture,Agri-Tech,www.gpalinternatinal.com,,,,OK
63f4d552e4b0752eedff993f,3N SUPERMART PRIVATE LIMITED,DIPP123868,RECOGNISED,U15400MH2022PTC380465,Prototype,Nagpur,Maharashtra,Retail,Others,,,,,OK
63f2fabbe4b0e6f581beeb96,Chimborazo VENTURES LLP,DIPP124276,RECOGNISED,ABB-0023,Prototype,Nagpur,Maharashtra,Professional & Commercial Services,Others,,,,,OK
63ef5011e4b0e6f581be8955,Sanjivani Agro Machinery,DIPP124520,RECOGNISED,NG000005396,EarlyTraction,Nagpur,Maharashtra,Agriculture,Agri-Tech,www.sanjivanii.com,,,,OK
63edced2e4b0e6f581be4903,6 G Governance (India) Private Limited,DIPP123604,RECOGNISED,U45309MH2022PTC379210,Validation,Nagpur,Maharashtra,Human Resources,Recruitment Jobs,,,,,OK
63eb6068e4b082303da8dc3c,PETMARK MANUFACTURING AND SERVICES PRIVATE LIMITED,DIPP123413,RECOGNISED,U26990MH2022PTC394792,Prototype,Nagpur,Maharashtra,Pets & Animals,Others,https://trypetmark.web.app/,,,,OK
63eb1c0fe4b082303da8c4f2,MIBUSY TECHNOLOGY LLP,DIPP123334,RECOGNISED,ABZ-7771,Prototype,Nagpur,Maharashtra,IT Services,Product Development,,,,,OK
63de0bebe4b082303da6bf7b,Arthakaran Consulting Private Limited,DIPP123624,RECOGNISED,U74999MH2023PTC397312,Prototype,Nagpur,Maharashtra,Professional & Commercial Services,Business Support Services,,,,,OK
63d8c384e4b0d237b2578426,VANRAAG HEALTHCARE PRIVATE LIMITED,DIPP136357,RECOGNISED,U24100MH2022PTC376464,Prototype,Nagpur,Maharashtra,Healthcare & Lifesciences,Healthcare Services,,,,,OK
63d6bbc3e4b0d237b25730a8,Renoplast India Private Limited,DIPP122154,RECOGNISED,U25209PN2021PTC205384,Validation,Nagpur,Maharashtra,Construction,Construction & Engineering,NA,,,,OK
63d662d0e4b0d237b25727f6,RKPV SUPER STRUCTURES PRIVATE LIMITED,DIPP121315,RECOGNISED,U45309MH2022PTC378763,Prototype,Nagpur,Maharashtra,IT Services,IT Consulting,,,,,OK
63d507a0e4b0d237b2570bbc,M K PERUMAL GLOBAL BUSINESS CONSULTANT PRIVATE LIMITED,DIPP129437,RECOGNISED,U74999MH2022PTC390277,Validation,Nagpur,Maharashtra,Professional & Commercial Services,Business Support Services,https://perucabs.com,,,,OK
63d12db2e4b03b5f8b45e664,ARHANT MICRO-MECH ENGINEERING PRIVATE LIMITED,DIPP121047,RECOGNISED,U29100MH2020PTC345986,Prototype,Nagpur,Maharashtra,Professional & Commercial Services,Business Support Supplies,,,,,OK
63cbb3abe4b03b5f8b44b0f0,SAVITAR AUTOMOTIVE PRIVATE LIMITED,DIPP132724,RECOGNISED,U50400MH2022PTC375167,Prototype,Nagpur,Maharashtra,Automotive,Auto & Truck Manufacturers,http://bikeecg.com/,,,,OK
63c7a346e4b0a39b8f009ff4,RU INNOVATIONS PRIVATE LIMITED,DIPP125061,RECOGNISED,U74999MH2019PTC330825,Validation,Nagpur,Maharashtra,Professional & Commercial Services,Business Support Services,,,,,OK
63c51b6fe4b0a39b8f00101c,REJOINDER PRIVATE LIMITED,DIPP132993,RECOGNISED,U29309MH2022PTC395640,Prototype,Nagpur,Maharashtra,Others,Others,https://sites.google.com/view/rejoinder/home?pli=1,,,,OK
63c5018be4b0a39b8f000727,AEROVANIA PRIVATE LIMITED,DIPP120102,RECOGNISED,U74999MH2022PTC382122,Prototype,Nagpur,Maharashtra,Aeronautics Aerospace & Defence,Drones,N/A,,,,OK
63be8cfce4b08bd10c71fbc5,Asia Naturos Private Limited,DIPP119894,RECOGNISED,U15400MH2022PTC383803,Validation,Nagpur,Maharashtra,Agriculture,Others,,,,,OK
63bd3b59e4b08bd10c71b917,Ayuaahar Health Care Private Limited,DIPP119512,RECOGNISED,U24290MH2022PTC385103,Validation,Nagpur,Maharashtra,Healthcare & Lifesciences,Pharmaceutical,,,,,OK
63bcffebe4b08bd10c71a1d0,KAPISUT TEXTILES (OPC) PRIVATE LIMITED,DIPP119712,RECOGNISED,U17299MH2022OPC391435,Validation,Nagpur,Maharashtra,Textiles & Apparel,Apparel & Accessories,https://kapi.co.in/,,,,OK
63b8299ce4b08bd10c70ab3b,SMILEBIRD HEALTHCARE PRIVATE LIMITED,DIPP119734,RECOGNISED,U86201GJ2023PTC141866,EarlyTraction,Nagpur,Maharashtra,Healthcare & Lifesciences,Health & Wellness,www.smilebirddental.com,,,,OK
63b52d19e4b0efec669f80a4,Absp Biz & Wiz Private Limited,DIPP118996,RECOGNISED,U93010MH2021PTC367332,Scaling,Nagpur,Maharashtra,Human Resources,Recruitment Jobs,,,,,OK
63b2af80e4b0efec669ea8bb,LabTech Biosciences LLP,DIPP119783,RECOGNISED,ABB-8620,Validation,Nagpur,Maharashtra,Healthcare & Lifesciences,Medical Devices Biomedical,https://www.labtechbiosciences.com/,,,,OK
63affb24e4b0efec669e19c0,Micro In It Solution & Advance Technologies Private Limited,DIPP121138,RECOGNISED,U72900MH2015PTC265452,Prototype,Nagpur,Maharashtra,Green Technology,Clean Tech,,,,,OK
63ae968be4b0efec669db949,XZENT SOLUTIONS PRIVATE LIMITED,DIPP144834,RECOGNISED,U62099MH2023PTC409457,Prototype,Nagpur,Maharashtra,Finance Technology,Trading,plankvision.com,,,,OK
63a3ec34e4b0fcfedea4fad4,Unr Engineering Technologies Private Limited,DIPP118112,RECOGNISED,U45400MH2022PTC395122,Prototype,Nagpur,Maharashtra,Construction,Construction & Engineering,,,,,OK
63a1fdcfe4b0fcfedea40c1c,Xpand Life Private Limited,DIPP123100,RECOGNISED,U15205MH2022PTC395259,Validation,Nagpur,Maharashtra,Food & Beverages,Food Processing,www.licksters.com,,,,OK
63a015f2e4b0e7b413b0f416,Tnv Cargo Management Services Private Limited,DIPP119056,RECOGNISED,U60221MH2022PTC384757,Prototype,Nagpur,Maharashtra,Transportation & Storage,Freight & Logistics Services,,,,,OK
639da815e4b0e7b413b05ae9,BS 2 SOLUTIONS PRIVATE LIMITED,DIPP136351,RECOGNISED,U74999MH2021PTC353462,Prototype,Nagpur,Maharashtra,Advertising,AdTech,,,,,OK
639c4aa9e4b0e7b413afe4ed,Vikramaaditya Vc Private Limited,DIPP118419,RECOGNISED,U85300MH2022PTC391655,Prototype,Nagpur,Maharashtra,Healthcare & Lifesciences,Healthcare Services,Vikramaaditya.com,,,,OK
639b0d02e4b018c322adcb29,Aicd Infra Decor Llp,DIPP117657,RECOGNISED,AAR-0750,Prototype,Nagpur,Maharashtra,Construction,Others,https://buildanyhomes.com/,,,,OK
639b0967e4b018c322adc93e,Wena Bio Science Private Limited,DIPP117205,RECOGNISED,U01100MH2021PTC366944,Validation,Nagpur,Maharashtra,Agriculture,Others,,,,,OK
6398c444e4b018c322ad19dc,VIRK SURLAKH VENTURES LLP,DIPP119732,RECOGNISED,ABZ-6293,Prototype,Nagpur,Maharashtra,Others,Others,,,,,OK
63971368e4b018c322acb82d,FINDINGPI PRIVATE LIMITED,DIPP117047,RECOGNISED,U72900MH2022PTC374580,Prototype,Nagpur,Maharashtra,IT Services,IT Consulting,https://www.findingpi.com/,,,,OK
6396d1bee4b018c322ac98ec,Accurate Mega Structures Private Limited,DIPP116967,RECOGNISED,U74999MH2022PTC379917,Prototype,Nagpur,Maharashtra,Construction,New-age Construction Technologies,,,,,OK
63945cd9e4b018c322abde27,Vyuh Associates Private Limited,DIPP117355,RECOGNISED,U74999MH2022PTC376876,Prototype,Nagpur,Maharashtra,Human Resources,Others,https://www.vyuhjobs.com/,,,,OK
639426dbe4b018c322abc57f,Optimum Multiservices Private Limited,DIPP116813,RECOGNISED,U74999MH2021PTC367491,Validation,Nagpur,Maharashtra,Human Resources,Others,,,,,OK
638ae559e4b0823353406c50,Winvestors Consultants Private Limited,DIPP116503,RECOGNISED,U74999MH2021PTC367938,Validation,Nagpur,Maharashtra,Finance Technology,Advisory,,,,,OK
6388c4f7e4b0ef90a8911a6c,Aicd Infraventure Private Limited,DIPP116860,RECOGNISED,U45201MH2018PTC317665,Validation,Nagpur,Maharashtra,Real Estate,Others,,,,,OK
6388a8e7e4b0ef90a8910af1,PERRIDOTTVENTURES PRIVATE LIMITED,DIPP149871,RECOGNISED,U20299MH2022PTC394378,Prototype,Nagpur,Maharashtra,Green Technology,Waste Management,,,,,OK
6388255fe4b0ef90a890a834,Zing Softwares Private Limited,DIPP115922,RECOGNISED,U72900MH2021PTC361721,Validation,Nagpur,Maharashtra,IT Services,Product Development,,,,,OK
63875eace4b0e15bb42395f1,SIMPLYDESI VENTURES PRIVATE LIMITED,DIPP115779,RECOGNISED,U74999MH2019PTC328297,Validation,Nagpur,Maharashtra,Social Network,Others,https://simplydesi.in/,,,,OK
63872acee4b0beee02504bf2,Kraya Concepts Private Limited,DIPP116182,RECOGNISED,U72900MH2022PTC392229,Validation,Nagpur,Maharashtra,Enterprise Software,Cloud,www.kraya.co,,,,OK
63863a25e4b0f9d1767d01d4,Matchedmee Enterprises Private Limited,DIPP122048,RECOGNISED,U18101MH2023PTC396877,Prototype,Nagpur,Maharashtra,Fashion,Apparel, http://www.matchedmee.com,,,,OK
6385cb2be4b0f9d1767cc8a4,121 Media And Music Private Limited,DIPP115600,RECOGNISED,U92490MH2022PTC391923,Validation,Nagpur,Maharashtra,Media & Entertainment,Entertainment,,,,,OK
63822744e4b0bd09c7fcbbf3,Savycode Private Limited,DIPP117881,RECOGNISED,U72900MH2021PTC357707,Validation,Nagpur,Maharashtra,Healthcare & Lifesciences,Healthcare IT,https://www.babyverse.app/,,,,OK
637e656ce4b08c473d368c40,GAUHARSH VENTURES LLP,DIPP116247,RECOGNISED,ABB-0198,Prototype,Nagpur,Maharashtra,Construction,Construction & Engineering,,,,,OK
637b38a6e4b027ddb8e69a4c,Vaidhai Engineering (Opc) Private Limited,DIPP116044,RECOGNISED,U45309PN2022OPC216136,Prototype,Nagpur,Maharashtra,Construction,Construction & Engineering,,,,,OK
637b0f02e4b027ddb8e68433,Azlogics Private Limited,DIPP115210,RECOGNISED,U72900MH2021PTC362851,Validation,Nagpur,Maharashtra,IT Services,Product Development,https://www.rpacpc.com/,,,,OK
637b0846e4b027ddb8e68119,Nayra Farmer Producer Company Limited,DIPP115213,RECOGNISED,U01100MH2022PTC374446,Prototype,Nagpur,Maharashtra,Renewable Energy,Renewable Energy Solutions,,,,,OK
6379eb67e4b027ddb8e63424,Ingenuitive Private Limited,DIPP122306,RECOGNISED,U31904MH2022PTC395721,Validation,Nagpur,Maharashtra,Technology Hardware,Electronics,aac.ingenuitive.cc,,,,OK
6378b39ae4b027ddb8e5b143,CYBERCORE DIGITAL PRIVATE LIMITED,DIPP145688,RECOGNISED,U72900MH2022PTC392018,Validation,Nagpur,Maharashtra,IT Services,Product Development,www.cybercore.in,,,,OK
6378a4cfe4b027ddb8e5a742,Founders Innovation Private Limited,DIPP119858,RECOGNISED,U74110MH2021PTC369730,EarlyTraction,Nagpur,Maharashtra,IT Services,Web Development,https://iwearwhoopee.com/,,,,OK
637892a1e4b027ddb8e59816,Mandarin Semiconductors Private Limited,DIPP115461,RECOGNISED,U32109MH2022PTC383145,Validation,Nagpur,Maharashtra,Technology Hardware,Semiconductor,www.mandarinsemiconductors.com,,,,OK
6375b9f5e4b07b9d66d9f22c,Mauli Agro Chemical Private Limited,DIPP117402,RECOGNISED,U24299MH2022PTC391134,Prototype,Nagpur,Maharashtra,Chemicals,Agricultural Chemicals,,,,,OK
6374df23e4b07b9d66d9cecf,Pertinent Healthcare Business Solutions Private Limited,DIPP114834,RECOGNISED,U74999MH2020PTC344991,Validation,Nagpur,Maharashtra,IT Services,BPO,http://www.pertinenthbs.com/,,,,OK
63725786e4b0fed7e1005125,Shrisons Revival Private Limited,DIPP115163,RECOGNISED,U93090MH2017PTC293563,EarlyTraction,Nagpur,Maharashtra,Others,Others,,,,,OK
6371d5dfe4b0a5c9c6d9f41b,AVISA MOBILITY PRIVATE LIMITED,DIPP140149,RECOGNISED,U72900MH2022PTC392120,Validation,Nagpur,Maharashtra,Transportation & Storage,Passenger Transportation Services,,,,,OK
636bcd03e4b0561227f0cd63,Medyard Trexim Private Limited,DIPP114256,RECOGNISED,U51909MH2022PTC390389,Prototype,Nagpur,Maharashtra,Marketing,Sales,www.medyardtrexim.com,,,,OK
636b831de4b0561227f080c6,Gene Log Private Limited,DIPP114179,RECOGNISED,U72900MH2022PTC380788,Validation,Nagpur,Maharashtra,Social Network,Others,https://genelog.in/,,,,OK
63675b5ce4b0995681990348,Idt Innovation Technologies Private Limited,DIPP114528,RECOGNISED,U72900MH2022PTC392797,Validation,Nagpur,Maharashtra,Internet of Things,Manufacturing & Warehouse,www.senselive.in,,,,OK
6364e0f0e4b09956819838a1,Bintybyte Technologies Private Limited,DIPP114723,RECOGNISED,U72900PN2022PTC211162,EarlyTraction,Nagpur,Maharashtra,IT Services,IT Consulting,https://bintybyte.com/,,,,OK
63615343e4b061300b76eb4b,Allindian It Services Llp,DIPP115514,RECOGNISED,AAN-1384,Scaling,Nagpur,Maharashtra,IT Services,IT Consulting,allindianitservices.com,,,,OK
636125e0e4b061300b76d6d6,Creata Trexim Private Limited,DIPP114659,RECOGNISED,U36999MH2022PTC382298,Validation,Nagpur,Maharashtra,Art & Photography,Art,http://www.creatapoojaghar.com,,,,OK
635f78c4e4b0b1286bbea430,Kshanan Ayurveda (Opc) Private Limited,DIPP113389,RECOGNISED,U51909MH2022OPC391564,Prototype,Nagpur,Maharashtra,House-Hold Services,Personal Care,,,,,OK
635bb5abe4b0d54a1df34d56,Plastroots Waste Management &amp; Solutions Private Limited,DIPP113836,RECOGNISED,U37200MH2022PTC386705,EarlyTraction,Nagpur,Maharashtra,Waste Management,Others,https://plastroots.com/,,,,OK
635bb115e4b0d54a1df34b93,Team 11 Agro Industries Private Limited,DIPP118147,RECOGNISED,U01111MH2020PTC344913,Prototype,Nagpur,Maharashtra,Agriculture,Organic Agriculture,,,,,OK
6353a564e4b0d54a1df15cc5,Be Rich Multitrade Solutions India Private Limited,DIPP112850,RECOGNISED,U52100MH2022PTC379867,Validation,Nagpur,Maharashtra,Healthcare & Lifesciences,Health & Wellness,,,,,OK
63538937e4b0d54a1df1543f,Wheezine Technologies Private Limited,DIPP119618,RECOGNISED,U72900MH2022PTC392008,Prototype,Nagpur,Maharashtra,AI,Machine Learning,,,,,OK
635379ede4b0d54a1df14f07,Curlys Music Academy (Opc) Private Limited,DIPP112860,RECOGNISED,U80902MH2022OPC391054,Prototype,Nagpur,Maharashtra,Education,Skill Development,,,,,OK
6350eb5fe4b0d54a1df04ac9,BIOEXCEL LIFESCIENCES AND RESEARCH LLP,DIPP141787,RECOGNISED,ABB-1229,Validation,Nagpur,Maharashtra,Healthcare & Lifesciences,Medical Devices Biomedical,www.bioexcelife.com,,,,OK
634fa9c5e4b0d54a1defdf69,Razor Fence Private Limited,DIPP112568,RECOGNISED,U28999MH2022PTC389920,Prototype,Nagpur,Maharashtra,Others,Others,,,,,OK
634e7aa9e4b0d54a1def9e8b,Ek Katha Clothing Private Limited,DIPP112414,RECOGNISED,U18101MH2022PTC390214,EarlyTraction,Nagpur,Maharashtra,Fashion,Apparel,https://ekkathaclothing.com/,,,,OK
634d0248e4b0d54a1def3936,Vedyug E Learning Private Limited,DIPP115908,RECOGNISED,U80902MH2022PTC385179,Prototype,Nagpur,Maharashtra,Education,Coaching,,,,,OK
63469a2ce4b0e5fd4de47308,Shopcard Business Promotion Private Limited,DIPP113255,RECOGNISED,U74999PN2022PTC213407,Prototype,Nagpur,Maharashtra,IT Services,Web Development,ShopCardd.com,,,,OK
634433eae4b008faa7cf2d9e,SHREE CARGO AND COURIER SERVICES LLP,DIPP124473,RECOGNISED,ABB-6897,Prototype,Nagpur,Maharashtra,Logistics,Others,,,,,OK
63441a55e4b008faa7cf2575,Mahajanex Logihub Private Limited,DIPP112755,RECOGNISED,U60220MH2020PTC349171,Validation,Nagpur,Maharashtra,Logistics,Others,,,,,OK
6342f75ee4b0124577748c28,Ossr Infotech Private Limited,DIPP111943,RECOGNISED,U72900MH2022PTC387329,Validation,Nagpur,Maharashtra,IT Services,Others,,,,,OK
633e4ff1e4b0feee6e0c2e43,Rikkeys Agrotech India Private Limited,DIPP111529,RECOGNISED,U01111MH2022PTC390736,Validation,Nagpur,Maharashtra,Agriculture,Agri-Tech,,,,,OK
633c3712e4b0feee6e0b8768,MES-ONS INDIA PRIVATE LIMITED,DIPP144693,RECOGNISED,U28999MH2022PTC385018,Scaling,Nagpur,Maharashtra,Renewable Energy,Manufacture of Electrical Equipment,www.mesonswires.com,,,,OK
633beb05e4b08b5405479fdc,PLANTITUDE ESSENTIALS PRIVATE LIMITED,DIPP133726,RECOGNISED,U17299MH2022PTC389806,Validation,Nagpur,Maharashtra,Agriculture,Agri-Tech,,,,,OK
63343f3ce4b05abb3a13003b,Nagpur System India Private Limited,DIPP112334,RECOGNISED,U51909MH2021PTC368204,Validation,Nagpur,Maharashtra,Computer Vision,Others,,,,,OK
632eb543e4b04d457fb173d3,Vena Crop Protection Technologies Private Limited,DIPP113449,RECOGNISED,U01100MH2022PTC375837,Prototype,Nagpur,Maharashtra,Agriculture,Agri-Tech,,,,,OK
632d4cd9e4b0eac4b9733205,Ecotrinity Automobiles Private Limited,DIPP110836,RECOGNISED,U34300MH2021PTC372564,Validation,Nagpur,Maharashtra,Automotive,Electric Vehicles,https://trinitymotorz.com/,,,,OK
632c96ece4b0eac4b972f411,Aabhir Wasnik Builders Private Limited,DIPP110383,RECOGNISED,U45309MH2022PTC382861,Validation,Nagpur,Maharashtra,Construction,Homebuilding,,,,,OK
632c3166e4b0dd073da576b6,Incredible Agroneers Private Limited,DIPP110399,RECOGNISED,U01409MH2022PTC389071,Prototype,Nagpur,Maharashtra,Agriculture,Agri-Tech,,,,,OK
632c181be4b0dd073da56b92,Pristine Sustainable Solutions Private Limited,DIPP114363,RECOGNISED,U41000MH2022PTC389981,EarlyTraction,Nagpur,Maharashtra,Green Technology,Clean Tech,,,,,OK
632ad5efe4b045893f46b20e,D-SQUARED CONSILIUM PRIVATE LIMITED,DIPP110622,RECOGNISED,U74999MH2022PTC386052,Validation,Nagpur,Maharashtra,Human Resources,Skills Assessment,,,,,OK
6327fb06e4b0d88c5e43c4e2,Shrikant Nanomaterials Research Private Limited,DIPP118933,RECOGNISED,U73100MH2022PTC395869,Prototype,Nagpur,Maharashtra,Nanotechnology,Others,,,,,OK
632562dee4b098e7a2c71a26,Anding Technology Private Limited,DIPP116077,RECOGNISED,U72900MH2022PTC375880,Prototype,Nagpur,Maharashtra,IT Services,Application Development,https://adatritech.com/,,,,OK
6321d10fe4b03afafff15590,Finasyst Tech Private Limited,DIPP110986,RECOGNISED,U72900MH2022PTC389728,Validation,Nagpur,Maharashtra,Agriculture,Agri-Tech,www.finasyst.in,,,,OK
63200df3e4b071ab1c891888,olfamach engineering solutions pvt ltd,DIPP110728,RECOGNISED,U33301MH2020PTC337398,Validation,Nagpur,Maharashtra,Technology Hardware,Embedded,https://www.olfamach.com/,,,,OK
631c19d5e4b0f754dac9a55d,AAYUDEEP INDUSTRIES LLP,DIPP109839,RECOGNISED,AAX-9279,Validation,Nagpur,Maharashtra,Healthcare & Lifesciences,Healthcare Services,,,,,OK
6311c476e4b02cd717044df4,AAROGYAM THE WELLNESS STORE PRIVATE LIMITED,DIPP109421,RECOGNISED,U51909MH2021PTC353463,Validation,Nagpur,Maharashtra,Healthcare & Lifesciences,Health & Wellness,,,,,OK
6311ab22e4b02cd71704438d,SHREE HR ASSOCIATES PRIVATE LIMITED,DIPP108983,RECOGNISED,U74910MH2020PTC341250,Validation,Nagpur,Maharashtra,Human Resources,Others,,,,,OK
630ddfdae4b02cd7170301ae,KANZEN DEFENCE AND INNOVATION PRIVATE LIMITED,DIPP134251,RECOGNISED,U31900MH2022PTC377309,Prototype,Nagpur,Maharashtra,Aeronautics Aerospace & Defence,Defence Equipment,,,,,OK
6308d9c5e4b080c62a87485c,BHOOMIDA PRIVATE LIMITED,DIPP109263,RECOGNISED,U72900MH2021PTC372154,Prototype,Nagpur,Maharashtra,Retail,Retail Technology,,,,,OK
63087fb0e4b080c62a872731,Groupon Oil Industries Private Limited,DIPP112696,RECOGNISED,U37100MH2022PTC389251,Prototype,Nagpur,Maharashtra,Waste Management,Others,,,,,OK
63061b9ee4b080c62a867192,Corplings Services Private Limited,DIPP112007,RECOGNISED,U74999MH2022PTC388860,Prototype,Nagpur,Maharashtra,Professional & Commercial Services,Business Support Services,,,,,OK
6304b171e4b080c62a85c95a,ROTIKART PRIVATE LIMITED,DIPP108855,RECOGNISED,U55101MH2021PTC372632,Prototype,Nagpur,Maharashtra,Events,Event Management,,,,,OK
63048c83e4b080c62a85acd0,DIODE INFRA PRIVATE LIMITED,DIPP108418,RECOGNISED,U64203MH2020PTC343913,Prototype,Nagpur,Maharashtra,Telecommunication & Networking,Network Technology Solutions,,,,,OK
63048912e4b080c62a85ab82,ZERODRAG TECHNOLOGIES PRIVATE LIMITED,DIPP108574,RECOGNISED,U29100MH2022PTC388953,EarlyTraction,Nagpur,Maharashtra,Aeronautics Aerospace & Defence,Drones,www.zerodrag.in,,,,OK
63036e7ce4b080c62a854cbf,SAVITAR ADVERTISEMENTS PRIVATE LIMITED,DIPP108972,RECOGNISED,U74999MH2021PTC356574,Prototype,Nagpur,Maharashtra,Advertising,Online Classified,,,,,OK
62ff79d7e4b0da9c23ed83ad,Cerebellum Life Sciences Private Limited,DIPP109306,RECOGNISED,U24230MH2021PTC364535,Prototype,Nagpur,Maharashtra,Healthcare & Lifesciences,Pharmaceutical,,,,,OK
62ff0f6ce4b0da9c23ed4f87,Sts360 Support Private Limited,DIPP108628,RECOGNISED,U72900MH2022PTC387852,Scaling,Nagpur,Maharashtra,IT Services,BPO,www.STS360 support.in,,,,OK
62fe1a96e4b0da9c23ecf94f,NUTRIMADE DEVELOPERS PRIVATE LIMITED,DIPP108151,RECOGNISED,U01100MH2021PTC353413,Validation,Nagpur,Maharashtra,Food & Beverages,Others,,,,,OK
62fced5ae4b0da9c23ec775a,Kanri Solutions Private Limited,DIPP110005,RECOGNISED,U74999MH2022PTC385044,Validation,Nagpur,Maharashtra,Enterprise Software,Collaboration,https://kanriai.com/,,,,OK
62fb742be4b0f8dc70b2f8c8,PADMSHALI REALTY SERVICES LLP,DIPP109584,RECOGNISED,ABB-6441,Prototype,Nagpur,Maharashtra,Construction,Construction & Engineering,,,,,OK
62f8b864e4b02524d81cc680,Raminco Plastechnic Private Limited,DIPP110860,RECOGNISED,U74999MH2016PTC284260,EarlyTraction,Nagpur,Maharashtra,Food & Beverages,Others,,,,,OK
62f77555e4b02524d81c5762,ARSEM ENTERPRISE INDIA PRIVATE LIMITED,DIPP107654,RECOGNISED,U74999MH2021PTC356167,Validation,Nagpur,Maharashtra,Waste Management,Others,,,,,OK
62f53411e4b02524d81ba4c9,EDUFARM AGROTECH PRIVATE LIMITED,DIPP107730,RECOGNISED,U80302MH2021PTC369650,Prototype,Nagpur,Maharashtra,Agriculture,Agri-Tech,,,,,OK
62f4f229e4b02524d81b94f3,EXPEDIAN BUILTDESIGN PRIVATE LIMITED,DIPP108073,RECOGNISED,U74999MH2022PTC388352,Scaling,Nagpur,Maharashtra,Architecture Interior Design,Others,https://builtdesign.in/,,,,OK
62f0f1e7e4b02524d81a7357,Hinac Logistics And Ventures Private Limited,DIPP107867,RECOGNISED,U60221MH2021PTC369384,Validation,Nagpur,Maharashtra,Transportation & Storage,Freight & Logistics Services,,,,,OK
62f0ec05e4b02524d81a6f2b,Amplecare Remedies Private Limited,DIPP116025,RECOGNISED,U51909PN2021PTC203182,EarlyTraction,Nagpur,Maharashtra,Healthcare & Lifesciences,Pharmaceutical,www.amplecareremedies.com,,,,OK
62ed0063e4b02524d8193858,Foto Chem Tech Private Limited,DIPP107908,RECOGNISED,U24290MH2021PTC373860,Prototype,Nagpur,Maharashtra,Renewable Energy,Others,,,,,OK
62ecf924e4b02524d81934d7,PICONTEXT TECHNOLOGY PRIVATE LIMITED,DIPP130048,RECOGNISED,U74999MH2016PTC287340,Scaling,Nagpur,Maharashtra,Construction,Construction & Engineering,https://picontexttechnologyprivatelimited.nowfloats.com.,,,,OK
62ecf0fee4b02524d8192ff0,Agrihealth Care Private Limited,DIPP106895,RECOGNISED,U24230MH2022PTC381261,Prototype,Nagpur,Maharashtra,Chemicals,Agricultural Chemicals,,,,,OK
62ecd177e4b02524d81921c0,Happico Foods Private Limited,DIPP110085,RECOGNISED,U15400MH2022PTC386840,EarlyTraction,Nagpur,Maharashtra,Food & Beverages,Food Processing,www.myhappico.com,,,,OK
62ec999be4b02524d81908d4,NENIPRRA PRIVATE LIMITED,DIPP109215,RECOGNISED,U15490MH2022PTC385190,Prototype,Nagpur,Maharashtra,Food & Beverages,Food Processing,neniprra.com,,,,OK
62eb624ae4b02524d818c0b4,Taigen Consulting Llp,DIPP106609,RECOGNISED,ABA-1599,Prototype,Nagpur,Maharashtra,IT Services,IT Consulting,www.taigen.in,,,,OK
62e781f0e4b02524d8175ca1,HRIG AQUA PRIVATE LIMITED,DIPP106179,RECOGNISED,U15543MH2021PTC370142,Prototype,Nagpur,Maharashtra,Technology Hardware,Manufacturing,,,,,OK
62e76927e4b02524d8174040,Circlay Enterprises (Opc) Private Limited,DIPP107218,RECOGNISED,U26920PN2020OPC193704,EarlyTraction,Nagpur,Maharashtra,Green Technology,Waste Management,,,,,OK
62e7600ee4b02524d81736e4,TANSAI GREEN PRIVATE LIMITED,DIPP107152,RECOGNISED,U25209PN2022PTC209753,Validation,Nagpur,Maharashtra,Waste Management,Others,,,,,OK
62e758a3e4b02524d8173264,Teamob Solutions Private Limited,DIPP123322,RECOGNISED,U72900MH2017PTC291758,Scaling,Nagpur,Maharashtra,IT Services,IT Consulting,https://www.teamob.co.in,,,,OK
62e38d07e4b02524d815f4aa,Aspoly Products Private Limited,DIPP106891,RECOGNISED,U25209MH2022PTC383032,Validation,Nagpur,Maharashtra,Professional & Commercial Services,Business Support Services,,,,,OK
62e28b05e4b02524d815b3d0,Aarush Goc Private Limited,DIPP108319,RECOGNISED,U72900MH2020PTC336604,EarlyTraction,Nagpur,Maharashtra,IT Services,BPO,,,,,OK
62e23a83e4b02524d815826e,Guardinger Technologies (Opc) Private Limited,DIPP106297,RECOGNISED,U72900MH2022OPC387660,Prototype,Nagpur,Maharashtra,AI,Machine Learning,,,,,OK
62dbc014e4b05e317519d400,KREAMAS ENERGY AND MULTI AGRO SOLUTION INDUSTRY PRIVATE LIMITED,DIPP106401,RECOGNISED,U01100MH2022PTC386801,Prototype,Nagpur,Maharashtra,Agriculture,Agri-Tech,,,,,OK
62db9105e4b05e317519b221,Iwm Cyber Sec Private Limited,DIPP107861,RECOGNISED,U72900MH2021PTC359977,EarlyTraction,Nagpur,Maharashtra,Enterprise Software,Others,www.iwmcybersec.com,,,,OK
62db8687e4b05e317519ac42,Sonexa Innovations Private Limited,DIPP106460,RECOGNISED,U29308MH2022PTC386863,EarlyTraction,Nagpur,Maharashtra,Green Technology,Clean Tech,www.galon.in,,,,OK
62d82404e4b0840fb6bd6c9c,YUVATRENZ MARKETING PRIVATE LIMITED,DIPP139730,RECOGNISED,U18109MH2021PTC371708,EarlyTraction,Nagpur,Maharashtra,Textiles & Apparel,Apparel & Accessories,https://yuvatm.com,,,,OK
62d6838ee4b0756f41449777,PRATIGRHAM SPORTS FOR ALL (OPC) PRIVATE LIMITED,DIPP129558,RECOGNISED,U74999MH2018OPC305722,Scaling,Nagpur,Maharashtra,Sports,Sports Promotion and Networking,https://www.pratigrham.com/,,,,OK
62d67834e4b0756f41448a98,SPACE CRAFTER INFRASTRUCTURE PRIVATE LIMITED,DIPP106441,RECOGNISED,U45201MH2022PTC382983,Prototype,Nagpur,Maharashtra,Construction,Construction & Engineering,,,,,OK
62ceba93e4b037fe2c1018f8,Navitus Chemicals Private Limited,DIPP106833,RECOGNISED,U24290MH2019PTC319422,Validation,Nagpur,Maharashtra,Healthcare & Lifesciences,Pharmaceutical,,,,,OK
62cd455fe4b0d06e97b3d41e,SUNISH PROJECTS PRIVATE LIMITED,DIPP106317,RECOGNISED,U70109MH2019PTC327268,Scaling,Nagpur,Maharashtra,Construction,Construction & Engineering,,,,,OK
62cc50cbe4b0d06e97b36e7a,Vidharbha Agro Engineering Solutions Private Limited,DIPP106918,RECOGNISED,U29100MH2021PTC354190,Validation,Nagpur,Maharashtra,Agriculture,Others,www.yantrashakti.in,,,,OK
62c8ffc1e4b044b3e5576b45,VISHWAMANTRA PRIVATE LIMITED,DIPP105459,RECOGNISED,U01110MH2020PTC345079,Validation,Nagpur,Maharashtra,Professional & Commercial Services,Business Support Services,,,,,OK
62c5c992e4b07b2cdee43e65,VARDHISHNU AGROPRODUCTS PRIVATE LIMITED,DIPP105166,RECOGNISED,U01110MH2022PTC375720,Validation,Nagpur,Maharashtra,Agriculture,Agri-Tech,Vardhishnuagro.in,,,,OK
62c56467e4b07b2cdee4180e,Mcpmurli International Private Limited,DIPP116324,RECOGNISED,U45209MH2020PTC340356,Prototype,Nagpur,Maharashtra,Construction,Construction & Engineering,,,,,OK
62c542a0e4b07b2cdee3f6af,SIDHESHWAR RMC INDIA PRIVATE LIMITED,DIPP104810,RECOGNISED,U26999MH2021PTC357841,Prototype,Nagpur,Maharashtra,Technology Hardware,Manufacturing,,,,,OK
62c4137de4b07b2cdee35553,AMA VENTURES LLP,DIPP108737,RECOGNISED,ABB-4907,Prototype,Nagpur,Maharashtra,Automotive,Electric Vehicles,lightningz.in,,,,OK
62c2b74ee4b07b2cdee2b8fd,Spectre Ink Advisory (Opc) Private Limited,DIPP107618,RECOGNISED,U72900MH2022OPC385708,Prototype,Nagpur,Maharashtra,IT Services,IT Consulting,,,,,OK
62c2a666e4b07b2cdee2ad77,KANAI SMART SYSTEMS PRIVATE LIMITED,DIPP107178,RECOGNISED,U72900MH2021PTC353312,Validation,Nagpur,Maharashtra,IT Services,Application Development,https://kanaisys.com,,,,OK
62c28e21e4b07b2cdee29cf4,Altafuel Private Limited,DIPP113104,RECOGNISED,U37100MH2020PTC349967,Prototype,Nagpur,Maharashtra,Renewable Energy,Renewable Energy Solutions,,,,,OK
62bff0d3e4b07b2cdee09942,Yorever Technovations Private Limited,DIPP121297,RECOGNISED,U52100MH2022PTC385874,Validation,Nagpur,Maharashtra,Chemicals,Others,https://yorever.com,,,,OK
62bfe66ce4b07b2cdee08ec6,S S CONSTRUCTION & SUPPLIERS PRIVATE LIMITED,DIPP104536,RECOGNISED,U45203MH2020PTC348254,Validation,Nagpur,Maharashtra,Construction,Construction & Engineering,,,,,OK
62bf1cb5e4b07b2cdee0379c,TULJAI INTERLINK PRIVATE LIMITED,DIPP138639,RECOGNISED,U51909MH2022PTC383930,Prototype,Nagpur,Maharashtra,Marketing,Sales,,,,,OK
62be78b2e4b07b2cdedf7b0f,SHREE OM SAI CONSTRUCTION NITISHKA PRIVATE LIMITED,DIPP104642,RECOGNISED,U45203MH2020PTC336372,Validation,Nagpur,Maharashtra,Construction,Construction & Engineering,,,,,OK
62b9922ee4b07b2cdedca989,DRONA WELL PLAYED SPORTS PRIVATE LIMITED,DIPP107338,RECOGNISED,U92410MH2022PTC387015,Validation,Nagpur,Maharashtra,Sports,Sports Promotion and Networking,,,,,OK
62b97a0ce4b07b2cdedc9390,POWERSOFT INFOTECH SOLUTIONS (OPC) PRIVATE LIMITED,DIPP105025,RECOGNISED,U72900MH2021OPC357533,Validation,Nagpur,Maharashtra,Security Solutions,Cyber Security,,,,,OK
62b1a19fe4b07b2cded94e88,DARZICAL TAILORING SERVICES PRIVATE LIMITED,DIPP105361,RECOGNISED,U18109MH2022PTC385034,Prototype,Nagpur,Maharashtra,Textiles & Apparel,Others,,,,,OK
62a9b4abe4b07b2cded57266,URBAN FOODTECH PRIVATE LIMITED,DIPP103299,RECOGNISED,U15490MH2020PTC350990,Validation,Nagpur,Maharashtra,Food & Beverages,Food Technology/Food Delivery,,,,,OK
62a86b84e4b0a0b714117eb5,PARMATMA EK VIVAH MANDAL (OPC) PRIVATE LIMITED,DIPP104055,RECOGNISED,U93090MH2022OPC378292,Prototype,Nagpur,Maharashtra,Dating Matrimonial,Others,,,,,OK
62a6d3f2e4b0a0b71410fe3c,PRIMEVEST WEALTH PRIVATE LIMITED,DIPP103567,RECOGNISED,U65999MH2022PTC383046,Validation,Nagpur,Maharashtra,Finance Technology,Advisory,https://www.primevestwealth.in/,,,,OK
62a5a4efe4b0a0b71410b5c1,NETPRET SOLUTIONS PRIVATE LIMITED,DIPP130569,RECOGNISED,U72300MH2015PTC267831,Prototype,Nagpur,Maharashtra,Telecommunication & Networking,Integrated communication services,http://www.netpret.in,,,,OK
62a30160e4b0520246bf7176,Flying Hippo Media Private Limited,DIPP116371,RECOGNISED,U74999MH2020PTC344338,EarlyTraction,Nagpur,Maharashtra,Advertising,Others,www.flyinghippomedia.com,,,,OK
62a08b23e4b028cbac1a4720,SMITH HEALTHCARE PRIVATE LIMITED,DIPP104493,RECOGNISED,U85300MH2022PTC383463,Prototype,Nagpur,Maharashtra,Healthcare & Lifesciences,Health & Wellness,,,,,OK
629f1cabe4b028cbac19dfc9,SANRAYS MULTISERVICES PRIVATE LIMITED,DIPP109063,RECOGNISED,U74999MH2022PTC383265,Prototype,Nagpur,Maharashtra,Construction,Construction & Engineering,,,,,OK
629dab98e4b028cbac196008,TRIPTAPS TRAVEL TECHNOLOGY PRIVATE LIMITED,DIPP103529,RECOGNISED,U63030MH2022PTC378630,Prototype,Nagpur,Maharashtra,Travel & Tourism,Ticketing,,,,,OK
629bb8d5e4b028cbac18b62c,NAYRA BIOFUELS PRIVATE LIMITED,DIPP109564,RECOGNISED,U23101MH2021PTC373645,Validation,Nagpur,Maharashtra,Renewable Energy,Renewable Energy Solutions,,,,,OK
6299e563e4b028cbac186f9e,ADMIRE TECH VISION LLP,DIPP102540,RECOGNISED,AAX-9606,Scaling,Nagpur,Maharashtra,Education,Skill Development,www.admiretechvision.com,,,,OK
62986513e4b028cbac181be7,ORANGECITY LYSEIS PRIVATE LIMITED,DIPP124528,RECOGNISED,U24290MH2022PTC383813,Validation,Nagpur,Maharashtra,Agriculture,Organic Agriculture,https://orangecitynaturals.com/,,,,OK
629738ebe4b028cbac17c0e6,VISHWAROOP LIFE SCIENCES PRIVATE LIMITED,DIPP102510,RECOGNISED,U73100MH2022PTC377034,Validation,Nagpur,Maharashtra,Healthcare & Lifesciences,Pharmaceutical,,,,,OK
62971c83e4b028cbac17b121,MATRUCHHAYA WELLNESS PRIVATE LIMITED,DIPP104005,RECOGNISED,U24299PN2021PTC202767,EarlyTraction,Nagpur,Maharashtra,Healthcare & Lifesciences,Health & Wellness,,,,,OK
62911bf1e4b028cbac16176f,EMOTIVE ROBOTICS PRIVATE LIMITED,DIPP104367,RECOGNISED,U72900MH2022PTC383281,Validation,Nagpur,Maharashtra,Robotics,Robotics Technology,,,,,OK
62909a84e4b028cbac15e8c3,JIVTODE E-RETAIL TRADE (OPC) PRIVATE LIMITED,DIPP102563,RECOGNISED,U51909MH2021OPC356676,Prototype,Nagpur,Maharashtra,Retail,Retail Technology,www.buyosooth.in,,,,OK
628fc434e4b028cbac15ac6c,SINDICOLPO PRIVATE LIMITED,DIPP102952,RECOGNISED,U33203MH2021PTC364837,Validation,Nagpur,Maharashtra,Healthcare & Lifesciences,Healthcare Technology,,,,,OK
628f3a3fe4b028cbac156050,SAFFONA HEALTHCARE PRIVATE LIMITED,DIPP124549,RECOGNISED,U85100MH2022PTC379535,Validation,Nagpur,Maharashtra,Healthcare & Lifesciences,Healthcare Services,http://www.saffonaphysiotherapy.in,,,,OK
628c6921e4b028cbac147ecd,INNOVEXIQ MULTI SERVICES PRIVATE LIMITED,DIPP101820,RECOGNISED,U74900MH2020PTC339893,Validation,Nagpur,Maharashtra,Construction,Construction & Engineering,,,,,OK
6287b5aae4b028cbac12e940,Urbane Corps Private Limited,DIPP120188,RECOGNISED,U74999MH2021PTC362172,Prototype,Nagpur,Maharashtra,Human Resources,Recruitment Jobs,www.urbanecorps.com,,,,OK
628483f5e4b028cbac11df7e,MIG-24 HEALTHCARE PRIVATE LIMITED,DIPP101532,RECOGNISED,U85300MH2021PTC374232,Validation,Nagpur,Maharashtra,Healthcare & Lifesciences,Health & Wellness,https://mig-24healthcare.com/,,,,OK
62847c45e4b028cbac11dc20,ENABLE IT SOLUTIONS PRIVATE LIMITED,DIPP102195,RECOGNISED,U72300MH2014PTC256134,Scaling,Nagpur,Maharashtra,IT Services,IT Management,https://enitsol.com/,,,,OK
627f8c4ee4b028cbac1033f1,TECHNOSPECTRA EDTECH PRIVATE LIMITED,DIPP103284,RECOGNISED,U72900MH2022PTC381415,Validation,Nagpur,Maharashtra,Education,Education Technology,www.technospectra.com,,,,OK
627e172fe4b028cbac0fdc65,INTELLIGENCE MANAGEMENT AND PLACEMENT CONSULTANCY (OPC) PRIVATE LIMITED,DIPP102695,RECOGNISED,U74999MH2021OPC371524,EarlyTraction,Nagpur,Maharashtra,Education,Education Technology,www.intelligencementor.com,,,,OK
6279eaeee4b028cbac0e4ad3,Titaan Infraprojects Engineers Llp,DIPP106860,RECOGNISED,ABA-7908,Validation,Nagpur,Maharashtra,Construction,Construction & Engineering,,,,,OK
6274a825e4b028cbac0ca763,SRBIT TECHNOLOGIES PRIVATE LIMITED,DIPP100653,RECOGNISED,U74999MH2019PTC328044,EarlyTraction,Nagpur,Maharashtra,Enterprise Software,Others,,,,,OK
62737db8e4b028cbac0c515f,KAYA LAWATRE IMPEX PRIVATE LIMITED,DIPP100715,RECOGNISED,U51909MH2021PTC360569,EarlyTraction,Nagpur,Maharashtra,Indic Language Startups,E-Commerce,https://www.kayastore.co.in/,,,,OK
62736321e4b028cbac0c4465,ENVISION VFX PRIVATE LIMITED,DIPP102674,RECOGNISED,U72500PN2022PTC210660,Validation,Nagpur,Maharashtra,Media & Entertainment,Digital Media,http://envisionvfx.in,,,,OK
627279c4e4b028cbac0c2259,VASTUWISHWAS (OPC) PRIVATE LIMITED,DIPP101740,RECOGNISED,U70109MH2022OPC381108,Prototype,Nagpur,Maharashtra,Real Estate,Housing,https://www.vastuwishwas.com,,,,OK
627256f2e4b028cbac0c11dc,ETERNO FOODS PRIVATE LIMITED,DIPP100747,RECOGNISED,U15100MH2021PTC369991,Prototype,Nagpur,Maharashtra,Food & Beverages,Food Processing,,,,,OK
626b7037e4b028cbac0a0f1d,7XCELLENCE MANSERV FACILITY PRIVATE LIMITED,DIPP100270,RECOGNISED,U74999MH2021PTC361468,Validation,Nagpur,Maharashtra,Professional & Commercial Services,Employment Services,,,,,OK
62691ea9e4b028cbac09677d,EDUCRON PRIVATE LIMITED,DIPP100924,RECOGNISED,U93000MH2018PTC315240,EarlyTraction,Nagpur,Maharashtra,Enterprise Software,Enterprise Mobility,https://educron.com/,,,,OK
6267f735e4b028cbac08f83c,SDSM ANALYTICS PRIVATE LIMITED,DIPP100288,RECOGNISED,U72900MH2019PTC326073,EarlyTraction,Nagpur,Maharashtra,Analytics,Business Intelligence,,,,,OK
626685ece4b028cbac084374,KANIL ENTERPRISES LLP,DIPP99911,RECOGNISED,AAZ-3361,Prototype,Nagpur,Maharashtra,Technology Hardware,Manufacturing,,,,,OK
62664d32e4b028cbac082566,COUNCIL OF HUMAN RESOURCE EDUCATION TRAINING AND DEVELOPMENT,DIPP102857,RECOGNISED,U85300PN2021NPL201810,Prototype,Nagpur,Maharashtra,Others,Others,,,,,OK
601e3863e4b07bbc25b84be2,MINDFULELEMENTS PRIVATE LIMITED,DIPP105706,RECOGNISED,U24100MH2021PTC366713,Prototype,Nagpur,Maharashtra,Retail,Others,,,,,OK
625eaea7e4b028cbac05f7fa,URJAL CLEANTECH LLP,DIPP99626,RECOGNISED,AAW-2520,Prototype,Nagpur,Maharashtra,Green Technology,Clean Tech,,,,,OK
6257b9bce4b00f07df351425,GRHAPA SERVICES & SOLUTIONS PRIVATE LIMITED,DIPP99404,RECOGNISED,U74995MH2017PTC302968,EarlyTraction,Nagpur,Maharashtra,Internet of Things,Others,http://olagate.app/,,,,OK
625678d1e4b00f07df34aae0,NATRAJ BEVERAGES AND FOODS PRIVATE LIMITED,DIPP109478,RECOGNISED,U15549MH2021PTC370584,Validation,Nagpur,Maharashtra,Food & Beverages,Food Processing,NATRAJINDIA.IN,,,,OK
6253e558e4b0e4f8d27bc79b,LIFEZEE ELECTRONIC AND TELECOM SERVICES PRIVATE LIMITED,DIPP127844,RECOGNISED,U64200MH2022PTC375959,EarlyTraction,Nagpur,Maharashtra,Telecommunication & Networking,Others,,,,,OK
624a9d30e4b0e4f8d2797e2d,MALU TECHNOLOGIES PRIVATE LIMITED,DIPP98631,RECOGNISED,U52339MH2020PTC350613,Prototype,Nagpur,Maharashtra,Marketing,Sales,www.frikly.in,,,,OK
6247e4d3e4b0e4f8d278fadb,JUVENOR IMPEX,DIPP98633,RECOGNISED,NG000005857,Validation,Nagpur,Maharashtra,Healthcare & Lifesciences,Others,,,,,OK
6246750ce4b0e4f8d27860e1,K2 H Invotech Private Limited,DIPP106579,RECOGNISED,U52100MH2022PTC376793,Validation,Nagpur,Maharashtra,IT Services,Product Development,,,,,OK
6243f8bae4b0e4f8d277c57f,NIDHI PHARMACEUTICALS PRIVATE LIMITED,DIPP98680,RECOGNISED,U85100MH2020PTC346610,Validation,Nagpur,Maharashtra,Professional & Commercial Services,Business Support Services,,,,,OK
6243f51be4b0e4f8d277c387,AKSHITA POLYMERS PRIVATE LIMITED,DIPP98391,RECOGNISED,U25209MH2018PTC316245,Scaling,Nagpur,Maharashtra,Professional & Commercial Services,Business Support Services,,,,,OK
6242fb68e4b0e4f8d277a395,TRIBUGS IN PRIVATE LIMITED,DIPP99711,RECOGNISED,U72900MH2021PTC369966,EarlyTraction,Nagpur,Maharashtra,IT Services,Web Development,https://www.tribugs.com/,,,,OK
6242e1e7e4b0e4f8d2779a52,MEKOSOURCE PRIVATE LIMITED,DIPP98206,RECOGNISED,U72900MH2021PTC369303,EarlyTraction,Nagpur,Maharashtra,IT Services,Application Development,,,,,OK
6242d634e4b0e4f8d27794d3,Daksh Vikas Private Limited,DIPP116082,RECOGNISED,U90009MH2021PTC364827,Prototype,Nagpur,Maharashtra,Human Resources,Skills Assessment,,,,,OK
6242bcc6e4b0e4f8d2778886,ROMA HEALTH CARE PRIVATE LIMITED,DIPP102078,RECOGNISED,U51909MH2021PTC362383,Validation,Nagpur,Maharashtra,Healthcare & Lifesciences,Healthcare Services,,,,,OK
62415160e4b0e4f8d2770e2b,MIRADICAL HEALTHCARE AND RESEARCH PRIVATE LIMITED,DIPP98118,RECOGNISED,U73200MH2021PTC374036,Prototype,Nagpur,Maharashtra,Healthcare & Lifesciences,Health & Wellness,,,,,OK
623dac7de4b0e4f8d2762177,VFL FOUNDATION,DIPP99997,RECOGNISED,U85300MH2021NPL362872,EarlyTraction,Nagpur,Maharashtra,Marketing,Branding,,,,,OK
6235896ee4b0e4f8d273b000,SmartHire Consultant Private Limited,DIPP108487,RECOGNISED,U93090MH2022PTC375619,Prototype,Nagpur,Maharashtra,Human Resources,Others,http://smarthire.info/,,,,OK
6232deb4e4b0e4f8d272be04,ANURAJ ORGANIC AGRO PRIVATE LIMITED,DIPP97455,RECOGNISED,U01820MH2020PTC342854,Validation,Nagpur,Maharashtra,Agriculture,Organic Agriculture,,,,,OK
622efc5fe4b0e4f8d27164bf,PAW&TAILS SOLUTIONS PRIVATE LIMITED,DIPP138924,RECOGNISED,U52209MH2022PTC374888,EarlyTraction,Nagpur,Maharashtra,Pets & Animals,Others,www.dobbythechef.com,,,,OK
622dbd0ee4b0e4f8d27101cf,TRENDKAR ASSOCIATES PRIVATE LIMITED,DIPP102765,RECOGNISED,U15549MH2022PTC375936,Prototype,Nagpur,Maharashtra,Food & Beverages,Restaurants,,,,,OK
622c5ac1e4b0e4f8d270893e,VALOREM CREATORS PRIVATE LIMITED,DIPP102856,RECOGNISED,U45201MH2019PTC323728,Validation,Nagpur,Maharashtra,Enterprise Software,Cloud,www.kraya.co,,,,OK
62282161e4b0e4f8d26f3ccb,KARTEX MARKETPLACE PRIVATE LIMITED,DIPP98340,RECOGNISED,U74999PN2022PTC208477,Validation,Nagpur,Maharashtra,Enterprise Software,Enterprise Mobility,,,,,OK
6225d685e4b0e4f8d26e59c6,ASMEE HOSPITALITIES LLP,DIPP96867,RECOGNISED,AAU-1075,Validation,Nagpur,Maharashtra,Food & Beverages,Food Processing,,,,,OK
62235a35e4b0e4f8d26dbc43,SAMPOORNADIGITAL SOLUTIONS & SERVICES PRIVATE LIMITED,DIPP96133,RECOGNISED,U52609MH2022PTC376852,EarlyTraction,Nagpur,Maharashtra,IT Services,Project Management,,,,,OK
62231649e4b0e4f8d26da826,SKAYBUGS INFOTECH PRIVATE LIMITED,DIPP96801,RECOGNISED,U72900MH2021PTC366250,Validation,Nagpur,Maharashtra,IT Services,Others,,,,,OK
6222f0c5e4b0e4f8d26d9b4d,ORANGELEAF SERVICES PRIVATE LIMITED,DIPP97388,RECOGNISED,U74999MH2018PTC306575,Validation,Nagpur,Maharashtra,Professional & Commercial Services,Business Support Services,https://www.nriway.com/,,,,OK
62212bebe4b0e4f8d26d2f5d,CAPE OF COPE FOUNDATION,DIPP96851,RECOGNISED,U85300PN2022NPL207517,Validation,Nagpur,Maharashtra,Social Network,Others,,,,,OK
62208f09e4b0e4f8d26cebef,Pathak Ayurceuticals Private Limited,DIPP107626,RECOGNISED,U24110MH2022PTC382156,Prototype,Nagpur,Maharashtra,Healthcare & Lifesciences,Health & Wellness,,,,,OK
621f02c7e4b0e4f8d26c1946,NUBENO HEALTHCARE PRIVATE LIMITED,DIPP98609,RECOGNISED,U33309MH2018PTC316026,Scaling,Nagpur,Maharashtra,Healthcare & Lifesciences,Medical Devices Biomedical,https://www.nubeno.in/,,,,OK
621df502e4b0e4f8d26bcc78,LOGIC INNOVATES PRIVATE LIMITED,DIPP105407,RECOGNISED,U72900MH2021PTC361891,Validation,Nagpur,Maharashtra,IT Services,Application Development,https://logicinnovates.com/,,,,OK
6219fbcfe4b0e4f8d26a89fa,AWCHAT PETROLEUM SERVICES PRIVATE LIMITED,DIPP95685,RECOGNISED,U50401MH2022PTC377501,Prototype,Nagpur,Maharashtra,Non- Renewable Energy,Others,,,,,OK
6216329be4b0e4f8d2692919,CK SHARMA MOTORS PRIVATE LIMITED,DIPP97660,RECOGNISED,U35999MH2022PTC376614,Validation,Nagpur,Maharashtra,Automotive,Electric Vehicles,cksmotors.com,,,,OK
620f6076e4b0e4f8d266dfe3,THOUSANDSPICE & SUPER FOODS PRIVATE LIMITED,DIPP95488,RECOGNISED,U15400MH2022PTC376903,Prototype,Nagpur,Maharashtra,Healthcare & Lifesciences,Health & Wellness,,,,,OK
620df3b5e4b0e4f8d2665a60,KRUSHNARPAN COMMERCIALS PRIVATE LIMITED,DIPP95277,RECOGNISED,U45309MH2021PTC370369,Validation,Nagpur,Maharashtra,Professional & Commercial Services,Business Support Supplies,https://www.kcplnagpur.com/#,,,,OK
620aba53e4b0e4f8d26495ab,INNOVATIVE TECH EXIM LLP,DIPP95811,RECOGNISED,AAW-1350,Prototype,Nagpur,Maharashtra,Automotive,"Auto, Truck & Motorcycle Parts",,,,,OK
62050406e4b0e4f8d262aa97,Godbole (G) Naturals And Dairy Farms Llp,DIPP123530,RECOGNISED,AAV-3779,EarlyTraction,Nagpur,Maharashtra,Green Technology,Clean Tech,www.gnaturals.in,,,,OK
62037567e4b0e4f8d261f3d0,RITESHRI UDYOG PRIVATE LIMITED,DIPP98285,RECOGNISED,U51909MH2020PTC343819,EarlyTraction,Nagpur,Maharashtra,Food & Beverages,Food Processing,riteshriudyog.com,,,,OK
62036338e4b0e4f8d261eb7a,SONI PAINTS PRIVATE LIMITED,DIPP94702,RECOGNISED,U24222MH2020PTC338852,Validation,Nagpur,Maharashtra,Construction,Construction Materials,https://goodwillpaint.com/,,,,OK
6200bc0ae4b0e4f8d26130c0,DUSKLINE INFRASTRUCTURES PRIVATE LIMITED,DIPP97219,RECOGNISED,U74999MH2015PTC263532,Scaling,Nagpur,Maharashtra,Construction,Construction & Engineering,www.duskline.in,,,,OK
61fd00ede4b0e4f8d260030a,SAPTARANGA RESEARCH AND ORGANIC PRIVATE LIMITED,DIPP94678,RECOGNISED,U24304MH2021PTC371012,EarlyTraction,Nagpur,Maharashtra,Agriculture,Agri-Tech,https://sropl.com/,,,,OK
61fccfcce4b00f5d174bab27,SBJ COSMO HEALTHCARE PRIVATE LIMITED,DIPP96643,RECOGNISED,U24230MH2021PTC374180,Prototype,Nagpur,Maharashtra,Healthcare & Lifesciences,Health & Wellness,www.bellybuttonshaper.com,,,,OK
5e5fc4a5e4b0bf8415d14818,ECOMMASTERS GLOBAL SOLUTIONS LLP,DIPP94570,RECOGNISED,AAW-6754,EarlyTraction,Nagpur,Maharashtra,Marketing,Digital Marketing (SEO Automation),https://www.ecommasters.in/,,,,OK
61fb6558e4b00f5d174b3dbf,ADITHYAPOWER PRIVATE LIMITED,DIPP94752,RECOGNISED,U51900MH2016PTC286220,Scaling,Nagpur,Maharashtra,Construction,Construction & Engineering,www.adithyapower.in,,,,OK
61fa7957e4b00f5d174af5f5,SCRIPTANGLE PRIVATE LIMITED,DIPP95133,RECOGNISED,U72900MH2021PTC371621,Prototype,Nagpur,Maharashtra,IT Services,Web Development,https://script-angle.com,,,,OK
61f93f9de4b00f5d174a658b,Sawariya Informatics Private Limited,DIPP116054,RECOGNISED,U31900MH2022PTC374662,Prototype,Nagpur,Maharashtra,IT Services,Product Development,,,,,OK
61f8142de4b00f5d1749b651,Smartera Solutions Private Limited,DIPP106862,RECOGNISED,U30008MH2022PTC374751,Validation,Nagpur,Maharashtra,Internet of Things,Wearables,https://smartera.co.in/,,,,OK
61f7a507e4b0bc85704323ce,CHETNA POWER & UCG SOLUTIONS PRIVATE LIMITED,DIPP94414,RECOGNISED,U51909MH2016PTC284093,Validation,Nagpur,Maharashtra,Professional & Commercial Services,Environmental Services & Equipment,,,,,OK
61f78e4fe4b0bc85704310b8,NAVYONI TECHNOLOGIES PRIVATE LIMITED,DIPP94691,RECOGNISED,U74999MH2021PTC372408,Validation,Nagpur,Maharashtra,Green Technology,Clean Tech,www.navyoni.com,,,,OK
61f6a9e9e4b0bc857042b972,UFF FOODS PRIVATE LIMITED,DIPP94210,RECOGNISED,U74999MH2020PTC337971,Validation,Nagpur,Maharashtra,Food & Beverages,Food Technology/Food Delivery,www.uff-india.com,,,,OK
61f3b0b1e4b020b2f88b55ec,TRIGNEX TECHNOLOGIES PRIVATE LIMITED,DIPP94630,RECOGNISED,U31909MH2021PTC366293,Validation,Nagpur,Maharashtra,Technology Hardware,Electronics,,,,,OK
61f39637e4b020b2f88b46fc,PROVENTOS WEALTH PRIVATE LIMITED,DIPP94459,RECOGNISED,U67190MH2021PTC360842,Validation,Nagpur,Maharashtra,Finance Technology,Personal Finance,,,,,OK
61f13a73e4b020b2f88a6ac4,AFIFA CARE PRIVATE LIMITED,DIPP96878,RECOGNISED,U85120MH2021PTC370427,Validation,Nagpur,Maharashtra,Healthcare & Lifesciences,Healthcare Services,www.afifacare.com,,,,OK
61f126c4e4b020b2f88a604a,POWER HI-TECH SOLUTION PRIVATE LIMITED,DIPP93614,RECOGNISED,U74999MH2021PTC358528,Prototype,Nagpur,Maharashtra,Professional & Commercial Services,Business Support Services,,,,,OK
61e90e73e4b020b2f8868862,FOCUSMIND TECHNO HUB PRIVATE LIMITED,DIPP93234,RECOGNISED,U80903MH2021PTC362525,Validation,Nagpur,Maharashtra,Education,Education Technology,https://focusmindhub.com/,,,,OK
61e04da4e4b020b2f8831689,KESHVAM INFRASOFT LLP,DIPP92923,RECOGNISED,AAZ-6790,Prototype,Nagpur,Maharashtra,IT Services,Project Management,http://www.keshavaminfrasoft.com/,,,,OK
61e006ace4b020b2f882fec5,DAIVIK MORINGA PRIVATE LIMITED,DIPP93941,RECOGNISED,U24299MH2021PTC367261,EarlyTraction,Nagpur,Maharashtra,Healthcare & Lifesciences,Health & Wellness,,,,,OK
61e004f2e4b020b2f882fdde,KSHITIJ TELEMEDIA NETWORKS PRIVATE LIMITED,DIPP92958,RECOGNISED,U64200MH2021PTC373439,Validation,Nagpur,Maharashtra,Telecommunication & Networking,Integrated communication services,www.kshitijnetworks.com,,,,OK
61dc335ce4b020b2f8815ca9,Ex Manpower Security Private Limited,DIPP114885,RECOGNISED,U74910MH2021PTC371066,Prototype,Nagpur,Maharashtra,Human Resources,Recruitment Jobs,,,,,OK
61d925d1e4b020b2f8805dad,CC PRECAST SOLUTIONS PRIVATE LIMITED,DIPP95169,RECOGNISED,U45203MH2021PTC372963,EarlyTraction,Nagpur,Maharashtra,Construction,New-age Construction Technologies,www.ccprecastsolutions.con,,,,OK
61d552f5e4b020b2f87e6be4,SUEEALLY PRIVATE LIMITED,DIPP93409,RECOGNISED,U60230MH2021PTC373621,Prototype,Nagpur,Maharashtra,Transportation & Storage,Freight & Logistics Services,www.sueeally.com,,,,OK
61d027dde4b020b2f87cd804,ACTRANS GLOBAL SERVICES PRIVATE LIMITED,DIPP92548,RECOGNISED,U62100MH2020PTC349982,Validation,Nagpur,Maharashtra,Transportation & Storage,Freight & Logistics Services,https://www.actrans.in/,,,,OK
61cb15e2e4b020b2f87b10b2,SUNSERG TECHNOLOGIES PRIVATE LIMITED,DIPP92238,RECOGNISED,U74999PN2021PTC204123,Validation,Nagpur,Maharashtra,Fashion,Fashion Technology,https://dotmystyle.com,,,,OK
61c7398ae4b041b4edd521eb,INFINITE WELLNESS SOLUTIONS PRIVATE LIMITED,DIPP92438,RECOGNISED,U74999MH2021PTC357171,Validation,Nagpur,Maharashtra,Healthcare & Lifesciences,Health & Wellness,www.quickmedsrx.com,,,,OK
61c6d907e4b041b4edd51037,AARMART ECOMMERCE LLP,DIPP92070,RECOGNISED,AAG-0021,Validation,Nagpur,Maharashtra,Professional & Commercial Services,Business Support Services,https://www.aarmart.com/,,,,OK
61c6ba0ee4b041b4edd5089a,JUVENOR HEALTHCARE PRIVATE LIMITED,DIPP92277,RECOGNISED,U24290MH2017PTC298772,Validation,Nagpur,Maharashtra,Healthcare & Lifesciences,Others,,,,,OK
61c6b404e4b041b4edd50743,JUVENOR PHARMACEUTICALS,DIPP91996,RECOGNISED,NG000004306,Validation,Nagpur,Maharashtra,Healthcare & Lifesciences,Pharmaceutical,,,,,OK
61c03489e4b041b4edd31464,BILLEX PRIVATE LIMITED,DIPP99930,RECOGNISED,U74999MH2022PTC380837,Validation,Nagpur,Maharashtra,Finance Technology,Billing and Invoicing,https://billexinsights.com,,,,OK
61bc2f2ce4b0c0c1be8a6695,TEQWORTH SOLUTIONS & SERVICES LLP,DIPP96213,RECOGNISED,AAR-3925,Scaling,Nagpur,Maharashtra,Professional & Commercial Services,Business Support Services,www.teqworth.com,,,,OK
61b2fba2e4b0b13f63e65a5e,GouriKripa Software Solutions,DIPP90966,RECOGNISED,NG000007093,EarlyTraction,Nagpur,Maharashtra,Others,Others,www.linkastro.com,,,,OK
61b2e990e4b0b13f63e64b52,INFO ENERGY LLP,DIPP91649,RECOGNISED,AAX-2164,Validation,Nagpur,Maharashtra,Safety,Others,www.infoenergy.in,,,,OK
61adb01be4b099c63b54485b,ADSUM HOSPITAL PRIVATE LIMITED,DIPP91650,RECOGNISED,U85100MH2018PTC307750,Validation,Nagpur,Maharashtra,Healthcare & Lifesciences,Health & Wellness,https://swasthyamhospital.com/,,,,OK
61a9fad4e4b099c63b52aeb8,RENAISSANCE SUPERFOODS PRIVATE LIMITED,DIPP93056,RECOGNISED,U15400MH2021PTC372397,Validation,Nagpur,Maharashtra,Food & Beverages,Food Processing,https://renaissancesuperfoods.my.canva.site/,,,,OK
61a49f57e4b0cb4c4c11d621,KWIKZIP E-COMMERCE SERVICES PRIVATE LIMITED,DIPP90443,RECOGNISED,U63030MH2021PTC369145,Validation,Nagpur,Maharashtra,AI,Machine Learning,https://kwikcommerce.io//,,,,OK
61a47903e4b0cb4c4c11bc52,APLA INDIA E- COMMERCE PRIVATE LIMITED,DIPP90447,RECOGNISED,U51909MH2021PTC371486,Prototype,Nagpur,Maharashtra,Others,Others,,,,,OK
61a22adde4b0cb4c4c114bb8,STAFFEX CORPORATION PRIVATE LIMITED,DIPP92948,RECOGNISED,U74999MH2021PTC371609,Prototype,Nagpur,Maharashtra,Human Resources,Recruitment Jobs,www.staffex.in,,,,OK
61a0f698e4b0cb4c4c111b2d,EMPOWR CLUB PRIVATE LIMITED,DIPP91700,RECOGNISED,U74999MH2021PTC367956,Prototype,Nagpur,Maharashtra,Telecommunication & Networking,Network Technology Solutions,,,,,OK
619e0d57e4b0cb4c4c0ffd4e,AMLAAN RIVERCORP PRIVATE LIMITED,DIPP110960,RECOGNISED,U37100MH2022PTC377839,Validation,Nagpur,Maharashtra,Waste Management,Others,,,,,OK
619d01b6e4b0cb4c4c0f8f55,FROLICBIT TECHNOLOGIES PRIVATE LIMITED,DIPP140281,RECOGNISED,U92490MH2019PTC320874,Scaling,Nagpur,Maharashtra,Social Network,Others,https://frolicbit.com/,,,,OK
619897dee4b0cb4c4c0e0efe,SUN GRIFFINS INDIA PRIVATE LIMITED,DIPP91420,RECOGNISED,U60300MH2021PTC363349,Validation,Nagpur,Maharashtra,Agriculture,Food Processing,,,,,OK
6194c9e6e4b0cb4c4c0c0c7b,CRYSTAL FURNITECH PRIVATE LIMITED,DIPP90710,RECOGNISED,U36990MH2020PTC339228,Scaling,Nagpur,Maharashtra,Others,Others,https://www.crystalfurnitech.com/,,,,OK
61949899e4b0cb4c4c0bed97,PURPLE PETAL INVEST PRIVATE LIMITED,DIPP90712,RECOGNISED,U72900MH2021PTC364347,Prototype,Nagpur,Maharashtra,Finance Technology,Others,,,,,OK
61924a34e4b0cb4c4c0b50d9,FITMAAN TECHNOLOGIES PRIVATE LIMITED,DIPP91751,RECOGNISED,U74999MH2018PTC317215,Validation,Nagpur,Maharashtra,Professional & Commercial Services,Others,,,,,OK
6188d6fde4b0cb4c4c08a361,AAJ BUILDSPACE & PLANNERS PRIVATE LIMITED,DIPP90943,RECOGNISED,U74999MH2021PTC366200,Validation,Nagpur,Maharashtra,Construction,Others,,,,,OK
61828769e4b0cb4c4c0775b6,ANNAPANASATTI PRIVATE LIMITED,DIPP89391,RECOGNISED,U31909MH2021PTC369745,Prototype,Nagpur,Maharashtra,Green Technology,Others,,,,,OK
617fda1be4b0cb4c4c06a3e8,ALTIOR HEALTHCARE (OPC) PRIVATE LIMITED,DIPP90309,RECOGNISED,U33119MH2021OPC368207,Validation,Nagpur,Maharashtra,Healthcare & Lifesciences,Others,www.sakshamlimbs.com,,,,OK
617d1be6e4b0cb4c4c063ccb,CHANDRABHA VENTURES PRIVATE LIMITED,DIPP89028,RECOGNISED,U45402MH2020PTC345829,Prototype,Nagpur,Maharashtra,Waste Management,Others,,,,,OK
617bce5ae4b0cb4c4c05e391,GRAYSON CONTRACTING SERVICES PRIVATE LIMITED,DIPP89282,RECOGNISED,U74999MH2021PTC369535,Validation,Nagpur,Maharashtra,Green Technology,Waste Management,,,,,OK
617bb3d6e4b0cb4c4c05d68d,INDUSFUEL ENERGY INDIA PRIVATE LIMITED,DIPP89096,RECOGNISED,U50500MH2021PTC366619,Prototype,Nagpur,Maharashtra,Non- Renewable Energy,Oil Related Services and Equipment,https://www.indusfuelenergy.com/,,,,OK
617a97f4e4b0cb4c4c0584ad,RIVESHH CG HEALTHCARE PRIVATE LIMITED,DIPP92167,RECOGNISED,U85300MH2020PTC341604,Validation,Nagpur,Maharashtra,Healthcare & Lifesciences,Healthcare Services,www.curediab.com,,,,OK
61798eabe4b0cb4c4c052b35,VISIONMONKS PRIVATE LIMITED,DIPP108356,RECOGNISED,U72900MH2021PTC370747,Prototype,Nagpur,Maharashtra,Travel & Tourism,Hospitality,MYRESORTS.in,,,,OK
61793e67e4b0cb4c4c050599,CHOIRA MUSICTECH PRIVATE LIMITED,DIPP93888,RECOGNISED,U92419MH2021PTC368370,Prototype,Nagpur,Maharashtra,IT Services,Web Development,www.choira.io,,,,OK
6176859de4b0324c10f3ef41,AURIGA AI SOLUTIONS PRIVATE LIMITED,DIPP90529,RECOGNISED,U72900MH2021PTC365727,Prototype,Nagpur,Maharashtra,AI,Machine Learning,auriga.ai,,,,OK
61729ef4e4b0324c10f36414,NAVANKUR INFRANERGY LLP,DIPP88978,RECOGNISED,AAY-7237,Prototype,Nagpur,Maharashtra,Non- Renewable Energy,Oil & Gas Transportation Services,,,,,OK
616fb9f5e4b0324c10f26c31,SAKSHYAM MANAGEMENT SERVICES PRIVATE LIMITED,DIPP89165,RECOGNISED,U74999MH2021PTC366698,Prototype,Nagpur,Maharashtra,Waste Management,Others,,,,,OK
616e9e68e4b0324c10f21497,BIKE24 TWO WHEELERS PRIVATE LIMITED,DIPP88405,RECOGNISED,U50100MH2020PTC336970,Validation,Nagpur,Maharashtra,Other Specialty Retailers,"Auto Vehicles, Parts & Service Retailers",,,,,OK
61657437e4b0e325d542f801,EASYPAY FINANCIAL SERVICES PRIVATE LIMITED,DIPP89873,RECOGNISED,U65999MH2020PTC336998,Validation,Nagpur,Maharashtra,Finance Technology,Others,,,,,OK
61615fffe4b07efc0a4d722c,GAGS INDIA PRIVATE LIMITED,DIPP89865,RECOGNISED,U74999MH2021PTC368867,Scaling,Nagpur,Maharashtra,Others,Others,http://www.gags9.in/app/,,,,OK
616022efe4b07efc0a4d0614,VARSHA BRANDWAVE PRIVATE LIMITED,DIPP96061,RECOGNISED,U74999MH2019PTC332624,Scaling,Nagpur,Maharashtra,Advertising,Others,,,,,OK
615da36ee4b07efc0a4bff0d,Fridomly Private Limited,DIPP118323,RECOGNISED,U92100MH2022PTC391785,Validation,Nagpur,Maharashtra,Social Network,Others,,,,,OK
615c982fe4b08fb41b685967,COSMIC LIVING (OPC) PRIVATE LIMITED,DIPP103275,RECOGNISED,U24299PN2021OPC203620,Prototype,Nagpur,Maharashtra,Retail,Others,https://www.rawandessentials.com/,,,,OK
615c2180e4b08fb41b68048e,HUMORS TECH PRIVATE LIMITED,DIPP99906,RECOGNISED,U85300MH2021PTC367420,Validation,Nagpur,Maharashtra,Healthcare & Lifesciences,Medical Devices Biomedical,https://www.humorstech.com/,,,,OK
615ae6bce4b08fb41b67a06e,HEALTHCODE WELLNESS PRIVATE LIMITED,DIPP103415,RECOGNISED,U92490MH2020PTC335536,Scaling,Nagpur,Maharashtra,Healthcare & Lifesciences,Health & Wellness,,,,,OK
61556a3fe4b0f21b6c4b385e,GANORKAR FACILITY MANAGEMENT (OPC) PRIVATE LIMITED,DIPP88245,RECOGNISED,U74999MH2021OPC355357,Validation,Nagpur,Maharashtra,Human Resources,Others,,,,,OK
61532e1fe4b0f21b6c4a57a3,AINOCULAR TECHNOLOGIES PRIVATE LIMITED,DIPP87970,RECOGNISED,U72900MH2019PTC318920,EarlyTraction,Nagpur,Maharashtra,AI,Machine Learning,www.ainocular.com,,,,OK
6152cc65e4b0f21b6c4a21d9,CANDIDOFFERS PRIVATE LIMITED,DIPP90235,RECOGNISED,U72900MH2019PTC333456,Validation,Nagpur,Maharashtra,Retail,Social Commerce,,,,,OK
6151a1e4e4b05667f1175a1f,HUMEN EDUTECH LLP,DIPP87827,RECOGNISED,AAY-0739,EarlyTraction,Nagpur,Maharashtra,Education,Skill Development,www.humen.us,,,,OK
614eede2e4b05667f1168708,FolksTrot Jobs LLP,DIPP130666,RECOGNISED,AAX-7495,Validation,Nagpur,Maharashtra,Enterprise Software,Cloud,https://folkstrot.com,,,,OK
61448d8be4b0f62f931e7d8e,MRC CONSTRUCTIONS PRIVATE LIMITED,DIPP87743,RECOGNISED,U45209MH2020PTC340141,Validation,Nagpur,Maharashtra,Construction,Others,,,,,OK
614436a3e4b0f62f931989d8,SHARIEF AND RSRD PETROLEUM PRIVATE LIMITED,DIPP91887,RECOGNISED,U50400MH2021PTC367478,Prototype,Nagpur,Maharashtra,Non- Renewable Energy,Oil & Gas Transportation Services,,,,,OK
613ef370e4b0f62f93108ed2,ALL GAS SOLUTIONS INFRA PRIVATE LIMITED,DIPP107075,RECOGNISED,U11100MH2014PTC256067,Scaling,Nagpur,Maharashtra,Non- Renewable Energy,Oil & Gas Exploration and Production,https://drive.google.com/file/d/191lB9bpJ0Eo6I2wrl04ybRdxLL0AO950/view?usp=sharing,,,,OK
613ba45ce4b0f62f9310013e,H2DC12 AVENUE PRIVATE LIMITED,DIPP89186,RECOGNISED,U29300PN2021PTC204130,Prototype,Nagpur,Maharashtra,Renewable Energy,Manufacture of Machinery and Equipment,,,,,OK
6138ac90e4b0f62f930f1258,BHUSHILP MINES AND MINERALS PRIVATE LIMITED,DIPP89892,RECOGNISED,U14294MH2020PTC339928,Prototype,Nagpur,Maharashtra,Others,Others,www.bhushilp.com,,,,OK
61373daae4b0f62f930dff1c,BON-NATURAL ORGANIC PRIVATE LIMITED,DIPP86668,RECOGNISED,U74999MH2018PTC307211,Prototype,Nagpur,Maharashtra,Others,Others,,,,,OK
61361748e4b0f62f930d951a,LETS UNBOUND EDUCATION TECHNOLOGY PRIVATE LIMITED,DIPP87351,RECOGNISED,U80902MH2021PTC357793,Validation,Nagpur,Maharashtra,Education,E-learning,www.letsunbound.com,,,,OK
61359e31e4b0f62f930c449c,JAYSIS GREEN ENERGY INFRA PRIVATE LIMITED,DIPP89829,RECOGNISED,U40106MH2021PTC362931,Scaling,Nagpur,Maharashtra,Renewable Energy,Renewable Solar Energy,https://jaysis.ai/,,,,OK
6133788be4b0f62f930a38fc,PATHFINDER SKILLS INDIA PRIVATE LIMITED,DIPP87183,RECOGNISED,U74999MH2016PTC287882,Scaling,Nagpur,Maharashtra,Education,Skill Development,https://pathfinderfoundation.in//,,,,OK
613104d7e4b0f62f9306b8c9,JANVRY STUDIO PRIVATE LIMITED,DIPP101056,RECOGNISED,U72200MH2021PTC366601,Prototype,Nagpur,Maharashtra,AR VR (Augmented + Virtual Reality),Others,https://janvry.com/,,,,OK
6128cddbe4b0f62f92fca71d,THIRTY MORE CHRONICLE PRIVATE LIMITED,DIPP95383,RECOGNISED,U74999MH2021PTC366341,EarlyTraction,Nagpur,Maharashtra,Social Network,Others,Fostrreads.com,,,,OK
6120a2d1e4b0aee5cebc8341,SWAPNAPURTI MANAGEMENT INDIA PRIVATE LIMITED,DIPP87212,RECOGNISED,U37100MH2021PTC360902,Prototype,Nagpur,Maharashtra,Waste Management,Others,,,,,OK
611e1290e4b0aee5cebab396,FIDROO CORPORATIONS PRIVATE LIMITED,DIPP86771,RECOGNISED,U55101MH2021PTC365854,Prototype,Nagpur,Maharashtra,Food & Beverages,Food Technology/Food Delivery,www.fidroo.com,,,,OK
611d068ce4b0aee5ceba2386,K-LINQ HOSMED (OPC) PRIVATE LIMITED,DIPP96908,RECOGNISED,U85190MH2020OPC344466,Scaling,Nagpur,Maharashtra,Healthcare & Lifesciences,Healthcare Services,https://drive.google.com/file/d/1ZjGOyspqm9w2F_OoR_NNBTTKuk9rQ011/view,,,,OK
61175323e4b0aee5ceb61974,PAYIFY TECHNOLOGIES PRIVATE LIMITED,DIPP85277,RECOGNISED,U72900MH2021PTC364491,Validation,Nagpur,Maharashtra,Finance Technology,Personal Finance,https://www.payify.in,,,,OK
61126aeae4b0aee5ceb2ac8f,MAXTRACT ENGINEERS PRIVATE LIMITED,DIPP86450,RECOGNISED,U74999MH2017PTC292952,Scaling,Nagpur,Maharashtra,Construction,Construction & Engineering,www.maxtract.in,,,,OK
610e75d8e4b0aee5ceb08cf7,CLF AQUACULTURE PRIVATE LIMITED,DIPP107592,RECOGNISED,U05000MH2021PTC369601,Validation,Nagpur,Maharashtra,Agriculture,Fisheries,,,,,OK
610cc12fe4b0aee5ceaf6162,ZOOM RENEWABLES PRIVATE LIMITED,DIPP84616,RECOGNISED,U52609MH2017PTC303237,Scaling,Nagpur,Maharashtra,Renewable Energy,Manufacture of Machinery and Equipment,www.zoomsolar.in,,,,OK
60fd5362e4b0ad9f40129155,AKSHAYGHAT TECHNOLOGIES PRIVATE LIMITED,DIPP84109,RECOGNISED,U31908MH2021PTC360063,EarlyTraction,Nagpur,Maharashtra,Renewable Energy,Renewable Energy Solutions,,,,,OK
60fbff68e4b0ad9f401203c0,SOL HR SERVICES (OPC) PRIVATE LIMITED,DIPP180934,RECOGNISED,U74140MH2021OPC360763,Validation,Nagpur,Maharashtra,Others,Others,ksamudre@gmail.com,,,,OK
60fbb722e4b0ad9f4011e9ab,VEIN HEALTHCARE PRIVATE LIMITED,DIPP83785,RECOGNISED,U93090MH2017PTC300568,EarlyTraction,Nagpur,Maharashtra,Healthcare & Lifesciences,Healthcare Services,http://veinhealthcarelab.com/,,,,OK
60f56437e4b0ad9f400c6597,LAXMINARAYAN INFRACON PRIVATE LIMITED,DIPP90739,RECOGNISED,U45309MH2020PTC347001,Validation,Nagpur,Maharashtra,Construction,Construction & Engineering,,,,,OK
60e6c966e4b08b6a354eef0d,FERROMONK STEEL STRUCTURES PRIVATE LIMITED,DIPP92917,RECOGNISED,U28990MH2020PTC351856,Validation,Nagpur,Maharashtra,Others,Others,,,,,OK
60e5ec18e4b08b6a354eab4d,SIGMATRONICS INNOVATION PRIVATE LIMITED,DIPP90571,RECOGNISED,U72900MH2021PTC362954,EarlyTraction,Nagpur,Maharashtra,Technology Hardware,Electronics,www.sigmatronics.co.in,,,,OK
60e3f015e4b0a8de6fd7c853,Solocl Technologies Private Limited,DIPP115880,RECOGNISED,U72900MH2021PTC362640,Validation,Nagpur,Maharashtra,AI,Machine Learning,www.solocl.com,,,,OK
60e3aae5e4b0a8de6fd7b8ac,VEE VIRTUAL FARMS PRIVATE LIMITED,DIPP83384,RECOGNISED,U70109MH2021PTC363013,Validation,Nagpur,Maharashtra,Agriculture,Agri-Tech,www.virtualfarmapp.com,,,,OK
60dff71ce4b0a8de6fd6c932,Medicamentaid Private Limited,DIPP111144,RECOGNISED,U52520MH2021PTC359482,Prototype,Nagpur,Maharashtra,Healthcare & Lifesciences,Pharmaceutical,https://medicamentaid.Com,,,,OK
60dadd69e4b0c264518c2507,SEPTECH PROJECT ENGINEERING PRIVATE LIMITED,DIPP83581,RECOGNISED,U29304MH2021PTC353428,EarlyTraction,Nagpur,Maharashtra,Non- Renewable Energy,Oil Related Services and Equipment,,,,,OK
60dace14e4b0c264518c1d11,SAMARTH WATER CONSULTANTS PRIVATE LIMITED,DIPP85483,RECOGNISED,U74999MH2017PTC292764,Prototype,Nagpur,Maharashtra,Green Technology,Others,,,,,OK
60d8bb7de4b0c264518b5b94,AADISACH GLOBAL SERVICES PRIVATE LIMITED,DIPP94981,RECOGNISED,U45309MH2019PTC319483,EarlyTraction,Nagpur,Maharashtra,Professional & Commercial Services,Business Support Services,,,,,OK
60d6cfdae4b0c264518afd78,PRAYOGIK SOLUTIONS PRIVATE LIMITED,DIPP83052,RECOGNISED,U72900MH2021PTC362788,Validation,Nagpur,Maharashtra,Healthcare & Lifesciences,Healthcare Technology,,,,,OK
60d47a0ee4b0c264518a227b,KIAETO TECH PRIVATE LIMITED,DIPP83009,RECOGNISED,U34100MH2020PTC352497,Prototype,Nagpur,Maharashtra,Renewable Energy,Renewable Energy Solutions,,,,,OK
60cdfc87e4b0c264518816c9,YELLOWS AND WHITES PRIVATE LIMITED,DIPP81982,RECOGNISED,U15122MH2020PTC341613,Prototype,Nagpur,Maharashtra,Food & Beverages,Food Processing,,,,,OK
5b11126ee4b03c10743a8f8e,SOMEBUDDY TECHNOLOGIES LLP,DIPP81895,RECOGNISED,AAJ-8105,Validation,Nagpur,Maharashtra,Construction,New-age Construction Technologies,kreativbricks.com,,,,OK
60cb5ae1e4b0c2645185d0e0,EKIBEKI INDIA PRIVATE LIMITED,DIPP135409,RECOGNISED,U93000MH2019PTC321217,Scaling,Nagpur,Maharashtra,Social Impact,Others,http://ekibeki.com/,,,,OK
60c989bee4b01e72abcf5fa4,INTELLERO TECHNOLOGY AND MANAGEMENT SOLUTIONS PRIVATE LIMITED,DIPP84845,RECOGNISED,U72900MH2021PTC359304,EarlyTraction,Nagpur,Maharashtra,IT Services,IT Management,htp://intellero.com/,,,,OK
60c8378fe4b027c65da238ec,GOLDENVOWS SERVICES PRIVATE LIMITED,DIPP91515,RECOGNISED,U92490MH2021PTC355329,Validation,Nagpur,Maharashtra,Events,Others,www.goldenvows.com,,,,OK
60c4b969e4b027c65d9ff161,TOWARDSINDIA ECOMMERCE PRIVATE LIMITED,DIPP81736,RECOGNISED,U52603MH2020PTC338169,Prototype,Nagpur,Maharashtra,IT Services,IT Management,,,,,OK
60c48115e4b027c65d9fc668,SHIKSHALA ONLINE PRIVATE LIMITED,DIPP81602,RECOGNISED,U72900MH2020PTC341071,Validation,Nagpur,Maharashtra,Education,Education Technology,,,,,OK
60c35c22e4b027c65d9e9c70,ABBTAS BOILERS PRIVATE LIMITED,DIPP98885,RECOGNISED,U11200MH2020PTC342407,Validation,Nagpur,Maharashtra,Technology Hardware,Manufacturing,www.abbtasboilers.com,,,,OK
60c35853e4b027c65d9e9933,NSMentors Private Limited,DIPP81519,RECOGNISED,U72900MH2020PTC342676,Validation,Nagpur,Maharashtra,Education,Education Technology,www.nsmentors.com,,,,OK
60c08446e4b027c65d9d0e79,MINDZCLOUD TECHNOLOGIES PRIVATE LIMITED,DIPP82252,RECOGNISED,U74999MH2016PTC284274,Validation,Nagpur,Maharashtra,Education,E-learning,www.mindzcloud.com,,,,OK
60bf3fd8e4b027c65d9c14b1,ARVIND TECHNO EQUIPMENTS,DIPP94724,RECOGNISED,NG000006603,Prototype,Nagpur,Maharashtra,Education,Education Technology,http://www.arvindtech.net,,,,OK
60be305ee4b027c65d9b02d0,MODCAVE SHELTER TECH PRIVATE LIMITED,DIPP81275,RECOGNISED,U45200MH2021PTC354523,Validation,Nagpur,Maharashtra,Construction,New-age Construction Technologies,https://modcave.in/,,,,OK
60bdd44ce4b027c65d9a786b,SHREE MOHANRAJ INFRA PRIVATE LIMITED,DIPP82789,RECOGNISED,U45400MH2020PTC346441,Scaling,Nagpur,Maharashtra,Construction,Construction & Engineering,,,,,OK
60b4c2c9e4b003351f32cf2f,ACREDIT TECHNOLOGY PRIVATE LIMITED,DIPP94267,RECOGNISED,U72200MH2019PTC327249,Validation,Nagpur,Maharashtra,Finance Technology,Accounting,www.tezbooks.com,,,,OK
60b375cee4b0a22670eb6444,BUILDNATION INFRA PRIVATE LIMITED,DIPP105107,RECOGNISED,U74999MH2021PTC360277,EarlyTraction,Nagpur,Maharashtra,Construction,Construction Materials,,,,,OK
60af5ff7e4b0a22670e856e0,DAAARTS INCORP PRIVATE LIMITED,DIPP86135,RECOGNISED,U51909MH2017PTC298442,Validation,Nagpur,Maharashtra,Renewable Energy,Manufacture of Electrical Equipment,www.daaarts.in,,,,OK
60af4074e4b0a22670e8401e,S K TIWARI,DIPP80915,RECOGNISED,NG000006136,Validation,Nagpur,Maharashtra,Construction,Construction Materials,,,,,OK
60a9f10fe4b0e73e1e61d199,AVADHOOT URJA ABHIYAN LLP,DIPP81004,RECOGNISED,AAI-5280,Scaling,Nagpur,Maharashtra,Renewable Energy,Manufacture of Electrical Equipment,www.aua-l.com,,,,OK
60a8c126e4b0e73e1e6129c0,LOMES ENTERTAINMENTS PRIVATE LIMITED,DIPP81718,RECOGNISED,U74999MH2020PTC345107,Validation,Nagpur,Maharashtra,Media & Entertainment,Entertainment,www.lomesindia.com,,,,OK
60a7df5ee4b0e73e1e609eac,CRESOLV TECH PRIVATE LIMITED,DIPP81869,RECOGNISED,U73200MH2018PTC311710,Prototype,Nagpur,Maharashtra,Human Resources,Training,,,,,OK
60a562dce4b0e73e1e5ecc52,KINGERLY PHARMACEUTICALS PRIVATE LIMITED,DIPP133626,RECOGNISED,U24230MH2021PTC360553,Validation,Nagpur,Maharashtra,Healthcare & Lifesciences,Pharmaceutical,,,,,OK
60a392d6e4b0e73e1e5dd230,Y-IT TECHNO SOLUTIONS LLP,DIPP80686,RECOGNISED,AAU-6925,Validation,Nagpur,Maharashtra,IT Services,Application Development,,,,,OK
609bbd13e4b04486ed6ed2ab,BATBIRD TECHNOLOGY SERVICES PRIVATE LIMITED,DIPP80207,RECOGNISED,U72900MH2021PTC357214,Validation,Nagpur,Maharashtra,IT Services,Application Development,http://Batbird.in,,,,OK
609b5457e4b04486ed6e9af7,INFINIITE INSTITUTE OF TECHNICAL EDUCATION (OPC) PRIVATE LIMITED,DIPP131819,RECOGNISED,U72900MH2020OPC348639,Prototype,Nagpur,Maharashtra,Education,Skill Development,https://www.iite.co.in/,,,,OK
6096d112e4b04486ed6d58b2,JEEVASATVAM FARM FRESH & SOLUTIONS PRIVATE LIMITED,DIPP80176,RECOGNISED,U01409PN2020PTC194452,Validation,Nagpur,Maharashtra,Agriculture,Agri-Tech,http://jeevasatvamfarmfresh.com/index.html,,,,OK
608b7406e4b0d06491db4755,VYANKATESH MEDICARE PRIVATE LIMITED,DIPP79397,RECOGNISED,U24290MH2021PTC359502,Prototype,Nagpur,Maharashtra,Others,Others,Www.VyankateshMedicare.com,,,,OK
60851f85e4b0d2ddc90bf75e,BONDRE GREEN ENERGY PRIVATE LIMITED INDIA,DIPP80652,RECOGNISED,U40106PN2021PTC200448,Prototype,Nagpur,Maharashtra,Renewable Energy,Renewable Energy Solutions,https://www.bondregroups.com/,,,,OK
607fd1cee4b0d2ddc90a0295,TOPS MANAGEMENT RESOURCE SERVICES PRIVATE LIMITED,DIPP79017,RECOGNISED,U74999MH2021PTC357430,Prototype,Nagpur,Maharashtra,Human Resources,Recruitment Jobs,,,,,OK
60797fabe4b0d2ddc907e908,DIASPORA INNOVATIONS PRIVATE LIMITED,DIPP81318,RECOGNISED,U80100MH2019PTC332271,EarlyTraction,Nagpur,Maharashtra,Education,Education Technology,https://www.therightgate.com/,,,,OK
6077e43ce4b0d2ddc906e18b,ABSOLUTE ALLIANCE PRIVATE LIMITED,DIPP78682,RECOGNISED,U51909MH2017PTC292105,Scaling,Nagpur,Maharashtra,Agriculture,Others,,,,,OK
6045b175e4b03f92cbc3530d,NEEDLITE AUTOMATION PRIVATE LIMITED,DIPP78775,RECOGNISED,U29309MH2019PTC329544,Validation,Nagpur,Maharashtra,AR VR (Augmented + Virtual Reality),Others,,,,,OK
60767796e4b0d2ddc906831d,DATALYTICS TECHNOLOGIES PRIVATE LIMITED,DIPP78678,RECOGNISED,U72900MH2020PTC347137,Validation,Nagpur,Maharashtra,Analytics,Business Intelligence,www.datalytics.co.in,,,,OK
60754f6de4b0d2ddc9061ce5,MAULIDHAM INFRA PROJECT SOLUTION PRIVATELIMITED,DIPP82856,RECOGNISED,U70109MH2019PTC327910,Prototype,Nagpur,Maharashtra,Non- Renewable Energy,Oil & Gas Transportation Services,,,,,OK
60740a52e4b0d2ddc9053ede,GOBASKET AGROTECH PRIVATE LIMITED,DIPP78462,RECOGNISED,U01110MH2021PTC355864,Scaling,Nagpur,Maharashtra,Agriculture,Agri-Tech,https://gobasket.org,,,,OK
6073e23de4b0d2ddc90527bf,RecordMetrics LLP,DIPP108396,RECOGNISED,AAW-3915,Validation,Nagpur,Maharashtra,IT Services,IT Consulting,https://recordmetrics.com,,,,OK
5e22764ee4b0978ef9bec6e4,PARODY STUDIOS PRIVATE LIMITED,DIPP78540,RECOGNISED,U72900MH2020PTC352137,EarlyTraction,Nagpur,Maharashtra,AR VR (Augmented + Virtual Reality),Others,https://parodystudios.in,,,,OK
6071f298e4b0d2ddc90427db,PROCOHAT TECHNOLOGIES PRIVATE LIMITED,DIPP97433,RECOGNISED,U74994MH2019PTC320255,EarlyTraction,Nagpur,Maharashtra,IT Services,Application Development,https://procohat.com,,,,OK
60717b4ce4b0d2ddc903f05b,AICPE EDUCATIONAL SERVICES PRIVATE LIMITED,DIPP78749,RECOGNISED,U80904MH2018PTC308606,EarlyTraction,Nagpur,Maharashtra,Education,Skill Development,https://www.aicpeindia.ac.in/,,,,OK
606fffa7e4b0d2ddc90315e0,SENSORS & SYSTEMS INDUSTRIAL SOLUTIONS PRIVATE LIMITED,DIPP79241,RECOGNISED,U74999MH2016PTC286962,Scaling,Nagpur,Maharashtra,Technology Hardware,Manufacturing,,,,,OK
606c5dafe4b0d2ddc9013f90,Ploceus Studio Llp,DIPP118950,RECOGNISED,AAV-4516,Validation,Nagpur,Maharashtra,Architecture Interior Design,Others,www.ploceusstudio.com,,,,OK
606820d4e4b03f92cbd3c145,EVEN HEALTHCARE PRIVATE LIMITED,DIPP78019,RECOGNISED,U85300MH2020PTC345050,Prototype,Nagpur,Maharashtra,Healthcare & Lifesciences,Healthcare Services,https://www.evenhealthcare.com/,,,,OK
606196dde4b03f92cbd07b01,ADWARB LOGISTICS SERVICES (OPC) PRIVATE LIMITED,DIPP92657,RECOGNISED,U60300MH2018OPC318344,Validation,Nagpur,Maharashtra,Transportation & Storage,Freight & Logistics Services,aachalgroup.co.in,,,,OK
60600651e4b03f92cbcff1a6,TECHWALNUT INNOVATIONS LLP,DIPP146041,RECOGNISED,AAM-5306,EarlyTraction,Nagpur,Maharashtra,Internet of Things,Others,www.techwalnut.com,,,,OK
6058a445e4b03f92cbcc4e13,MEMOYO ANIMATION PRIVATE LIMITED,DIPP86965,RECOGNISED,U72900MH2021PTC354341,Prototype,Nagpur,Maharashtra,Animation,Others,https://memoyoanimations.com/,,,,OK
6055a9a7e4b03f92cbcb3cf2,CROPDATA TECHNOLOGY PRIVATE LIMITED,DIPP77048,RECOGNISED,U72900MH2016PTC273618,Scaling,Nagpur,Maharashtra,Agriculture,Agri-Tech,www.cropdata.in,,,,OK
60534f2ee4b03f92cbc9f06b,AMLAVAHINI SOLUTIONS PRIVATE LIMITED,DIPP76837,RECOGNISED,U36999MH2018PTC307061,Scaling,Nagpur,Maharashtra,Chemicals,Specialty Chemicals,,,,,OK
605221fee4b03f92cbc93648,ALERA CONSULTING SERVICES PRIVATE LIMITED,DIPP99057,RECOGNISED,U72900MH2021PTC355519,Prototype,Nagpur,Maharashtra,IT Services,IT Consulting,www.alera.in,,,,OK
604f4420e4b03f92cbc80127,Smart Hygeia,DIPP76956,RECOGNISED,NG000001922,EarlyTraction,Nagpur,Maharashtra,Healthcare & Lifesciences,Health & Wellness,,,,,OK
604f2a50e4b03f92cbc7e7d9,NAVHAR FUELS PRIVATE LIMITED,DIPP80913,RECOGNISED,U50400MH2021PTC355840,Prototype,Nagpur,Maharashtra,Non- Renewable Energy,Oil & Gas Transportation Services,,,,,OK
604f19a1e4b03f92cbc7c6b5,YUKHTA FUEL PRIVATE LIMITED,DIPP76668,RECOGNISED,U50400MH2021PTC355206,Prototype,Nagpur,Maharashtra,Non- Renewable Energy,Oil & Gas Transportation Services,,,,,OK
604efbe3e4b03f92cbc7b458,KESAR GATEWAY PRIVATE LIMITED,DIPP83177,RECOGNISED,U45309MH2021PTC353612,Prototype,Nagpur,Maharashtra,Real Estate,Others,,,,,OK
604ef950e4b03f92cbc7b2ec,KESAR NATURALS PRIVATE LIMITED,DIPP83105,RECOGNISED,U51909MH2020PTC347803,Validation,Nagpur,Maharashtra,Fashion,Lifestyle,,,,,OK
604e100de4b03f92cbc75ad7,COGNIZANCE IT SOLUTIONS PRIVATE LIMITED,DIPP80156,RECOGNISED,U72900UP2020PTC135114,EarlyTraction,Nagpur,Maharashtra,IT Services,IT Consulting,www.cognizance.co.in,,,,OK
604c6bece4b03f92cbc69983,KESAR GROUP PRIVATE LIMITED,DIPP76621,RECOGNISED,U74999MH2020PTC351426,Scaling,Nagpur,Maharashtra,Construction,Construction & Engineering,,,,,OK
604a2f5ce4b03f92cbc58a53,AGRODIA ENTERPRISES LIMITED LIABILITY PARTNERSHIP,DIPP100615,RECOGNISED,AAT-6447,Scaling,Nagpur,Maharashtra,Agriculture,Others,,,,,OK
6048db58e4b03f92cbc4f423,SATH STRATEGIC SERVICES PRIVATE LIMITED,DIPP137844,RECOGNISED,U72900MH2021PTC353534,EarlyTraction,Nagpur,Maharashtra,Human Resources,Talent Management,,,,,OK
6048895ae4b03f92cbc4bd36,ADI MANTRA FOODS PRIVATE LIMITED,DIPP75972,RECOGNISED,U15400MH2020PTC347381,Prototype,Nagpur,Maharashtra,Food & Beverages,Food Processing,,,,,OK
60475202e4b03f92cbc435f6,XLIX INFOTECH PRIVATE LIMITED,DIPP79383,RECOGNISED,U72501MH2017PTC296994,Validation,Nagpur,Maharashtra,Transportation & Storage,Others,,,,,OK
6041ee44e4b03f92cbc23013,Gunjan Surgical Industries,DIPP82127,RECOGNISED,NG000006524,EarlyTraction,Nagpur,Maharashtra,Healthcare & Lifesciences,Others,,,,,OK
603634dae4b087332c693e1d,AUR Consultant,DIPP78499,RECOGNISED,NG000003283,EarlyTraction,Nagpur,Maharashtra,Professional & Commercial Services,Business Support Supplies,www.aurconsultant.com,,,,OK
602f79a3e4b017a8daece20d,DATUM CONCRETE PIPES PRIVATE LIMITED,DIPP76087,RECOGNISED,U25209MH2020PTC338915,Scaling,Nagpur,Maharashtra,Construction,Construction Materials,,,,,OK
602f72eae4b017a8daecdf08,VIDARBHA EMPLOYMENT SERVICE PRIVATE LIMITED,DIPP77434,RECOGNISED,U74999MH2021PTC354670,Prototype,Nagpur,Maharashtra,Human Resources,Recruitment Jobs,,,,,OK
602e78dae4b017a8daec865b,Saur Neer Technologies,DIPP75616,RECOGNISED,NG000006411,Validation,Nagpur,Maharashtra,Green Technology,Clean Tech,www.saurneer.in,,,,OK
602a469ce4b07bc22e791a8f,RAYCURA MEDICAL TECHNOLOGIES PRIVATE LIMITED,DIPP76255,RECOGNISED,U33309MH2021PTC353794,Prototype,Nagpur,Maharashtra,Healthcare & Lifesciences,Medical Devices Biomedical,www.raycura.com,,,,OK
602795c1e4b07bc22e783697,SAI BIOSYSTEMS PRIVATE LIMITED,DIPP76374,RECOGNISED,U74999MH2015PTC269925,Scaling,Nagpur,Maharashtra,Biotechnology,Others,www.saibiosystems.com,,,,OK
602620fde4b07bc22e77a3bb,GoodFaith Pharma IMPEX,DIPP75458,RECOGNISED,MH20E0083084,Scaling,Nagpur,Maharashtra,Healthcare & Lifesciences,Pharmaceutical,www.goodfaithexim.com,,,,OK
6024d5d5e4b07bc22e770e5a,INTELLECTUAL COOLIE LLP,DIPP78558,RECOGNISED,AAV-8291,EarlyTraction,Nagpur,Maharashtra,Professional & Commercial Services,Business Support Supplies,http://intellectualcoolie.com/index.html,,,,OK
6023e2f8e4b07bc22e76c563,CLIDE MANAGEMENT CONSULTANCY PRIVATE LIMITED,DIPP75591,RECOGNISED,U74999MH2012PTC229470,Validation,Nagpur,Maharashtra,Safety,Others,https://clideg.clideoffice.com/,,,,OK
6023a443e4b07bc22e76ae74,DRISHTIKIDS PRIVATE LIMITED,DIPP76165,RECOGNISED,U80903MH2020PTC352595,Validation,Nagpur,Maharashtra,Education,E-learning,,,,,OK
60221672e4b07bbc25b9d39b,VARDAAN BIO ENERGIES PRIVATE LIMITED,DIPP74998,RECOGNISED,U23200MH2021PTC353755,Prototype,Nagpur,Maharashtra,Non- Renewable Energy,Oil & Gas Transportation Services,,,,,OK
6020ffcee4b07bbc25b95cdc,MINTREE COSMETICS PRIVATE LIMITED,DIPP75006,RECOGNISED,U24290MH2020PTC339606,Prototype,Nagpur,Maharashtra,Healthcare & Lifesciences,Health & Wellness,,,,,OK
6020f58be4b07bbc25b9555c,QURIOO EDUSOLUTIONS PRIVATE LIMITED,DIPP75568,RECOGNISED,U80900MH2020PTC349706,EarlyTraction,Nagpur,Maharashtra,Education,E-learning,https://www.qurioo.com,,,,OK
6020e920e4b07bbc25b94e44,BANSOD FUEL ENERGY SOLUTION PRIVATE LIMITED,DIPP75164,RECOGNISED,U50500MH2021PTC354273,Prototype,Nagpur,Maharashtra,Non- Renewable Energy,Oil & Gas Transportation Services,,,,,OK
601cee52e4b07bbc25b7fe16,AMIGOESTECH LLP,DIPP74728,RECOGNISED,AAT-9621,EarlyTraction,Nagpur,Maharashtra,IT Services,Product Development,http://www.amigoestech.com/,,,,OK
601a8ea6e4b07bbc25b710c2,SABHA DIGITAL PRIVATE LIMITED,DIPP75296,RECOGNISED,U80902MH2020PTC348716,Prototype,Nagpur,Maharashtra,IT Services,Others,,,,,OK
6013f3dbe4b00171cb728a1c,COMETE LEARNING PRIVATE LIMITED,DIPP74301,RECOGNISED,U80900PN2020PTC195893,EarlyTraction,Nagpur,Maharashtra,Education,Coaching,,,,,OK
600bd9dce4b06d1acbcb3e2b,MOTORODI AUTOMOBILE SERVICES PRIVATE LIMITED,DIPP74361,RECOGNISED,U50100MH2016PTC288952,EarlyTraction,Nagpur,Maharashtra,Automotive,Others,www.motorodi.com,,,,OK
600a9f3be4b0c081f74bd44c,WAGEV ELECTRIC VEHICLES MANUFACTURING PRIVATE LIMITED,DIPP73905,RECOGNISED,U34300MH2020PTC347772,Prototype,Nagpur,Maharashtra,Automotive,Others,https://wag-ev.com/,,,,OK
600a8769e4b0c081f74bc7e7,OCRE8 TECHNOLOGIES PRIVATE LIMITED ,DIPP75887,RECOGNISED,U74999MH2020PTC352437,Prototype,Nagpur,Maharashtra,Social Network,Others,www.ocre8technologies.com,,,,OK
6007f60de4b0c081f74aa17f,LOGROW TECHNOLOGIES LLP,DIPP74127,RECOGNISED,AAT-8025,Prototype,Nagpur,Maharashtra,Retail,Social Commerce,https://www.logrow.in,,,,OK
6007e561e4b0c081f74a9b81,CESMEC PRIVATE LIMITED,DIPP73701,RECOGNISED,U45309MH2016PTC284547,Prototype,Nagpur,Maharashtra,Construction,New-age Construction Technologies,www.cesmecindia.com,,,,OK
6007d9a4e4b0c081f74a975f,NEXT TRACK ENGINEERING PRIVATE LIMITED,DIPP74034,RECOGNISED,U74994MH2018PTC318408,Prototype,Nagpur,Maharashtra,Others,Others,https://nextrack.in/,,,,OK
6007d4d3e4b0c081f74a959c,PRIMUS SAM PRIVATE LIMITED,DIPP74859,RECOGNISED,U10300MH2020PTC349694,EarlyTraction,Nagpur,Maharashtra,Professional & Commercial Services,Business Support Services,www.primuslab.in,,,,OK
6007c2a1e4b0c081f74a8f43,VIVIFYING PRIVATE LIMITED,DIPP92394,RECOGNISED,U85300MH2021PTC358190,Validation,Nagpur,Maharashtra,Healthcare & Lifesciences,Healthcare Services,,,,,OK
6007bd31e4b0c081f74a8d92,DIAGNO ON MEDICAL &amp; DIAGNOSTICS SERVICESINDIA PRIVATE LIMITED,DIPP73711,RECOGNISED,U85100PN2020PTC192637,Prototype,Nagpur,Maharashtra,Healthcare & Lifesciences,Healthcare Technology,www.diagnoon.com,,,,OK
60067985e4b0c081f74a3d2f,SOMPANACEA INDUSTRIES PRIVATE LIMITED,DIPP80285,RECOGNISED,U26990MH2020PTC343742,Prototype,Nagpur,Maharashtra,Aeronautics Aerospace & Defence,Defence Equipment,,,,,OK
60045f0be4b0c081f7499b8a,NATTY & CANNY PRIVATE LIMITED,DIPP77914,RECOGNISED,U17110MH2020PTC343497,EarlyTraction,Nagpur,Maharashtra,Retail,Retail Technology,www.walkingwardrobe.in,,,,OK
60003617e4b0c081f7481081,STREAMFIX BUSINESS MANAGEMENT PRIVATE LIMITED,DIPP74862,RECOGNISED,U74140MH2020PTC352201,EarlyTraction,Nagpur,Maharashtra,Human Resources,Others,www.streamfix.in,,,,OK
5b1e42e9e4b04f0864e1b102,CONFEDERATION OF INDIAN INNOVATORS AND INCUBATORS,DIPP74822,RECOGNISED,U80902MH2020NPL348385,EarlyTraction,Nagpur,Maharashtra,Social Network,Others,ciii.in,,,,OK
5fffeaaee4b0c081f747f58e,TRAWORK LLP,DIPP74175,RECOGNISED,AAS-1447,Prototype,Nagpur,Maharashtra,Travel & Tourism,Facility Management,https://www.trawork.in/,,,,OK
5ffc64d5e4b0c081f746c63e,MAXVOLT SOLAR PRIVATE LIMITED,DIPP73793,RECOGNISED,U74999MH2018PTC315266,Validation,Nagpur,Maharashtra,Renewable Energy,Renewable Solar Energy,WWW.MAXVOLTSOLAR.COM,,,,OK
5ffc2925e4b0c081f746ad26,OECO HEALTHCARE PRIVATE LIMITED,DIPP73744,RECOGNISED,U24230MH2020PTC352027,Validation,Nagpur,Maharashtra,Others,Others,,,,,OK
5ff865c9e4b0c081f7458eff,STUDILY LEARNING TECHNOLOGIES PRIVATE LIMITED,DIPP78675,RECOGNISED,U80902PN2021PTC200224,Validation,Nagpur,Maharashtra,Education,Education Technology,studily.xyz,,,,OK
5ff6e5bce4b072ce664206c4,SPRASAD INFRASTRUCTURE AND SERVICES PRIVATE LIMITED,DIPP74289,RECOGNISED,U45201MH2020PTC352745,Prototype,Nagpur,Maharashtra,Construction,Construction & Engineering,,,,,OK
5ff57d7de4b072ce66417874,PRAGAMANA PRIVATE LIMITED,DIPP78670,RECOGNISED,U72900MH2020PTC352656,Validation,Nagpur,Maharashtra,Enterprise Software,Cloud,https://www.pragamana.com/,,,,OK
5ff3eb49e4b072ce6640f877,JYVIKA VENTURES PRIVATE LIMITED,DIPP76587,RECOGNISED,U85300MH2020PTC352649,Validation,Nagpur,Maharashtra,Healthcare & Lifesciences,Health & Wellness,,,,,OK
5ff2eb74e4b072ce6640c622,E-TANTRASHALA LLP,DIPP73004,RECOGNISED,AAU-0828,Prototype,Nagpur,Maharashtra,Enterprise Software,Customer Support,,,,,OK
5ff2e9c4e4b072ce6640c377,YCIVIL TECH SOLUTIONS LLP,DIPP80428,RECOGNISED,AAU-1418,Prototype,Nagpur,Maharashtra,Construction,Construction & Engineering,,,,,OK
5ff2e370e4b072ce6640bcea,BIOS INNOVATIVE HEALTHCARE SOLUTIONS PRIVATE LIMITED,DIPP73002,RECOGNISED,U72501MH2019PTC320086,Validation,Nagpur,Maharashtra,Healthcare & Lifesciences,Others,http://biosinnovations.com/,,,,OK
5fec4f4fe4b072ce663ecd90,GREENCROPAGROTECH PRIVATE LIMITED,DIPP73888,RECOGNISED,U01100MH2020PTC342410,Prototype,Nagpur,Maharashtra,Marketing,Sales,WWW.GCAPVT.COM,,,,OK
5fe8cb30e4b0db7e4f388358,WEREHAB TECHNOLOGIES PRIVATE LIMITED,DIPP77623,RECOGNISED,U85300MH2020PTC351417,Prototype,Nagpur,Maharashtra,Healthcare & Lifesciences,Healthcare Services,https://www.werehabtech.com/,,,,OK
5fe700ace4b0db7e4f37ddd2,EPRAYOSHI EQUIPMENT LLP,DIPP84460,RECOGNISED,AAU-0708,Prototype,Nagpur,Maharashtra,Internet of Things,Smart Home,,,,,OK
5fe350c9e4b0db7e4f369c6e,DDAARC PICKUP SERVICES PRIVATE LIMITED,DIPP89366,RECOGNISED,U64203MH2021PTC362366,Prototype,Nagpur,Maharashtra,Logistics,Others,www.apoux.com,,,,OK
5fe18b0ee4b0db7e4f35cfaa,Radium Technologies,DIPP72493,RECOGNISED,NG000006190,Prototype,Nagpur,Maharashtra,Technology Hardware,Electronics,www.radiumtechnologies.in,,,,OK
5fe0d5d7e4b0db7e4f3587db,Eliot Technologies ,DIPP72789,RECOGNISED,NG000005917,Prototype,Nagpur,Maharashtra,Technology Hardware,Electronics,www.eliottechnologies.com,,,,OK
5fdd9732e4b02aea237980c8,LITTI CHOKHA INN FOODS PRIVATE LIMITED,DIPP86116,RECOGNISED,U15400PN2020PTC193068,EarlyTraction,Nagpur,Maharashtra,Food & Beverages,Food Technology/Food Delivery,,,,,OK
5fd89203e4b0776e0c55a715,KREO CAPITAL PRIVATE LIMITED,DIPP72226,RECOGNISED,U65999MH2018PTC307425,Prototype,Nagpur,Maharashtra,Finance Technology,Advisory,https://kreocapital.com/,,,,OK
5fd5f00fe4b0da94c37c6bb0,ANS ENTERPRISES DIESELWALA PRIVATE LIMITED,DIPP74438,RECOGNISED,U50400MH2020PTC351123,Validation,Nagpur,Maharashtra,Non- Renewable Energy,Oil & Gas Transportation Services,,,,,OK
5fd5b226e4b0da94c37c4912,LATHIWALA DOORSTEP FUEL DELIVERY PRIVATELIMITED,DIPP73465,RECOGNISED,U51909MH2020PTC347756,Prototype,Nagpur,Maharashtra,Non- Renewable Energy,Oil & Gas Transportation Services,,,,,OK
5fd0ab1de4b0da94c37ab914,ANURAG FUEL'S LLP,DIPP71921,RECOGNISED,AAU-4693,Prototype,Nagpur,Maharashtra,Non- Renewable Energy,Oil & Gas Transportation Services,,,,,OK
5fcf4886e4b03d376f005727,DARKROOM POETS EDUTECH PRIVATE LIMITED,DIPP71913,RECOGNISED,U80903PN2020PTC190630,Validation,Nagpur,Maharashtra,Education,E-learning,https://www.unboxingart.in/,,,,OK
5fc1de15e4b016b44cb3de01,GoBasket Agrotech Private Limited,DIPP78462,RECOGNISED,,Scaling,Nagpur,Maharashtra,Agriculture,Agri-Tech,https://gobasket.org,,,,OK
5fbe1f81e4b016b44cb2aae4,Oyster Technocon,DIPP113091,RECOGNISED,27AAHFO1666K1ZW,Validation,Nagpur,Maharashtra,Agriculture,Food Processing,https://oystertechnocon.com,,,,OK
5fb8c397e4b0dca0779d11c3,ARYY TECHNOLOGY SOLUTIONS LLP,DIPP71451,RECOGNISED,AAU-0834,Scaling,Nagpur,Maharashtra,Professional & Commercial Services,Business Support Services,,,,,OK
5fb8bac0e4b0dca0779d0c9c,PRECISURG PRIVATE LIMITED,DIPP71450,RECOGNISED,U33119PN2019PTC185636,Validation,Nagpur,Maharashtra,Healthcare & Lifesciences,Biotechnology,precisurg.co.in,,,,OK
5fb29bd8e4b01f96edfb30dd,Movench,DIPP71419,RECOGNISED,U74999MH2020PTC350165,EarlyTraction,Nagpur,Maharashtra,Human Resources,Talent Management,www.movench.com ,,,,OK
5faa53a0e4b01f96edf8bc36,SWAMI ENTERPRISES,DIPP82871,RECOGNISED,NG000006479,Prototype,Nagpur,Maharashtra,Healthcare & Lifesciences,Medical Devices Biomedical,,,,,OK
5faa321ce4b01f96edf8a6cc,THAKRE ENGINEERING AND SERVICES PRIVATE LIMITED,DIPP129551,RECOGNISED,U45203MH2020PTC346473,Validation,Nagpur,Maharashtra,Construction,Construction & Engineering,,,,,OK
5f9fb32fe4b08c3f816ffac9,SHRIANJANEY ENTERPRISES PRIVATE LIMITED,DIPP73470,RECOGNISED,U74999MH2020PTC348690,Prototype,Nagpur,Maharashtra,Non- Renewable Energy,Oil & Gas Transportation Services,,,,,OK
5dd51c52e4b0d37703ee06e2,MECHFARM EQUIPMENT LLP,DIPP70868,RECOGNISED,AAS-2214,Validation,Nagpur,Maharashtra,Agriculture,Agri-Tech,,,,,OK
5f97a64fe4b057de9124d963,DIGIMAX INNOVATIONS LLP,DIPP70795,RECOGNISED,AAT-6526,Validation,Nagpur,Maharashtra,Advertising,AdTech,,,,,OK
5f9690b1e4b073af970419b9,SHAKTIMAAN SOLAR LLP,DIPP70809,RECOGNISED,AAT-2533,Scaling,Nagpur,Maharashtra,Renewable Energy,Renewable Solar Energy,www.shaktimaansolar.com,,,,OK
5bc02588e4b0456dd53c90ab,1DOSE LLP,DIPP71090,RECOGNISED,AAT-8967,Prototype,Nagpur,Maharashtra,Healthcare & Lifesciences,Health & Wellness,www.1dose.in,,,,OK
5f9401bee4b03d32765a571c,LALAMART TECHNOLOGIES PRIVATE LIMITED,DIPP70843,RECOGNISED,U72900MH2020PTC339920,Prototype,Nagpur,Maharashtra,IT Services,Others,,,,,OK
5f929121e4b03d32765a00f1,ARTIBUNO PRIVATE LIMITED,DIPP70699,RECOGNISED,U92412MH2019PTC328654,EarlyTraction,Nagpur,Maharashtra,Social Network,Others,,,,,OK
5f917d6ee4b03d327659b78e,SVARUPAM ONG PRIVATE LIMITED,DIPP70685,RECOGNISED,U51496MH2020PTC347849,Prototype,Nagpur,Maharashtra,Non- Renewable Energy,Oil & Gas Transportation Services,,,,,OK
5f9143b5e4b03d327659928e,AUTO SAFE INDUSTRIES PRIVATE LIMITED,DIPP70723,RECOGNISED,U29100MH2014PTC254274,EarlyTraction,Nagpur,Maharashtra,Technology Hardware,Electronics,,,,,OK
5f86abb4e4b0cbc0da8207c5,PRARAJ FUELS PRIVATE LIMITED,DIPP70324,RECOGNISED,U50500MH2020PTC347327,EarlyTraction,Nagpur,Maharashtra,Non- Renewable Energy,Oil & Gas Transportation Services,,,,,OK
5f81a13ae4b0cbc0da80ff14,BINGE ARTISAN HANDCRAFTED CHOCOLATE LLP,DIPP71872,RECOGNISED,AAU-0074,Prototype,Nagpur,Maharashtra,Food & Beverages,Food Processing,https://www.thebinge.in/,,,,OK
5f7ef2bfe4b0cbc0da807afa,TNB FOODS PRIVATE LIMITED,DIPP69853,RECOGNISED,U51909MH2020PTC347034,Validation,Nagpur,Maharashtra,Other Specialty Retailers,Home Improvement Products & Services Retailers,https://www.thenaturesbowl.com,,,,OK
5f7dfd9fe4b0cbc0da80518f,AARSHIV SOLAR ENERGY AND IT SOLUTIONS PRIVATE LIMITED,DIPP69792,RECOGNISED,U74999MH2019PTC322833,EarlyTraction,Nagpur,Maharashtra,Renewable Energy,Renewable Solar Energy,www.aarshiv.com,,,,OK
5f7c452ae4b0cbc0da7ff24f,MINERAL DROP INTERNATIONAL PRIVATE LIMITED,DIPP69661,RECOGNISED,U29309MH2020PTC347139,EarlyTraction,Nagpur,Maharashtra,Healthcare & Lifesciences,Health & Wellness,,,,,OK
5f785070e4b0cbc0da7f3bfc,INQUILIFE PRODUCTS PRIVATE LIMITED,DIPP69454,RECOGNISED,U74999PN2018PTC175290,Validation,Nagpur,Maharashtra,Technology Hardware,Manufacturing,,,,,OK
5f72daf8e4b0cbc0da7e0a98,YOUBOTICS INNOVATIONS PRIVATE LIMITED,DIPP69114,RECOGNISED,U72900MH2020PTC345875,EarlyTraction,Nagpur,Maharashtra,AI,NLP,https://www.youbotics.in,,,,OK
5f6dd7d0e4b063729925e487,GIRLSCRIPT TECHNOLOGIES PRIVATE LIMITED,DIPP68833,RECOGNISED,U80900PN2020PTC191349,EarlyTraction,Nagpur,Maharashtra,Education,E-learning,https://gsyay.com,,,,OK
5f6d8e3fe4b063729925bc71,RIDDHIMANN TECHNOLOGIES PRIVATE LIMITED,DIPP68793,RECOGNISED,U93000MH2020PTC341386,Validation,Nagpur,Maharashtra,Fashion,Jewellery,https://mysoniji.com/,,,,OK
5f6c37b2e4b0637299257847,ZARA INFRA CONSTRUCTION LLP,DIPP68695,RECOGNISED,AAM-4489,Validation,Nagpur,Maharashtra,Construction,Construction & Engineering,,,,,OK
5f6af778e4b063729925337c,MEGA PETROLEUMS LLP,DIPP68621,RECOGNISED,AAT-6934,Prototype,Nagpur,Maharashtra,Non- Renewable Energy,Oil & Gas Transportation Services,http://megapetroleums.in.net/,,,,OK
5f69f154e4b063729924f2e1,SKT WEB THEMES PRIVATE LIMITED,DIPP68592,RECOGNISED,U74900MH2018PTC308230,Scaling,Nagpur,Maharashtra,IT Services,Web Development,https://www.sktthemes.org,,,,OK
5f67066ee4b0637299244835,SP CRANES PRIVATE LIMITED,DIPP68417,RECOGNISED,U29253MH2015PTC260674,Scaling,Nagpur,Maharashtra,Design,Industrial Design,,,,,OK
5f65ccc7e4b063729924216b,MOFUEL ENERGY PRIVATE LIMITED,DIPP68381,RECOGNISED,U50400MH2020PTC345971,Prototype,Nagpur,Maharashtra,Non- Renewable Energy,Oil & Gas Exploration and Production,,,,,OK
5f60c621e4b094dd1b6727d6,MACHLAB-DSB ELEVATOR AND ELECTRICAL/ELEC TRONICS MANUFACTURING LLP,DIPP129387,RECOGNISED,AAT-5912,Validation,Nagpur,Maharashtra,Technology Hardware,Electronics,http://machlabdsb.com/,,,,OK
5f5f2f8ce4b094dd1b66cdad,4 PILLARS POWERTECH LLP,DIPP67918,RECOGNISED,AAQ-1796,Prototype,Nagpur,Maharashtra,Construction,New-age Construction Technologies,,,,,OK
5f5f16fbe4b094dd1b66c51e,TECHYUGA STRUCTURAL SOLUTIONS PRIVATE LIMITED,DIPP67901,RECOGNISED,U93030MH2013PTC239881,Validation,Nagpur,Maharashtra,Construction,New-age Construction Technologies,,,,,OK
5f5c7f41e4b094dd1b664d8c,UCOB100 BIOENERGY PRIVATE LIMITED,DIPP67782,RECOGNISED,U24111MH2020PTC337311,EarlyTraction,Nagpur,Maharashtra,Renewable Energy,Renewable Energy Solutions,http://ucob100.com/,,,,OK
5a79325fe4b06555f9f142a8,VARTIKA ENTERTAINMENT &amp; HOSPITALITY (OPC) PRIVATE LIMITED,DIPP67301,RECOGNISED,U74999MH2017OPC293117,EarlyTraction,Nagpur,Maharashtra,Internet of Things,Manufacturing & Warehouse,,,,,OK
5f55ccdbe4b0765cdabe48fd,ARYODAYA GREENFIELDS PRIVATE LIMITED,DIPP67285,RECOGNISED,U01100MH2016PTC283020,Prototype,Nagpur,Maharashtra,Food & Beverages,Food Processing,,,,,OK
5f4396d1e4b07b91e4409601,ACES ECOSPHERE LLP,DIPP66314,RECOGNISED,AAT-2211,Validation,Nagpur,Maharashtra,Healthcare & Lifesciences,Health & Wellness,http://www.arogyasewa.in/,,,,OK
5f378719e4b0b0f1fd25a1dc,AMPHAN TECHNOLOGIES PRIVATE LIMITED,DIPP65700,RECOGNISED,U01100MH2020PTC343292,Scaling,Nagpur,Maharashtra,Agriculture,Agri-Tech,http://neovantium.com,,,,OK
5b14f13de4b03c10743ae53f,SHREEM INFRATECH ,DIPP87577,RECOGNISED,NG000006688,EarlyTraction,Nagpur,Maharashtra,Construction,Construction & Engineering,https://www.shreeminfratech.com/,,,,OK
5f312089e4b0703cc734112a,CANVASS CLINICAL RESEARCH SERVICES PRIVATE LIMITED,DIPP67109,RECOGNISED,U73100MH2019PTC321831,Scaling,Nagpur,Maharashtra,Healthcare & Lifesciences,Healthcare Services,http://ccrsindia.com/,,,,OK
5f27ed35e4b07d8d9dc1015e,CALIBER ENGINEERING LLP,DIPP64856,RECOGNISED,AAJ-1200,EarlyTraction,Nagpur,Maharashtra,Non- Renewable Energy,Oil Related Services and Equipment,,,,,OK
5f254e1be4b07d8d9dc0b354,ACREBEES GREEN AGRO PRIVATE LIMITED,DIPP64773,RECOGNISED,U01100MH2020PTC342227,Prototype,Nagpur,Maharashtra,Food & Beverages,Food Processing,,,,,OK
5f228edce4b0610341e9bb52,UNISYS TELEINFRA PRIVATE LIMITED,DIPP64616,RECOGNISED,U74999MH2015PTC270401,Scaling,Nagpur,Maharashtra,Telecommunication & Networking,Network Technology Solutions,,,,,OK
5f19573be4b061073958ca5b,Smart Touch Services,DIPP64143,RECOGNISED,NG000005655,EarlyTraction,Nagpur,Maharashtra,House-Hold Services,Home Care,http://www.smarttouchservices.com,,,,OK
5f1598d6e4b08a4759a640c0,PRESINUS PHARMACEUTICALS PRIVATE LIMITED,DIPP63928,RECOGNISED,U74999MH2016PTC284588,Prototype,Nagpur,Maharashtra,Healthcare & Lifesciences,Pharmaceutical,,,,,OK
5f117719e4b08a4759a57da0,SAZO MANAGEMENT PRIVATE LIMITED,DIPP63754,RECOGNISED,U74900PN2020PTC191402,EarlyTraction,Nagpur,Maharashtra,Human Resources,Skills Assessment,http://www.sazompl.in,,,,OK
5f102716e4b08a4759a550d8,JOBARA FOODS PRIVATE LIMITED,DIPP63676,RECOGNISED,U85320MH2019PTC335001,Validation,Nagpur,Maharashtra,Food & Beverages,Food Processing,www.therightfood.in,,,,OK
5f09ee56e4b08a4759a434a3,ROYALSMARQUE PRIVATE LIMITED,DIPP63380,RECOGNISED,U34100MH2020PTC338218,Validation,Nagpur,Maharashtra,Automotive,Auto & Truck Manufacturers,,,,,OK
5f0094e2e4b022bc24f9d2f8,XPRENZA ROBOTICS PRIVATE LIMITED,DIPP62963,RECOGNISED,U72200MH2020PTC340706,Prototype,Nagpur,Maharashtra,Robotics,Robotics Application,https://www.xprenza.com/,,,,OK
5efdcdc5e4b022bc24f96134,FULZ TECHNOLOGIES PRIVATE LIMITED,DIPP62862,RECOGNISED,U74999MH2016PTC280290,EarlyTraction,Nagpur,Maharashtra,Analytics,Big Data,https://fulztech.com,,,,OK
5ef5f4c0e4b022bc24f7f07a,CRYPTMONK SOFTWARE SOLUTIONS PRIVATE LIMITED,DIPP62553,RECOGNISED,U72900MH2017PTC303137,EarlyTraction,Nagpur,Maharashtra,IT Services,Application Development,,,,,OK
5ef46af4e4b022bc24f7a833,Cojag Smart Technology Private Limited,DIPP111832,RECOGNISED,U72900MH2016PTC287828,Scaling,Nagpur,Maharashtra,Others,Others,http://cojagtech.com/,,,,OK
5ef30287e4b054aba4c150b3,DICUL AM PRIVATE LIMITED,DIPP62337,RECOGNISED,U33111PN2020PTC191269,EarlyTraction,Nagpur,Maharashtra,Healthcare & Lifesciences,Medical Devices Biomedical,https://lucidimplants.com/,,,,OK
5eef704be4b0935c8cebfcac,BRAINIEST DIGITAL PLATFORM PRIVATE LIMITED,DIPP62204,RECOGNISED,U72900MH2020PTC340358,Prototype,Nagpur,Maharashtra,Education,E-learning,https://www.brainyguru.in,,,,OK
5eeb1b93e4b0fd41a3a5ab4f,Nidhi Play System Private Limited,DIPP108967,RECOGNISED,U29299MH2019PTC324814,Scaling,Nagpur,Maharashtra,Toys and Games,Physical Toys and Games,www.nidhiplaysystem.com,,,,OK
5edb66eee4b054cc0b13bc61,AVITERIUM IMMUNOLOGY PRIVATE LIMITED,DIPP61328,RECOGNISED,U24290MH2020PTC340133,Prototype,Nagpur,Maharashtra,Pets & Animals,Others,,,,,OK
5ed5033be4b054cc0b12de03,FALCONEX SHIPPING AND LOGISTIX SOLUTIONS LLP,DIPP74800,RECOGNISED,AAV-2500,Scaling,Nagpur,Maharashtra,Logistics,Others,www.falconexlogistix.com,,,,OK
5ecf7b9ce4b054cc0b122b88,AUTER INDUSTRY PRIVATE LIMITED,DIPP60860,RECOGNISED,U50200MH2020PTC338398,EarlyTraction,Nagpur,Maharashtra,Green Technology,Clean Tech,,,,,OK
5eccdb90e4b054cc0b11ece7,ISORROPIA STRUCTURES PRIVATE LIMITED,DIPP60720,RECOGNISED,U74999MH2018PTC308922,EarlyTraction,Nagpur,Maharashtra,Architecture Interior Design,Others,www.isorropia.in,,,,OK
5ecbbf8ee4b054cc0b11d4fd,SICRAMA INFOTECH PRIVATE LIMITED,DIPP60645,RECOGNISED,U72900MH2020PTC339669,Prototype,Nagpur,Maharashtra,IT Services,Application Development,,,,,OK
5ec79ac3e4b03e7099593959,SUNSISTY DCS VENTURES PRIVATE LIMITED,DIPP60710,RECOGNISED,U01100MH2020PTC339787,Validation,Nagpur,Maharashtra,Agriculture,Organic Agriculture,,,,,OK
5ec79036e4b03e7099593836,SAMVARU TECHNOSOL LLP,DIPP66317,RECOGNISED,AAP-6904,Prototype,Nagpur,Maharashtra,Healthcare & Lifesciences,Healthcare IT,www.quotemysurgery.com,,,,OK
5ec28254e4b072672dd93675,HEALTHCOCO TECHNOLOGIES PRIVATE LIMITED,DIPP60499,RECOGNISED,U72900MH2015PTC264915,EarlyTraction,Nagpur,Maharashtra,Healthcare & Lifesciences,Healthcare Technology,www.healthcoco.com,,,,OK
5ec24963e4b072672dd92c9d,ASN WASTE MANAGEMENT SERVICES PRIVATE LIMITED,DIPP60608,RECOGNISED,U93090MH2018PTC310837,Validation,Nagpur,Maharashtra,Green Technology,Waste Management,https://asn-waste-management-pvt-ltd.business.site/,,,,OK
5ec00b7ae4b072672dd90446,ADITI GREENTECH INDIA PRIVATE LIMITED,DIPP60376,RECOGNISED,U29309MH2020PTC337380,Prototype,Nagpur,Maharashtra,Agriculture,Food Processing,www.adititech.in,,,,OK
5ebe9f97e4b092c4326099b3,DHRUV DAGA PROFESSIONAL LEARNING PRIVATELIMITED,DIPP60345,RECOGNISED,U80902MH2019PTC333657,EarlyTraction,Nagpur,Maharashtra,Education,E-learning,www.dhruvdaga.in,,,,OK
5ebe2dede4b092c432608764,WHITECLIFF FIRE SAFETY GUARD AND ENTERPRISES PRIVATE LIMITED,DIPP60304,RECOGNISED,U93090MH2019PTC323150,Prototype,Nagpur,Maharashtra,Professional & Commercial Services,Business Support Services,,,,,OK
5ebc18d1e4b03b2ccef3a7b0,CURO BIOSCIENCES PRIVATE LIMITED,DIPP70563,RECOGNISED,U85300MH2019PTC329302,EarlyTraction,Nagpur,Maharashtra,Healthcare & Lifesciences,Biotechnology,www.erlysign.com,,,,OK
5eae75cfe4b03286995c1ba6,INDICUS SERVICES PRIVATE LIMITED,DIPP93351,RECOGNISED,U74999MH2019PTC327253,Scaling,Nagpur,Maharashtra,House-Hold Services,Laundry,https://www.laundryezy.in/,,,,OK
5eaab463e4b03286995bcf1d,The Supreme Decor,DIPP59549,RECOGNISED,9.53E+11,EarlyTraction,Nagpur,Maharashtra,Construction,Construction Supplies & Fixtures,,,,,OK
5e9d4b9fe4b0363cb632e0cf,IDEAS2GOAL TECHNOLOGIES PRIVATE LIMITED,DIPP59267,RECOGNISED,U72900MH2020PTC339641,Validation,Nagpur,Maharashtra,Computer Vision,Others,https://www.ideas2goal.com,,,,OK
5e9c5c20e4b0363cb632cdc9,ALORB TECHNOLOGIES PRIVATE LIMITED,DIPP59008,RECOGNISED,U72200MH2017PTC295246,Validation,Nagpur,Maharashtra,Internet of Things,Smart Home,Www.alorbtech.com,,,,OK
5e968cace4b0363cb631b595,ARMAXIL ENGINEERING SERVICES LLP,DIPP60714,RECOGNISED,AAR-0143,Prototype,Nagpur,Maharashtra,Green Technology,Clean Tech,,,,,OK
5e957056e4b0363cb6319ec3,LOGICUNLOCK SOLUTION LLP,DIPP58698,RECOGNISED,AAO-3073,EarlyTraction,Nagpur,Maharashtra,Human Resources,Skills Assessment,WWW.LOGICUNLOCK.COM,,,,OK
5e954b47e4b0363cb6319962,DHARKAR ONLINE SERVICES (OPC) PRIVATE LIMITED,DIPP58690,RECOGNISED,U74994MH2018OPC312482,Validation,Nagpur,Maharashtra,Agriculture,Agri-Tech,www.tomatino.in,,,,OK
5e91465ce4b0363cb6312211,BEETROOT AGRO (OPC) PRIVATE LIMITED,DIPP60696,RECOGNISED,U01100MH2019OPC331096,Prototype,Nagpur,Maharashtra,Marketing,Sales,http://www.beetrootagro.com/,,,,OK
5e908bb4e4b0363cb6311d0a,TULJAI LABPOINT PRIVATE LIMITED,DIPP58566,RECOGNISED,U74999PN2017PTC171045,EarlyTraction,Nagpur,Maharashtra,Healthcare & Lifesciences,Medical Devices Biomedical,tuljaihealthcare.com,,,,OK
5e8c177fe4b0d5becce26b4a,MY4A TRADING (OPC) PRIVATE LIMITED,DIPP58350,RECOGNISED,U51909MH2018OPC315724,Prototype,Nagpur,Maharashtra,Fashion,Lifestyle,,,,,OK
5e89f4a8e4b055bfaeaafa54,EUTRONIX TECHNOLOGIES PRIVATE LIMITED,DIPP58288,RECOGNISED,U74999MH2018PTC306906,Prototype,Nagpur,Maharashtra,Internet of Things,Manufacturing & Warehouse,www.eutronix.in,,,,OK
5e84906fe4b055bfaeaabbff,ALGORO RESEARCH CONSULTANTS PRIVATE LIMITED,DIPP58098,RECOGNISED,U74999MH2016PTC285065,Scaling,Nagpur,Maharashtra,Marketing,Market Research,https://www.algororeports.com,,,,OK
5e8077b6e4b055bfaeaa5216,IDEAL MOCKUPS PRIVATE LIMITED,DIPP57912,RECOGNISED,U74120MH2011PTC219323,Scaling,Nagpur,Maharashtra,Design,Industrial Design,www.idealmockups.com,,,,OK
5e7ca52de4b055bfaeaa11dd,BUGFREE SOLUTION PRIVATE LIMITED,DIPP57693,RECOGNISED,U72900MH2016PTC284352,Scaling,Nagpur,Maharashtra,IT Services,Application Development,https://bugfreesolution.com,,,,OK
5e7096c2e4b007bcd458d914,QUICKHELP MAINTENANCE LLP,DIPP61508,RECOGNISED,AAS-1711,Prototype,Nagpur,Maharashtra,Professional & Commercial Services,Business Support Services,,,,,OK
5e6f5467e4b0bf8415d244db,URBANSTAY MANAGEMENT SERVICES LLP,DIPP61740,RECOGNISED,AAS-1257,Prototype,Nagpur,Maharashtra,Professional & Commercial Services,Business Support Services,,,,,OK
5e6f4e48e4b0bf8415d24422,MEDHELP PHARMACY LLP,DIPP61514,RECOGNISED,AAS-1708,Prototype,Nagpur,Maharashtra,Healthcare & Lifesciences,Pharmaceutical,,,,,OK
5e6f456ae4b0bf8415d24332,TITANDLT IT SOLUTIONS PRIVATE LIMITED,DIPP57175,RECOGNISED,U72900MH2019PTC330518,Validation,Nagpur,Maharashtra,IT Services,Product Development,www.titandlt.co,,,,OK
5e6f40dae4b0bf8415d24291,EDUWORLD LEARNING LLP,DIPP62146,RECOGNISED,AAS-0596,Prototype,Nagpur,Maharashtra,Education,Coaching,,,,,OK
5e675014e4b0bf8415d1c9fc,SHOONYATVAM FOUNDATION,DIPP142530,RECOGNISED,U85300MH2022NPL378741,Validation,Nagpur,Maharashtra,Social Impact,NGO,www.shoonyatvam.org,,,,OK
5e5e5324e4b0bf8415d12e40,BINJA TECH PRIVATE LIMITED,DIPP56452,RECOGNISED,U72900MH2020PTC335415,Validation,Nagpur,Maharashtra,IT Services,Application Development,www.binjatech.com,,,,OK
5e5d0991e4b0bf8415d11525,BLUE COMMANDO MULTIPURPOSE SERVICES PRIVATE LIMITED,DIPP56385,RECOGNISED,U93000MH2018PTC317361,EarlyTraction,Nagpur,Maharashtra,Professional & Commercial Services,Business Support Services,,,,,OK
5e5cad0ee4b0bf8415d101a7,IRS TECHNOLOGIES PRIVATE LIMITED,DIPP56339,RECOGNISED,U72900MH2020PTC338220,EarlyTraction,Nagpur,Maharashtra,IT Services,Product Development,www.irstechnologies.com,,,,OK
5e5b4454e4b0bf8415d0ee6c,ADVERTRICSSOFT IT SYSTEMS PRIVATE LIMITED,DIPP56273,RECOGNISED,U72200MH2016PTC282283,Scaling,Nagpur,Maharashtra,IT Services,IT Consulting,http://advertricssoft.com,,,,OK
5e57e9bae4b0bf8415d0bdd7,PREONIKA FOODS AND BEVERAGES PRIVATE LIMITED,DIPP56145,RECOGNISED,U15133MH2020PTC336576,Validation,Nagpur,Maharashtra,Food & Beverages,Food Processing,,,,,OK
5e579330e4b0bf8415d0b267,RUSHTHAW MEDIA LLP,DIPP56305,RECOGNISED,AAS-0203,Validation,Nagpur,Maharashtra,Marketing,Digital Marketing (SEO Automation),https://rushthaw.com,,,,OK
5e56b1d8e4b0bf8415d0a568,GLANCIEL INFOTECH PRIVATE LIMITED,DIPP56078,RECOGNISED,U74990MH2018PTC313736,Scaling,Nagpur,Maharashtra,IT Services,Product Development,www.glancielinfotech.com,,,,OK
5e552f60e4b0bf8415d08424,Bava Travel Point Private Limited,DIPP56001,RECOGNISED,U63040MH2019PTC327766,EarlyTraction,Nagpur,Maharashtra,Travel & Tourism,Facility Management,btpbuses.com,,,,OK
5e54abcae4b0bf8415d06fe2,Y.O. EDUTECH SOLUTIONS PRIVATE LIMITED,DIPP55949,RECOGNISED,U74999MH2015PTC262606,Scaling,Nagpur,Maharashtra,Education,E-learning,www.fhconline.in,,,,OK
5e521a2de4b0bf8415d01d4d,STEM LEARNING SOLUTIONS PRIVATE LIMITED,DIPP55839,RECOGNISED,U80302MH2019PTC330888,EarlyTraction,Nagpur,Maharashtra,Education,Education Technology,mystemzone.com,,,,OK
5e4bd404e4b0bf8415cfa44b,TANISHKA CONSULTING SOLUTIONS LLP,DIPP2975,RECOGNISED,AAG-4689,EarlyTraction,Nagpur,Maharashtra,,,,,,,OK
5e4537bde4b0bf8415cf2b7c,BETTER ROBOTICS PRIVATE LIMITED,DIPP55220,RECOGNISED,U29306MH2019PTC333752,Prototype,Nagpur,Maharashtra,Robotics,Robotics Application,www.betterrobotics.in,,,,OK
5e439bdee4b00af98432d42b,JINDAL EDUTECH PRIVATE LIMITED,DIPP55106,RECOGNISED,U74999MH2015PTC265372,EarlyTraction,Nagpur,Maharashtra,Education,E-learning,,,,,OK
5e41465ee4b0bf34fcfb248b,TECH S4 EXIM PRIVATE LIMITED,DIPP55006,RECOGNISED,U72900MH2019PTC330289,Prototype,Nagpur,Maharashtra,IT Services,Application Development,,,,,OK
5e41368ce4b0bf34fcfb2162,Connected Kisan,DIPP114666,RECOGNISED,ABC-3406,Validation,Nagpur,Maharashtra,Agriculture,Agri-Tech,https://www.connectedkisan.com/,,,,OK
5e3bfdbfe4b0bf34fcfaae57,FIGMENT GLOBAL SOLUTIONS PRIVATE LIMITED,DIPP54753,RECOGNISED,U74999MH2012PTC226115,Scaling,Nagpur,Maharashtra,Enterprise Software,Cloud,,,,,OK
5e3a58dee4b0bf34fcfa7a6a,NATIVCHEFS FOOD PRIVATE LIMITED,DIPP54623,RECOGNISED,U93020MH2020PTC337128,EarlyTraction,Nagpur,Maharashtra,Food & Beverages,Food Processing,www.nativchefs.com,,,,OK
5e3928b6e4b0bf34fcfa6486,TECHMENTOR IOT SOLUTIONS (OPC) PRIVATE LIMITED,DIPP54546,RECOGNISED,U72900MH2018OPC317963,Validation,Nagpur,Maharashtra,IT Services,IT Management,https://tmiotsolutions.com,,,,OK
5e380c5be4b0bf34fcfa41c7,CLOUDMASTER TECHNOLOGY PRIVATE LIMITED,DIPP54491,RECOGNISED,U31903MH2019PTC331149,Validation,Nagpur,Maharashtra,Technology Hardware,Embedded,,,,,OK
5e37c26be4b0bf34fcfa36eb,A S SERVICES,DIPP54436,RECOGNISED,NG000005848,Prototype,Nagpur,Maharashtra,Events,Weddings,,,,,OK
5e368763e4b0bf34fcfa2522,ANTMAN CONSULTANTS AND LOGISTICS PRIVATELIMITED,DIPP54394,RECOGNISED,U74990MH2018PTC313763,EarlyTraction,Nagpur,Maharashtra,Agriculture,Agri-Tech,www.coldstoragetoday.com,,,,OK
5e355cfae4b0bf34fcfa1766,ALLIANCE TECHNOLOGIST,DIPP54359,RECOGNISED,NG000005498,Scaling,Nagpur,Maharashtra,Technology Hardware,Manufacturing,www.alliancetechnologist.com,,,,OK
5e34198ce4b0bf34fcf9fe17,SOCIAL-IMPACT INNOVATIONS PRIVATE LIMITED,DIPP54569,RECOGNISED,U73100MH2019PTC333255,Validation,Nagpur,Maharashtra,Internet of Things,Manufacturing & Warehouse,,,,,OK
5e2e909ae4b06a21cadbbc90,KRISH INFOTECH SYSTEMS PRIVATE LIMITED,DIPP53980,RECOGNISED,U72900MH2016PTC272134,Scaling,Nagpur,Maharashtra,IT Services,Application Development,www.krishinfotech.net,,,,OK
5afe988ae4b0874abc768f33,POCKETLY INFOTECH PRIVATE LIMITED,DIPP53938,RECOGNISED,U72900MH2019PTC333380,EarlyTraction,Nagpur,Maharashtra,Finance Technology,Personal Finance,www.pocketly.in,,,,OK
5e2aff50e4b0978ef9bf70dd,VILLARBAN RETAIL AND WHOLESALE HUB PRIVATE LIMITED,DIPP53841,RECOGNISED,U74999MH2018PTC314496,EarlyTraction,Nagpur,Maharashtra,Agriculture,Agri-Tech,www.villarban.com,,,,OK
5e25bbace4b0978ef9bf0332,AUR INNOVATIONS PRIVATE LIMITED,DIPP91843,RECOGNISED,U33125PN2020PTC196022,Prototype,Nagpur,Maharashtra,Healthcare & Lifesciences,Medical Devices Biomedical,www.Hippojaws.com,,,,OK
5e1f2908e4b04bc11ece1bae,INFOXTER,DIPP53446,RECOGNISED,NG000004849,Validation,Nagpur,Maharashtra,IT Services,Application Development,www.prepark.com,,,,OK
5e1c6802e4b04bc11ecd65e2,WATTFIN VENTURES PRIVATE LIMITED,DIPP53239,RECOGNISED,U74999MH2019PTC324312,EarlyTraction,Nagpur,Maharashtra,Renewable Energy,Renewable Solar Energy,www.atant.in,,,,OK
5e1b0a61e4b0cb88a1d4cf50,ATHARVASHREE INFRAVENTURES PRIVATE LIMITED,DIPP77621,RECOGNISED,U70101MH2016PTC280857,Prototype,Nagpur,Maharashtra,Construction,Construction & Engineering,www.atharvashree.co.in,,,,OK
5e16e533e4b0d77eb7499c7f,VINUSHKA SOLUTIONS PRIVATE LIMITED,DIPP52989,RECOGNISED,U01110MH2019PTC323050,EarlyTraction,Nagpur,Maharashtra,Agriculture,Agri-Tech,www.krushikendra.com,,,,OK
5e0f0757e4b09d3f89a22f5f,ARTISTTER NETWORK PRIVATE LIMITED,DIPP52521,RECOGNISED,U92490MH2018PTC305628,Validation,Nagpur,Maharashtra,Art & Photography,Art,https://www.artistter.com/,,,,OK
5e094611e4b098d21eef48ae,ECOBUGY LOGISTICS SOLUTION LLP,DIPP52207,RECOGNISED,AAQ-6662,EarlyTraction,Nagpur,Maharashtra,Transportation & Storage,Freight & Logistics Services,http://ecobugy.com,,,,OK
5e06fa15e4b098d21eeeeb08,QUSYS VENTURES PRIVATE LIMITED,DIPP52107,RECOGNISED,U93090MH2019PTC332252,EarlyTraction,Nagpur,Maharashtra,Healthcare & Lifesciences,Healthcare IT,www.IndiaOPD.com,,,,OK
5e05fb71e4b098d21eee94b0,RMR ENVITECH PRIVATE LIMITED,DIPP101907,RECOGNISED,U74900MH2014PTC258148,Scaling,Nagpur,Maharashtra,Green Technology,Others,http://www.rmrenvitech.com/,,,,OK
5e04619ce4b02f31768f7359,6SIMPLEX SOFTWARE SOLUTIONS PRIVATE LIMITED,DIPP51896,RECOGNISED,U72400MH2012PTC225999,Scaling,Nagpur,Maharashtra,IT Services,Product Development,www.6simplex.co.in,,,,OK
5e01b4a7e4b02f31768e74dd,WEKIRANA TECHNOLOGIES PRIVATE LIMITED,DIPP51843,RECOGNISED,U93090MH2019PTC332485,EarlyTraction,Nagpur,Maharashtra,Retail,Comparison Shopping,https://www.wekirana.com,,,,OK
5b177aa2e4b04f0864e09897,QUINBIZ GLOBAL PRIVATE LIMITED,DIPP51496,RECOGNISED,U51909MH2019PTC333329,Prototype,Nagpur,Maharashtra,Food & Beverages,Food Processing,,,,,OK
5dfaf5fae4b026527442c4c5,DRISHTEE FEEDS AND NUTRITION PRIVATE LIMITED,DIPP51285,RECOGNISED,U74999MH2018PTC314582,Scaling,Nagpur,Maharashtra,Agriculture,Animal Husbandry,www.drishteefeeds.com,,,,OK
5df71f55e4b08052fb6962ae,JSR DYNAMICS PRIVATE LIMITED,DIPP50981,RECOGNISED,U29113MH2018PTC318834,Validation,Nagpur,Maharashtra,Aeronautics Aerospace & Defence,Drones,,,,,OK
5df1fdace4b0ff6c7d9c46ce,Shailee Enterprises,DIPP51898,RECOGNISED,NG000005581,Validation,Nagpur,Maharashtra,Green Technology,Clean Tech,www.prismwhiteled.com,,,,OK
5dec9038e4b04e0095277a2b,Naturify,DIPP50562,RECOGNISED,MG000005373,EarlyTraction,Nagpur,Maharashtra,Agriculture,Food Processing,,,,,OK
5dea033fe4b04e0095275d82,KKE CHEMICALS PRIVATE LIMITED,DIPP50449,RECOGNISED,U24233MH2012PTC230331,Scaling,Nagpur,Maharashtra,Chemicals,Commodity Chemicals,www.kkeautocare.com,,,,OK
5de9f822e4b04e0095275bed,ALABSO CIRCLE PRIVATE LIMITED,DIPP50443,RECOGNISED,U74999MH2018PTC314410,EarlyTraction,Nagpur,Maharashtra,Sports,Sports Promotion and Networking,www.timetherace.com,,,,OK
5de752e7e4b0d785f84261d4,VEDICORGO LLP,DIPP50313,RECOGNISED,AAJ-1014,EarlyTraction,Nagpur,Maharashtra,Chemicals,Specialty Chemicals,vedicorgo.co.in,,,,OK
5de4cdb8e4b0d785f8423b6c,EZEELO CONSUMER SERVICES PRIVATE LIMITED,DIPP50183,RECOGNISED,U51909MH2017PTC295646,Validation,Nagpur,Maharashtra,Retail,Retail Technology,http://www.ezeelo.com/,,,,OK
5de4a797e4b0d785f8423573,WISEMINDZ VENTURES PRIVATE LIMITED,DIPP51085,RECOGNISED,U80102MH2017PTC298992,Scaling,Nagpur,Maharashtra,Education,Education Technology,https://wisemindz.com/,,,,OK
5dde3e06e4b01d5f59618ca3,CITYLINE E-COMMERCE PRIVATE LIMITED,DIPP49808,RECOGNISED,U52609MH2019PTC319427,Prototype,Nagpur,Maharashtra,Transportation & Storage,Passenger Transportation Services,,,,,OK
5dd7d5c2e4b0b6d6d946c372,GREEN LIFE SOLUTIONS PRIVATE LIMITED,DIPP49580,RECOGNISED,U31900MH2012PTC230401,Scaling,Nagpur,Maharashtra,Renewable Energy,Renewable Solar Energy,https://www.greenlifesolution.in/,,,,OK
5dd3dbb2e4b0d37703edee7e,BALPANDE INDUSTRIES PRIVATE LIMITED,DIPP78906,RECOGNISED,U28100MH2019PTC328508,Prototype,Nagpur,Maharashtra,Chemicals,Diversified Chemicals,https://www.balpandeindustries.com/,,,,OK
5dce3e4fe4b0d37703ed9228,INOUVELLE VENTURES PRIVATE LIMITED,DIPP49111,RECOGNISED,U72900MH2017PTC295209,Prototype,Nagpur,Maharashtra,IT Services,Product Development,www.inouvelle.com,,,,OK
5dccbd5ce4b0d37703ed78ff,CLOUDEXIS TECHNOLOGIES PRIVATE LIMITED,DIPP75172,RECOGNISED,U72900MH2018PTC313253,EarlyTraction,Nagpur,Maharashtra,IT Services,Product Development,www.cloudexisindia.com,,,,OK
5dcab061e4b0be63b6d6c17b,TAGSCOLLECTIVE INDIA PRIVATE LIMITED,DIPP67882,RECOGNISED,U80902MH2019PTC324383,EarlyTraction,Nagpur,Maharashtra,IT Services,Web Development,WWW.ourbix.COM,,,,OK
5dc41628e4b0437dbc4869e9,YOUBOTICS SOFTWARE PRIVATE LIMITED,DIPP48734,RECOGNISED,U72900MH2019PTC331866,Validation,Nagpur,Maharashtra,AI,Machine Learning,https://youbotics.ai/,,,,OK
5db052c6e4b08fc2aba5c7aa,NITESCO FACILITY SERVICES PRIVATE LIMITED,DIPP47966,RECOGNISED,U74999MH2019PTC328862,Validation,Nagpur,Maharashtra,Professional & Commercial Services,Business Support Services,http://nitesco.in/,,,,OK
5da5bf01e4b0fdee1a8d4e87,NECO DESERT TECH DEFENCE PRIVATE LIMITED,DIPP47546,RECOGNISED,U74990MH2016PTC273774,Prototype,Nagpur,Maharashtra,Aeronautics Aerospace & Defence,Drones,www.necodefence.com,,,,OK
5d6f1cbde4b0fad8ed6b9468,NOVELLUS ENERGY PRIVATE LIMITED,DIPP49108,RECOGNISED,U40300MH2019PTC332960,Prototype,Nagpur,Maharashtra,Renewable Energy,Renewable Solar Energy,,,,,OK
5d976a1ae4b05eaf4e0d708a,VIPRUSH TECHNOLOGIES (OPC) PRIVATE LIMITED,DIPP47096,RECOGNISED,U74999PN2017OPC171650,Validation,Nagpur,Maharashtra,Technology Hardware,Electronics,https://viprushtech.in,,,,OK
5d91c452e4b05eaf4e0d1466,UAWING AERIAL SOLUTIONS PRIVATE LIMITED,DIPP46873,RECOGNISED,U74999MH2019PTC330524,EarlyTraction,Nagpur,Maharashtra,Professional & Commercial Services,Business Support Services,www.uawing.com,,,,OK
5d8baa5ae4b05eaf4e0cb707,CONVOCUS CONCEPT PRIVATE LIMITED,DIPP47462,RECOGNISED,U74999MH2019PTC321726,Prototype,Nagpur,Maharashtra,Events,Event Management,,,,,OK
5d8b49b9e4b05eaf4e0caf03,RUDRA SPECTRA PRIVATE LIMITED,DIPP46490,RECOGNISED,U74999MH2019PTC330948,Prototype,Nagpur,Maharashtra,IT Services,Project Management,www.rudraspectra.com,,,,OK
5d8b3f4fe4b05eaf4e0cadcc,AIRSEAL TECHNOLOGY LLP,DIPP46485,RECOGNISED,AAH-9214,EarlyTraction,Nagpur,Maharashtra,Professional & Commercial Services,Environmental Services & Equipment,,,,,OK
5d89b1d5e4b05eaf4e0c8bee,MEDPRAX BIOTECHNOLOGIES PRIVATE LIMITED,DIPP46359,RECOGNISED,U93090MH2019PTC330141,EarlyTraction,Nagpur,Maharashtra,IT Services,Product Development,medprax.in,,,,OK
5d887909e4b05eaf4e0c78d4,ON SITE TECHNOLOGY SERVICES PRIVATE LIMITED,DIPP47223,RECOGNISED,U72200MH2019PTC330258,EarlyTraction,Nagpur,Maharashtra,Telecommunication & Networking,Network Technology Solutions,,,,,OK
5d85c758e4b05eaf4e0c5867,ANOMA GREENS PRIVATE LIMITED,DIPP46178,RECOGNISED,U93090PN2018PTC179717,Validation,Nagpur,Maharashtra,Transportation & Storage,Passenger Transportation Services,anoma.in,,,,OK
5d7aac4ee4b0fad8ed6c6866,LENERGY MOBILITY PRIVATE LIMITED,DIPP45576,RECOGNISED,U80301MH2019PTC329155,EarlyTraction,Nagpur,Maharashtra,Education,Skill Development,https://lenergymobility.com,,,,OK
5d78bed9e4b0fad8ed6c3e68,IDPEX PRIVATE LIMITED,DIPP45445,RECOGNISED,U74999MH2017PTC294996,Prototype,Nagpur,Maharashtra,IT Services,Project Management,,,,,OK
5d764292e4b0fad8ed6c0f3c,ONEMENU TECHNOLOGIES PRIVATE LIMITED,DIPP45303,RECOGNISED,U72900MH2019PTC324490,EarlyTraction,Nagpur,Maharashtra,IT Services,Product Development,www.onnbikes.com,,,,OK
5d6ecb47e4b0fad8ed6b93ca,GREENMOVE INDIA PRIVATE LIMITED,DIPP44852,RECOGNISED,U29309MH2019PTC329475,Validation,Nagpur,Maharashtra,Agriculture,Agri-Tech,,,,,OK
5d690201e4b0f86f4a0e21c2,RNR DATALEX PRIVATE LIMITED,DIPP44517,RECOGNISED,U72400MH2011PTC217724,EarlyTraction,Nagpur,Maharashtra,IT Services,Product Development,www.rnrdatalex.com,,,,OK
5d61e836e4b01629f4ac0460,MARGMAKER SOLUTIONS PRIVATE LIMITED,DIPP43943,RECOGNISED,U72200KA2013PTC069553,Validation,Nagpur,Maharashtra,IT Services,Application Development,www.margmaker.com,,,,OK
5d5e4ecee4b01629f4abbe26,LAXMI IRON & STEEL INDUSTRIES (NAGPUR) PRIVATE LIMITED,DIPP43730,RECOGNISED,U27310MH2016PTC273066,Prototype,Nagpur,Maharashtra,Agriculture,Food Processing,WWW.LAXMIIND.COM,,,,OK
5d53b427e4b0d334677f2828,ASW TECHNOLOGIES PRIVATE LIMITED,DIPP72146,RECOGNISED,U72900MH2017PTC298350,Validation,Nagpur,Maharashtra,IT Services,IT Management,www.aswtech.in,,,,OK
5d4c64e4e4b0d334677ea070,DECONT ONLINE SERVICE PRIVATE LIMITED,DIPP42750,RECOGNISED,U52190MH2019PTC326880,Scaling,Nagpur,Maharashtra,Retail,Social Commerce,www.decont.in,,,,OK
5d4bc685e4b0d334677e8125,3NOT ROBOTICS PRIVATE LIMITED,DIPP42690,RECOGNISED,U29309MH2019PTC328836,Validation,Nagpur,Maharashtra,Robotics,Robotics Technology,www.3notrobotics.in,,,,OK
5d498543e4b0d334677e2b7c,CLIMIC HEALTH PRIVATE LIMITED,DIPP42615,RECOGNISED,U85100MH2015PTC260818,EarlyTraction,Nagpur,Maharashtra,Healthcare & Lifesciences,Health & Wellness,www.cureveda.com,,,,OK
5d498456e4b0d334677e2b77,TABXO LABS LLP,DIPP42614,RECOGNISED,AAO-3963,Prototype,Nagpur,Maharashtra,Technology Hardware,Electronics,www.tabxolabs.com,,,,OK
5d4960fce4b0d334677e2554,GREENGRID RENEWABLES PRIVATE LIMITED,DIPP94072,RECOGNISED,U74999MH2019PTC326145,Prototype,Nagpur,Maharashtra,Green Technology,Waste Management,www.greengrid.in,,,,OK
5d414b91e4b034c341033dcc,INPSYNC HEALTH SERVICES PRIVATE LIMITED,DIPP42237,RECOGNISED,U85320MH2019PTC325299,EarlyTraction,Nagpur,Maharashtra,Healthcare & Lifesciences,Health & Wellness,,,,,OK
5d3ab10ee4b03beb13607abb,SAFEGUARD DETECTIVE & MANPOWER SOLUTIONS PRIVATE LIMITED,DIPP41905,RECOGNISED,U74120MH2015PTC270419,EarlyTraction,Nagpur,Maharashtra,Safety,Personal Security,www.safeguardindia.in,,,,OK
5a73173be4b06555f9f13485,VZO SERVICES PRIVATE LIMITED,DIPP41712,RECOGNISED,U74999MH2017PTC289418,EarlyTraction,Nagpur,Maharashtra,Advertising,AdTech,,,,,OK
5d2ef942e4b03beb135eeac5,OKO ICARE SOLUTIONS PRIVATE LIMITED,DIPP47640,RECOGNISED,U33309PN2019PTC185610,Prototype,Nagpur,Maharashtra,Healthcare & Lifesciences,Medical Devices Biomedical,https://okoicaresolutions.com/,,,,OK
5d2b1af2e4b03beb135df995,NSEMBLE TECHNOLOGIES PRIVATE LIMITED,DIPP41093,RECOGNISED,U72501MH2019PTC325600,Validation,Nagpur,Maharashtra,AI,Machine Learning,https://nsemble.ai,,,,OK
5d2724b2e4b0ac4d036f36da,RNR INNOTECH PRIVATE LIMITED,DIPP40931,RECOGNISED,U72200MH2017PTC300334,EarlyTraction,Nagpur,Maharashtra,Enterprise Software,ERP,www.rnrinnotech.com,,,,OK
5d243841e4b0ac4d036eb2b3,ROYAL GIANTS TECHNOLOGIES LLP,DIPP62823,RECOGNISED,AAP-0454,Validation,Nagpur,Maharashtra,Transportation & Storage,Freight & Logistics Services,,,,,OK
5d2339ede4b0ac4d036e98dd,TLM INSIDE SALES SUPPORT PRIVATE LIMITED,DIPP40686,RECOGNISED,U93000MH2018PTC317392,EarlyTraction,Nagpur,Maharashtra,Marketing,Market Research,https://www.tlminsidesales.com,,,,OK
5d23268be4b0ac4d036e9519,LOCKENE PRIVATE LIMITED,DIPP40672,RECOGNISED,U74999MH2016PTC288741,EarlyTraction,Nagpur,Maharashtra,Security Solutions,Home Security solutions,WWW.LOCKENE.IN,,,,OK
5d22da94e4b0ac4d036e7831,PARABOLIC SYSTEMS PRIVATE LIMITED,DIPP40678,RECOGNISED,U74999MH2018PTC318888,EarlyTraction,Nagpur,Maharashtra,IT Services,IT Consulting,parabolicsystems.in,,,,OK
5d1da061e4b0659b5266f718,Mobicore Infotech Software And Energy Pvt. Ltd.,DIPP40322,RECOGNISED,,Validation,Nagpur,Maharashtra,Internet of Things,Smart Home,www.mobiiot.in,,,,OK
5d1c8156e4b0659b5266d0a6,KODEBIN SOLUTIONS PRIVATE LIMITED,DIPP40790,RECOGNISED,U74999MH2019PTC320347,EarlyTraction,Nagpur,Maharashtra,Enterprise Software,ERP,www.societynotebook.com,,,,OK
5d15c3ece4b0659b5265b973,KICKTOWN SPORTS PRIVATE LIMITED,DIPP40001,RECOGNISED,U92419MH2018PTC312572,Validation,Nagpur,Maharashtra,Sports,Sports Promotion and Networking,http://kicktown.in,,,,OK
5d0b56e5e4b0659b526492fe,A-1 SOLUTIONS,DIPP39675,RECOGNISED,4.65E+12,EarlyTraction,Nagpur,Maharashtra,Human Resources,Recruitment Jobs,a1solutions.co.in,,,,OK
5d029d1be4b08f8b1a9b7e7f,TRACKULA SERVICES PRIVATE LIMITED,DIPP39315,RECOGNISED,U74900MH2016PTC273359,EarlyTraction,Nagpur,Maharashtra,Internet of Things,Wearables,https://dhundhoo.com/,,,,OK
5cfa4bd7e4b08f8b1a9a357c,PHOENIX LUMINARIES PRIVATE LIMITED,DIPP38942,RECOGNISED,U31908MH2012PTC232383,Scaling,Nagpur,Maharashtra,Renewable Energy,Renewable Solar Energy,www.phoenixlightings.com,,,,OK
5cf6a3a2e4b08f8b1a99aea2,YUA TECH PRIVATE LIMITED,DIPP38776,RECOGNISED,U70109MH2019PTC325666,Validation,Nagpur,Maharashtra,Real Estate,Coworking Spaces,www.Caffice.Space,,,,OK
5cec1342e4b08f8b1a97e397,PLUSNEED SOLUTIONS PRIVATE LIMITED,DIPP38386,RECOGNISED,U93010MH2018PTC304261,Validation,Nagpur,Maharashtra,Enterprise Software,Enterprise Mobility,www.plusneed.com,,,,OK
5ce77f8ee4b08f8b1a9713ce,FIGON BIOTECH PRIVATE LIMITED,DIPP38237,RECOGNISED,U24290MH2018PTC318799,Prototype,Nagpur,Maharashtra,Agriculture,Organic Agriculture,https://figonbiotech.com/,,,,OK
5ce631e3e4b08f8b1a96eee5,TANGRAMME FURNISHING SOLUTIONS PRIVATE LIMITED,DIPP38195,RECOGNISED,U36102MH2014PTC255756,EarlyTraction,Nagpur,Maharashtra,Retail,Retail Technology,,,,,OK
5cdad530e4b08f8b1a95db39,ADITYA BIOINNOVATION PRIVATE LIMITED,DIPP37857,RECOGNISED,U74999MH2017PTC299532,Validation,Nagpur,Maharashtra,Agriculture,Organic Agriculture,www.adityabioinnovation.com,,,,OK
5cdaa557e4b08f8b1a95b7d1,BLUEWINGS INDUSTRIES INDIA PRIVATE LIMITED,DIPP37844,RECOGNISED,U51909MH2019PTC325315,EarlyTraction,Nagpur,Maharashtra,Technology Hardware,Electronics,www.bluewingsindustries.com,,,,OK
5cd9d0a6e4b0131805166808,WACATION ON WHEELS PRIVATE LIMITED,DIPP37817,RECOGNISED,U74999MH2018PTC306238,EarlyTraction,Nagpur,Maharashtra,Travel & Tourism,Experiential Travel,www.wacationonwheels.com,,,,OK
5cd55b22e4b02c48cff3f79b,PRANAM CREATIVE SOLUTIONS PRIVATE LIMITED,DIPP37683,RECOGNISED,U93000MH2015PTC271503,EarlyTraction,Nagpur,Maharashtra,Healthcare & Lifesciences,Healthcare IT,http://smartcarehis.com,,,,OK
5cd17c62e4b08536635353e8,APPYNITTY COMMUNICATIONS PRIVATE LIMITED,DIPP37537,RECOGNISED,U72900MH2017PTC295123,EarlyTraction,Nagpur,Maharashtra,IT Services,Product Development,www.appynitty.com,,,,OK
5cd14c49e4b085366353507b,TECHNOSOFT INTEGRATED SOLUTIONS PRIVATE LIMITED,DIPP37518,RECOGNISED,U74999MH2015PTC262247,Validation,Nagpur,Maharashtra,Healthcare & Lifesciences,Healthcare IT,www.tisplautomation.com,,,,OK
5cc8b906e4b085366351f0b7,HOORA TECHNOLOGIES PRIVATE LIMITED,DIPP37233,RECOGNISED,U50400MH2019PTC321924,EarlyTraction,Nagpur,Maharashtra,House-Hold Services,Home Care,https://hoora.in/,,,,OK
5cc298dce4b053289c5e1bde,WMR CLEAN & CARE SERVICES PRIVATE LIMITED,DIPP37090,RECOGNISED,U74999MH2019PTC320652,EarlyTraction,Nagpur,Maharashtra,Social Impact,Corporate Social Responsibility,,,,,OK
5cbed069e4b053289c5d68ce,WEBCUITS TECHNOLOGY PRIVATE LIMITED,DIPP37025,RECOGNISED,U72900MH2017PTC290013,EarlyTraction,Nagpur,Maharashtra,Enterprise Software,Cloud,https://www.webcuits.com,,,,OK
5cb44915e4b06ea4141392b1,IWORKSTATION CONSULTANCY (OPC) PRIVATE LIMITED,DIPP36688,RECOGNISED,U74999MH2019OPC323465,Validation,Nagpur,Maharashtra,Education,Education Technology,https://theiworkstation.wixsite.com/iworkstation,,,,OK
5ca1d903e4b0d381ea045ca4,ROMINENCE BUILDERS PRIVATE LIMITED,DIPP36006,RECOGNISED,U45309MH2017PTC294211,Validation,Nagpur,Maharashtra,Construction,New-age Construction Technologies,https://rominence.in,,,,OK
5ca1ad56e4b0d381ea045367,TAXOLAWGY ONLINE SERVICES PRIVATE LIMITED,DIPP36371,RECOGNISED,U74999MH2019PTC323289,Prototype,Nagpur,Maharashtra,Professional & Commercial Services,Business Support Services,www.talentplace.ai,,,,OK
5c9f112ce4b0d381ea040a57,SALAHOM INDIA PRIVATE LIMITED,DIPP35901,RECOGNISED,U75144MH2018PTC316042,Prototype,Nagpur,Maharashtra,Healthcare & Lifesciences,Health & Wellness,,,,,OK
5c962eebe4b00fb091d8d5e6,WINDELITE UAV SYSTEMS PRIVATE LIMITED,DIPP35574,RECOGNISED,U93020MH2018PTC309350,Prototype,Nagpur,Maharashtra,Aeronautics Aerospace & Defence,Drones,www.windelite.com,,,,OK
5c855bc3e4b0563d5c60578d,ROBOPOINTS INFOTECH PRIVATE LIMITED,DIPP63811,RECOGNISED,U72100MH2019PTC321114,Prototype,Nagpur,Maharashtra,Robotics,Robotics Technology,WWW.ROBOPOINTS.COM,,,,OK
5c829d75e4b0563d5c5f8a44,PEARL COMMERZ PRIVATE LIMITED,DIPP34452,RECOGNISED,U74999MH2017PTC299510,Scaling,Nagpur,Maharashtra,Agriculture,Organic Agriculture,www.pearlcommerz.com,,,,OK
5c80f7b3e4b0563d5c5f3f96,DEXCEL DEVICES PRIVATE LIMITED,DIPP37425,RECOGNISED,U51909MH2018PTC308498,Validation,Nagpur,Maharashtra,Healthcare & Lifesciences,Medical Devices Biomedical,,,,,OK
5c797342e4b0563d5c5c90e6,ECOSYSTEMS TECHNOLOGIES SERVICES PRIVATE LIMITED,DIPP34086,RECOGNISED,U31908MH2011PTC223198,EarlyTraction,Nagpur,Maharashtra,Renewable Energy,Renewable Solar Energy,https://www.facebook.com/ETSPL,,,,OK
5c78d2dde4b0ba900e13e2d6,DATAWIN SOFTWARE SOLUTIONS PRIVATE LIMITED,DIPP34027,RECOGNISED,U72900MH2019PTC321763,EarlyTraction,Nagpur,Maharashtra,Enterprise Software,Cloud,,,,,OK
5c76b52fe4b0ba900e1378e3,INSPILEARN EDUCATION PRIVATE LIMITED,DIPP39038,RECOGNISED,U80904MH2015PTC270564,Scaling,Nagpur,Maharashtra,Education,E-learning,www.scholr.com,,,,OK
5c70fad9e4b0ba900e11deba,GENEXT GENOMICS PRIVATE LIMITED,DIPP33684,RECOGNISED,U73100MH2011PTC212683,Validation,Nagpur,Maharashtra,Healthcare & Lifesciences,Biotechnology,www.gng.asia,,,,OK
5c6eb6dce4b0ba900e119bf3,TECHNOTE SOFTWARE SOLUTION PRIVATE LIMITED,DIPP33564,RECOGNISED,U72900MH2014PTC256641,Validation,Nagpur,Maharashtra,IT Services,IT Consulting,http://technotesoftware.in/,,,,OK
5c67e844e4b0ba900e0fdd82,FINRAJA CONSULTANCY PRIVATE LIMITED,DIPP33240,RECOGNISED,U74999MH2019PTC321195,Prototype,Nagpur,Maharashtra,Finance Technology,Advisory,www.finraja.com,,,,OK
59fd5f7de4b0f281b9ab8ffc,SUMEL RESEARCH AND DEVELOPMENT PRIVATE LIMITED,DIPP33228,RECOGNISED,U72900MH2019PTC318969,Validation,Nagpur,Maharashtra,Technology Hardware,Electronics,www.pye.tech,,,,OK
5c6268b6e4b0ba900e0eb1bc,ASIMEET INNOVATIONS (OPC) PRIVATE LIMITED,DIPP32980,RECOGNISED,U72900MH2017OPC301204,Prototype,Nagpur,Maharashtra,IT Services,Application Development, http://www.asimeet.com,,,,OK
5c55bd9ee4b0ba900e0bd09b,BLOOMION INNOVATIONS PRIVATE LIMITED,DIPP32512,RECOGNISED,U01100MH2018PTC306415,EarlyTraction,Nagpur,Maharashtra,Agriculture,Agri-Tech,,,,,OK
5c431a67e4b0ba900e0751a0,SUNKRANTI ENERGY PRIVATE LIMITED,DIPP32015,RECOGNISED,U74999MH2015PTC263594,EarlyTraction,Nagpur,Maharashtra,Renewable Energy,Renewable Solar Energy,http://www.sunkrantienergy.com/,,,,OK
5c38ead2e4b0ba900e06259a,KISLAY VEGGIFARM PRIVATE LIMITED,DIPP31715,RECOGNISED,U15130MH2018PTC309042,EarlyTraction,Nagpur,Maharashtra,Agriculture,Agri-Tech,https://kislay.in,,,,OK
5c3577c1e4b0ba900e05bd74,DHATVIK INDIA PRIVATE LIMITED,DIPP58820,RECOGNISED,U74999MH2019OPC319145,Scaling,Nagpur,Maharashtra,Technology Hardware,Manufacturing,www.dhatvik.in,,,,OK
5c3454f9e4b0ba900e055086,INNOWEAVE BIOCARE PRIVATE LIMITED,DIPP45310,RECOGNISED,U74999PN2018PTC175185,Validation,Nagpur,Maharashtra,Healthcare & Lifesciences,Medical Devices Biomedical,,,,,OK
5c3318ade4b0ba900e0531c4,EZYSPIT SOLUTIONS PRIVATE LIMITED,DIPP31491,RECOGNISED,U24100MH2019PTC318997,EarlyTraction,Nagpur,Maharashtra,Healthcare & Lifesciences,Health & Wellness,https://ezyspit.in/,,,,OK
5c26ff9de4b0bd844e94500a,ALTIN STRATEGIST ENDEAVOUR PRIVATE LIMITED,DIPP31133,RECOGNISED,U22100PN2018PTC177930,Prototype,Nagpur,Maharashtra,Finance Technology,Business Finance,www.altinsyndicate.com,,,,OK
5c1cdb36e4b0193484575e28,VSAR TECHNOLOGIES PRIVATE LIMITED,DIPP30846,RECOGNISED,U63000MH2015PTC268826,Scaling,Nagpur,Maharashtra,Travel & Tourism,Ticketing,wtfares.com,,,,OK
5c04e3e8e4b00d1aae21092a,TRUNK LORD TECHNOLOGIES PRIVATE LIMITED,DIPP30276,RECOGNISED,U74999MH2018PTC316725,Prototype,Nagpur,Maharashtra,Internet of Things,Smart Home,www.trunklord.com,,,,OK
5b051dcee4b0a9285b5ba7cc,PIPELINE FNB PRIVATE LIMITED,DIPP29793,RECOGNISED,U74999MH2016PTC285400,Validation,Nagpur,Maharashtra,Food & Beverages,Restaurants,www.pipelinefnb.com,,,,OK
5bf6595be4b0c5ac242262be,SOIRA INDUSTRIES PRIVATE LIMITED,DIPP60734,RECOGNISED,U28999MH2020PTC338950,Prototype,Nagpur,Maharashtra,Marketing,Sales,,,,,OK
5bd6ad6ce4b0d01c027e4630,NU OSSA MEDIQUIP PRIVATE LIMITED,DIPP51687,RECOGNISED,U24302MH2018PTC306488,EarlyTraction,Nagpur,Maharashtra,Healthcare & Lifesciences,Medical Devices Biomedical,www.nuossa.com,,,,OK
5bd5909be4b0d01c027e4259,VASUDHA WOODLESS CREMATION FOUNDATION,DIPP29069,RECOGNISED,U85100MH2016NPL284602,Validation,Nagpur,Maharashtra,Green Technology,Clean Tech,www.vasudhawoodlesscremationfoundation.com,,,,OK
5bd374ace4b0d01c027e3c35,SNUGTECH SERVICES PRIVATE LIMITED,DIPP29046,RECOGNISED,U74999MH2016PTC285874,Scaling,Nagpur,Maharashtra,Security Solutions,Home Security solutions,www.snugtechservices.com,,,,OK
5bd2feebe4b07b870d94ab7f,LUCRA INFRA PRIVATE LIMITED,DIPP29030,RECOGNISED,U74999MH2017PTC297273,EarlyTraction,Nagpur,Maharashtra,Renewable Energy,Renewable Solar Energy,www.lucrainfra.com,,,,OK
5bc98de9e4b0a0446f01be91,EVENTUATE INNOVATIONS PRIVATE LIMITED,DIPP51474,RECOGNISED,U74999MH2016PTC284318,Validation,Nagpur,Maharashtra,Healthcare & Lifesciences,Biotechnology,https://ezyspit.in/,,,,OK
5bc8b5d4e4b0a0446f01bc9c,ZEONE TECHNOLOGIES (OPC) PRIVATE LIMITED,DIPP28753,RECOGNISED,U74999MH2018OPC306584,Validation,Nagpur,Maharashtra,Green Technology,Clean Tech,www.zeone.co.in,,,,OK
5bc3a7bfe4b0c21ec4fe1543,ZEROJHANJHAT ACCOMODATION SERVICES PRIVATE LIMITED,DIPP35082,RECOGNISED,U74999MH2017PTC299048,EarlyTraction,Nagpur,Maharashtra,Real Estate,Housing,www.zerojhanjhat.com,,,,OK
5bc0a4f7e4b06d749dec7bb1,LEHONN TECHNOLOGY PRIVATE LIMITED,DIPP41221,RECOGNISED,U31900MH2018PTC312729,EarlyTraction,Nagpur,Maharashtra,Internet of Things,Manufacturing & Warehouse,http://lehonn.com/,,,,OK
5bbf5f2ae4b05ba69a5da594,MANCORP INNOVATION LABS PRIVATE LIMITED,DIPP63877,RECOGNISED,U74994MH2018PTC308819,Prototype,Nagpur,Maharashtra,AI,Machine Learning,www.mancorpinc.com,,,,OK
5bbca6bee4b05ba69a5d9420,Ez-Ad,DIPP23421,RECOGNISED,MH20D0034952,Validation,Nagpur,Maharashtra,Advertising,AdTech,,,,,OK
5bbc8cace4b05ba69a5d8cf2,FITART HEALTH AND WELLNESS PRIVATE LIMITED,DIPP28475,RECOGNISED,U74999MH2018PTC312698,Validation,Nagpur,Maharashtra,Healthcare & Lifesciences,Healthcare IT,www.fitart.in,,,,OK
5bbb8b23e4b05252d7fa7b53,LEMON IDEAS INNOVATIONS PRIVATE LIMITED,DIPP8140,RECOGNISED,U74999MH2013PTC247515,EarlyTraction,Nagpur,Maharashtra,Education,Skill Development,,,,,OK
5bbb8360e4b05252d7fa7a84,AGRANI CONCEPTS AND VISUALS PRIVATE LIMITED,DIPP18155,RECOGNISED,U93090MH2018PTC306124,Validation,Nagpur,Maharashtra,Media & Entertainment,Digital Media,,,,,OK
5bbb7fe8e4b05252d7fa78b7,NEEV CONCEPTS PRIVATE LIMITED,DIPP2773,RECOGNISED,U85100MH2016PTC287234,EarlyTraction,Nagpur,Maharashtra,,,,,,,OK
5bb62e95e4b0c1558cd1b4ff,NUWAY INNOVATIONS PRIVATE LIMITED,DIPP29983,RECOGNISED,U74999MH2017PTC296266,Validation,Nagpur,Maharashtra,Security Solutions,Home Security solutions,www.arvis.co,,,,OK
5bb48b78e4b0410db0ca9c68,OVIE CREATIVES PRIVATE LIMITED,DIPP53548,RECOGNISED,U93090MH2018PTC304723,Prototype,Nagpur,Maharashtra,Advertising,AdTech,https://www.oviecreatives.com,,,,OK
5bb20b8ee4b0410db0ca90b6,SMVJ SKILL PRIVATE LIMITED,DIPP36152,RECOGNISED,U93030MH2015PTC263365,Prototype,Nagpur,Maharashtra,Education,Skill Development,,,,,OK
5bb0a4b0e4b0410db0ca816e,MOBICORE INFO TECH SOFTWARES AND ENERGY PRIVATE LIMITED,DIPP40322,RECOGNISED,U72200MH2015PTC262923,Validation,Nagpur,Maharashtra,Internet of Things,Smart Home,,,,,OK
5bb08cf0e4b0410db0ca79ca,BLACK LEAF WASTE MANAGEMENT PRIVATE LIMITED,DIPP9828,RECOGNISED,U74999MH2017PTC299691,Prototype,Nagpur,Maharashtra,Green Technology,Waste Management,https://www.scrapee.in,,,,OK
5bb04a9ae4b0410db0ca4acc,GENXCODERS PRIVATE LIMITED,DIPP12965,RECOGNISED,U72900MH2017PTC291786,EarlyTraction,Nagpur,Maharashtra,IT Services,IT Management,https://www.gxcpl.com,,,,OK
5bafbc0be4b0410db0ca4245,BLUESKY AMIDA PRIVATE LIMITED,DIPP17673,RECOGNISED,U72900MH2017PTC294931,EarlyTraction,Nagpur,Maharashtra,IT Services,Project Management,www.blueskyamida.com,,,,OK
5bafb277e4b0410db0ca3ae4,FATUM PRIVATE LIMITED,DIPP16672,RECOGNISED,U74999MH2017PTC294003,Scaling,Nagpur,Maharashtra,Agriculture,Animal Husbandry,,,,,OK
5bafa1b2e4b0410db0ca2ead,AADIYOGI CRAFTS PRIVATE LIMITED,DIPP14819,RECOGNISED,U74999MH2018PTC304142,Prototype,Nagpur,Maharashtra,Art & Photography,Handicraft,,,,,OK
5baf9f1fe4b0410db0ca2c68,ELDRIDGE ENTERPRISES PRIVATE LIMITED,DIPP14524,RECOGNISED,U72900MH2017PTC296467,Validation,Nagpur,Maharashtra,Human Resources,Recruitment Jobs,www.labourmandi.com,,,,OK
5baf8ab7e4b0410db0ca275d,FINEFFI ENERGY SOLUTIONS PRIVATE LIMITED,DIPP19854,RECOGNISED,U93000MH2016PTC282646,EarlyTraction,Nagpur,Maharashtra,Green Technology,Clean Tech,www.fineffi.com,,,,OK
5baf89a0e4b0410db0ca26a4,CARDION TECHNOLOGIES PRIVATE LIMITED,DIPP19753,RECOGNISED,U72100MH2018PTC304752,Prototype,Nagpur,Maharashtra,Enterprise Software,Location Based,http://cardiontechnologies.com/,,,,OK
5baf3faae4b0410db0c9fc39,MANDARIN FOOD & SERVICES PRIVATE LIMITED,DIPP22326,RECOGNISED,U15122MH2015PTC266961,EarlyTraction,Nagpur,Maharashtra,Food & Beverages,Food Processing,www.orangenorange.com,,,,OK
5baf30d7e4b0410db0c9f4b2,AUSAM INNOVATIONS PRIVATE LIMITED,DIPP24311,RECOGNISED,U74999MH2018PTC311166,EarlyTraction,Nagpur,Maharashtra,Food & Beverages,Food Processing,,,,,OK
5baf1cdde4b0410db0c9eb3e,VERISTIC CONSULTANCY AND TRADING (OPC) PRIVATE LIMITED,DIPP25280,RECOGNISED,U74999MH2018OPC308239,Validation,Nagpur,Maharashtra,Professional & Commercial Services,Business Support Services,,,,,OK
5baef206e4b0410db0c9dea0,HARBOR VISION PRIVATE LIMITED,DIPP27724,RECOGNISED,U72900MH2018PTC309351,Validation,Nagpur,Maharashtra,Healthcare & Lifesciences,Healthcare Technology,harborvision.in,,,,OK
5baeeeaae4b0410db0c9dbd3,SHEELA AGRITECH CROP SCIENCE PRIVATE LIMITED,DIPP27425,RECOGNISED,U74999MH2018PTC303990,Scaling,Nagpur,Maharashtra,Agriculture,Others,,,,,OK
5baa20f8e4b0a878322e9fdc,HIPLOGIK APP SOLUTIONS PRIVATE LIMITED,DIPP28030,RECOGNISED,U72200MH2015PTC267083,EarlyTraction,Nagpur,Maharashtra,IT Services,Product Development,https://flyingpenguins.in,,,,OK
5ba254aae4b05f0501954fba,SAMVID INTERNATIONAL PRIVATE LIMITED,DIPP25439,RECOGNISED,U51909MH2014PTC257027,EarlyTraction,Nagpur,Maharashtra,Healthcare & Lifesciences,Health & Wellness,www.samvidinternational.com,,,,OK
5ba0d4eee4b05f050191c45a,TECXTRA TECHNOLOGIES PRIVATE LIMITED,DIPP27225,RECOGNISED,U72900MH2013PTC250057,Scaling,Nagpur,Maharashtra,Technology Hardware,Electronics,,,,,OK
5ba0cc7ce4b05f050191be12,PRL CONCEPTS &amp;amp; BUSINESS SOLUTIONS PRIVATE LIMITED,DIPP26103,RECOGNISED,U74999MH2018PTC305849,EarlyTraction,Nagpur,Maharashtra,Retail,Comparison Shopping,,,,,OK
5ba0cb7ee4b05f050191bd3e,PSUITE CAREERS PRIVATE LIMITED,DIPP26012,RECOGNISED,U80904MH2018PTC304077,EarlyTraction,Nagpur,Maharashtra,Human Resources,Training,,,,,OK
5ba0c0f1e4b05f050191bbae,CONTIGUVENZAA PRIVATE LIMITED,DIPP25725,RECOGNISED,U74999MH2018PTC311484,Prototype,Nagpur,Maharashtra,IT Services,Product Development,www.contiguvenzaa.com,,,,OK
5ba0b717e4b05f050191b8f0,YOUBOTICS,DIPP22794,RECOGNISED,NG000003820,Validation,Nagpur,Maharashtra,AI,Machine Learning,https://www.youbotics.ai,,,,OK
5ba0b689e4b05f050191b87e,STEPONE BEACON SOLUTIONS PRIVATE LIMITED,DIPP21381,RECOGNISED,U72900MH2017PTC292516,EarlyTraction,Nagpur,Maharashtra,IT Services,Application Development,,,,,OK
5b9b9ddbe4b0669127466103,INTEGRATED QUALITY ENGINEERING SOLUTIONS PRIVATE LIMITED,DIPP6278,RECOGNISED,U45400MH2014PTC256225,Scaling,Nagpur,Maharashtra,Professional & Commercial Services,Environmental Services & Equipment,www.iqes.in,,,,OK
5b81aecce4b0637a70120a23,ASTROVIS TEXTILE SERVICES PRIVATE LIMITED,DIPP27035,RECOGNISED,U74999MH2018PTC310888,EarlyTraction,Nagpur,Maharashtra,Textiles & Apparel,Apparel & Accessories,www.astrovis.org,,,,OK
5b7e493fe4b0637a70120030,YOLO PLAYFIT PRIVATE LIMITED,DIPP24724,RECOGNISED,U92490MH2018PTC305125,EarlyTraction,Nagpur,Maharashtra,Healthcare & Lifesciences,Healthcare Technology,,,,,OK
5b7e4931e4b0637a70120024,MEDVANCE RESEARCH PRIVATE LIMITED,DIPP24718,RECOGNISED,U24100MH2013PTC243392,Prototype,Nagpur,Maharashtra,Healthcare & Lifesciences,Healthcare Technology,www.medvanceresearch.com,,,,OK
5b7e3e69e4b0637a7011fab4,SSAXIOM UNIFICATION PRIVATE LIMITED,DIPP23794,RECOGNISED,U72900MH2018PTC308669,Scaling,Nagpur,Maharashtra,IT Services,Project Management,,,,,OK
5b7d7212e4b0637a7011f79c,MOONY MONK DESIGN STUDIO PRIVATE LIMITED,DIPP23669,RECOGNISED,U74999MH2017PTC295081,EarlyTraction,Nagpur,Maharashtra,Fashion,Apparel,WWW.MOONYMONK.COM,,,,OK
5b7d4ed1e4b0637a7011efba,SYNTIGNIS PRIVATE LIMITED,DIPP22323,RECOGNISED,U45309MH2017PTC302171,EarlyTraction,Nagpur,Maharashtra,Retail,Comparison Shopping,,,,,OK
5b7d4cc7e4b0637a7011eda1,DOSTO KI PATHSHALA CAFE AND FAST FOOD RESTRO PRIVATE LIMITED,DIPP21959,RECOGNISED,U55209MH2018PTC309810,Prototype,Nagpur,Maharashtra,Food & Beverages,Restaurants,,,,,OK
5b7d4cb1e4b0637a7011ed90,ORBITSYS CONSULTANCY PRIVATE LIMITED,DIPP21945,RECOGNISED,U72900MH2015PTC264771,Scaling,Nagpur,Maharashtra,IT Services,IT Consulting,,,,,OK
5b7d4acfe4b0637a7011eba1,NASP SAFETY SYSTEMS INDIA PRIVATE LIMITED,DIPP21578,RECOGNISED,U74999MH2018PTC307840,Validation,Nagpur,Maharashtra,Safety,Personal Security,,,,,OK
5b7d4a29e4b0637a7011eb04,DATASTEER SOFTWARE SOLUTIONS PRIVATE LIMITED,DIPP21430,RECOGNISED,U72900MH2018PTC308544,Validation,Nagpur,Maharashtra,IT Services,Product Development,,,,,OK
5b7d4955e4b0637a7011ea3c,COMMUNIXLAB PRIVATE LIMITED,DIPP21235,RECOGNISED,U72900MH2018PTC309167,EarlyTraction,Nagpur,Maharashtra,Marketing,Digital Marketing (SEO Automation),https://communixlab.com/,,,,OK
5b7d487de4b0637a7011e972,GENERAL EDUINFRA PRIVATE LIMITED,DIPP21010,RECOGNISED,U80900MH2017PTC303281,EarlyTraction,Nagpur,Maharashtra,Education,Education Technology,,,,,OK
5b7d42c7e4b0637a7011e40d,ECOLOGIQUE SCIENCE TECHNIK (INDIA) PRIVATE LIMITED,DIPP19928,RECOGNISED,U90001MH2014PTC252878,EarlyTraction,Nagpur,Maharashtra,Green Technology,Waste Management,www.estpl.co.in,,,,OK
5b7d424ae4b0637a7011e37f,NEXON MEDIATECH PRIVATE LIMITED,DIPP19821,RECOGNISED,U74999MH2018PTC307782,Prototype,Nagpur,Maharashtra,Media & Entertainment,Digital Media,,,,,OK
5b7d41c4e4b0637a7011e30c,EARTHWORK SECURITY PRIVATE LIMITED,DIPP19734,RECOGNISED,U74999MH2015PTC261515,Scaling,Nagpur,Maharashtra,Safety,Personal Security,,,,,OK
5b7d3f0de4b0637a7011e014,TECHNOVENTOR INNOVATIONS PRIVATE LIMITED,DIPP19195,RECOGNISED,U74999MH2016PTC286421,Scaling,Nagpur,Maharashtra,Education,Skill Development,www.technoventor.com,,,,OK
5b7d3898e4b0637a7011d9a0,STRAVIUM INTELLIGENCE LLP,DIPP17843,RECOGNISED,AAL-4041,EarlyTraction,Nagpur,Maharashtra,Media & Entertainment,Digital Media Publishing,,,,,OK
5b7d14dde4b0637a7011d7b6,HOMZHUB ADVISORS PRIVATE LIMITED,DIPP16162,RECOGNISED,U74999MH2017PTC296191,EarlyTraction,Nagpur,Maharashtra,Real Estate,Housing,,,,,OK
5b7d13d0e4b0637a7011d778,TECTURE BUSINESS SOLUTIONS PRIVATE LIMITED,DIPP15873,RECOGNISED,U74999MH2017PTC298347,Validation,Nagpur,Maharashtra,Enterprise Software,Customer Support,,,,,OK
5b7bd7c6e4b0637a7011cd30,Sosmata Technologies Private Limited,DIPP2997,RECOGNISED,U74999MH2016PTC288442,Validation,Nagpur,Maharashtra,,,,,,,OK
5b7bd6e2e4b0637a7011cc6a,RAINBOW GREENERS PVT LTD,DIPP2879,RECOGNISED,U74900MH2013PTC245410,Validation,Nagpur,Maharashtra,,,,,,,OK
5b7bd61be4b0637a7011cb9a,Fluidscapes Live Creations,DIPP2739,RECOGNISED,AAI-4289,Validation,Nagpur,Maharashtra,,,,,,,OK
5b7bce86e4b0637a7011ca15,O Tree Solutions Private Limited,DIPP2452,RECOGNISED,U72900MH2015PTC262355,Validation,Nagpur,Maharashtra,,,,,,,OK
5b7bcc12e4b0637a7011c758,Agile Connects Private Limited,DIPP1804,RECOGNISED,U72300MH2015PTC264219,Validation,Nagpur,Maharashtra,,,,,,,OK
5b62dba7e4b070f883426b7e,PHOTRONIX LED LIGHTS PRIVATE LIMITED,DIPP25901,RECOGNISED,U31907MH2017PTC297766,Validation,Nagpur,Maharashtra,Technology Hardware,Electronics,www.photronixled.com,,,,OK
5b2cb286e4b04f0864e58ebc,Webcuits IT And Media Solutions,DIPP22892,RECOGNISED,NG000000835,EarlyTraction,Nagpur,Maharashtra,IT Services,Application Development,https://www.webcuits.com/,,,,OK
5b2ca677e4b04f0864e58e93,GHIYA TECHNOLOGIES PRIVATE LIMITED,DIPP7320,RECOGNISED,U29309MH2017PTC292472,Validation,Nagpur,Maharashtra,Internet of Things,Wearables,www.gem.technology,,,,OK
5b1637e6e4b04e859d296d27,KALINDI VENTURES,DIPP25008,RECOGNISED,NG000004065,EarlyTraction,Nagpur,Maharashtra,Food & Beverages,Food Processing,www.CalvayFood.com,,,,OK
5ae94d97e4b0eb115ecf4f80,DYGN MEDIA LLP,DIPP21984,RECOGNISED,AAK-8036,Scaling,Nagpur,Maharashtra,Advertising,AdTech,dygnmedia.com,,,,OK
5ad9a1cee4b04f23ea904e1b,UNISIS TECHGLOBE SERVICES PRIVATE LIMITED,DIPP20217,RECOGNISED,U74999MH2017PTC290282,Prototype,Nagpur,Maharashtra,IT Services,IT Consulting,www.unisis.in,,,,OK
5acaff98e4b0c13abcef2985,GRAPE FOODTECH PRIVATE LIMITED,DIPP12189,RECOGNISED,U15125MH2017PTC294791,Validation,Nagpur,Maharashtra,Food & Beverages,Food Processing,www.grapecorp.in,,,,OK
5aca6132e4b0c13abcef287b,AIRAVAT CORPORATE SERVICES PRIVATE LIMITED,DIPP18491,RECOGNISED,U72100MH2015PTC267581,Scaling,Nagpur,Maharashtra,Internet of Things,Wearables,www.airavatcs.in,,,,OK
5ac0c31fe4b026aa2861d930,HOARDKINGS PRIVATE LIMITED,DIPP19357,RECOGNISED,U93000PN2018PTC175739,Prototype,Nagpur,Maharashtra,Advertising,Online Classified,www.hoardking.com,,,,OK
5abf7661e4b026aa2861d742,VRIDDH PATH TRAVELLING ASSISTANCE PRIVATE LIMITED,DIPP17898,RECOGNISED,U63030MH2018PTC303743,Validation,Nagpur,Maharashtra,Travel & Tourism,Facility Management,www.cabnotels.com,,,,OK
5abf75e3e4b026aa2861d65e,EIZVIZ PRODUCTION PRIVATE LIMITED,DIPP17682,RECOGNISED,U74999MH2016PTC281427,Scaling,Nagpur,Maharashtra,Media & Entertainment,Digital Media,,,,,OK
5abf7040e4b026aa2861ce2d,ULTRA GENETICS NUTRITION,DIPP15752,RECOGNISED,NG000003716,Prototype,Nagpur,Maharashtra,Healthcare & Lifesciences,Health & Wellness,,,,,OK
5abf6cfae4b026aa2861c9a7,KUSHALL LABS LLP,DIPP14940,RECOGNISED,AAK-8177,EarlyTraction,Nagpur,Maharashtra,Internet of Things,Smart Home,,,,,OK
5abf6c78e4b026aa2861c8a6,BELLATRIX INFOTECH PRIVATE LIMITED,DIPP14715,RECOGNISED,U74999MH2018PTC303820,Validation,Nagpur,Maharashtra,Education,Education Technology,,,,,OK
5abe4702e4b026aa2861b461,TECHWORK CONSULTANTS,DIPP13814,RECOGNISED,NG000003627,Validation,Nagpur,Maharashtra,Professional & Commercial Services,Employment Services,,,,,OK
5abe3ebfe4b026aa2861ab53,OSS GLOBAL PRIVATE LIMITED,DIPP11978,RECOGNISED,U74120MH2015PTC270453,EarlyTraction,Nagpur,Maharashtra,Internet of Things,Manufacturing & Warehouse,,,,,OK
5abe3dc8e4b026aa2861a9d8,DREAM TECHNO INFOSYSTEMS PRIVATE LIMITED,DIPP11653,RECOGNISED,U74999MH2017PTC301089,Validation,Nagpur,Maharashtra,Food & Beverages,Restaurants,,,,,OK
5abe3d5fe4b026aa2861a9c3,GODIGILER INDIA WEB SOLUTIONS PRIVATE LIMITED,DIPP16281,RECOGNISED,U74999PN2017PTC171945,Validation,Nagpur,Maharashtra,IT Services,Web Development,https://www.rhenopharm.com,,,,OK
5abe3c6be4b026aa2861a846,FIREBLAZE TECHNOLOGIES PRIVATE LIMITED,DIPP11317,RECOGNISED,U74999MH2017PTC301338,Scaling,Nagpur,Maharashtra,Education,Skill Development,https://fireblazeaischool.in,,,,OK
5abe3b05e4b026aa2861a66e,IPERCEPTS CREATIVE SOFT TECH PRIVATE LIMITED,DIPP10930,RECOGNISED,U74999MH2017PTC290197,EarlyTraction,Nagpur,Maharashtra,IT Services,Product Development,,,,,OK
5abe3999e4b026aa2861a458,MILLENNIA AHEAD TECHNOLOGIES PRIVATE LIMITED,DIPP10497,RECOGNISED,U74999MH2017PTC295541,EarlyTraction,Nagpur,Maharashtra,Enterprise Software,ERP,https://millenniaaheadtechnologies.com/,,,,OK
5abe38aee4b026aa2861a329,LIFELINE ENGINEERING (INDIA) PRIVATE LIMITED,DIPP10303,RECOGNISED,U29253MH2016PTC273612,Validation,Nagpur,Maharashtra,Agriculture,Agri-Tech,,,,,OK
5abe2a05e4b026aa28619ad5,TSECOND GENERATION TECHNOLOGY PRIVATE LIMITED,DIPP8572,RECOGNISED,U29248MH2014PTC256855,Scaling,Nagpur,Maharashtra,Technology Hardware,Embedded,,,,,OK
5abe23f1e4b026aa28619273,APS MICROTECH PRIVATE LIMITED,DIPP6798,RECOGNISED,U72900MH2016PTC287986,Prototype,Nagpur,Maharashtra,IT Services,IT Consulting,,,,,OK
5abe22fae4b026aa286190c9,SYNCWELL INFOTECH PRIVATE LIMITED,DIPP6456,RECOGNISED,U72200MH2017PTC296368,EarlyTraction,Nagpur,Maharashtra,IT Services,Product Development,,,,,OK
5abe1d34e4b026aa28618a23,AERIZONE CREATIVE LABS PRIVATE LIMITED,DIPP5041,RECOGNISED,U74999MH2017PTC290931,EarlyTraction,Nagpur,Maharashtra,Aeronautics Aerospace & Defence,Drones,www.aerizone.com,,,,OK
5abe1bd2e4b026aa28618857,PARASHAR HOSPITALITY SOLUTIONS PRIVATE LIMITED,DIPP4733,RECOGNISED,U74900MH2015PTC270245,EarlyTraction,Nagpur,Maharashtra,Human Resources,Recruitment Jobs,,,,,OK
5aa3b9b0e4b0cd7639f25170,CROWDERA VENTURES PRIVATE LIMITED,DIPP9678,RECOGNISED,U93000MH2014PTC256887,Scaling,Nagpur,Maharashtra,Finance Technology,Crowdfunding,https://gocrowdera.com/,,,,OK
5aa01fc6e4b0cd7639f24df4,PAIR CREATIONS PRIVATE LIMITED,DIPP17150,RECOGNISED,U74999MH2017PTC298599,Validation,Nagpur,Maharashtra,Design,Industrial Design,http://paircreations.com,,,,OK
5a968aede4b031c425983da0,MAKXENIA ENGINEERING RESOURCE PRIVATE LIMITED,DIPP40259,RECOGNISED,U74999MH2017PTC293747,Scaling,Nagpur,Maharashtra,Robotics,Robotics Technology,www.makxenia.com,,,,OK
5a87e081e4b075325d8bd6f9,SALASAR ECOMMERCE TOTAL SOLUTIONS PRIVATE LIMITED,DIPP3434,RECOGNISED,U72900MH2014PTC255630,EarlyTraction,Nagpur,Maharashtra,,,https://arenasoftwares.com,,,,OK
5a7f0223e4b075325d8bb9f2,BLAST ENTERPRISES PRIVATE LIMITED,DIPP17177,RECOGNISED,U74999MH2015PTC267330,Scaling,Nagpur,Maharashtra,Food & Beverages,Food Processing,www.sabzilana.com,,,,OK
5a7e0489e4b075325d8bb6f3,INSPIRED FOODS PRIVATE LIMITED,DIPP16266,RECOGNISED,U15122MH2013PTC250373,Scaling,Nagpur,Maharashtra,Food & Beverages,Food Processing,www.guavaz.co,,,,OK
5a7bd59ee4b075325d8bae47,UPRUDENCE DIGITAL SOLUTIONS PRIVATE LIMITED,DIPP7104,RECOGNISED,U74999MH2017PTC297066,Validation,Nagpur,Maharashtra,Real Estate,Housing,www.uprudenceagro.com,,,,OK
5a4bae35e4b0865903d62291,HOZANA INFOTECH PRIVATE LIMITED,DIPP21440,RECOGNISED,U74999MH2018PTC308440,EarlyTraction,Nagpur,Maharashtra,House-Hold Services,Home Care,nativoe.com,,,,OK
5a434e7be4b0762f513dbbbb,ATS IT WORLD PRIVATE LIMITED,DIPP3438,RECOGNISED,U74900MH2016PTC273337,Validation,Nagpur,Maharashtra,,,http://www.atsitworld.com/,,,,OK
5a1d25dce4b05e72e7960bd5,MORPHLE TECHNOLOGIES PRIVATE LIMITED,DIPP23383,RECOGNISED,U74999MH2017PTC298991,Validation,Nagpur,Maharashtra,Healthcare & Lifesciences,Medical Devices Biomedical,https://www.morphle.in,,,,OK
5a1198dee4b003ba7c69a103,PRATYARPANA SERVICES PRIVATE LIMITED,DIPP14999,RECOGNISED,U51909MH2017PTC292193,Scaling,Nagpur,Maharashtra,Social Impact,Others,https://www.donatekart.com,,,,OK
59fdabc0e4b0f281b9ab9071,NEWOPTION ONLINE SERVICES PRIVATE LIMITED,DIPP130279,RECOGNISED,U72900MH2020PTC341220,Prototype,Nagpur,Maharashtra,IT Services,IT Consulting,www.newoptions.co.in,,,,OK
59f9bbe2e4b0f281b9ab8b3a,NOVA ENZO POLYMERS PRIVATE LIMITED,DIPP8293,RECOGNISED,U25203MH2015PTC270180,EarlyTraction,Nagpur,Maharashtra,Green Technology,Clean Tech,,,,,OK
59f97335e4b0f281b9ab8a6a,MVM SOLUTIONS PRIVATE LIMITED,DIPP11175,RECOGNISED,U72200MH2017PTC295892,Validation,Nagpur,Maharashtra,Travel & Tourism,Facility Management,www.vngz.in,,,,OK
59d63714e4b00f35e4971880,MULTI NANO SENSE TECHNOLOGIES PRIVATE LIMITED,DIPP10165,RECOGNISED,U74999MH2017PTC293374,Validation,Nagpur,Maharashtra,Nanotechnology,Others,,,,,OK
59c49f3de4b099deda7d5d7f,CLUEMATRIX TECHNOLOGIES PRIVATE LIMITED,DIPP7153,RECOGNISED,U74999MH2016OPC281886,Validation,Nagpur,Maharashtra,IT Services,Application Development,www.cluematrix.com/,,,,OK
597ed9c2e4b0bed982a4ec22,WEB BETA PRIVATE LIMITED,DIPP4279,RECOGNISED,U72900MH2017PTC292296,EarlyTraction,Nagpur,Maharashtra,IT Services,Web Development,http://www.webbetasolutions.com,,,,OK
59770a62e4b02e027ba9be47,EPIONE HEALTHCARE PRIVATE LIMITED,DIPP70739,RECOGNISED,U85200MH2017PTC297331,Validation,Nagpur,Maharashtra,Healthcare & Lifesciences,Healthcare Services,www.your-physio.in,,,,OK
5957d90de4b0bcdc8b670de6,VCREATORSS IT LLP,DIPP1286,RECOGNISED,AAG-8330,EarlyTraction,Nagpur,Maharashtra,,,www.vcreatorss.com,,,,OK
59569d5ee4b0bcdc8b670d6e,Lihos Motors Pvt. Ltd.,DIPP414,RECOGNISED,U34200MH2015PTC269308,Validation,Nagpur,Maharashtra,,,www.lithosmotors.com,,,,OK
