startupId,startupName,dippNumber,dippRecognitionStatus,cin,stage,city,state,industry,sectors,website,email,phone,linkedInUrl,profileStatus,diagnostic_website_status,diagnostic_action
6a72ee3ce4b0b55585a934f8,NK ENGINEERING & CONSTRUCTION COMPANY,DIPP276542,RECOGNISED,NG000011011,EarlyTraction,Nagpur,Maharashtra,Construction,Construction & Engineering,,,,,OK,No website in master,Web-search for official website and public contacts
6a6f841ce4b01a12d3b109fe,SANYAM GLOBAL (OPC) PRIVATE LIMITED,DIPP275282,RECOGNISED,U10795ME2026OPC474237,Validation,Nagpur,Maharashtra,Logistics,Others,,,,,OK,No website in master,Web-search for official website and public contacts
6a6c5386e4b01a12d3b051cc,ASTRAKIT TRADING AND MANPOWER SERVICES LLP,DIPP276635,RECOGNISED,ACR-6342,Prototype,Nagpur,Maharashtra,Construction,Construction & Engineering,,,,,OK,No website in master,Web-search for official website and public contacts
6a6b4c0de4b01a12d3b01328,COFFEE PROJECT PRIVATE LIMITED,DIPP275094,RECOGNISED,U56102MH2025PTC448359,Scaling,Nagpur,Maharashtra,Food & Beverages,Restaurants,,,,,OK,No website in master,Web-search for official website and public contacts
6a6b0e78e4b01a12d3afe77f,IR ENTERPRISES,DIPP276527,RECOGNISED,UDYAM-MH-20-0356949,Scaling,Nagpur,Maharashtra,Events,Event Management,,,,,OK,No website in master,Web-search for official website and public contacts
6a50c504e4b061f5fedf6ac3,MEENADEEP EXPERIENCES PRIVATE LIMITED,DIPP271731,RECOGNISED,U52291ME2026PTC475400,Prototype,Nagpur,Maharashtra,Travel & Tourism,Experiential Travel,,,,,OK,No website in master,Web-search for official website and public contacts
6a4f4b45e4b061f5feded1ec,SHIVAKHYA INFRA PRIVATE LIMITED,DIPP271479,RECOGNISED,U42101ME2026PTC474775,Scaling,Nagpur,Maharashtra,Construction,Construction & Engineering,,,,,OK,No website in master,Web-search for official website and public contacts
6a4f3e36e4b061f5fedeca61,UNIVERSAL REALTY FARM &amp; RESORT (OPC) PRIVATE LIMITED,DIPP271467,RECOGNISED,U68200MH2025OPC462562,Validation,Nagpur,Maharashtra,Real Estate,Others,,,,,OK,No website in master,Web-search for official website and public contacts
6a4bd358e4b0359e44e42daf,DEVDATTA PRODUCTION PRIVATE LIMITED,DIPP270899,RECOGNISED,U90009MH2023PTC416212,EarlyTraction,Nagpur,Maharashtra,Art & Photography,Art,,,,,OK,No website in master,Web-search for official website and public contacts
6a4b6749e4b0359e44e3f22d,METAFORZE PRIVATE LIMITED,DIPP270706,RECOGNISED,U46699ME2026PTC474475,EarlyTraction,Nagpur,Maharashtra,Green Technology,Clean Tech,,,,,OK,No website in master,Web-search for official website and public contacts
6a48bdfae4b0359e44e363b7,VIDARBHA SALES & ENGINEERING,DIPP270848,RECOGNISED,O1-0726-9491UT,EarlyTraction,Nagpur,Maharashtra,Automotive,Others,,,,,OK,No website in master,Web-search for official website and public contacts
6a4792f3e4b0359e44e30532,PUNAM CONSTRUCTION INFRA LLP,DIPP270351,RECOGNISED,ACW-3518,Prototype,Nagpur,Maharashtra,Construction,Construction & Engineering,,,,,OK,No website in master,Web-search for official website and public contacts
6a467727e4b0359e44e2b7f4,DEEPVRUKSHA SECURITY SERVICES PRIVATE LIMITED,DIPP271020,RECOGNISED,U80200MH2025PTC439260,Scaling,Nagpur,Maharashtra,Human Resources,Others,,,,,OK,No website in master,Web-search for official website and public contacts
6a450b8be4b0359e44e23a77,MINDFULNESS NETWORK PRIVATE LIMITED,DIPP270050,RECOGNISED,U59113ME2026PTC474215,Prototype,Nagpur,Maharashtra,Media & Entertainment,Entertainment,,,,,OK,No website in master,Web-search for official website and public contacts
6a4381a0e4b0359e44e1abab,NEOPADAU SOLUTION PRIVATE LIMITED,DIPP269776,RECOGNISED,U47912MH2025PTC461252,Validation,Nagpur,Maharashtra,Other Specialty Retailers,Others,,,,,OK,No website in master,Web-search for official website and public contacts
6a424457e4b0359e44e13dca,MAVELII'S SOCIAL DEVELOPMENT FOUNDATION,DIPP269611,RECOGNISED,U88900ME2026NPL473992,Prototype,Nagpur,Maharashtra,Agriculture,Organic Agriculture,,,,,OK,No website in master,Web-search for official website and public contacts
6a4217f3e4b0359e44e11f93,KRISHIAI PRIVATE LIMITED,DIPP269550,RECOGNISED,U58200MH2026PTC468064,Scaling,Nagpur,Maharashtra,Agriculture,Agri-Tech,,,,,OK,No website in master,Web-search for official website and public contacts
6a3e6e2ee4b0359e44e049be,JAYSHREE GROUP OF INDUSTRIES PRIVATE LIMITED,DIPP269281,RECOGNISED,U11043MH2025PTC460333,Prototype,Nagpur,Maharashtra,Food & Beverages,Others,,,,,OK,No website in master,Web-search for official website and public contacts
6a393dbde4b0359e44de8219,OMEVEDIC TECHNOLOGIES LLP,DIPP268450,RECOGNISED,ACZ-0841,Prototype,Nagpur,Maharashtra,IT Services,Others,,,,,OK,No website in master,Web-search for official website and public contacts
6a3532a3e4b06921f1d6d261,WEDTRIX GLOBAL PRIVATE LIMITED,DIPP267940,RECOGNISED,U62099ME2026PTC475168,Validation,Nagpur,Maharashtra,Dating Matrimonial,Others,,,,,OK,No website in master,Web-search for official website and public contacts
6a329a0be4b06921f1d5f6b4,NEXBRIDGE VENTURES PRIVATE LIMITED,DIPP267800,RECOGNISED,U66190ME2026PTC474523,Prototype,Nagpur,Maharashtra,IT Services,IT Consulting,,,,,OK,No website in master,Web-search for official website and public contacts
6a2fed05e4b06921f1d4e9b6,UPDON VENTURES PRIVATE LIMITED,DIPP267552,RECOGNISED,U62011ME2026PTC474868,Prototype,Nagpur,Maharashtra,IT Services,Others,,,,,OK,No website in master,Web-search for official website and public contacts
6a2fd617e4b06921f1d4da9f,YOUFINITY WELLBEING PRIVATE LIMITED,DIPP267526,RECOGNISED,U87200ME2026PTC474505,Prototype,Nagpur,Maharashtra,Healthcare & Lifesciences,Healthcare Services,,,,,OK,No website in master,Web-search for official website and public contacts
6a2d57dae4b06921f1d436f7,SHREEKIRTI MEDITECH CONSULTANCY PRIVATE LIMITED,DIPP267236,RECOGNISED,U46497ME2026PTC473430,EarlyTraction,Nagpur,Maharashtra,Healthcare & Lifesciences,Healthcare Services,,,,,OK,No website in master,Web-search for official website and public contacts
6a2a91a3e4b06921f1d3495b,GN GLOBAL CONSULTING LLP,DIPP266818,RECOGNISED,ACU-3834,EarlyTraction,Nagpur,Maharashtra,Professional & Commercial Services,Business Support Services,,,,,OK,No website in master,Web-search for official website and public contacts
6a2a682ce4b06921f1d329be,INDOOR SYSTEMS SOLUTIONS PRIVATE LIMITED,DIPP266758,RECOGNISED,U72200MH2017PTC297875,EarlyTraction,Nagpur,Maharashtra,IT Services,Web Development,,,,,OK,No website in master,Web-search for official website and public contacts
6a270f59e4b075ab1c5c71e1,ZELES TECHNOLOGIES PRIVATE LIMITED,DIPP266384,RECOGNISED,U62090ME2026PTC474853,Prototype,Nagpur,Maharashtra,IT Services,IT Consulting,,,,,OK,No website in master,Web-search for official website and public contacts
6a26dc0ee4b075ab1c5c6627,H SQUARE MEDIA &amp; TECHNOLOGIES PRIVATE LIMITED,DIPP266376,RECOGNISED,U74200ME2026PTC473592,EarlyTraction,Nagpur,Maharashtra,Media & Entertainment,Digital Media,,,,,OK,No website in master,Web-search for official website and public contacts
6a210cefe4b075ab1c5ad241,EVQUICK LLP,DIPP265480,RECOGNISED,ACX-9376,EarlyTraction,Nagpur,Maharashtra,Green Technology,Clean Tech,,,,,OK,No website in master,Web-search for official website and public contacts
6a201f27e4b075ab1c5aa829,IRREGULAR PRODUCTION &amp; FILMS LLP,DIPP265414,RECOGNISED,ACW-5525,Validation,Nagpur,Maharashtra,Media & Entertainment,Entertainment,,,,,OK,No website in master,Web-search for official website and public contacts
6a1ee8f3e4b061f008cca4aa,RAVINDRA SINGH INFRA PROJECT PRIVATE LIMITED,DIPP265235,RECOGNISED,U42100MH2025PTC442729,Prototype,Nagpur,Maharashtra,Construction,Construction & Engineering,,,,,OK,No website in master,Web-search for official website and public contacts
6a1ecb14e4b061f008cc992d,SOLARJUNCTION LLP,DIPP265214,RECOGNISED,ACY-0607,Prototype,Nagpur,Maharashtra,Renewable Energy,Renewable Solar Energy,,,,,OK,No website in master,Web-search for official website and public contacts
6a1bd48ce4b061f008cb9222,PRIMIL CONSTRUCTIONS PRIVATE LIMITED,DIPP264874,RECOGNISED,U42909ME2026PTC473932,Validation,Nagpur,Maharashtra,Construction,Construction & Engineering,,,,,OK,No website in master,Web-search for official website and public contacts
6a1af9cee4b061f008cb6dd0,INDENTRA DENTAL GLOBAL TOURISM PRIVATE LIMITED,DIPP264763,RECOGNISED,U86100ME2026PTC475087,EarlyTraction,Nagpur,Maharashtra,Healthcare & Lifesciences,Healthcare Services,,,,,OK,No website in master,Web-search for official website and public contacts
6a19988be4b061f008cb0073,RSQUAREMG LLP,DIPP264504,RECOGNISED,ACI-4372,Validation,Nagpur,Maharashtra,IT Services,IT Consulting,,,,,OK,No website in master,Web-search for official website and public contacts
6a198b67e4b061f008cafa54,VITTUS WEALTH PRIVATE LIMITED,DIPP262643,RECOGNISED,U64990MH2026PTC464707,Prototype,Nagpur,Maharashtra,Finance Technology,Personal Finance,,,,,OK,No website in master,Web-search for official website and public contacts
6a16d5d3e4b061f008c9fdf9,POWERARCH INNOVATIONS PRIVATE LIMITED,DIPP264100,RECOGNISED,U42101MH2024PTC436715,Prototype,Nagpur,Maharashtra,Construction,Others,,,,,OK,No website in master,Web-search for official website and public contacts
6a115dbfe4b061f008c87788,AGARKARMEDIA PRIVATE LIMITED,DIPP263407,RECOGNISED,U72900MH2021PTC372026,Validation,Nagpur,Maharashtra,Telecommunication & Networking,Network Technology Solutions,,,,,OK,No website in master,Web-search for official website and public contacts
6a0eade5e4b061f008c7655c,PRIMECON MEGA PROJECTS PRIVATE LIMITED,DIPP263003,RECOGNISED,U43900MH2025PTC454030,Prototype,Nagpur,Maharashtra,Construction,Construction & Engineering,,,,,OK,No website in master,Web-search for official website and public contacts
6a0d8f91e4b061f008c715fa,VEDARTH HOSPITALITY MANAGEMENT PRIVATE LIMITED,DIPP262879,RECOGNISED,U55109ME2026PTC474400,Validation,Nagpur,Maharashtra,Travel & Tourism,Hospitality,,,,,OK,No website in master,Web-search for official website and public contacts
6a0cc201e4b0d6b314d72703,SOLIVAGUARD PRIVATE LIMITED,DIPP262783,RECOGNISED,U47912MH2026PTC465072,Validation,Nagpur,Maharashtra,Textiles & Apparel,Apparel & Accessories,,,,,OK,No website in master,Web-search for official website and public contacts
6a0c353fe4b07cca57a369ef,MSSKREBIRTHZING RECRUIT RIGHT PRIVATE LIMITED,DIPP262660,RECOGNISED,U78300MH2024PTC434240,Validation,Nagpur,Maharashtra,Human Resources,Recruitment Jobs,,,,,OK,No website in master,Web-search for official website and public contacts
6a05bd52e4b07cca57a0e366,MARTELX ELECTRONICS PRIVATE LIMITED,DIPP261634,RECOGNISED,U46529MH2026PTC467365,EarlyTraction,Nagpur,Maharashtra,Technology Hardware,Electronics,,,,,OK,No website in master,Web-search for official website and public contacts
6a045c28e4b07cca579ebddf,PROMISN PRIVATE LIMITED,DIPP262270,RECOGNISED,U62090ME2026PTC474466,Validation,Nagpur,Maharashtra,Education,Education Technology,,,,,OK,No website in master,Web-search for official website and public contacts
69fc4d52e4b07cca579a811e,ANYA SUPER GREENS PRIVATE LIMITED,DIPP259908,RECOGNISED,U47721MH2025PTC450671,EarlyTraction,Nagpur,Maharashtra,Agriculture,Food Processing,,,,,OK,No website in master,Web-search for official website and public contacts
69fb4208e4b07cca579a2653,ABHISHRI AGROTECH PRIVATE LIMITED,DIPP259827,RECOGNISED,U01611MH2025PTC460641,EarlyTraction,Nagpur,Maharashtra,Agriculture,Fisheries,,,,,OK,No website in master,Web-search for official website and public contacts
69f9cfbce4b07cca5799a6c1,NARNAWARE GLOBAL TRADE PRIVATE LIMITED,DIPP259545,RECOGNISED,U46620MH2025PTC457834,Prototype,Nagpur,Maharashtra,Logistics,Others,,,,,OK,No website in master,Web-search for official website and public contacts
69f8cbfee4b07cca57995fc9,VVBM STUDIOS (OPC) PRIVATE LIMITED,DIPP259389,RECOGNISED,U58201MH2024OPC434602,Scaling,Nagpur,Maharashtra,Media & Entertainment,Entertainment,,,,,OK,No website in master,Web-search for official website and public contacts
69f89bd3e4b07cca5799535b,ESLINK INFOCRAFT PRIVATE LIMITED,DIPP259370,RECOGNISED,U63990ME2026PTC474284,Prototype,Nagpur,Maharashtra,Technology Hardware,Electronics,,,,,OK,No website in master,Web-search for official website and public contacts
69f5ee88e4b07cca5798bb45,ICONIC MAHAVEER INFRA PRIVATE LIMITED,DIPP259169,RECOGNISED,U43900MH2025PTC451087,Validation,Nagpur,Maharashtra,Construction,Construction & Engineering,,,,,OK,No website in master,Web-search for official website and public contacts
69f5c978e4b07cca5798ad0a,Indify Horizon HET Hydrogen Pvt Ltd,DIPP258284,RECOGNISED,U29209MH2023PTC400951,Validation,Nagpur,Maharashtra,Renewable Energy,Manufacture of Electrical Equipment,,,,,OK,No website in master,Web-search for official website and public contacts
69f5c25ae4b07cca5798a9f2,BHARAT HYDRO-FLUIDS LLP,DIPP259116,RECOGNISED,ACX-7110,Prototype,Nagpur,Maharashtra,Renewable Energy,Manufacture of Machinery and Equipment,,,,,OK,No website in master,Web-search for official website and public contacts
69f4869ce4b07cca579863c3,PSYCHMITRA WELLNESS LLP,DIPP258998,RECOGNISED,ACV-0974,EarlyTraction,Nagpur,Maharashtra,Healthcare & Lifesciences,Healthcare Technology,,,,,OK,No website in master,Web-search for official website and public contacts
69f3500ee4b07cca5797f925,NEXBIGTECH INNOVATIONS PRIVATE LIMITED,DIPP258863,RECOGNISED,U62099PN2025PTC244824,Validation,Nagpur,Maharashtra,Enterprise Software,Enterprise Mobility,,,,,OK,No website in master,Web-search for official website and public contacts
69f328c6e4b07cca5797ccef,JERRIX TOYS PRIVATE LIMITED,DIPP258767,RECOGNISED,U32409MH2025PTC457018,Prototype,Nagpur,Maharashtra,Toys and Games,Physical Toys and Games,,,,,OK,No website in master,Web-search for official website and public contacts
69f23567e4b07cca579752e3,SHIVINFINIUM ENGINEERINGPROJECTS PRIVATE LIMITED,DIPP258582,RECOGNISED,U74909MH2024PTC431951,Prototype,Nagpur,Maharashtra,Construction,Construction & Engineering,,,,,OK,No website in master,Web-search for official website and public contacts
69f1e63fe4b07cca57971301,INFRAASSUREX PRIVATE LIMITED,DIPP258121,RECOGNISED,U46630ME2026PTC474079,Validation,Nagpur,Maharashtra,Construction,Construction Materials,,,,,OK,No website in master,Web-search for official website and public contacts
69f1a46fe4b07cca5796d8b2,ARKSIMPLIFIQ PRIVATE LIMITED,DIPP258024,RECOGNISED,U70200MH2025PTC464150,Prototype,Nagpur,Maharashtra,Construction,Others,,,,,OK,No website in master,Web-search for official website and public contacts
69f1a222e4b07cca5796d6c9,GREEN DRYING SOLUTION LLP,DIPP258019,RECOGNISED,ACU-1427,Prototype,Nagpur,Maharashtra,Agriculture,Others,,,,,OK,No website in master,Web-search for official website and public contacts
69f0a170e4b07cca5796936c,ASHRASPIRU BIOTECH PRIVATE LIMITED,DIPP257922,RECOGNISED,U03213ME2026PTC474301,Validation,Nagpur,Maharashtra,Healthcare & Lifesciences,Pharmaceutical,,,,,OK,No website in master,Web-search for official website and public contacts
69f06a04e4b07cca57966951,KAMALGANGA VENTURES PRIVATE LIMITED,DIPP257782,RECOGNISED,U85499MH2025PTC460263,Prototype,Nagpur,Maharashtra,Education,Skill Development,,,,,OK,No website in master,Web-search for official website and public contacts
69ef26dae4b07cca5795e133,KINFINITEE DIGITEC PRIVATE LIMITED,DIPP257100,RECOGNISED,U62011ME2026PTC474177,Prototype,Nagpur,Maharashtra,Finance Technology,Others,,,,,OK,No website in master,Web-search for official website and public contacts
69ea5649e4b07cca579484ae,KALBENDE WELFARE FOUNDATION,DIPP256973,RECOGNISED,U88900MH2024NPL433659,Validation,Nagpur,Maharashtra,Social Impact,NGO,,,,,OK,No website in master,Web-search for official website and public contacts
69e21907e4b03a7d725623b9,CONSTRUCT CRAZE INFRA AND SOLAR PRIVATE LIMITED,DIPP256104,RECOGNISED,U43222MH2025PTC454125,Prototype,Nagpur,Maharashtra,Construction,New-age Construction Technologies,,,,,OK,No website in master,Web-search for official website and public contacts
69e216c2e4b03a7d72562241,RANISATI RESOURCE PRIVATE LIMITED,DIPP256099,RECOGNISED,U20119MH2025PTC441497,Prototype,Nagpur,Maharashtra,Renewable Energy,Renewable Energy Solutions,,,,,OK,No website in master,Web-search for official website and public contacts
69df7eb5e4b03fe8db9a25fb,VERTISTEPZ PARKON PRIVATE LIMITED,DIPP258325,RECOGNISED,U43219MH2025PTC454758,Prototype,Nagpur,Maharashtra,Construction,Construction & Engineering,,,,,OK,No website in master,Web-search for official website and public contacts
69dcbe2fe4b0eb7de192d2b4,POLIREX CHEMICALS PRIVATE LIMITED,DIPP255364,RECOGNISED,U20290MH2025PTC459325,Prototype,Nagpur,Maharashtra,Chemicals,Specialty Chemicals,,,,,OK,No website in master,Web-search for official website and public contacts
69d92649e4b0147adf7aea59,GOSATTVA FARMS AND FOODS PRIVATE LIMITED,DIPP255096,RECOGNISED,U10500MH2026PTC467567,Prototype,Nagpur,Maharashtra,Agriculture,Dairy Farming,,,,,OK,No website in master,Web-search for official website and public contacts
69d35e32e4b03eeefb810bb4,BARTERLY TECHNOLOGIES PRIVATE LIMITED,DIPP254267,RECOGNISED,U63999MH2025PTC463989,Prototype,Nagpur,Maharashtra,Marketing,Others,,,,,OK,No website in master,Web-search for official website and public contacts
69d1139ae4b03eeefb80a7cd,MANTRAM FAB,DIPP254636,RECOGNISED,NG000007600,Scaling,Nagpur,Maharashtra,Textiles & Apparel,Apparel & Accessories,,,,,OK,No website in master,Web-search for official website and public contacts
69ccfd34e4b0c26a54714bae,AUCTWARE TECHNOLOGIES PRIVATE LIMITED,DIPP253626,RECOGNISED,U62099ME2026PTC474086,Prototype,Nagpur,Maharashtra,AI,Machine Learning,,,,,OK,No website in master,Web-search for official website and public contacts
69cbc142e4b0c26a5470dc35,AYODHYA NIRMAN PRIVATE LIMITED,DIPP253448,RECOGNISED,U45309MH2020PTC344754,Prototype,Nagpur,Maharashtra,Construction,Construction & Engineering,,,,,OK,No website in master,Web-search for official website and public contacts
69c9e638e4b0c26a546fc8ce,PAYSONIC TECHNOLOGIES PRIVATE LIMITED,DIPP192866,RECOGNISED,U62020MH2024PTC436305,Prototype,Nagpur,Maharashtra,Finance Technology,Payment Platforms,,,,,OK,No website in master,Web-search for official website and public contacts
69c4e3e5e4b0c26a546dc76d,ATONIX ARTWORKS PRIVATE LIMITED,DIPP252293,RECOGNISED,U82300PN2025PTC249666,Prototype,Nagpur,Maharashtra,IT Services,Others,,,,,OK,No website in master,Web-search for official website and public contacts
69c4d135e4b0c26a546db223,AGRINOVA SYSTEMS PRIVATE LIMITED,DIPP252239,RECOGNISED,U01611ME2026PTC473649,Prototype,Nagpur,Maharashtra,Agriculture,Agri-Tech,,,,,OK,No website in master,Web-search for official website and public contacts
69c22a3fe4b0b7e5b7332002,MAAGNUM METALOGY PRIVATE LIMITED,DIPP251851,RECOGNISED,U07100MH2026PTC465124,Prototype,Nagpur,Maharashtra,Waste Management,Others,,,,,OK,No website in master,Web-search for official website and public contacts
69be9fc2e4b0b7e5b7318965,KAILIEN SKINCARE PRIVATE LIMITED,DIPP250975,RECOGNISED,U20237MH2026PTC465672,Prototype,Nagpur,Maharashtra,Healthcare & Lifesciences,Health & Wellness,,,,,OK,No website in master,Web-search for official website and public contacts
69b93631e4b0b7e5b72ee684,THINNESTAI PRIVATE LIMITED,DIPP250544,RECOGNISED,U63111ME2026PTC473725,Prototype,Nagpur,Maharashtra,Indic Language Startups,Natural Language Processing,,,,,OK,No website in master,Web-search for official website and public contacts
69b7b8b2e4b0b7e5b72e4844,ONEBYZ TECH PRIVATE LIMITED,DIPP250183,RECOGNISED,U62013MH2024PTC433149,Prototype,Nagpur,Maharashtra,Healthcare & Lifesciences,Others,,,,,OK,No website in master,Web-search for official website and public contacts
69b10b05e4b0b7e5b72c6968,LAND'S END RESORTS PRIVATE LIMITED,DIPP249224,RECOGNISED,U68200MH2025PTC464065,Prototype,Nagpur,Maharashtra,Travel & Tourism,Experiential Travel,,,,,OK,No website in master,Web-search for official website and public contacts
69b10596e4b0b7e5b72c6687,DLEVER TECHNOLOGIES PRIVATE LIMITED,DIPP249215,RECOGNISED,U62099MH2026PTC468269,Prototype,Nagpur,Maharashtra,AI,Others,,,,,OK,No website in master,Web-search for official website and public contacts
69ae78ace4b0b7e5b72b89d1,COMFORT VENTURES (OPC) PRIVATE LIMITED,DIPP248771,RECOGNISED,U70200MH2025OPC460411,Prototype,Nagpur,Maharashtra,Human Resources,Recruitment Jobs,,,,,OK,No website in master,Web-search for official website and public contacts
69ae53fee4b0b7e5b72b71ed,PIXCY TRADELINK LLP,DIPP248710,RECOGNISED,ACT-3913,Prototype,Nagpur,Maharashtra,Technology Hardware,Electronics,,,,,OK,No website in master,Web-search for official website and public contacts
69a5bec4e4b0b7e5b72928c3,JAGTAP PATIL POULTRY FARM AND RESORT PRIVATE LIMITED,DIPP247738,RECOGNISED,U55101PN2026PTC250586,Prototype,Nagpur,Maharashtra,Travel & Tourism,Experiential Travel,,,,,OK,No website in master,Web-search for official website and public contacts
69a2b17ee4b0b7e5b72830ac,EDILD MEDEECARE PRIVATE LIMITED,DIPP238152,RECOGNISED,U21009MH2025PTC442813,Prototype,Nagpur,Maharashtra,Healthcare & Lifesciences,Pharmaceutical,,,,,OK,No website in master,Web-search for official website and public contacts
69a18108e4b0b7e5b727bde9,SSK AUTOTECH INDIA PRIVATE LIMITED,DIPP247000,RECOGNISED,U29302ME2026PTC473427,Prototype,Nagpur,Maharashtra,Automotive,Others,,,,,OK,No website in master,Web-search for official website and public contacts
69a180bde4b0b7e5b727bd41,KALPAVASTU BUILDCON PRIVATE LIMITED,DIPP246986,RECOGNISED,U46639MH2026PTC467677,Prototype,Nagpur,Maharashtra,Construction,Construction & Engineering,,,,,OK,No website in master,Web-search for official website and public contacts
699d74f7e4b0b7e5b725db90,SHREE JKR SALES PRIVATE LIMITED,DIPP246378,RECOGNISED,U46632MH2024PTC427416,Prototype,Nagpur,Maharashtra,Construction,Construction Materials,,,,,OK,No website in master,Web-search for official website and public contacts
699d5d2ce4b0b7e5b725c4d8,AGRIAQUA ORGANICS LLP,DIPP246329,RECOGNISED,ACU-0896,Prototype,Nagpur,Maharashtra,Biotechnology,Others,,,,,OK,No website in master,Web-search for official website and public contacts
69959e08e4b0a68b6c7b64b8,TAYRO WEALTH PRIVATE LIMITED,DIPP245163,RECOGNISED,U66190PN2025PTC249794,Prototype,Nagpur,Maharashtra,Finance Technology,Personal Finance,,,,,OK,No website in master,Web-search for official website and public contacts
69941adfe4b0a68b6c7a6a0a,NAGPUR GREEN GOLD VENTURES PRIVATE LIMITED,DIPP244726,RECOGNISED,U43900MH2025PTC459594,Prototype,Nagpur,Maharashtra,Real Estate,Others,,,,,OK,No website in master,Web-search for official website and public contacts
699089b2e4b0a68b6c7a14e8,SAKII TRAINING PRIVATE LIMITED,DIPP244528,RECOGNISED,U85490MH2026PTC466688,Prototype,Nagpur,Maharashtra,Education,Skill Development,,,,,OK,No website in master,Web-search for official website and public contacts
698c0a83e4b0a68b6c77fcbc,IMMVERSEAI LABS PRIVATE LIMITED,DIPP230078,RECOGNISED,U46512MH2025PTC455433,Prototype,Nagpur,Maharashtra,AI,Machine Learning,,,,,OK,No website in master,Web-search for official website and public contacts
698b5e47e4b0a68b6c77cf1b,CLUBWIZ LLP,DIPP243792,RECOGNISED,ACQ-2559,Prototype,Nagpur,Maharashtra,Media & Entertainment,Entertainment,,,,,OK,No website in master,Web-search for official website and public contacts
698ae0dbe4b0a68b6c777628,DEVRATH INDUSTRIES PRIVATE LIMITED,DIPP243618,RECOGNISED,U16219MH2024PTC431451,Prototype,Nagpur,Maharashtra,Healthcare & Lifesciences,Others,,,,,OK,No website in master,Web-search for official website and public contacts
69897c72e4b0a68b6c76d002,AYUDO SOLUTIONS LLP,DIPP243360,RECOGNISED,ACR-2512,Prototype,Nagpur,Maharashtra,Robotics,Others,,,,,OK,No website in master,Web-search for official website and public contacts
698876f3e4b0a68b6c768c6c,TARENO TRADEX PRIVATE LIMITED,DIPP243316,RECOGNISED,U46309MH2025PTC461933,Prototype,Nagpur,Maharashtra,Healthcare & Lifesciences,Health & Wellness,,,,,OK,No website in master,Web-search for official website and public contacts
6985b572e4b06a6c449f8e07,SHRIBABAJI RAGHAWMADHAW CONSTRUCTION PRIVATE LIMITED,DIPP242986,RECOGNISED,U43122MH2025PTC453737,Prototype,Nagpur,Maharashtra,Construction,Construction & Engineering,,,,,OK,No website in master,Web-search for official website and public contacts
698497c4e4b06a6c449f2d33,SARVADNYA AGRO PROCESSING &amp; ENGINEERING LLP,DIPP242875,RECOGNISED,AAU-3844,Prototype,Nagpur,Maharashtra,Professional & Commercial Services,Business Support Services,,,,,OK,No website in master,Web-search for official website and public contacts
697c9848e4b06a6c449b7b05,NAISHA LOGISTICS PRIVATE LIMITED,DIPP241763,RECOGNISED,U53200MH2025PTC454302,Prototype,Nagpur,Maharashtra,Transportation & Storage,Freight & Logistics Services,,,,,OK,No website in master,Web-search for official website and public contacts
697b1b81e4b06a6c449a933a,GOODGRUB NUTRITION PRIVATE LIMITED,DIPP241456,RECOGNISED,U10799MH2025PTC450712,Prototype,Nagpur,Maharashtra,Food & Beverages,Food Technology/Food Delivery,,,,,OK,No website in master,Web-search for official website and public contacts
6978a730e4b0f466023da2ea,R TWO SOLUTIONS CLEANING SERVICES PRIVATE LIMITED,DIPP241140,RECOGNISED,U81210MH2025PTC444209,Prototype,Nagpur,Maharashtra,Chemicals,Others,,,,,OK,No website in master,Web-search for official website and public contacts
6976297fe4b00ffe144fa3b4,INTRAPLUS COMMUNICATION NETWORK PRIVATE LIMITED,DIPP240892,RECOGNISED,U61900MH2023PTC399026,Prototype,Nagpur,Maharashtra,IT Services,Others,,,,,OK,No website in master,Web-search for official website and public contacts
69746deae4b00ffe144f10d2,INFRAXON PRIVATE LIMITED,DIPP240717,RECOGNISED,U42102PN2025PTC249467,Prototype,Nagpur,Maharashtra,Construction,Construction & Engineering,,,,,OK,No website in master,Web-search for official website and public contacts
69746ad0e4b00ffe144f0dff,AAMCHI SPEEDWAY PRIVATE LIMITED,DIPP240708,RECOGNISED,U93120MH2025PTC452815,Prototype,Nagpur,Maharashtra,Education,Skill Development,,,,,OK,No website in master,Web-search for official website and public contacts
697376b6e4b00ffe144ec8a5,PRABHUPARASHUHASTA BUILDCON PRIVATE LIMITED,DIPP240648,RECOGNISED,U41001PN2026PTC250334,Prototype,Nagpur,Maharashtra,Construction,Construction Materials,,,,,OK,No website in master,Web-search for official website and public contacts
6971e080e4b0b9148d2fe817,SUSHUDHI DHARA SOLUTION,DIPP241577,RECOGNISED,NG000011465,Prototype,Nagpur,Maharashtra,Waste Management,Others,,,,,OK,No website in master,Web-search for official website and public contacts
6971bb33e4b0b9148d2fc9a0,SCOPEWIT SP.ZO.O TECHNOLOGIES PRIVATE LIMITED,DIPP240303,RECOGNISED,U62013MH2025PTC441032,Prototype,Nagpur,Maharashtra,Technology Hardware,Others,,,,,OK,No website in master,Web-search for official website and public contacts
696dc2c1e4b09f4058c5b7a0,S&amp;U WELFARE FOUNDATION,DIPP239539,RECOGNISED,U88900MH2025NPL464136,Prototype,Nagpur,Maharashtra,Social Impact,Others,,,,,OK,No website in master,Web-search for official website and public contacts
696cf320e4b09f4058c57833,RK INFRASTRUCTURE AND ENTERPRISES PRIVATE LIMITED,DIPP239493,RECOGNISED,U43900MH2025PTC458055,Prototype,Nagpur,Maharashtra,Construction,Construction & Engineering,,,,,OK,No website in master,Web-search for official website and public contacts
694bbfdce4b03cb0541f7841,SPS TRINITY AVIATION PRIVATE LIMITED,DIPP235725,RECOGNISED,U43900MH2025PTC447738,Prototype,Nagpur,Maharashtra,Aeronautics Aerospace & Defence,Aviation & Others,,,,,OK,No website in master,Web-search for official website and public contacts
694904cce4b03cb0541e954f,ANYTIME FINCONSULT LLP,DIPP235272,RECOGNISED,ACS-4391,Prototype,Nagpur,Maharashtra,Finance Technology,Advisory,,,,,OK,No website in master,Web-search for official website and public contacts
69428fdae4b03cb0541cd604,BISENSEAI PRIVATE LIMITED,DIPP234548,RECOGNISED,U62099PN2025PTC247932,Prototype,Nagpur,Maharashtra,AI,Others,,,,,OK,No website in master,Web-search for official website and public contacts
69391ceee4b03cb0541a273c,HI-DRONES PRIVATE LIMITED,DIPP233416,RECOGNISED,U26515MH2025PTC450133,Prototype,Nagpur,Maharashtra,Technology Hardware,Electronics,,,,,OK,No website in master,Web-search for official website and public contacts
692fbedee4b03cb05417a289,SAHYAADRI BUILDCON TECHNO PRIVATE LIMITED,DIPP232240,RECOGNISED,U41001MH2025PTC461467,Prototype,Nagpur,Maharashtra,Construction,Construction & Engineering,,,,,OK,No website in master,Web-search for official website and public contacts
692e7da9e4b03cb05417441d,YURIVA AI PRIVATE LIMITED,DIPP232060,RECOGNISED,U58200MH2025PTC461505,Prototype,Nagpur,Maharashtra,AI,Machine Learning,,,,,OK,No website in master,Web-search for official website and public contacts
69296f39e4b03cb054160138,UMRED VERMI BHU VISION PRODUCER COMPANY LIMITED,DIPP231602,RECOGNISED,U01611MH2025PTC444073,Prototype,Nagpur,Maharashtra,Agriculture,Organic Agriculture,,,,,OK,No website in master,Web-search for official website and public contacts
691c6668e4b03cb054128ab8,MEDIZONMED PRIVATE LIMITED,DIPP229992,RECOGNISED,U46497MH2025PTC453958,Prototype,Nagpur,Maharashtra,Healthcare & Lifesciences,Health & Wellness,,,,,OK,No website in master,Web-search for official website and public contacts
691c3eb9e4b03cb0541272c9,QUANTNEURAL PRIVATE LIMITED,DIPP229928,RECOGNISED,U96905MH2024PTC435853,Prototype,Nagpur,Maharashtra,Other Specialty Retailers,Others,,,,,OK,No website in master,Web-search for official website and public contacts
691af684e4b07810ba1a6278,FAECOM ENGINEERING PRIVATE LIMITED,DIPP229765,RECOGNISED,U45100MH2022PTC386952,Prototype,Nagpur,Maharashtra,Architecture Interior Design,Others,,,,,OK,No website in master,Web-search for official website and public contacts
69188535e4b07810ba19e48f,BYTEWORKS MEDOLOGY LLP,DIPP229609,RECOGNISED,ACS-6185,Prototype,Nagpur,Maharashtra,IT Services,Others,,,,,OK,No website in master,Web-search for official website and public contacts
691446bae4b07810ba187a77,GREAT WEB SOFT PRIVATE LIMITED,DIPP228908,RECOGNISED,U62099MH2023PTC414766,Prototype,Nagpur,Maharashtra,AI,Others,,,,,OK,No website in master,Web-search for official website and public contacts
690c6b0ce4b07810ba1650a8,BAMBOLE ENGINEERING PRIVATE LIMITED,DIPP219370,RECOGNISED,U28299MH2025PTC451714,Prototype,Nagpur,Maharashtra,Technology Hardware,Manufacturing,,,,,OK,No website in master,Web-search for official website and public contacts
690456cee4b06dfd0cad6c3e,HERBNEXUS PRIVATE LIMITED,DIPP227246,RECOGNISED,U20118MH2025PTC443699,Prototype,Nagpur,Maharashtra,Marketing,Branding,,,,,OK,No website in master,Web-search for official website and public contacts
69031c39e4b063a5bedd82a2,SHARINGMITRA FOUNDATION,DIPP229396,RECOGNISED,U85300MH2022NPL393077,EarlyTraction,Nagpur,Maharashtra,Social Impact,Others,,,,,OK,No website in master,Web-search for official website and public contacts
68fdec7ce4b063a5beda421b,MAHREEN INFRATRADE LLP,DIPP226587,RECOGNISED,ACQ-5507,Prototype,Nagpur,Maharashtra,Construction,Construction & Engineering,,,,,OK,No website in master,Web-search for official website and public contacts
68f244bbe4b063a5bed61da9,NIBBIX FOOD (OPC) PRIVATE LIMITED,DIPP226075,RECOGNISED,U10613MH2025OPC449181,Prototype,Nagpur,Maharashtra,Food & Beverages,Food Processing,,,,,OK,No website in master,Web-search for official website and public contacts
68f1deb5e4b063a5bed5e80a,WEALTRIX FINTECH PRIVATE LIMITED,DIPP225970,RECOGNISED,U66190MH2025PTC454331,Prototype,Nagpur,Maharashtra,Finance Technology,Others,,,,,OK,No website in master,Web-search for official website and public contacts
68dfb07ae4b032c5c217fc2d,POWERARCH TECHNOLOGIES IP PRIVATE LIMITED,DIPP224163,RECOGNISED,U43900MH2025PTC455489,Prototype,Nagpur,Maharashtra,Professional & Commercial Services,Business Support Services,,,,,OK,No website in master,Web-search for official website and public contacts
68da3b89e4b032c5c2162d4e,LAXMIVERGE MANPOWER LLP,DIPP223580,RECOGNISED,ACR-3857,Prototype,Nagpur,Maharashtra,Professional & Commercial Services,Employment Services,,,,,OK,No website in master,Web-search for official website and public contacts
68d7dc46e4b032c5c2155e1e,POWERARCH CONSTRUCTIONS PRIVATE LIMITED,DIPP223462,RECOGNISED,U41000MH2025PTC454826,Prototype,Nagpur,Maharashtra,Construction,New-age Construction Technologies,,,,,OK,No website in master,Web-search for official website and public contacts
68d684cbe4b032c5c214e0ff,XCITEPLAY CLUB ASSOCIATION,DIPP223309,RECOGNISED,U93190MH2025NPL443316,Prototype,Nagpur,Maharashtra,Sports,Others,,,,,OK,No website in master,Web-search for official website and public contacts
68d28cfbe4b032c5c212c757,BLOCKMARK SOLUTION PRIVATE LIMITED,DIPP222717,RECOGNISED,U43299MH2025PTC445903,Prototype,Nagpur,Maharashtra,Construction,Construction & Engineering,,,,,OK,No website in master,Web-search for official website and public contacts
68b937c7e4b0c6365bdf2f98,UASM PRIVATE LIMITED,DIPP219845,RECOGNISED,U45100MH2025PTC455896,Prototype,Nagpur,Maharashtra,Automotive,Others,,,,,OK,No website in master,Web-search for official website and public contacts
68b6d2f4e4b0c6365bdd8389,INDRAWATT SOLAR (OPC) PRIVATE LIMITED,DIPP219555,RECOGNISED,U35105PN2025OPC244692,Prototype,Nagpur,Maharashtra,Renewable Energy,Renewable Solar Energy,,,,,OK,No website in master,Web-search for official website and public contacts
68b1a6abe4b0c6365bd71d51,AF SKYHIGH CONSTRUCTION PRIVATE LIMITED,DIPP219045,RECOGNISED,U46632PN2025PTC242352,Prototype,Nagpur,Maharashtra,Construction,Construction & Engineering,,,,,OK,No website in master,Web-search for official website and public contacts
68b0410be4b0c6365bd558b6,JOURNOID MEDIA LLP,DIPP218820,RECOGNISED,ACL-9598,Prototype,Nagpur,Maharashtra,Advertising,AdTech,,,,,OK,No website in master,Web-search for official website and public contacts
6897252de4b0f62ba8a244bb,GROOMTAP PRIVATE LIMITED,DIPP216063,RECOGNISED,U46512MH2025PTC452548,Prototype,Nagpur,Maharashtra,IT Services,Application Development,,,,,OK,No website in master,Web-search for official website and public contacts
68949929e4b01b8d0aa69c62,DOCTORAMAN HEALTHCARE PRIVATE LIMITED,DIPP215820,RECOGNISED,U86909MH2025PTC452473,Prototype,Nagpur,Maharashtra,Healthcare & Lifesciences,Healthcare Services,,,,,OK,No website in master,Web-search for official website and public contacts
6891f43ce4b043b22d2bd85e,SIDDHATECH COTTON PRIVATE LIMITED,DIPP215394,RECOGNISED,U17100MH2017PTC295143,Prototype,Nagpur,Maharashtra,Renewable Energy,Others,,,,,OK,No website in master,Web-search for official website and public contacts
68908436e4b043b22d2a2fe8,VERIFIQ FORENSICS PRIVATE LIMITED,DIPP211425,RECOGNISED,U80300MH2025PTC445088,Prototype,Nagpur,Maharashtra,Professional & Commercial Services,Professional Information Services,,,,,OK,No website in master,Web-search for official website and public contacts
6884c065e4b0861e7e802827,TVAVAT ARTISTRY PRIVATE LIMITED,DIPP213993,RECOGNISED,U90003PN2024PTC235209,Prototype,Nagpur,Maharashtra,Art & Photography,Art,,,,,OK,No website in master,Web-search for official website and public contacts
6880854ce4b0861e7e7afd21,DIDIDEALS PRIVATE LIMITED,DIPP213508,RECOGNISED,U72200MH2025PTC439930,Prototype,Nagpur,Maharashtra,Social Impact,Others,,,,,OK,No website in master,Web-search for official website and public contacts
6879df92e4b0861e7e743fe6,VRIB CONSULTANTS (OPC) PRIVATE LIMITED,DIPP212847,RECOGNISED,U70200MH2025OPC439893,Prototype,Nagpur,Maharashtra,Professional & Commercial Services,Business Support Services,,,,,OK,No website in master,Web-search for official website and public contacts
68748f3ae4b074eae6d0263d,CHAMELLION CREATIVE LABS LLP,DIPP212117,RECOGNISED,ACO-4242,Prototype,Nagpur,Maharashtra,Textiles & Apparel,Apparel & Accessories,,,,,OK,No website in master,Web-search for official website and public contacts
686f5962e4b074eae6cb8dde,MAATU FOOD &amp; SPICES LLP,DIPP211765,RECOGNISED,ACN-7195,Prototype,Nagpur,Maharashtra,Food & Beverages,Food Processing,,,,,OK,No website in master,Web-search for official website and public contacts
6867a72be4b0c1da35b5f94d,CERTNEXUS INDIA PRIVATE LIMITED,DIPP210994,RECOGNISED,U70200MH2024PTC428145,Prototype,Nagpur,Maharashtra,Professional & Commercial Services,Business Support Services,,,,,OK,No website in master,Web-search for official website and public contacts
6858f9a1e4b04240c52d1c63,ZENITO VENTURES PRIVATE LIMITED,DIPP209087,RECOGNISED,U85499MH2025PTC446377,Prototype,Nagpur,Maharashtra,Education,Others,,,,,OK,No website in master,Web-search for official website and public contacts
68555207e4b04240c52c369e,POCKETVENDR TECH PRIVATE LIMITED,DIPP208883,RECOGNISED,U47912MH2024PTC429806,Prototype,Nagpur,Maharashtra,IT Services,IT Management,,,,,OK,No website in master,Web-search for official website and public contacts
68515331e4b04240c52b1f26,SHAKYA VISION FOUNDATION,DIPP208313,RECOGNISED,U85490MH2025NPL441538,Prototype,Nagpur,Maharashtra,Education,Skill Development,,,,,OK,No website in master,Web-search for official website and public contacts
684d6d79e4b04240c52a4a5b,KMWS SOLUTIONS PRIVATE LIMITED,DIPP207957,RECOGNISED,U32909MH2024PTC431710,Prototype,Nagpur,Maharashtra,Agriculture,Organic Agriculture,,,,,OK,No website in master,Web-search for official website and public contacts
684d4916e4b04240c52a3e47,IND INFOTECH SERVICES PRIVATE LIMITED,DIPP207917,RECOGNISED,U62013MH2023PTC399579,Prototype,Nagpur,Maharashtra,Analytics,Others,,,,,OK,No website in master,Web-search for official website and public contacts
684bf5dee4b04240c529ea85,VARM ENGINEERING &amp; TECHNOLOGY PRIVATE LIMITED,DIPP207733,RECOGNISED,U35105MH2025PTC444695,Prototype,Nagpur,Maharashtra,Renewable Energy,Renewable Solar Energy,,,,,OK,No website in master,Web-search for official website and public contacts
68494f7be4b0a122c128efab,HIESO HEALTHCARE PRIVATE LIMITED,DIPP207335,RECOGNISED,U21001MH2025PTC447593,Prototype,Nagpur,Maharashtra,Healthcare & Lifesciences,Others,,,,,OK,No website in master,Web-search for official website and public contacts
683f1327e4b08462cd03f775,GRISTIP SOFTWARE PRIVATE LIMITED,DIPP206315,RECOGNISED,U62011PN2025PTC242145,Prototype,Nagpur,Maharashtra,IT Services,Product Development,,,,,OK,No website in master,Web-search for official website and public contacts
68355515e4b029850b95becd,AARA GREEN INFOSOLUTIONS PRIVATE LIMITED,DIPP205169,RECOGNISED,U70200MH2025PTC448017,Prototype,Nagpur,Maharashtra,Professional & Commercial Services,Others,,,,,OK,No website in master,Web-search for official website and public contacts
682dbf53e4b0cf6e6488788b,MEDBRIX HEALTHCARE PRIVATE LIMITED,DIPP204435,RECOGNISED,U46497MH2025PTC444741,Prototype,Nagpur,Maharashtra,Healthcare & Lifesciences,Pharmaceutical,,,,,OK,No website in master,Web-search for official website and public contacts
6828666fe4b0cf6e64871fd4,ERENTOO ELECTRICAL VEHICLE SERVICES LLP,DIPP203924,RECOGNISED,ACN-1959,Prototype,Nagpur,Maharashtra,Automotive,Electric Vehicles,,,,,OK,No website in master,Web-search for official website and public contacts
6810c1aee4b0611108b38e38,KATARE HEALTHCARE PRIVATE LIMITED,DIPP200696,RECOGNISED,U86100MH2024PTC419585,Prototype,Nagpur,Maharashtra,Healthcare & Lifesciences,Healthcare Services,,,,,OK,No website in master,Web-search for official website and public contacts
680f64f0e4b0611108b30839,ATHERA MEDICAL TECHNOLOGIES (OPC) PRIVATE LIMITED,DIPP201492,RECOGNISED,U32509PN2025OPC238606,Prototype,Nagpur,Maharashtra,Healthcare & Lifesciences,Medical Devices Biomedical,,,,,OK,No website in master,Web-search for official website and public contacts
680cd30de4b0611108b27c19,ELITE TISSUE LLP,DIPP201353,RECOGNISED,ACM-6714,Prototype,Nagpur,Maharashtra,Other Specialty Retailers,Others,,,,,OK,No website in master,Web-search for official website and public contacts
67f7b214e4b0e456e3596417,S K FIRE PROTECTION PRIVATE LIMITED,DIPP199350,RECOGNISED,U28193MH2024PTC425141,Prototype,Nagpur,Maharashtra,Safety,Others,,,,,OK,No website in master,Web-search for official website and public contacts
67eff705e4b0e456e3574959,JAGRUT AUTOMATION AND ROBOTICS PRIVATE LIMITED,DIPP198636,RECOGNISED,U28170MH2025PTC441573,Prototype,Nagpur,Maharashtra,Robotics,Robotics Technology,,,,,OK,No website in master,Web-search for official website and public contacts
67d3ea1de4b00e0c1b146400,LAKSHMIBHUMI FARMER PRODUCER COMPANY LIMITED,DIPP195724,RECOGNISED,U01611MH2024PTC437157,Prototype,Nagpur,Maharashtra,Agriculture,Agri-Tech,,,,,OK,No website in master,Web-search for official website and public contacts
67ceb9c2e4b00e0c1b0a461f,BHAVYA AGRO INSPECTION AND WAREHOUSING PRIVATE LIMITED,DIPP195234,RECOGNISED,U46101MH2025PTC437618,Prototype,Nagpur,Maharashtra,Agriculture,Others,,,,,OK,No website in master,Web-search for official website and public contacts
67cb0591e4b00e0c1b063f1e,HEEMUL MEDCO PRIVATE LIMITED,DIPP195006,RECOGNISED,U46497MH2024PTC433092,Prototype,Nagpur,Maharashtra,Healthcare & Lifesciences,Healthcare Services,,,,,OK,No website in master,Web-search for official website and public contacts
67c5926be4b0f37094be685c,MANOSHREE ENGINEERING AND CONSULTANCY LLP,DIPP194324,RECOGNISED,ACE-8028,Prototype,Nagpur,Maharashtra,Construction,Construction & Engineering,,,,,OK,No website in master,Web-search for official website and public contacts
67c56843e4b038466327a183,CHRYSOLITE AGRO &amp; HELATH CARE PRIVATE LIMITED,DIPP194271,RECOGNISED,U86900MH2024PTC428586,Prototype,Nagpur,Maharashtra,Agriculture,Organic Agriculture,,,,,OK,No website in master,Web-search for official website and public contacts
67bc61ebe4b0b57bb29f6605,PANJTAN INDUSTRIES PRIVATE LIMITED,DIPP193396,RECOGNISED,U22209MH2025PTC438535,Prototype,Nagpur,Maharashtra,Food & Beverages,Others,,,,,OK,No website in master,Web-search for official website and public contacts
67b700ffe4b06e2290acb86d,FLEXIVERSE SOLUTIONS PRIVATE LIMITED,DIPP192942,RECOGNISED,U42900MH2025PTC439027,Prototype,Nagpur,Maharashtra,Construction,Construction & Engineering,,,,,OK,No website in master,Web-search for official website and public contacts
67b5e97be4b06e2290ac3e7e,THERMO TECHNOCOM PRIVATE LIMITED,DIPP192861,RECOGNISED,U33121MH2024PTC431672,Prototype,Nagpur,Maharashtra,Construction,Construction & Engineering,,,,,OK,No website in master,Web-search for official website and public contacts
67ad81afe4b045171969b33c,ACUMENITY ADVISORY PRIVATE LIMITED,DIPP189139,RECOGNISED,U82199MH2024PTC437391,Prototype,Nagpur,Maharashtra,Professional & Commercial Services,Business Support Services,,,,,OK,No website in master,Web-search for official website and public contacts
67a5f174e4b0ba336791ee0f,FOODSIA SERVICES PRIVATE LIMITED,DIPP191464,RECOGNISED,U47219MH2025PTC438938,Prototype,Nagpur,Maharashtra,Food & Beverages,Others,,,,,OK,No website in master,Web-search for official website and public contacts
67a20459e4b0a671abf3d77c,WROFY ELEGANCE PRIVATE LIMITED,DIPP191037,RECOGNISED,U14101MH2025PTC438761,Prototype,Nagpur,Maharashtra,Fashion,Lifestyle,,,,,OK,No website in master,Web-search for official website and public contacts
679c89f0e4b0c8d671af1c13,CAPSEC FASHION PRIVATE LIMITED,DIPP190552,RECOGNISED,U32909MH2024PTC437036,Prototype,Nagpur,Maharashtra,Textiles & Apparel,Apparel & Accessories,,,,,OK,No website in master,Web-search for official website and public contacts
6798b794e4b08d5f74b2de7c,SHIVANKAR HEALTH CARE SERVICES PRIVATE LIMITED,DIPP190167,RECOGNISED,U86100MH2024PTC432970,Prototype,Nagpur,Maharashtra,Healthcare & Lifesciences,Healthcare Services,,,,,OK,No website in master,Web-search for official website and public contacts
67971d96e4b08d5f74b267ba,SHUBHAM TECH SERVICES PRIVATE LIMITED,DIPP189965,RECOGNISED,U71200MH2023PTC412883,Prototype,Nagpur,Maharashtra,Analytics,Business Intelligence,,,,,OK,No website in master,Web-search for official website and public contacts
678e3950e4b04104efa11965,IM INFRACON PRIVATE LIMITED,DIPP189193,RECOGNISED,U45201MH2022PTC389925,Prototype,Nagpur,Maharashtra,Real Estate,Others,,,,,OK,No website in master,Web-search for official website and public contacts
678a24f0e4b04104efa04c71,VEMS IMPOEXPO PRIVATE LIMITED,DIPP188937,RECOGNISED,U74994MH2020PTC337361,Prototype,Nagpur,Maharashtra,Telecommunication & Networking,Network Technology Solutions,,,,,OK,No website in master,Web-search for official website and public contacts
677e380ae4b0086ce8e28980,TECHLYNC LEARNING TECHNOLOGIES PRIVATE LIMITED,DIPP182847,RECOGNISED,U43900MH2023PTC411405,Prototype,Nagpur,Maharashtra,Education,E-learning,,,,,OK,No website in master,Web-search for official website and public contacts
677e296ce4b0086ce8e28404,SERVICENOVA PRIVATE LIMITED,DIPP182131,RECOGNISED,U46529MH2024PTC417634,Prototype,Nagpur,Maharashtra,Renewable Energy,Renewable Energy Solutions,,,,,OK,No website in master,Web-search for official website and public contacts
67656092e4b02edde77f63be,LEXPRO TECHNOLOGIES PRIVATE LIMITED,DIPP186126,RECOGNISED,U62010MH2024PTC428678,Prototype,Nagpur,Maharashtra,AI,Others,,,,,OK,No website in master,Web-search for official website and public contacts
674ed27ae4b0c0da2133cce2,GREEN HEALTH DYNAMICS PRIVATE LIMITED,DIPP184408,RECOGNISED,U37003MH2024PTC429375,Prototype,Nagpur,Maharashtra,Waste Management,Others,,,,,OK,No website in master,Web-search for official website and public contacts
67443dc9e4b0dd5c705411ff,MARTY INDIA EQUIPMENTS PRIVATE LIMITED,DIPP183565,RECOGNISED,U29309MH2022PTC394589,Prototype,Nagpur,Maharashtra,Construction,Construction & Engineering,,,,,OK,No website in master,Web-search for official website and public contacts
67370386e4b061047b5d832c,SHREYA DONGRE DESIGN STUDIO PRIVATE LIMITED,DIPP182721,RECOGNISED,U70200MH2023PTC409919,Prototype,Nagpur,Maharashtra,Design,Others,,,,,OK,No website in master,Web-search for official website and public contacts
67321bdae4b017491c4e7bb9,FINSIMPLIFY SOLUTIONS PRIVATE LIMITED,DIPP182310,RECOGNISED,U69201MH2024PTC433836,Prototype,Nagpur,Maharashtra,Finance Technology,Business Finance,,,,,OK,No website in master,Web-search for official website and public contacts
672de010e4b017491c4d7320,GOFLAXO BIOSCIENCES PRIVATE LIMITED,DIPP182076,RECOGNISED,U21009MH2023PTC400447,Prototype,Nagpur,Maharashtra,Healthcare & Lifesciences,Health & Wellness,,,,,OK,No website in master,Web-search for official website and public contacts
67164e1ae4b005845491519f,MANMACH SERVICES PRIVATE LIMITED,DIPP180805,RECOGNISED,U74999MH2020PTC346574,Prototype,Nagpur,Maharashtra,Human Resources,Others,,,,,OK,No website in master,Web-search for official website and public contacts
67128f6ae4b00e6292704ae3,BELLYBASKET ECOMMERCE PRIVATE LIMITED,DIPP180585,RECOGNISED,U47910PN2024PTC231408,Prototype,Nagpur,Maharashtra,IT Services,Product Development,,,,,OK,No website in master,Web-search for official website and public contacts
66e93ae1e4b0ff83efe1f895,FLEURIRA ENTERPRISES PRIVATE LIMITED,DIPP177580,RECOGNISED,U46491MH2024PTC429528,Prototype,Nagpur,Maharashtra,House-Hold Services,Personal Care,,,,,OK,No website in master,Web-search for official website and public contacts
66e2f27be4b0574f4f8e062b,VIEWSPACE TECHNOLOGY PRIVATE LIMITED,DIPP177204,RECOGNISED,U63112MH2024PTC427819,Prototype,Nagpur,Maharashtra,Finance Technology,Advisory,,,,,OK,No website in master,Web-search for official website and public contacts
66db04c4e4b0da161d5b5346,CUTTINGEJ SOLUTIONS INDIA PRIVATE LIMITED,DIPP176601,RECOGNISED,U62099MH2024PTC429106,Prototype,Nagpur,Maharashtra,Security Solutions,Cyber Security,,,,,OK,No website in master,Web-search for official website and public contacts
66cd6beee4b0da161d5787a2,DR.SB DATA &amp; DIGITAL SERVICES PRIVATE LIMITED,DIPP175356,RECOGNISED,U72900PN2021PTC205522,Prototype,Nagpur,Maharashtra,Media & Entertainment,Social Media,,,,,OK,No website in master,Web-search for official website and public contacts
66ade0c8e4b07936b472ceb6,CRABCARE CANCER E-SERVICES PRIVATE LIMITED,DIPP173277,RECOGNISED,U86201MH2024PTC428960,Prototype,Nagpur,Maharashtra,Other Specialty Retailers,Others,,,,,OK,No website in master,Web-search for official website and public contacts
66a8e55ce4b07936b471b6ca,FENIXIN WEALTHWISE PRIVATE LIMITED,DIPP172949,RECOGNISED,U66290MH2024PTC426914,Prototype,Nagpur,Maharashtra,Finance Technology,Business Finance,,,,,OK,No website in master,Web-search for official website and public contacts
66a8c647e4b07936b471a756,SANGRAVITY DIGISOLUTIONS INDIA PRIVATE LIMITED,DIPP172910,RECOGNISED,U66190MH2023PTC402863,Prototype,Nagpur,Maharashtra,Finance Technology,Business Finance,,,,,OK,No website in master,Web-search for official website and public contacts
66a89e72e4b07936b4718a32,POTSDAM INDIA PRIVATE LIMITED,DIPP172872,RECOGNISED,U23939MH2024PTC421065,Prototype,Nagpur,Maharashtra,Architecture Interior Design,Others,,,,,OK,No website in master,Web-search for official website and public contacts
669657cbe4b07936b46d239b,GIGAWAVE VENTURES LLP,DIPP171846,RECOGNISED,ACE-0211,Prototype,Nagpur,Maharashtra,Telecommunication & Networking,Others,,,,,OK,No website in master,Web-search for official website and public contacts
668fc184e4b014c9a9a2994c,SHARYA EV PARK LLP,DIPP171386,RECOGNISED,ACG-8090,Prototype,Nagpur,Maharashtra,Automotive,Electric Vehicles,,,,,OK,No website in master,Web-search for official website and public contacts
668e3d6ce4b014c9a9a23087,BLUE-I FACILITY SERVICES PRIVATE LIMITED,DIPP171832,RECOGNISED,U74904MH2024PTC417692,Prototype,Nagpur,Maharashtra,Others,Others,,,,,OK,No website in master,Web-search for official website and public contacts
6683fcf1e4b05ec08d224b06,AVSAR DIGITAL INDIA PRIVATE LIMITED,DIPP170516,RECOGNISED,U30003MH2022PTC386565,Prototype,Nagpur,Maharashtra,Technology Hardware,Others,,,,,OK,No website in master,Web-search for official website and public contacts
667c270ee4b03320a747f19b,SKYCONNECT INFRASTRUCTURES TECH PRIVATE LIMITED,DIPP169924,RECOGNISED,U43299PN2024PTC230866,Prototype,Nagpur,Maharashtra,Real Estate,Housing,,,,,OK,No website in master,Web-search for official website and public contacts
6672cff5e4b0d5f6c8bc0508,ANKARPIT UDYOG (OPC) PRIVATE LIMITED,DIPP169217,RECOGNISED,U79110MH2024OPC423767,Prototype,Nagpur,Maharashtra,Travel & Tourism,Others,,,,,OK,No website in master,Web-search for official website and public contacts
666ab38ee4b0bd5d3c2d69b4,SHIL INDUSTRIES,DIPP170122,RECOGNISED,2.45E+15,Prototype,Nagpur,Maharashtra,Design,Industrial Design,,,,,OK,No website in master,Web-search for official website and public contacts
666696cae4b0c35880dafa2c,SMARTTSUN POWER PRIVATE LIMITED,DIPP168150,RECOGNISED,U35105MH2024PTC416655,Prototype,Nagpur,Maharashtra,Renewable Energy,Renewable Solar Energy,,,,,OK,No website in master,Web-search for official website and public contacts
665d849ae4b064981a526cf2,SHREESHIVAM POWERHOUSE MULTIVENTURES PRIVATE LIMITED,DIPP167473,RECOGNISED,U27101MH2024PTC417737,Prototype,Nagpur,Maharashtra,Automotive,Electric Vehicles,,,,,OK,No website in master,Web-search for official website and public contacts
665b1299e4b0ca3a76d2c5fa,AMBROSINE PHARMA PRIVATE LIMITED,DIPP167398,RECOGNISED,U21002MH2024PTC423851,Prototype,Nagpur,Maharashtra,Chemicals,Others,,,,,OK,No website in master,Web-search for official website and public contacts
66559743e4b065e4968451c8,SEC TESTING LABORATORY PRIVATE LIMITED,DIPP166894,RECOGNISED,U71200MH2023PTC411600,Prototype,Nagpur,Maharashtra,Construction,Others,,,,,OK,No website in master,Web-search for official website and public contacts
665034d4e4b0608c0b17aba9,BIDSONMOTORS PRIVATE LIMITED,DIPP166569,RECOGNISED,U46109PN2024PTC230836,Prototype,Nagpur,Maharashtra,Automotive,Others,,,,,OK,No website in master,Web-search for official website and public contacts
664c5894e4b0608c0b16dde2,RAJOLI AGRITECH PRIVATE LIMITED,DIPP166242,RECOGNISED,U46101MH2023PTC402575,Prototype,Nagpur,Maharashtra,Agriculture,Agri-Tech,,,,,OK,No website in master,Web-search for official website and public contacts
664c5855e4b0608c0b16ddc3,ELECTROPHOTAN SOLAR INFRASTRUCTURE AND ENGINEERING PRIVATE LIMITED,DIPP166239,RECOGNISED,U35105MH2024PTC423054,Prototype,Nagpur,Maharashtra,Renewable Energy,Renewable Solar Energy,,,,,OK,No website in master,Web-search for official website and public contacts
6648a298e4b0608c0b166fe8,SONKARSUPER MULTISERVICE (OPC) PRIVATE LIMITED,DIPP166056,RECOGNISED,U42900MH2024OPC424477,Prototype,Nagpur,Maharashtra,Construction,Others,,,,,OK,No website in master,Web-search for official website and public contacts
6645eef0e4b0608c0b160918,MICHANOLOGIA ENTERPRISES,DIPP165822,RECOGNISED,U33200MH2024PTC424998,Prototype,Nagpur,Maharashtra,Agriculture,Agri-Tech,,,,,OK,No website in master,Web-search for official website and public contacts
6645a0d6e4b0608c0b15ece3,SKY FALCON WELLNESS PRIVATE LIMITED,DIPP165676,RECOGNISED,U47722MH2023PTC409228,Prototype,Nagpur,Maharashtra,Marketing,Sales,,,,,OK,No website in master,Web-search for official website and public contacts
66459c0ae4b0608c0b15eb9a,ADHILLIANCE PROJECTS PRIVATE LIMITED,DIPP165674,RECOGNISED,U78300MH2024PTC422744,Prototype,Nagpur,Maharashtra,Human Resources,Others,,,,,OK,No website in master,Web-search for official website and public contacts
66333b0be4b0cdd2e3dd58e7,MAITREE RESILIENCE (OPC) PRIVATE LIMITED,DIPP161007,RECOGNISED,U87200MH2024OPC417025,Prototype,Nagpur,Maharashtra,Healthcare & Lifesciences,Healthcare Services,,,,,OK,No website in master,Web-search for official website and public contacts
662f54cee4b0cdd2e3dca643,REDWOOD EDUTOURS PRIVATE LIMITED,DIPP164158,RECOGNISED,U80904MH2017PTC298397,Prototype,Nagpur,Maharashtra,Education,Others,,,,,OK,No website in master,Web-search for official website and public contacts
661127c7e4b041e3eca2ee50,FLUENCE DIAMOND PRIVATE LIMITED,DIPP162187,RECOGNISED,U32112MH2024PTC420837,Prototype,Nagpur,Maharashtra,Retail,Others,,,,,OK,No website in master,Web-search for official website and public contacts
660e9122e4b0c763de7eebd8,EARLY BIRD KIDS SPORTS PRIVATE LIMITED,DIPP162004,RECOGNISED,U85410MH2023PTC415996,Prototype,Nagpur,Maharashtra,Sports,Sports Promotion and Networking,,,,,OK,No website in master,Web-search for official website and public contacts
65fc0a5ae4b07fb5e52ffbe2,RHIZOME SOFTWARE PRIVATE LIMITED,DIPP160620,RECOGNISED,U62013MH2023PTC415749,Prototype,Nagpur,Maharashtra,IT Services,IT Consulting,,,,,OK,No website in master,Web-search for official website and public contacts
65f15886e4b023ec3d757757,TERRACELL POWER SYSTEMS PRIVATE LIMITED,DIPP160802,RECOGNISED,U29304MH2023PTC413351,Prototype,Nagpur,Maharashtra,Renewable Energy,Manufacture of Machinery and Equipment,,,,,OK,No website in master,Web-search for official website and public contacts
65e6f274e4b063fe21c65563,ISHA SPACES (OPC) PRIVATE LIMITED,DIPP159133,RECOGNISED,U68200MH2023OPC414433,Prototype,Nagpur,Maharashtra,Real Estate,Others,,,,,OK,No website in master,Web-search for official website and public contacts
65cca266e4b0da2d9424d6e2,GAME CITY MEDIA PRIVATE LIMITED,DIPP157049,RECOGNISED,U58203MH2023PTC409162,Prototype,Nagpur,Maharashtra,Other Specialty Retailers,Others,,,,,OK,No website in master,Web-search for official website and public contacts
65ca15bde4b0cdd545781a8a,SIMO SCREENS PRIVATE LIMITED,DIPP148882,RECOGNISED,U25993MH2023PTC410347,Prototype,Nagpur,Maharashtra,Design,Industrial Design,,,,,OK,No website in master,Web-search for official website and public contacts
65c35b97e4b0d4fa450092ee,SILVER OAKS ZIVI PRIVATE LIMITED,DIPP157822,RECOGNISED,U70109MH2020PTC340838,Scaling,Nagpur,Maharashtra,Professional & Commercial Services,Others,,,,,OK,No website in master,Web-search for official website and public contacts
65c0b03de4b0d4fa44ff9026,MOHANTY PROJECTS PRIVATE LIMITED,DIPP156063,RECOGNISED,U35105MH2024PTC417468,Prototype,Nagpur,Maharashtra,Construction,Construction & Engineering,,,,,OK,No website in master,Web-search for official website and public contacts
65b8dce8e4b04745d80b062c,VOYAGE ROBOTICSPRIVATE LIMITED,DIPP155038,RECOGNISED,U85490MH2023PTC416437,Prototype,Nagpur,Maharashtra,Education,Coaching,,,,,OK,No website in master,Web-search for official website and public contacts
65b799cce4b0db6d377f5c32,V5 IDEAS PRIVATE LIMITED,DIPP154092,RECOGNISED,U72100MH2023PTC409498,Prototype,Nagpur,Maharashtra,Nanotechnology,Others,,,,,OK,No website in master,Web-search for official website and public contacts
65ae2c4fe4b0b0f811cf497d,AV PATHOLOGY LABORATORY(OPC) PRIVATE LIMITED,DIPP154710,RECOGNISED,U86900PN2023OPC226649,Prototype,Nagpur,Maharashtra,Healthcare & Lifesciences,Healthcare Services,,,,,OK,No website in master,Web-search for official website and public contacts
65a65b7be4b0821e58c3b176,KCYBER EXPERTS PRIVATE LIMITED,DIPP154101,RECOGNISED,U55101MH2016PTC287686,Prototype,Nagpur,Maharashtra,Professional & Commercial Services,Business Support Services,,,,,OK,No website in master,Web-search for official website and public contacts
6594dd9de4b02fed18d23d73,ROBO BAZAR PRIVATE LIMITED,DIPP153059,RECOGNISED,U46593MH2023PTC413355,Prototype,Nagpur,Maharashtra,Technology Hardware,Electronics,,,,,OK,No website in master,Web-search for official website and public contacts
657ab2bbe4b0846ec678a1fe,EGRESAN AUTTOGOES PRIVATE LIMITED,DIPP151859,RECOGNISED,U25995MH2023PTC408519,Prototype,Nagpur,Maharashtra,Healthcare & Lifesciences,Health & Wellness,,,,,OK,No website in master,Web-search for official website and public contacts
657845e3e4b0b08e4574df8a,MIXBAG SOLAR POWER (OPC) PRIVATE LIMITED,DIPP151762,RECOGNISED,U27104MH2023OPC404874,Prototype,Nagpur,Maharashtra,Renewable Energy,Renewable Solar Energy,,,,,OK,No website in master,Web-search for official website and public contacts
656daf5be4b0435f68ea34a7,PRETORIUS TOURISM CONSULTING PRIVATE LIMITED,DIPP151322,RECOGNISED,U70200MH2023PTC408407,Prototype,Nagpur,Maharashtra,Travel & Tourism,Experiential Travel,,,,,OK,No website in master,Web-search for official website and public contacts
656b6795e4b0435f68e9ec55,RELIRA BLASTECH LLP,DIPP151293,RECOGNISED,ACB-8528,Prototype,Nagpur,Maharashtra,Technology Hardware,Embedded,,,,,OK,No website in master,Web-search for official website and public contacts
656a218ae4b0435f68e9b9ea,VIBGYOR PIXEL PRINTS PRIVATE LIMITED,DIPP151251,RECOGNISED,U18115MH2023PTC410259,Prototype,Nagpur,Maharashtra,Professional & Commercial Services,Commercial Printing Services,,,,,OK,No website in master,Web-search for official website and public contacts
656871ede4b083bab566cc53,SAANZ SAMRUDDHI INDUSTRIES PRIVATE LIMITED,DIPP150574,RECOGNISED,U24104MH2023PTC409214,Prototype,Nagpur,Maharashtra,Waste Management,Others,,,,,OK,No website in master,Web-search for official website and public contacts
654b5cc4e4b0da30fcfa2f93,ORIENTAL ASSOCIATES SECURITY SERVICES PRIVATE LIMITED,DIPP150648,RECOGNISED,U74999MH2021PTC370344,Prototype,Nagpur,Maharashtra,Professional & Commercial Services,Employment Services,,,,,OK,No website in master,Web-search for official website and public contacts
6548952ee4b0da30fcf97c6c,Nakshatra Pharma Impex India Pvt Ltd,DIPP158755,RECOGNISED,U47721MH2023PTC412000,Validation,Nagpur,Maharashtra,Healthcare & Lifesciences,Pharmaceutical,,,,,OK,No website in master,Web-search for official website and public contacts
65364041e4b01077699ceffb,FULARK INTERNATIONAL LLP,DIPP150172,RECOGNISED,ACD-4948,Validation,Nagpur,Maharashtra,Agriculture,Agri-Tech,,,,,OK,No website in master,Web-search for official website and public contacts
652fb912e4b0af4b35d96fe9,MARKSMAN MANPOWER SERVICES PRIVATE LIMITED,DIPP149783,RECOGNISED,U80100MH2023PTC410735,Validation,Nagpur,Maharashtra,Security Solutions,Others,,,,,OK,No website in master,Web-search for official website and public contacts
652d4a8ce4b0af4b35d8e75a,NOOPH TECHNOLOGIES PRIVATE LIMITED,DIPP149525,RECOGNISED,U62099MH2023PTC412052,Prototype,Nagpur,Maharashtra,IT Services,IT Consulting,,,,,OK,No website in master,Web-search for official website and public contacts
6523f622e4b0a788fc715bb3,INNVOMINDZZ INDIA LLP,DIPP148870,RECOGNISED,ACC-8133,Prototype,Nagpur,Maharashtra,Education,Skill Development,,,,,OK,No website in master,Web-search for official website and public contacts
651fb4f8e4b04a801578b6be,QURIT PHARMACEUTICAL PRIVATE LIMITED,DIPP148446,RECOGNISED,U46497PN2023PTC223692,Prototype,Nagpur,Maharashtra,Marketing,Sales,,,,,OK,No website in master,Web-search for official website and public contacts
651d0f0be4b023326373ca4e,BIZFIX BUSINESS SOLUTION PRIVATE LIMITED,DIPP149451,RECOGNISED,U74999MH2022PTC385744,Validation,Nagpur,Maharashtra,Human Resources,Others,,,,,OK,No website in master,Web-search for official website and public contacts
651cf184e4b023326373bde5,CARDEN APPLIANCES PRIVATE LIMITED,DIPP148045,RECOGNISED,U32109PN2021PTC207107,Validation,Nagpur,Maharashtra,Technology Hardware,Electronics,,,,,OK,No website in master,Web-search for official website and public contacts
65152b43e4b023326372a299,ANNACHTRA INTERNATIONAL ORGANISATION LLP,DIPP155712,RECOGNISED,AAU-4590,Prototype,Nagpur,Maharashtra,Agriculture,Food Processing,,,,,OK,No website in master,Web-search for official website and public contacts
65152610e4b023326372a0a6,HBTCREATIONS PRIVATE LIMITED,DIPP149909,RECOGNISED,U72900MH2021PTC372761,Prototype,Nagpur,Maharashtra,IT Services,IT Consulting,,,,,OK,No website in master,Web-search for official website and public contacts
6513f330e4b0304aab01aac6,LOTUS GUARDS AND ALLIED SERVICES (OPC) PRIVATE LIMITED,DIPP147600,RECOGNISED,U80100MH2023OPC401711,Validation,Nagpur,Maharashtra,Security Solutions,Others,,,,,OK,No website in master,Web-search for official website and public contacts
650eeabae4b0b4db2d729db2,ENERGENEX BIO FUELS PRIVATE LIMITED,DIPP147125,RECOGNISED,U25121MH2023PTC405368,Prototype,Nagpur,Maharashtra,Renewable Energy,Renewable Energy Solutions,,,,,OK,No website in master,Web-search for official website and public contacts
650c4b36e4b0b4db2d721a0c,THAVISHA PROJECTS (OPC) PRIVATE LIMITED,DIPP147263,RECOGNISED,U45309MH2022OPC381851,EarlyTraction,Nagpur,Maharashtra,Construction,Construction & Engineering,,,,,OK,No website in master,Web-search for official website and public contacts
650c1bb4e4b0b4db2d71da20,VIDRAM VENTURES PRIVATE LIMITED,DIPP146945,RECOGNISED,U25999MH2023PTC410858,Validation,Nagpur,Maharashtra,Construction,Construction & Engineering,,,,,OK,No website in master,Web-search for official website and public contacts
65097d2fe4b055d0eb7b33c2,RUMINET TECHNOLOGIES PRIVATE LIMITED,DIPP146677,RECOGNISED,U62099MH2023PTC402752,Validation,Nagpur,Maharashtra,Architecture Interior Design,Others,,,,,OK,No website in master,Web-search for official website and public contacts
6504156ee4b038ca5054bbc5,ALCSAVIOUR TECHNOLOGIES PRIVATE LIMITED,DIPP146279,RECOGNISED,U27900MH2023PTC398156,Validation,Nagpur,Maharashtra,Technology Hardware,Others,,,,,OK,No website in master,Web-search for official website and public contacts
6502c31ee4b038ca505474c4,PUSHPANCHAL FOUNDATION,DIPP151050,RECOGNISED,,Validation,Nagpur,Maharashtra,Education,Skill Development,,,,,OK,No website in master,Web-search for official website and public contacts
64fc2e4ee4b05092173b9f0b,BRAMHANEE FURNITURE,DIPP144749,RECOGNISED,NG000007746,Validation,Nagpur,Maharashtra,Construction,Homebuilding,,,,,OK,No website in master,Web-search for official website and public contacts
64f9ac59e4b00b8c0d993239,FRANCINA & FRANCIS CONSULTING (OPC) PRIVATE LIMITED,DIPP145384,RECOGNISED,U72900MH2021OPC370333,Prototype,Nagpur,Maharashtra,Enterprise Software,Others,,,,,OK,No website in master,Web-search for official website and public contacts
64f972d0e4b00b8c0d991fa6,PRATIKSHAM SOFTWARES PRIVATE LIMITED,DIPP145335,RECOGNISED,U72900MH2017PTC289516,Scaling,Nagpur,Maharashtra,IT Services,Application Development,,,,,OK,No website in master,Web-search for official website and public contacts
64f4a208e4b0c7662b3aa97e,NILVIL VENTURES PRIVATE LIMITED,DIPP144719,RECOGNISED,U82990MH2023PTC405669,Prototype,Nagpur,Maharashtra,Food & Beverages,Others,,,,,OK,No website in master,Web-search for official website and public contacts
64f1b0e6e4b0c7662b3a265d,ARYAWARTA MANPOWER CONSULTANCY (OPC) PRIVATE LIMITED,DIPP144560,RECOGNISED,U78100MH2023OPC402851,EarlyTraction,Nagpur,Maharashtra,Human Resources,Talent Management,,,,,OK,No website in master,Web-search for official website and public contacts
64f086ffe4b0c7662b39e80d,ORGOSYNTH CHEMICALS PRIVATE LIMITED,DIPP144508,RECOGNISED,U24100MH2020PTC335657,Validation,Nagpur,Maharashtra,Chemicals,Specialty Chemicals,,,,,OK,No website in master,Web-search for official website and public contacts
64ec2c94e4b094770c70937f,SHUBH ARAMB TEA PRODUCTS PRIVATE LIMITED,DIPP144019,RECOGNISED,U46306MH2023PTC405624,Validation,Nagpur,Maharashtra,Food & Beverages,Food Processing,,,,,OK,No website in master,Web-search for official website and public contacts
64ec22a2e4b094770c709088,BEST TAX INFO PRIVATE LIMITED,DIPP144016,RECOGNISED,U74999PN2021PTC202957,Prototype,Nagpur,Maharashtra,Professional & Commercial Services,Business Support Services,,,,,OK,No website in master,Web-search for official website and public contacts
64e35a21e4b07d1e25b23c33,BCS ENGINEERING (OPC) PRIVATE LIMITED,DIPP143407,RECOGNISED,U28110MH2023OPC404246,Prototype,Nagpur,Maharashtra,Professional & Commercial Services,Business Support Supplies,,,,,OK,No website in master,Web-search for official website and public contacts
64e1a330e4b07d1e25b1d600,SPANTRONIX INDIA PRIVATE LIMITED,DIPP157740,RECOGNISED,U27900MH2023PTC407934,Validation,Nagpur,Maharashtra,Professional & Commercial Services,Business Support Services,,,,,OK,No website in master,Web-search for official website and public contacts
64df1f04e4b07d1e25b1735a,CYPHY TECH SECURITY PRIVATE LIMITED,DIPP144372,RECOGNISED,U80200MH2023PTC399729,Scaling,Nagpur,Maharashtra,Security Solutions,Cyber Security,,,,,OK,No website in master,Web-search for official website and public contacts
64d9ed77e4b0f4b8e2694a82,PRAVIN BORKUTE COTSPIN PRIVATE LIMITED,DIPP143038,RECOGNISED,U17301MH2022PTC380390,Validation,Nagpur,Maharashtra,Textiles & Apparel,Others,,,,,OK,No website in master,Web-search for official website and public contacts
64d62ec5e4b033b7ac84b800,KEEYGREDIENTS HEALTHFOODS LLP,DIPP142447,RECOGNISED,ACC-2472,Prototype,Nagpur,Maharashtra,Food & Beverages,Food Processing,,,,,OK,No website in master,Web-search for official website and public contacts
64d1f278e4b06ac59f048a92,HOMSLOO SANITECH PRIVATE LIMITED,DIPP142005,RECOGNISED,U37003MH2023PTC408181,Validation,Nagpur,Maharashtra,Waste Management,Others,,,,,OK,No website in master,Web-search for official website and public contacts
64cde598e4b0c4486e8aa739,TRUE GRADE IMPEX PRIVATE LIMITED,DIPP141698,RECOGNISED,U21093MH2022PTC375273,Validation,Nagpur,Maharashtra,Professional & Commercial Services,Business Support Supplies,,,,,OK,No website in master,Web-search for official website and public contacts
64ca5355e4b0c4486e8a143b,ASTABRATA TOKENIZATION PRIVATE LIMITED,DIPP141523,RECOGNISED,U62099MH2023PTC399714,Prototype,Nagpur,Maharashtra,Enterprise Software,Others,,,,,OK,No website in master,Web-search for official website and public contacts
64c9c4a9e4b0c4486e89ce53,DIFI DIGITAL FASHION PARK PRIVATE LIMITED,DIPP141292,RECOGNISED,U72900MH2020PTC347598,Prototype,Nagpur,Maharashtra,Fashion,Fan Merchandise,,,,,OK,No website in master,Web-search for official website and public contacts
64c8c9a8e4b0c4486e89a599,SAMSAL TECHSERVE PRIVATE LIMITED,DIPP142203,RECOGNISED,U46512MH2023PTC405090,Validation,Nagpur,Maharashtra,Telecommunication & Networking,Integrated communication services,,,,,OK,No website in master,Web-search for official website and public contacts
64c4f2f4e4b0c4486e8913fb,BRANDOVVEN PRIVATE LIMITED,DIPP140976,RECOGNISED,U74103MH2023PTC402729,Prototype,Nagpur,Maharashtra,Marketing,Digital Marketing (SEO Automation),,,,,OK,No website in master,Web-search for official website and public contacts
64c239dfe4b0c4486e88b1e6,ACCORD AVIATION PRIVATE LIMITED,DIPP140857,RECOGNISED,U74999MH2017PTC297404,Prototype,Nagpur,Maharashtra,Aeronautics Aerospace & Defence,Aviation & Others,,,,,OK,No website in master,Web-search for official website and public contacts
64c0b33ce4b0c4486e8871b1,ELITRA TECHNOVISION PRIVATE LIMITED,DIPP140612,RECOGNISED,U73100MH2023PTC405062,EarlyTraction,Nagpur,Maharashtra,Media & Entertainment,Digital Media,,,,,OK,No website in master,Web-search for official website and public contacts
64c01629e4b0c4486e88648a,TRIPOD TECHNOLOGIES PRIVATE LIMITED,DIPP140602,RECOGNISED,U72501MH2016PTC288372,Scaling,Nagpur,Maharashtra,IT Services,IT Consulting,,,,,OK,No website in master,Web-search for official website and public contacts
64bf96e9e4b0c4486e883a56,CAPITAL ASSOCIATES,DIPP140260,RECOGNISED,NG000008481,Validation,Nagpur,Maharashtra,Waste Management,Others,,,,,OK,No website in master,Web-search for official website and public contacts
64bbb291e4b0c4486e87a9f3,DANDARE BEVERAGES PRIVATE LIMITED,DIPP140412,RECOGNISED,U46308MH2023PTC406457,Prototype,Nagpur,Maharashtra,Food & Beverages,Others,,,,,OK,No website in master,Web-search for official website and public contacts
64ba60fce4b0c4486e87765b,SAI SHIVAANSH INDUSTRIES (I) PRIVATE LIMITED,DIPP140933,RECOGNISED,U20234MH2023PTC405921,Prototype,Nagpur,Maharashtra,Other Specialty Retailers,Others,,,,,OK,No website in master,Web-search for official website and public contacts
64b9349ee4b0c4486e874b44,TRINITY FORTUNE PRIVATE LIMITED,DIPP139964,RECOGNISED,U93090MH2022PTC378276,Validation,Nagpur,Maharashtra,Telecommunication & Networking,Others,,,,,OK,No website in master,Web-search for official website and public contacts
64b8f549e4b0c4486e871b99,TULJAI WATER SOLUTIONS,DIPP141031,RECOGNISED,15662,Validation,Nagpur,Maharashtra,Green Technology,Others,,,,,OK,No website in master,Web-search for official website and public contacts
64b8e125e4b0c4486e8709e0,VT AGROVET PRIVATE LIMITED,DIPP140096,RECOGNISED,U01100MH2022PTC382634,Validation,Nagpur,Maharashtra,Agriculture,Animal Husbandry,,,,,OK,No website in master,Web-search for official website and public contacts
64b8bfc5e4b0c4486e86fcff,WIFIKATTA COMMUNICATIONS PRIVATE LIMITED,DIPP140071,RECOGNISED,U64204MH2022PTC394415,Validation,Nagpur,Maharashtra,Telecommunication & Networking,Network Technology Solutions,,,,,OK,No website in master,Web-search for official website and public contacts
64b7fbc1e4b0c4486e86f042,JASSWIND REAL FOOD SERVICES PRIVATE LIMITED,DIPP139482,RECOGNISED,U47219MH2023PTC404128,Prototype,Nagpur,Maharashtra,Food & Beverages,Others,,,,,OK,No website in master,Web-search for official website and public contacts
64b7822ae4b0c4486e86cfce,PATKOTWAR FOOD PRODUCTS PRIVATE LIMITED,DIPP139544,RECOGNISED,U56102MH2023PTC405939,Prototype,Nagpur,Maharashtra,Food & Beverages,Others,,,,,OK,No website in master,Web-search for official website and public contacts
64b77f03e4b0c4486e86cebd,ABHIVRDH WELLNESS (OPC) PRIVATE LIMITED,DIPP139455,RECOGNISED,U87200MH2023OPC402258,Prototype,Nagpur,Maharashtra,Healthcare & Lifesciences,Healthcare Services,,,,,OK,No website in master,Web-search for official website and public contacts
64b50ba7e4b0c4486e8670e8,HDSN LIFESCIENCES PRIVATE LIMITED,DIPP141112,RECOGNISED,U21002MH2023PTC406530,Prototype,Nagpur,Maharashtra,Healthcare & Lifesciences,Others,,,,,OK,No website in master,Web-search for official website and public contacts
64b0ebc3e4b0ca7b139a7b22,DISP CARE PRIVATE LIMITED,DIPP139040,RECOGNISED,U13996MH2023PTC402633,Prototype,Nagpur,Maharashtra,Textiles & Apparel,Others,,,,,OK,No website in master,Web-search for official website and public contacts
64b0de85e4b0ca7b139a761b,SHRI RAJARAMTEK FARMERS PRODUCER COMPANYLIMITED,DIPP139036,RECOGNISED,U01611MH2023PTC400555,Prototype,Nagpur,Maharashtra,Agriculture,Agri-Tech,,,,,OK,No website in master,Web-search for official website and public contacts
64afde59e4b0ca7b139a5991,KRUSHIKRANTI SHETKARI UTPADAK FARMER PRODUCER COMPANY LIMITED,DIPP139095,RECOGNISED,U01409MH2022PTC386149,Prototype,Nagpur,Maharashtra,Agriculture,Organic Agriculture,,,,,OK,No website in master,Web-search for official website and public contacts
64ad3fc0e4b0ca7b1399ddf4,MEDIDEK HEALTHCARE PRIVATE LIMITED,DIPP138805,RECOGNISED,U74909MH2023PTC405996,Validation,Nagpur,Maharashtra,Healthcare & Lifesciences,Healthcare Technology,,,,,OK,No website in master,Web-search for official website and public contacts
64ad1b54e4b0ca7b1399d1dc,NAGPUR COUNCIL OF FIRE SERVICE AND SAFETY EDUCATION,DIPP139643,RECOGNISED,U80302MH2022NPL385463,Prototype,Nagpur,Maharashtra,Social Impact,NGO,,,,,OK,No website in master,Web-search for official website and public contacts
64a9531ce4b06880ba8ca55d,JAY KASHYAP OUTSOURCING LLP,DIPP138366,RECOGNISED,ACB-8787,Prototype,Nagpur,Maharashtra,Human Resources,Others,,,,,OK,No website in master,Web-search for official website and public contacts
64a90ae1e4b06880ba8c91ae,MITHEELA MANPOWER & SECURITY LLP,DIPP138511,RECOGNISED,ACB-8507,Prototype,Nagpur,Maharashtra,Human Resources,Others,,,,,OK,No website in master,Web-search for official website and public contacts
64a3081be4b0a5524e7cf74c,LIVETUNES MUSIC PRIVATE LIMITED,DIPP138083,RECOGNISED,U92419MH2022PTC384647,Prototype,Nagpur,Maharashtra,Media & Entertainment,Entertainment,,,,,OK,No website in master,Web-search for official website and public contacts
649ec002e4b0a5524e7bb7c8,KUSUM OUTSOURCING LLP,DIPP137271,RECOGNISED,ACB-7650,Prototype,Nagpur,Maharashtra,Human Resources,Others,,,,,OK,No website in master,Web-search for official website and public contacts
649d78abe4b0a5524e7b4834,VETRIX NUTRITION PRIVATE LIMITED,DIPP137421,RECOGNISED,U74999MH2017PTC291799,Validation,Nagpur,Maharashtra,Agriculture,Animal Husbandry,,,,,OK,No website in master,Web-search for official website and public contacts
649bd37ee4b063b4996c0b52,SUPA TECHNOLOGY CENTER AND CONSULTANCY PRIVATE LIMITED,DIPP137467,RECOGNISED,U62099MH2023PTC402553,Prototype,Nagpur,Maharashtra,Education,Skill Development,,,,,OK,No website in master,Web-search for official website and public contacts
64957b6ce4b063b4996a8578,BLIINC INNOVATIONS PRIVATE LIMITED,DIPP137041,RECOGNISED,U72900MH2022PTC375551,Validation,Nagpur,Maharashtra,IT Services,Product Development,,,,,OK,No website in master,Web-search for official website and public contacts
6492f6f5e4b0a9bff5ca309b,ONE POINT FURNITURE SOLUTIONS PRIVATE LIMITED,DIPP136712,RECOGNISED,U36999MH2019PTC333135,Prototype,Nagpur,Maharashtra,Other Specialty Retailers,Home Furnishings Retailers,,,,,OK,No website in master,Web-search for official website and public contacts
6492dc97e4b0a9bff5ca29d8,HEIL AAROGYAM MEDICARE PRIVATE LIMITED,DIPP136897,RECOGNISED,U21003MH2023PTC402514,Prototype,Nagpur,Maharashtra,Healthcare & Lifesciences,Health & Wellness,,,,,OK,No website in master,Web-search for official website and public contacts
648d84dde4b0a9bff5c9034f,CONVERGING DYNAMICS PRIVATE LIMITED,DIPP136093,RECOGNISED,U72900MH2022PTC387685,Prototype,Nagpur,Maharashtra,IT Services,Others,,,,,OK,No website in master,Web-search for official website and public contacts
648c52b9e4b0a9bff5c8cd88,MAA BAMLESHWARI REFRACTORIES PRIVATE LIMITED,DIPP144700,RECOGNISED,U26999MH2022PTC396446,Validation,Nagpur,Maharashtra,Chemicals,Others,,,,,OK,No website in master,Web-search for official website and public contacts
648c3895e4b0a9bff5c8c246,AASA HELP HEALTH CARE FOUNDATION,DIPP136045,RECOGNISED,U85300MH2022NPL391717,Prototype,Nagpur,Maharashtra,Healthcare & Lifesciences,Healthcare Technology,,,,,OK,No website in master,Web-search for official website and public contacts
648c0435e4b0a9bff5c8ac96,BS2-EXPORTS PRIVATE LIMITED,DIPP136303,RECOGNISED,U15549MH2022PTC393610,Prototype,Nagpur,Maharashtra,Food & Beverages,Food Processing,,,,,OK,No website in master,Web-search for official website and public contacts
648aa426e4b0a9bff5c82c44,BS2 Purifa Private Limited,DIPP136205,RECOGNISED,U11043MH2023PTC401453,Prototype,Nagpur,Maharashtra,Food & Beverages,Others,,,,,OK,No website in master,Web-search for official website and public contacts
64896b4ce4b0a9bff5c79a3b,SONWE RIDE SYSTEM (OPC) PRIVATE LIMITED,DIPP135900,RECOGNISED,U49224MH2023OPC403723,Prototype,Nagpur,Maharashtra,Logistics,Others,,,,,OK,No website in master,Web-search for official website and public contacts
6488b02de4b0a9bff5c75f0f,DFG FACILITIES MANAGEMENT PRIVATE LIMITED,DIPP136759,RECOGNISED,U74999MH2022PTC382054,Validation,Nagpur,Maharashtra,Professional & Commercial Services,Business Support Services,,,,,OK,No website in master,Web-search for official website and public contacts
6481d147e4b0ac8d4b2f6687,SAIEGIS MANUFACTURING AND EXPORT (OPC) PRIVATE LIMITED,DIPP136406,RECOGNISED,U24109MH2023OPC404332,Validation,Nagpur,Maharashtra,Technology Hardware,Manufacturing,,,,,OK,No website in master,Web-search for official website and public contacts
64807485e4b018711389f6df,GEMGOVIN PRIVATE LIMITED,DIPP135751,RECOGNISED,U51909MH2023PTC397196,Prototype,Nagpur,Maharashtra,Healthcare & Lifesciences,Health & Wellness,,,,,OK,No website in master,Web-search for official website and public contacts
648011a6e4b0349752878dad,METAGURUKUL KNOWLEDGE CONSULTING PRIVATELIMITED,DIPP135743,RECOGNISED,U85499MH2023PTC401987,Validation,Nagpur,Maharashtra,Education,Others,,,,,OK,No website in master,Web-search for official website and public contacts
647ecfc0e4b034975286f547,VIPRA RESOURCES AND MANAGEMENT PRIVATE LIMITED,DIPP135726,RECOGNISED,U74999MH2021PTC370568,Validation,Nagpur,Maharashtra,Security Solutions,Public Citizen Security Solutions,,,,,OK,No website in master,Web-search for official website and public contacts
647ec4a0e4b034975286edc0,AYZAL HERBALS AND FRAGRANCES PRIVATE LIMITED,DIPP135724,RECOGNISED,U20239MH2023PTC403148,Validation,Nagpur,Maharashtra,Healthcare & Lifesciences,Health & Wellness,,,,,OK,No website in master,Web-search for official website and public contacts
647dc7dbe4b034975286896a,EKAAR WELLNESS PRIVATE LIMITED,DIPP136395,RECOGNISED,U47219MH2023PTC402981,Prototype,Nagpur,Maharashtra,Travel & Tourism,Hospitality,,,,,OK,No website in master,Web-search for official website and public contacts
64770e84e4b0d597a0316287,FINE FEATHERS MEDICAL SERVICES PRIVATE LIMITED,DIPP134716,RECOGNISED,U72900MH2022PTC380739,Validation,Nagpur,Maharashtra,Healthcare & Lifesciences,Healthcare Services,,,,,OK,No website in master,Web-search for official website and public contacts
6476f5b6e4b0d597a0315368,BKJ OVERSEAS PRIVATE LIMITED,DIPP135774,RECOGNISED,U82990MH2023PTC400237,Validation,Nagpur,Maharashtra,Agriculture,Others,,,,,OK,No website in master,Web-search for official website and public contacts
6475c483e4b0d597a030b254,AVTAR SURGICAL AND PHARMACEUTICALS PRIVATE LIMITED,DIPP134371,RECOGNISED,U24233MH2021PTC369178,Validation,Nagpur,Maharashtra,Healthcare & Lifesciences,Health & Wellness,,,,,OK,No website in master,Web-search for official website and public contacts
647086fce4b0c38c15a3e89c,ATC PACKING SOLUTION PRIVATE LIMITED,DIPP134164,RECOGNISED,U22203MH2023PTC399594,Validation,Nagpur,Maharashtra,Professional & Commercial Services,Business Support Supplies,,,,,OK,No website in master,Web-search for official website and public contacts
646f01b6e4b06265ab647e88,24COLOURKICKS PRIVATE LIMITED,DIPP133923,RECOGNISED,U15201MH2023PTC403305,Validation,Nagpur,Maharashtra,Textiles & Apparel,Non- Leather Footwear,,,,,OK,No website in master,Web-search for official website and public contacts
646b3adae4b0cde9dc035ce0,NETPURTI GLOBAL PRIVATE LIMITED,DIPP133584,RECOGNISED,U47912MH2023PTC398859,Prototype,Nagpur,Maharashtra,Indic Language Startups,E-Commerce,,,,,OK,No website in master,Web-search for official website and public contacts
646b25c3e4b02d5d3162c8f5,RAMTEK KISAN BIOFUELS PRIVATE LIMITED,DIPP133893,RECOGNISED,U23201MH2022PTC380939,Validation,Nagpur,Maharashtra,Agriculture,Organic Agriculture,,,,,OK,No website in master,Web-search for official website and public contacts
6468a060e4b0fb2d873dcb3a,MOHANTY EDUCATION PRIVATE LIMITED,DIPP134100,RECOGNISED,U85306MH2023PTC402939,Prototype,Nagpur,Maharashtra,Education,Coaching,,,,,OK,No website in master,Web-search for official website and public contacts
64675e5de4b025c671455b80,TWINKLING BRAINS PRIVATE LIMITED,DIPP133654,RECOGNISED,U72900MH2022PTC383554,Validation,Nagpur,Maharashtra,Education,Others,,,,,OK,No website in master,Web-search for official website and public contacts
6464af6de4b025c67144b921,CRISSPYNUTS INTERNATIONAL PRIVATE LIMITED,DIPP133750,RECOGNISED,U10793MH2023PTC402372,Prototype,Nagpur,Maharashtra,Food & Beverages,Food Processing,,,,,OK,No website in master,Web-search for official website and public contacts
64648d25e4b025c67144adbf,PRAVIND FOODS PRIVATE LIMITED,DIPP133181,RECOGNISED,U10712MH2023PTC400008,Validation,Nagpur,Maharashtra,Food & Beverages,Food Processing,,,,,OK,No website in master,Web-search for official website and public contacts
645551fde4b0af7362cb5573,INDAGRO FARMER PRODUCER COMPANY LIMITED,DIPP132523,RECOGNISED,U01100MH2023PTC397370,Prototype,Nagpur,Maharashtra,Agriculture,Others,,,,,OK,No website in master,Web-search for official website and public contacts
64537face4b0af7362cab70a,RE-VAHAAN RECYCLERS PRIVATE LIMITED,DIPP131834,RECOGNISED,U46699MH2023PTC398977,Prototype,Nagpur,Maharashtra,Waste Management,Others,,,,,OK,No website in master,Web-search for official website and public contacts
64524f1ce4b0af7362ca719b,SHAAN TRASH MANAGEMENT PRIVATE LIMITED,DIPP133131,RECOGNISED,U46699MH2023PTC401972,Prototype,Nagpur,Maharashtra,Waste Management,Others,,,,,OK,No website in master,Web-search for official website and public contacts
644b74e9e4b04d6c194aa0bf,ASKSHETI UTPADAN PRODUCER COMPANY LIMITED,DIPP157245,RECOGNISED,U01100MH2021PTC365723,Prototype,Nagpur,Maharashtra,Agriculture,Others,,,,,OK,No website in master,Web-search for official website and public contacts
644ac7a8e4b04d6c194a7212,ANZ GASTRONOMICS PRIVATE LIMITED,DIPP132234,RECOGNISED,U10104MH2023PTC400828,Prototype,Nagpur,Maharashtra,Food & Beverages,Food Technology/Food Delivery,,,,,OK,No website in master,Web-search for official website and public contacts
644a3930e4b04d6c194a31aa,CALYCO PRODUCTS PRIVATE LIMITED,DIPP132908,RECOGNISED,U46620MH2023PTC401442,Prototype,Nagpur,Maharashtra,Chemicals,Others,,,,,OK,No website in master,Web-search for official website and public contacts
644a0d6be4b04d6c194a0ed7,VIHAAN SPACETECH PRIVATE LIMITED,DIPP133409,RECOGNISED,U35999PN2023PTC218033,Prototype,Nagpur,Maharashtra,Aeronautics Aerospace & Defence,Aviation & Others,,,,,OK,No website in master,Web-search for official website and public contacts
64411df1e4b00774939cb7a2,SHIVANKAR VENTURES LLP,DIPP130362,RECOGNISED,ACA-3213,Prototype,Nagpur,Maharashtra,Food & Beverages,Food Processing,,,,,OK,No website in master,Web-search for official website and public contacts
644109b0e4b00774939cad3f,AVYUKT CREATIONS PRIVATE LIMITED,DIPP133730,RECOGNISED,U20237MH2023PTC398791,Prototype,Nagpur,Maharashtra,Healthcare & Lifesciences,Healthcare Services,,,,,OK,No website in master,Web-search for official website and public contacts
643f97f6e4b00774939961b7,PROMEDIX PHARMACY PRIVATE LIMITED,DIPP130073,RECOGNISED,U24299MH2022PTC395525,Prototype,Nagpur,Maharashtra,Healthcare & Lifesciences,Pharmaceutical,,,,,OK,No website in master,Web-search for official website and public contacts
643f9573e4b00774939959ca,NMSD CONSULTANCY SERVICES LLP,DIPP131562,RECOGNISED,ACA-4913,Prototype,Nagpur,Maharashtra,Human Resources,Recruitment Jobs,,,,,OK,No website in master,Web-search for official website and public contacts
643f8a01e4b0077493992edf,MUNESHWAR SEEDS PRIVATE LIMITED,DIPP130135,RECOGNISED,U01110MH2021PTC360330,Prototype,Nagpur,Maharashtra,Agriculture,Others,,,,,OK,No website in master,Web-search for official website and public contacts
643d0f55e4b06425b785ce3f,MOMO G FOODS PRIVATE LIMITED,DIPP130609,RECOGNISED,U56102MH2023PTC399257,Prototype,Nagpur,Maharashtra,Food & Beverages,Food Technology/Food Delivery,,,,,OK,No website in master,Web-search for official website and public contacts
64365c7be4b00b51232c9b2d,AMRUT-LIFE INDIA PRIVATE LIMITED,DIPP130049,RECOGNISED,U52206MH2022PTC392764,Scaling,Nagpur,Maharashtra,Food & Beverages,Food Technology/Food Delivery,,,,,OK,No website in master,Web-search for official website and public contacts
6433bc19e4b0fa1bc7c80fd2,SAVVY LIFESCIENCES PRIVATE LIMITED,DIPP129048,RECOGNISED,U51909MH2023PTC397281,Validation,Nagpur,Maharashtra,Healthcare & Lifesciences,Pharmaceutical,,,,,OK,No website in master,Web-search for official website and public contacts
64316524e4b0e8a42abf30ef,ILLUSTECH INFOWAY PRIVATE LIMITED,DIPP132527,RECOGNISED,U72900MH2019PTC333323,Prototype,Nagpur,Maharashtra,Marketing,Digital Marketing (SEO Automation),,,,,OK,No website in master,Web-search for official website and public contacts
642fba0ee4b03b527129983f,HUMMER SOLUTIONS PRIVATE LIMITED,DIPP129632,RECOGNISED,U78300MH2023PTC398191,Prototype,Nagpur,Maharashtra,Human Resources,Recruitment Jobs,,,,,OK,No website in master,Web-search for official website and public contacts
64280593e4b070b7ef2ddfba,GRATIANA DIGITAL PRIVATE LIMITED,DIPP129730,RECOGNISED,U92490MH2022PTC394834,EarlyTraction,Nagpur,Maharashtra,Media & Entertainment,Digital Media,,,,,OK,No website in master,Web-search for official website and public contacts
6426a38ce4b070b7ef2d8a5e,MOTOFIX GARAGE SERVICES PRIVATE LIMITED,DIPP139331,RECOGNISED,U34300MH2023PTC397439,Prototype,Nagpur,Maharashtra,Automotive,Others,,,,,OK,No website in master,Web-search for official website and public contacts
64268e50e4b070b7ef2d800e,EATNU NUTRIGRAINS PRIVATE LIMITED,DIPP139596,RECOGNISED,U10797MH2023PTC399324,Prototype,Nagpur,Maharashtra,Food & Beverages,Food Processing,,,,,OK,No website in master,Web-search for official website and public contacts
6424155ae4b070b7ef2c9d40,SHANMUKH BUSINESS VENTURES PRIVATE LIMITED,DIPP127910,RECOGNISED,U92490MH2021PTC369481,Prototype,Nagpur,Maharashtra,Retail,Retail Technology,,,,,OK,No website in master,Web-search for official website and public contacts
6424015be4b070b7ef2c9558,SRISTA BIOTECH PRIVATE LIMITED,DIPP127929,RECOGNISED,U24304PN2022PTC215929,Prototype,Nagpur,Maharashtra,Healthcare & Lifesciences,Pharmaceutical,,,,,OK,No website in master,Web-search for official website and public contacts
6423c2c0e4b070b7ef2c7b95,KANSHI INDUSTRIES (FUEL ETHANOL) PRIVATELIMITED,DIPP128503,RECOGNISED,U23200MH2022PTC390991,Validation,Nagpur,Maharashtra,Renewable Energy,Renewable Energy Solutions,,,,,OK,No website in master,Web-search for official website and public contacts
64227763e4b070b7ef2c3b10,BOOTUPSPACE SOLUTIONS PRIVATE LIMITED,DIPP128252,RECOGNISED,U74999MH2022PTC385476,Prototype,Nagpur,Maharashtra,Transportation & Storage,Freight & Logistics Services,,,,,OK,No website in master,Web-search for official website and public contacts
641e9baae4b070b7ef2b5fb8,WELDTON ELECTRODES PRIVATE LIMITED,DIPP127600,RECOGNISED,U29308MH2023PTC396590,Prototype,Nagpur,Maharashtra,Technology Hardware,Manufacturing,,,,,OK,No website in master,Web-search for official website and public contacts
641a9a95e4b070b7ef2a3ffb,ACOTT INDUSTRIES PRIVATE LIMITED,DIPP127106,RECOGNISED,U17259MH2019PTC323036,Scaling,Nagpur,Maharashtra,Agriculture,Others,,,,,OK,No website in master,Web-search for official website and public contacts
641977cee4b070b7ef2a168a,JABS GLOBAL SOLUTION PRIVATE LIMITED,DIPP127740,RECOGNISED,U45309MH2021PTC363398,Prototype,Nagpur,Maharashtra,Professional & Commercial Services,Business Support Services,,,,,OK,No website in master,Web-search for official website and public contacts
641858e9e4b070b7ef29e533,Sanav Holidays & Resorts LLP,DIPP126945,RECOGNISED,ABZ-7820,Validation,Nagpur,Maharashtra,Travel & Tourism,Hospitality,,,,,OK,No website in master,Web-search for official website and public contacts
6417fd4ee4b070b7ef29c0d9,UNICORR ENGINEERING SERVICES PRIVATE LIMITED,DIPP126979,RECOGNISED,U93090MH2019PTC324475,Prototype,Nagpur,Maharashtra,Non- Renewable Energy,Oil & Gas Transportation Services,,,,,OK,No website in master,Web-search for official website and public contacts
64156627e4b070b7ef29436e,SANTALUM AROMATIX PRIVATE LIMITED,DIPP127056,RECOGNISED,U01409MH2023PTC397697,Validation,Nagpur,Maharashtra,Agriculture,Others,,,,,OK,No website in master,Web-search for official website and public contacts
64155adee4b070b7ef293e24,AMNIE INDIA POWER PRIVATE LIMITED,DIPP127312,RECOGNISED,U35107MH2023PTC398643,EarlyTraction,Nagpur,Maharashtra,Renewable Energy,Renewable Solar Energy,,,,,OK,No website in master,Web-search for official website and public contacts
6415454fe4b070b7ef293403,KIRAN MOLECULAR AND PATHOLOGY LABORATORY,DIPP126707,RECOGNISED,NG000007557,Validation,Nagpur,Maharashtra,Healthcare & Lifesciences,Healthcare Services,,,,,OK,No website in master,Web-search for official website and public contacts
6411b444e4b070b7ef280be1,SIXTEEN BUILDCON PRIVATE LIMITED,DIPP126256,RECOGNISED,U45200MH2021PTC372645,Validation,Nagpur,Maharashtra,Construction,Construction & Engineering,,,,,OK,No website in master,Web-search for official website and public contacts
640edf0be4b05275a6b4e132,DITI AUTOMATION PRIVATE LIMITED,DIPP125951,RECOGNISED,U72900MH2022PTC393204,Validation,Nagpur,Maharashtra,Telecommunication & Networking,Integrated communication services,,,,,OK,No website in master,Web-search for official website and public contacts
64098d89e4b05275a6b33dec,BANSIWALE AGRICULTURE PRIVATE LIMITED,DIPP126497,RECOGNISED,U28212MH2023PTC398333,Validation,Nagpur,Maharashtra,Agriculture,Food Processing,,,,,OK,No website in master,Web-search for official website and public contacts
640961f3e4b05275a6b32e1f,RRJ CHARITABLE FOUNDATION,DIPP125584,RECOGNISED,U85300MH2022NPL381638,Validation,Nagpur,Maharashtra,Healthcare & Lifesciences,Healthcare Services,,,,,OK,No website in master,Web-search for official website and public contacts
63fdd3a1e4b07770d05c6e8f,AGRISEVA AGRO VENTURES PRIVATE LIMITED,DIPP124965,RECOGNISED,U01100MH2022PTC390394,Validation,Nagpur,Maharashtra,Agriculture,Agri-Tech,,,,,OK,No website in master,Web-search for official website and public contacts
63fdbc0fe4b07770d05c64f1,SVAGAM HOSPITALITY PRIVATE LIMITED,DIPP125351,RECOGNISED,U55209MH2019PTC328341,Prototype,Nagpur,Maharashtra,Travel & Tourism,Hospitality,,,,,OK,No website in master,Web-search for official website and public contacts
63fb5484e4b0752eee0167d7,V.K. SERVICES INDIA PRIVATE LIMITED,DIPP125509,RECOGNISED,U46102MH2023PTC398292,Prototype,Nagpur,Maharashtra,Renewable Energy,Renewable Energy Solutions,,,,,OK,No website in master,Web-search for official website and public contacts
63f99272e4b0752eee00a495,ASIVIR AGRO INDUSTRY PRIVATE LIMITED,DIPP124778,RECOGNISED,U01403MH2015PTC267606,Scaling,Nagpur,Maharashtra,Agriculture,Others,,,,,OK,No website in master,Web-search for official website and public contacts
63f4d552e4b0752eedff993f,3N SUPERMART PRIVATE LIMITED,DIPP123868,RECOGNISED,U15400MH2022PTC380465,Prototype,Nagpur,Maharashtra,Retail,Others,,,,,OK,No website in master,Web-search for official website and public contacts
63f2fabbe4b0e6f581beeb96,Chimborazo VENTURES LLP,DIPP124276,RECOGNISED,ABB-0023,Prototype,Nagpur,Maharashtra,Professional & Commercial Services,Others,,,,,OK,No website in master,Web-search for official website and public contacts
63edced2e4b0e6f581be4903,6 G Governance (India) Private Limited,DIPP123604,RECOGNISED,U45309MH2022PTC379210,Validation,Nagpur,Maharashtra,Human Resources,Recruitment Jobs,,,,,OK,No website in master,Web-search for official website and public contacts
63eb1c0fe4b082303da8c4f2,MIBUSY TECHNOLOGY LLP,DIPP123334,RECOGNISED,ABZ-7771,Prototype,Nagpur,Maharashtra,IT Services,Product Development,,,,,OK,No website in master,Web-search for official website and public contacts
63de0bebe4b082303da6bf7b,Arthakaran Consulting Private Limited,DIPP123624,RECOGNISED,U74999MH2023PTC397312,Prototype,Nagpur,Maharashtra,Professional & Commercial Services,Business Support Services,,,,,OK,No website in master,Web-search for official website and public contacts
63d8c384e4b0d237b2578426,VANRAAG HEALTHCARE PRIVATE LIMITED,DIPP136357,RECOGNISED,U24100MH2022PTC376464,Prototype,Nagpur,Maharashtra,Healthcare & Lifesciences,Healthcare Services,,,,,OK,No website in master,Web-search for official website and public contacts
63d662d0e4b0d237b25727f6,RKPV SUPER STRUCTURES PRIVATE LIMITED,DIPP121315,RECOGNISED,U45309MH2022PTC378763,Prototype,Nagpur,Maharashtra,IT Services,IT Consulting,,,,,OK,No website in master,Web-search for official website and public contacts
63d12db2e4b03b5f8b45e664,ARHANT MICRO-MECH ENGINEERING PRIVATE LIMITED,DIPP121047,RECOGNISED,U29100MH2020PTC345986,Prototype,Nagpur,Maharashtra,Professional & Commercial Services,Business Support Supplies,,,,,OK,No website in master,Web-search for official website and public contacts
63c7a346e4b0a39b8f009ff4,RU INNOVATIONS PRIVATE LIMITED,DIPP125061,RECOGNISED,U74999MH2019PTC330825,Validation,Nagpur,Maharashtra,Professional & Commercial Services,Business Support Services,,,,,OK,No website in master,Web-search for official website and public contacts
63be8cfce4b08bd10c71fbc5,Asia Naturos Private Limited,DIPP119894,RECOGNISED,U15400MH2022PTC383803,Validation,Nagpur,Maharashtra,Agriculture,Others,,,,,OK,No website in master,Web-search for official website and public contacts
63bd3b59e4b08bd10c71b917,Ayuaahar Health Care Private Limited,DIPP119512,RECOGNISED,U24290MH2022PTC385103,Validation,Nagpur,Maharashtra,Healthcare & Lifesciences,Pharmaceutical,,,,,OK,No website in master,Web-search for official website and public contacts
63b52d19e4b0efec669f80a4,Absp Biz & Wiz Private Limited,DIPP118996,RECOGNISED,U93010MH2021PTC367332,Scaling,Nagpur,Maharashtra,Human Resources,Recruitment Jobs,,,,,OK,No website in master,Web-search for official website and public contacts
63affb24e4b0efec669e19c0,Micro In It Solution & Advance Technologies Private Limited,DIPP121138,RECOGNISED,U72900MH2015PTC265452,Prototype,Nagpur,Maharashtra,Green Technology,Clean Tech,,,,,OK,No website in master,Web-search for official website and public contacts
63a3ec34e4b0fcfedea4fad4,Unr Engineering Technologies Private Limited,DIPP118112,RECOGNISED,U45400MH2022PTC395122,Prototype,Nagpur,Maharashtra,Construction,Construction & Engineering,,,,,OK,No website in master,Web-search for official website and public contacts
63a015f2e4b0e7b413b0f416,Tnv Cargo Management Services Private Limited,DIPP119056,RECOGNISED,U60221MH2022PTC384757,Prototype,Nagpur,Maharashtra,Transportation & Storage,Freight & Logistics Services,,,,,OK,No website in master,Web-search for official website and public contacts
639da815e4b0e7b413b05ae9,BS 2 SOLUTIONS PRIVATE LIMITED,DIPP136351,RECOGNISED,U74999MH2021PTC353462,Prototype,Nagpur,Maharashtra,Advertising,AdTech,,,,,OK,No website in master,Web-search for official website and public contacts
639b0967e4b018c322adc93e,Wena Bio Science Private Limited,DIPP117205,RECOGNISED,U01100MH2021PTC366944,Validation,Nagpur,Maharashtra,Agriculture,Others,,,,,OK,No website in master,Web-search for official website and public contacts
6398c444e4b018c322ad19dc,VIRK SURLAKH VENTURES LLP,DIPP119732,RECOGNISED,ABZ-6293,Prototype,Nagpur,Maharashtra,Others,Others,,,,,OK,No website in master,Web-search for official website and public contacts
6396d1bee4b018c322ac98ec,Accurate Mega Structures Private Limited,DIPP116967,RECOGNISED,U74999MH2022PTC379917,Prototype,Nagpur,Maharashtra,Construction,New-age Construction Technologies,,,,,OK,No website in master,Web-search for official website and public contacts
639426dbe4b018c322abc57f,Optimum Multiservices Private Limited,DIPP116813,RECOGNISED,U74999MH2021PTC367491,Validation,Nagpur,Maharashtra,Human Resources,Others,,,,,OK,No website in master,Web-search for official website and public contacts
638ae559e4b0823353406c50,Winvestors Consultants Private Limited,DIPP116503,RECOGNISED,U74999MH2021PTC367938,Validation,Nagpur,Maharashtra,Finance Technology,Advisory,,,,,OK,No website in master,Web-search for official website and public contacts
6388c4f7e4b0ef90a8911a6c,Aicd Infraventure Private Limited,DIPP116860,RECOGNISED,U45201MH2018PTC317665,Validation,Nagpur,Maharashtra,Real Estate,Others,,,,,OK,No website in master,Web-search for official website and public contacts
6388a8e7e4b0ef90a8910af1,PERRIDOTTVENTURES PRIVATE LIMITED,DIPP149871,RECOGNISED,U20299MH2022PTC394378,Prototype,Nagpur,Maharashtra,Green Technology,Waste Management,,,,,OK,No website in master,Web-search for official website and public contacts
6388255fe4b0ef90a890a834,Zing Softwares Private Limited,DIPP115922,RECOGNISED,U72900MH2021PTC361721,Validation,Nagpur,Maharashtra,IT Services,Product Development,,,,,OK,No website in master,Web-search for official website and public contacts
6385cb2be4b0f9d1767cc8a4,121 Media And Music Private Limited,DIPP115600,RECOGNISED,U92490MH2022PTC391923,Validation,Nagpur,Maharashtra,Media & Entertainment,Entertainment,,,,,OK,No website in master,Web-search for official website and public contacts
637e656ce4b08c473d368c40,GAUHARSH VENTURES LLP,DIPP116247,RECOGNISED,ABB-0198,Prototype,Nagpur,Maharashtra,Construction,Construction & Engineering,,,,,OK,No website in master,Web-search for official website and public contacts
637b38a6e4b027ddb8e69a4c,Vaidhai Engineering (Opc) Private Limited,DIPP116044,RECOGNISED,U45309PN2022OPC216136,Prototype,Nagpur,Maharashtra,Construction,Construction & Engineering,,,,,OK,No website in master,Web-search for official website and public contacts
637b0846e4b027ddb8e68119,Nayra Farmer Producer Company Limited,DIPP115213,RECOGNISED,U01100MH2022PTC374446,Prototype,Nagpur,Maharashtra,Renewable Energy,Renewable Energy Solutions,,,,,OK,No website in master,Web-search for official website and public contacts
6375b9f5e4b07b9d66d9f22c,Mauli Agro Chemical Private Limited,DIPP117402,RECOGNISED,U24299MH2022PTC391134,Prototype,Nagpur,Maharashtra,Chemicals,Agricultural Chemicals,,,,,OK,No website in master,Web-search for official website and public contacts
63725786e4b0fed7e1005125,Shrisons Revival Private Limited,DIPP115163,RECOGNISED,U93090MH2017PTC293563,EarlyTraction,Nagpur,Maharashtra,Others,Others,,,,,OK,No website in master,Web-search for official website and public contacts
6371d5dfe4b0a5c9c6d9f41b,AVISA MOBILITY PRIVATE LIMITED,DIPP140149,RECOGNISED,U72900MH2022PTC392120,Validation,Nagpur,Maharashtra,Transportation & Storage,Passenger Transportation Services,,,,,OK,No website in master,Web-search for official website and public contacts
635f78c4e4b0b1286bbea430,Kshanan Ayurveda (Opc) Private Limited,DIPP113389,RECOGNISED,U51909MH2022OPC391564,Prototype,Nagpur,Maharashtra,House-Hold Services,Personal Care,,,,,OK,No website in master,Web-search for official website and public contacts
635bb115e4b0d54a1df34b93,Team 11 Agro Industries Private Limited,DIPP118147,RECOGNISED,U01111MH2020PTC344913,Prototype,Nagpur,Maharashtra,Agriculture,Organic Agriculture,,,,,OK,No website in master,Web-search for official website and public contacts
6353a564e4b0d54a1df15cc5,Be Rich Multitrade Solutions India Private Limited,DIPP112850,RECOGNISED,U52100MH2022PTC379867,Validation,Nagpur,Maharashtra,Healthcare & Lifesciences,Health & Wellness,,,,,OK,No website in master,Web-search for official website and public contacts
63538937e4b0d54a1df1543f,Wheezine Technologies Private Limited,DIPP119618,RECOGNISED,U72900MH2022PTC392008,Prototype,Nagpur,Maharashtra,AI,Machine Learning,,,,,OK,No website in master,Web-search for official website and public contacts
635379ede4b0d54a1df14f07,Curlys Music Academy (Opc) Private Limited,DIPP112860,RECOGNISED,U80902MH2022OPC391054,Prototype,Nagpur,Maharashtra,Education,Skill Development,,,,,OK,No website in master,Web-search for official website and public contacts
634fa9c5e4b0d54a1defdf69,Razor Fence Private Limited,DIPP112568,RECOGNISED,U28999MH2022PTC389920,Prototype,Nagpur,Maharashtra,Others,Others,,,,,OK,No website in master,Web-search for official website and public contacts
634d0248e4b0d54a1def3936,Vedyug E Learning Private Limited,DIPP115908,RECOGNISED,U80902MH2022PTC385179,Prototype,Nagpur,Maharashtra,Education,Coaching,,,,,OK,No website in master,Web-search for official website and public contacts
634433eae4b008faa7cf2d9e,SHREE CARGO AND COURIER SERVICES LLP,DIPP124473,RECOGNISED,ABB-6897,Prototype,Nagpur,Maharashtra,Logistics,Others,,,,,OK,No website in master,Web-search for official website and public contacts
63441a55e4b008faa7cf2575,Mahajanex Logihub Private Limited,DIPP112755,RECOGNISED,U60220MH2020PTC349171,Validation,Nagpur,Maharashtra,Logistics,Others,,,,,OK,No website in master,Web-search for official website and public contacts
6342f75ee4b0124577748c28,Ossr Infotech Private Limited,DIPP111943,RECOGNISED,U72900MH2022PTC387329,Validation,Nagpur,Maharashtra,IT Services,Others,,,,,OK,No website in master,Web-search for official website and public contacts
633e4ff1e4b0feee6e0c2e43,Rikkeys Agrotech India Private Limited,DIPP111529,RECOGNISED,U01111MH2022PTC390736,Validation,Nagpur,Maharashtra,Agriculture,Agri-Tech,,,,,OK,No website in master,Web-search for official website and public contacts
633beb05e4b08b5405479fdc,PLANTITUDE ESSENTIALS PRIVATE LIMITED,DIPP133726,RECOGNISED,U17299MH2022PTC389806,Validation,Nagpur,Maharashtra,Agriculture,Agri-Tech,,,,,OK,No website in master,Web-search for official website and public contacts
63343f3ce4b05abb3a13003b,Nagpur System India Private Limited,DIPP112334,RECOGNISED,U51909MH2021PTC368204,Validation,Nagpur,Maharashtra,Computer Vision,Others,,,,,OK,No website in master,Web-search for official website and public contacts
632eb543e4b04d457fb173d3,Vena Crop Protection Technologies Private Limited,DIPP113449,RECOGNISED,U01100MH2022PTC375837,Prototype,Nagpur,Maharashtra,Agriculture,Agri-Tech,,,,,OK,No website in master,Web-search for official website and public contacts
632c96ece4b0eac4b972f411,Aabhir Wasnik Builders Private Limited,DIPP110383,RECOGNISED,U45309MH2022PTC382861,Validation,Nagpur,Maharashtra,Construction,Homebuilding,,,,,OK,No website in master,Web-search for official website and public contacts
632c3166e4b0dd073da576b6,Incredible Agroneers Private Limited,DIPP110399,RECOGNISED,U01409MH2022PTC389071,Prototype,Nagpur,Maharashtra,Agriculture,Agri-Tech,,,,,OK,No website in master,Web-search for official website and public contacts
632c181be4b0dd073da56b92,Pristine Sustainable Solutions Private Limited,DIPP114363,RECOGNISED,U41000MH2022PTC389981,EarlyTraction,Nagpur,Maharashtra,Green Technology,Clean Tech,,,,,OK,No website in master,Web-search for official website and public contacts
632ad5efe4b045893f46b20e,D-SQUARED CONSILIUM PRIVATE LIMITED,DIPP110622,RECOGNISED,U74999MH2022PTC386052,Validation,Nagpur,Maharashtra,Human Resources,Skills Assessment,,,,,OK,No website in master,Web-search for official website and public contacts
6327fb06e4b0d88c5e43c4e2,Shrikant Nanomaterials Research Private Limited,DIPP118933,RECOGNISED,U73100MH2022PTC395869,Prototype,Nagpur,Maharashtra,Nanotechnology,Others,,,,,OK,No website in master,Web-search for official website and public contacts
631c19d5e4b0f754dac9a55d,AAYUDEEP INDUSTRIES LLP,DIPP109839,RECOGNISED,AAX-9279,Validation,Nagpur,Maharashtra,Healthcare & Lifesciences,Healthcare Services,,,,,OK,No website in master,Web-search for official website and public contacts
6311c476e4b02cd717044df4,AAROGYAM THE WELLNESS STORE PRIVATE LIMITED,DIPP109421,RECOGNISED,U51909MH2021PTC353463,Validation,Nagpur,Maharashtra,Healthcare & Lifesciences,Health & Wellness,,,,,OK,No website in master,Web-search for official website and public contacts
6311ab22e4b02cd71704438d,SHREE HR ASSOCIATES PRIVATE LIMITED,DIPP108983,RECOGNISED,U74910MH2020PTC341250,Validation,Nagpur,Maharashtra,Human Resources,Others,,,,,OK,No website in master,Web-search for official website and public contacts
630ddfdae4b02cd7170301ae,KANZEN DEFENCE AND INNOVATION PRIVATE LIMITED,DIPP134251,RECOGNISED,U31900MH2022PTC377309,Prototype,Nagpur,Maharashtra,Aeronautics Aerospace & Defence,Defence Equipment,,,,,OK,No website in master,Web-search for official website and public contacts
6308d9c5e4b080c62a87485c,BHOOMIDA PRIVATE LIMITED,DIPP109263,RECOGNISED,U72900MH2021PTC372154,Prototype,Nagpur,Maharashtra,Retail,Retail Technology,,,,,OK,No website in master,Web-search for official website and public contacts
63087fb0e4b080c62a872731,Groupon Oil Industries Private Limited,DIPP112696,RECOGNISED,U37100MH2022PTC389251,Prototype,Nagpur,Maharashtra,Waste Management,Others,,,,,OK,No website in master,Web-search for official website and public contacts
63061b9ee4b080c62a867192,Corplings Services Private Limited,DIPP112007,RECOGNISED,U74999MH2022PTC388860,Prototype,Nagpur,Maharashtra,Professional & Commercial Services,Business Support Services,,,,,OK,No website in master,Web-search for official website and public contacts
6304b171e4b080c62a85c95a,ROTIKART PRIVATE LIMITED,DIPP108855,RECOGNISED,U55101MH2021PTC372632,Prototype,Nagpur,Maharashtra,Events,Event Management,,,,,OK,No website in master,Web-search for official website and public contacts
63048c83e4b080c62a85acd0,DIODE INFRA PRIVATE LIMITED,DIPP108418,RECOGNISED,U64203MH2020PTC343913,Prototype,Nagpur,Maharashtra,Telecommunication & Networking,Network Technology Solutions,,,,,OK,No website in master,Web-search for official website and public contacts
63036e7ce4b080c62a854cbf,SAVITAR ADVERTISEMENTS PRIVATE LIMITED,DIPP108972,RECOGNISED,U74999MH2021PTC356574,Prototype,Nagpur,Maharashtra,Advertising,Online Classified,,,,,OK,No website in master,Web-search for official website and public contacts
62ff79d7e4b0da9c23ed83ad,Cerebellum Life Sciences Private Limited,DIPP109306,RECOGNISED,U24230MH2021PTC364535,Prototype,Nagpur,Maharashtra,Healthcare & Lifesciences,Pharmaceutical,,,,,OK,No website in master,Web-search for official website and public contacts
62fe1a96e4b0da9c23ecf94f,NUTRIMADE DEVELOPERS PRIVATE LIMITED,DIPP108151,RECOGNISED,U01100MH2021PTC353413,Validation,Nagpur,Maharashtra,Food & Beverages,Others,,,,,OK,No website in master,Web-search for official website and public contacts
62fb742be4b0f8dc70b2f8c8,PADMSHALI REALTY SERVICES LLP,DIPP109584,RECOGNISED,ABB-6441,Prototype,Nagpur,Maharashtra,Construction,Construction & Engineering,,,,,OK,No website in master,Web-search for official website and public contacts
62f8b864e4b02524d81cc680,Raminco Plastechnic Private Limited,DIPP110860,RECOGNISED,U74999MH2016PTC284260,EarlyTraction,Nagpur,Maharashtra,Food & Beverages,Others,,,,,OK,No website in master,Web-search for official website and public contacts
62f77555e4b02524d81c5762,ARSEM ENTERPRISE INDIA PRIVATE LIMITED,DIPP107654,RECOGNISED,U74999MH2021PTC356167,Validation,Nagpur,Maharashtra,Waste Management,Others,,,,,OK,No website in master,Web-search for official website and public contacts
62f53411e4b02524d81ba4c9,EDUFARM AGROTECH PRIVATE LIMITED,DIPP107730,RECOGNISED,U80302MH2021PTC369650,Prototype,Nagpur,Maharashtra,Agriculture,Agri-Tech,,,,,OK,No website in master,Web-search for official website and public contacts
62f0f1e7e4b02524d81a7357,Hinac Logistics And Ventures Private Limited,DIPP107867,RECOGNISED,U60221MH2021PTC369384,Validation,Nagpur,Maharashtra,Transportation & Storage,Freight & Logistics Services,,,,,OK,No website in master,Web-search for official website and public contacts
62ed0063e4b02524d8193858,Foto Chem Tech Private Limited,DIPP107908,RECOGNISED,U24290MH2021PTC373860,Prototype,Nagpur,Maharashtra,Renewable Energy,Others,,,,,OK,No website in master,Web-search for official website and public contacts
62ecf0fee4b02524d8192ff0,Agrihealth Care Private Limited,DIPP106895,RECOGNISED,U24230MH2022PTC381261,Prototype,Nagpur,Maharashtra,Chemicals,Agricultural Chemicals,,,,,OK,No website in master,Web-search for official website and public contacts
62e781f0e4b02524d8175ca1,HRIG AQUA PRIVATE LIMITED,DIPP106179,RECOGNISED,U15543MH2021PTC370142,Prototype,Nagpur,Maharashtra,Technology Hardware,Manufacturing,,,,,OK,No website in master,Web-search for official website and public contacts
62e76927e4b02524d8174040,Circlay Enterprises (Opc) Private Limited,DIPP107218,RECOGNISED,U26920PN2020OPC193704,EarlyTraction,Nagpur,Maharashtra,Green Technology,Waste Management,,,,,OK,No website in master,Web-search for official website and public contacts
62e7600ee4b02524d81736e4,TANSAI GREEN PRIVATE LIMITED,DIPP107152,RECOGNISED,U25209PN2022PTC209753,Validation,Nagpur,Maharashtra,Waste Management,Others,,,,,OK,No website in master,Web-search for official website and public contacts
62e38d07e4b02524d815f4aa,Aspoly Products Private Limited,DIPP106891,RECOGNISED,U25209MH2022PTC383032,Validation,Nagpur,Maharashtra,Professional & Commercial Services,Business Support Services,,,,,OK,No website in master,Web-search for official website and public contacts
62e28b05e4b02524d815b3d0,Aarush Goc Private Limited,DIPP108319,RECOGNISED,U72900MH2020PTC336604,EarlyTraction,Nagpur,Maharashtra,IT Services,BPO,,,,,OK,No website in master,Web-search for official website and public contacts
62e23a83e4b02524d815826e,Guardinger Technologies (Opc) Private Limited,DIPP106297,RECOGNISED,U72900MH2022OPC387660,Prototype,Nagpur,Maharashtra,AI,Machine Learning,,,,,OK,No website in master,Web-search for official website and public contacts
62dbc014e4b05e317519d400,KREAMAS ENERGY AND MULTI AGRO SOLUTION INDUSTRY PRIVATE LIMITED,DIPP106401,RECOGNISED,U01100MH2022PTC386801,Prototype,Nagpur,Maharashtra,Agriculture,Agri-Tech,,,,,OK,No website in master,Web-search for official website and public contacts
62d67834e4b0756f41448a98,SPACE CRAFTER INFRASTRUCTURE PRIVATE LIMITED,DIPP106441,RECOGNISED,U45201MH2022PTC382983,Prototype,Nagpur,Maharashtra,Construction,Construction & Engineering,,,,,OK,No website in master,Web-search for official website and public contacts
62ceba93e4b037fe2c1018f8,Navitus Chemicals Private Limited,DIPP106833,RECOGNISED,U24290MH2019PTC319422,Validation,Nagpur,Maharashtra,Healthcare & Lifesciences,Pharmaceutical,,,,,OK,No website in master,Web-search for official website and public contacts
62cd455fe4b0d06e97b3d41e,SUNISH PROJECTS PRIVATE LIMITED,DIPP106317,RECOGNISED,U70109MH2019PTC327268,Scaling,Nagpur,Maharashtra,Construction,Construction & Engineering,,,,,OK,No website in master,Web-search for official website and public contacts
62c8ffc1e4b044b3e5576b45,VISHWAMANTRA PRIVATE LIMITED,DIPP105459,RECOGNISED,U01110MH2020PTC345079,Validation,Nagpur,Maharashtra,Professional & Commercial Services,Business Support Services,,,,,OK,No website in master,Web-search for official website and public contacts
62c56467e4b07b2cdee4180e,Mcpmurli International Private Limited,DIPP116324,RECOGNISED,U45209MH2020PTC340356,Prototype,Nagpur,Maharashtra,Construction,Construction & Engineering,,,,,OK,No website in master,Web-search for official website and public contacts
62c542a0e4b07b2cdee3f6af,SIDHESHWAR RMC INDIA PRIVATE LIMITED,DIPP104810,RECOGNISED,U26999MH2021PTC357841,Prototype,Nagpur,Maharashtra,Technology Hardware,Manufacturing,,,,,OK,No website in master,Web-search for official website and public contacts
62c2b74ee4b07b2cdee2b8fd,Spectre Ink Advisory (Opc) Private Limited,DIPP107618,RECOGNISED,U72900MH2022OPC385708,Prototype,Nagpur,Maharashtra,IT Services,IT Consulting,,,,,OK,No website in master,Web-search for official website and public contacts
62c28e21e4b07b2cdee29cf4,Altafuel Private Limited,DIPP113104,RECOGNISED,U37100MH2020PTC349967,Prototype,Nagpur,Maharashtra,Renewable Energy,Renewable Energy Solutions,,,,,OK,No website in master,Web-search for official website and public contacts
62bfe66ce4b07b2cdee08ec6,S S CONSTRUCTION & SUPPLIERS PRIVATE LIMITED,DIPP104536,RECOGNISED,U45203MH2020PTC348254,Validation,Nagpur,Maharashtra,Construction,Construction & Engineering,,,,,OK,No website in master,Web-search for official website and public contacts
62bf1cb5e4b07b2cdee0379c,TULJAI INTERLINK PRIVATE LIMITED,DIPP138639,RECOGNISED,U51909MH2022PTC383930,Prototype,Nagpur,Maharashtra,Marketing,Sales,,,,,OK,No website in master,Web-search for official website and public contacts
62be78b2e4b07b2cdedf7b0f,SHREE OM SAI CONSTRUCTION NITISHKA PRIVATE LIMITED,DIPP104642,RECOGNISED,U45203MH2020PTC336372,Validation,Nagpur,Maharashtra,Construction,Construction & Engineering,,,,,OK,No website in master,Web-search for official website and public contacts
62b9922ee4b07b2cdedca989,DRONA WELL PLAYED SPORTS PRIVATE LIMITED,DIPP107338,RECOGNISED,U92410MH2022PTC387015,Validation,Nagpur,Maharashtra,Sports,Sports Promotion and Networking,,,,,OK,No website in master,Web-search for official website and public contacts
62b97a0ce4b07b2cdedc9390,POWERSOFT INFOTECH SOLUTIONS (OPC) PRIVATE LIMITED,DIPP105025,RECOGNISED,U72900MH2021OPC357533,Validation,Nagpur,Maharashtra,Security Solutions,Cyber Security,,,,,OK,No website in master,Web-search for official website and public contacts
62b1a19fe4b07b2cded94e88,DARZICAL TAILORING SERVICES PRIVATE LIMITED,DIPP105361,RECOGNISED,U18109MH2022PTC385034,Prototype,Nagpur,Maharashtra,Textiles & Apparel,Others,,,,,OK,No website in master,Web-search for official website and public contacts
62a9b4abe4b07b2cded57266,URBAN FOODTECH PRIVATE LIMITED,DIPP103299,RECOGNISED,U15490MH2020PTC350990,Validation,Nagpur,Maharashtra,Food & Beverages,Food Technology/Food Delivery,,,,,OK,No website in master,Web-search for official website and public contacts
62a86b84e4b0a0b714117eb5,PARMATMA EK VIVAH MANDAL (OPC) PRIVATE LIMITED,DIPP104055,RECOGNISED,U93090MH2022OPC378292,Prototype,Nagpur,Maharashtra,Dating Matrimonial,Others,,,,,OK,No website in master,Web-search for official website and public contacts
62a08b23e4b028cbac1a4720,SMITH HEALTHCARE PRIVATE LIMITED,DIPP104493,RECOGNISED,U85300MH2022PTC383463,Prototype,Nagpur,Maharashtra,Healthcare & Lifesciences,Health & Wellness,,,,,OK,No website in master,Web-search for official website and public contacts
629f1cabe4b028cbac19dfc9,SANRAYS MULTISERVICES PRIVATE LIMITED,DIPP109063,RECOGNISED,U74999MH2022PTC383265,Prototype,Nagpur,Maharashtra,Construction,Construction & Engineering,,,,,OK,No website in master,Web-search for official website and public contacts
629dab98e4b028cbac196008,TRIPTAPS TRAVEL TECHNOLOGY PRIVATE LIMITED,DIPP103529,RECOGNISED,U63030MH2022PTC378630,Prototype,Nagpur,Maharashtra,Travel & Tourism,Ticketing,,,,,OK,No website in master,Web-search for official website and public contacts
629bb8d5e4b028cbac18b62c,NAYRA BIOFUELS PRIVATE LIMITED,DIPP109564,RECOGNISED,U23101MH2021PTC373645,Validation,Nagpur,Maharashtra,Renewable Energy,Renewable Energy Solutions,,,,,OK,No website in master,Web-search for official website and public contacts
629738ebe4b028cbac17c0e6,VISHWAROOP LIFE SCIENCES PRIVATE LIMITED,DIPP102510,RECOGNISED,U73100MH2022PTC377034,Validation,Nagpur,Maharashtra,Healthcare & Lifesciences,Pharmaceutical,,,,,OK,No website in master,Web-search for official website and public contacts
62971c83e4b028cbac17b121,MATRUCHHAYA WELLNESS PRIVATE LIMITED,DIPP104005,RECOGNISED,U24299PN2021PTC202767,EarlyTraction,Nagpur,Maharashtra,Healthcare & Lifesciences,Health & Wellness,,,,,OK,No website in master,Web-search for official website and public contacts
62911bf1e4b028cbac16176f,EMOTIVE ROBOTICS PRIVATE LIMITED,DIPP104367,RECOGNISED,U72900MH2022PTC383281,Validation,Nagpur,Maharashtra,Robotics,Robotics Technology,,,,,OK,No website in master,Web-search for official website and public contacts
628fc434e4b028cbac15ac6c,SINDICOLPO PRIVATE LIMITED,DIPP102952,RECOGNISED,U33203MH2021PTC364837,Validation,Nagpur,Maharashtra,Healthcare & Lifesciences,Healthcare Technology,,,,,OK,No website in master,Web-search for official website and public contacts
628c6921e4b028cbac147ecd,INNOVEXIQ MULTI SERVICES PRIVATE LIMITED,DIPP101820,RECOGNISED,U74900MH2020PTC339893,Validation,Nagpur,Maharashtra,Construction,Construction & Engineering,,,,,OK,No website in master,Web-search for official website and public contacts
6279eaeee4b028cbac0e4ad3,Titaan Infraprojects Engineers Llp,DIPP106860,RECOGNISED,ABA-7908,Validation,Nagpur,Maharashtra,Construction,Construction & Engineering,,,,,OK,No website in master,Web-search for official website and public contacts
6274a825e4b028cbac0ca763,SRBIT TECHNOLOGIES PRIVATE LIMITED,DIPP100653,RECOGNISED,U74999MH2019PTC328044,EarlyTraction,Nagpur,Maharashtra,Enterprise Software,Others,,,,,OK,No website in master,Web-search for official website and public contacts
627256f2e4b028cbac0c11dc,ETERNO FOODS PRIVATE LIMITED,DIPP100747,RECOGNISED,U15100MH2021PTC369991,Prototype,Nagpur,Maharashtra,Food & Beverages,Food Processing,,,,,OK,No website in master,Web-search for official website and public contacts
626b7037e4b028cbac0a0f1d,7XCELLENCE MANSERV FACILITY PRIVATE LIMITED,DIPP100270,RECOGNISED,U74999MH2021PTC361468,Validation,Nagpur,Maharashtra,Professional & Commercial Services,Employment Services,,,,,OK,No website in master,Web-search for official website and public contacts
6267f735e4b028cbac08f83c,SDSM ANALYTICS PRIVATE LIMITED,DIPP100288,RECOGNISED,U72900MH2019PTC326073,EarlyTraction,Nagpur,Maharashtra,Analytics,Business Intelligence,,,,,OK,No website in master,Web-search for official website and public contacts
626685ece4b028cbac084374,KANIL ENTERPRISES LLP,DIPP99911,RECOGNISED,AAZ-3361,Prototype,Nagpur,Maharashtra,Technology Hardware,Manufacturing,,,,,OK,No website in master,Web-search for official website and public contacts
62664d32e4b028cbac082566,COUNCIL OF HUMAN RESOURCE EDUCATION TRAINING AND DEVELOPMENT,DIPP102857,RECOGNISED,U85300PN2021NPL201810,Prototype,Nagpur,Maharashtra,Others,Others,,,,,OK,No website in master,Web-search for official website and public contacts
601e3863e4b07bbc25b84be2,MINDFULELEMENTS PRIVATE LIMITED,DIPP105706,RECOGNISED,U24100MH2021PTC366713,Prototype,Nagpur,Maharashtra,Retail,Others,,,,,OK,No website in master,Web-search for official website and public contacts
625eaea7e4b028cbac05f7fa,URJAL CLEANTECH LLP,DIPP99626,RECOGNISED,AAW-2520,Prototype,Nagpur,Maharashtra,Green Technology,Clean Tech,,,,,OK,No website in master,Web-search for official website and public contacts
6253e558e4b0e4f8d27bc79b,LIFEZEE ELECTRONIC AND TELECOM SERVICES PRIVATE LIMITED,DIPP127844,RECOGNISED,U64200MH2022PTC375959,EarlyTraction,Nagpur,Maharashtra,Telecommunication & Networking,Others,,,,,OK,No website in master,Web-search for official website and public contacts
6247e4d3e4b0e4f8d278fadb,JUVENOR IMPEX,DIPP98633,RECOGNISED,NG000005857,Validation,Nagpur,Maharashtra,Healthcare & Lifesciences,Others,,,,,OK,No website in master,Web-search for official website and public contacts
6246750ce4b0e4f8d27860e1,K2 H Invotech Private Limited,DIPP106579,RECOGNISED,U52100MH2022PTC376793,Validation,Nagpur,Maharashtra,IT Services,Product Development,,,,,OK,No website in master,Web-search for official website and public contacts
6243f8bae4b0e4f8d277c57f,NIDHI PHARMACEUTICALS PRIVATE LIMITED,DIPP98680,RECOGNISED,U85100MH2020PTC346610,Validation,Nagpur,Maharashtra,Professional & Commercial Services,Business Support Services,,,,,OK,No website in master,Web-search for official website and public contacts
6243f51be4b0e4f8d277c387,AKSHITA POLYMERS PRIVATE LIMITED,DIPP98391,RECOGNISED,U25209MH2018PTC316245,Scaling,Nagpur,Maharashtra,Professional & Commercial Services,Business Support Services,,,,,OK,No website in master,Web-search for official website and public contacts
6242e1e7e4b0e4f8d2779a52,MEKOSOURCE PRIVATE LIMITED,DIPP98206,RECOGNISED,U72900MH2021PTC369303,EarlyTraction,Nagpur,Maharashtra,IT Services,Application Development,,,,,OK,No website in master,Web-search for official website and public contacts
6242d634e4b0e4f8d27794d3,Daksh Vikas Private Limited,DIPP116082,RECOGNISED,U90009MH2021PTC364827,Prototype,Nagpur,Maharashtra,Human Resources,Skills Assessment,,,,,OK,No website in master,Web-search for official website and public contacts
6242bcc6e4b0e4f8d2778886,ROMA HEALTH CARE PRIVATE LIMITED,DIPP102078,RECOGNISED,U51909MH2021PTC362383,Validation,Nagpur,Maharashtra,Healthcare & Lifesciences,Healthcare Services,,,,,OK,No website in master,Web-search for official website and public contacts
62415160e4b0e4f8d2770e2b,MIRADICAL HEALTHCARE AND RESEARCH PRIVATE LIMITED,DIPP98118,RECOGNISED,U73200MH2021PTC374036,Prototype,Nagpur,Maharashtra,Healthcare & Lifesciences,Health & Wellness,,,,,OK,No website in master,Web-search for official website and public contacts
623dac7de4b0e4f8d2762177,VFL FOUNDATION,DIPP99997,RECOGNISED,U85300MH2021NPL362872,EarlyTraction,Nagpur,Maharashtra,Marketing,Branding,,,,,OK,No website in master,Web-search for official website and public contacts
6232deb4e4b0e4f8d272be04,ANURAJ ORGANIC AGRO PRIVATE LIMITED,DIPP97455,RECOGNISED,U01820MH2020PTC342854,Validation,Nagpur,Maharashtra,Agriculture,Organic Agriculture,,,,,OK,No website in master,Web-search for official website and public contacts
622dbd0ee4b0e4f8d27101cf,TRENDKAR ASSOCIATES PRIVATE LIMITED,DIPP102765,RECOGNISED,U15549MH2022PTC375936,Prototype,Nagpur,Maharashtra,Food & Beverages,Restaurants,,,,,OK,No website in master,Web-search for official website and public contacts
62282161e4b0e4f8d26f3ccb,KARTEX MARKETPLACE PRIVATE LIMITED,DIPP98340,RECOGNISED,U74999PN2022PTC208477,Validation,Nagpur,Maharashtra,Enterprise Software,Enterprise Mobility,,,,,OK,No website in master,Web-search for official website and public contacts
6225d685e4b0e4f8d26e59c6,ASMEE HOSPITALITIES LLP,DIPP96867,RECOGNISED,AAU-1075,Validation,Nagpur,Maharashtra,Food & Beverages,Food Processing,,,,,OK,No website in master,Web-search for official website and public contacts
62235a35e4b0e4f8d26dbc43,SAMPOORNADIGITAL SOLUTIONS & SERVICES PRIVATE LIMITED,DIPP96133,RECOGNISED,U52609MH2022PTC376852,EarlyTraction,Nagpur,Maharashtra,IT Services,Project Management,,,,,OK,No website in master,Web-search for official website and public contacts
62231649e4b0e4f8d26da826,SKAYBUGS INFOTECH PRIVATE LIMITED,DIPP96801,RECOGNISED,U72900MH2021PTC366250,Validation,Nagpur,Maharashtra,IT Services,Others,,,,,OK,No website in master,Web-search for official website and public contacts
62212bebe4b0e4f8d26d2f5d,CAPE OF COPE FOUNDATION,DIPP96851,RECOGNISED,U85300PN2022NPL207517,Validation,Nagpur,Maharashtra,Social Network,Others,,,,,OK,No website in master,Web-search for official website and public contacts
62208f09e4b0e4f8d26cebef,Pathak Ayurceuticals Private Limited,DIPP107626,RECOGNISED,U24110MH2022PTC382156,Prototype,Nagpur,Maharashtra,Healthcare & Lifesciences,Health & Wellness,,,,,OK,No website in master,Web-search for official website and public contacts
6219fbcfe4b0e4f8d26a89fa,AWCHAT PETROLEUM SERVICES PRIVATE LIMITED,DIPP95685,RECOGNISED,U50401MH2022PTC377501,Prototype,Nagpur,Maharashtra,Non- Renewable Energy,Others,,,,,OK,No website in master,Web-search for official website and public contacts
620f6076e4b0e4f8d266dfe3,THOUSANDSPICE & SUPER FOODS PRIVATE LIMITED,DIPP95488,RECOGNISED,U15400MH2022PTC376903,Prototype,Nagpur,Maharashtra,Healthcare & Lifesciences,Health & Wellness,,,,,OK,No website in master,Web-search for official website and public contacts
620aba53e4b0e4f8d26495ab,INNOVATIVE TECH EXIM LLP,DIPP95811,RECOGNISED,AAW-1350,Prototype,Nagpur,Maharashtra,Automotive,"Auto, Truck & Motorcycle Parts",,,,,OK,No website in master,Web-search for official website and public contacts
61f93f9de4b00f5d174a658b,Sawariya Informatics Private Limited,DIPP116054,RECOGNISED,U31900MH2022PTC374662,Prototype,Nagpur,Maharashtra,IT Services,Product Development,,,,,OK,No website in master,Web-search for official website and public contacts
61f7a507e4b0bc85704323ce,CHETNA POWER & UCG SOLUTIONS PRIVATE LIMITED,DIPP94414,RECOGNISED,U51909MH2016PTC284093,Validation,Nagpur,Maharashtra,Professional & Commercial Services,Environmental Services & Equipment,,,,,OK,No website in master,Web-search for official website and public contacts
61f3b0b1e4b020b2f88b55ec,TRIGNEX TECHNOLOGIES PRIVATE LIMITED,DIPP94630,RECOGNISED,U31909MH2021PTC366293,Validation,Nagpur,Maharashtra,Technology Hardware,Electronics,,,,,OK,No website in master,Web-search for official website and public contacts
61f39637e4b020b2f88b46fc,PROVENTOS WEALTH PRIVATE LIMITED,DIPP94459,RECOGNISED,U67190MH2021PTC360842,Validation,Nagpur,Maharashtra,Finance Technology,Personal Finance,,,,,OK,No website in master,Web-search for official website and public contacts
61f126c4e4b020b2f88a604a,POWER HI-TECH SOLUTION PRIVATE LIMITED,DIPP93614,RECOGNISED,U74999MH2021PTC358528,Prototype,Nagpur,Maharashtra,Professional & Commercial Services,Business Support Services,,,,,OK,No website in master,Web-search for official website and public contacts
61e006ace4b020b2f882fec5,DAIVIK MORINGA PRIVATE LIMITED,DIPP93941,RECOGNISED,U24299MH2021PTC367261,EarlyTraction,Nagpur,Maharashtra,Healthcare & Lifesciences,Health & Wellness,,,,,OK,No website in master,Web-search for official website and public contacts
61dc335ce4b020b2f8815ca9,Ex Manpower Security Private Limited,DIPP114885,RECOGNISED,U74910MH2021PTC371066,Prototype,Nagpur,Maharashtra,Human Resources,Recruitment Jobs,,,,,OK,No website in master,Web-search for official website and public contacts
61c6ba0ee4b041b4edd5089a,JUVENOR HEALTHCARE PRIVATE LIMITED,DIPP92277,RECOGNISED,U24290MH2017PTC298772,Validation,Nagpur,Maharashtra,Healthcare & Lifesciences,Others,,,,,OK,No website in master,Web-search for official website and public contacts
61c6b404e4b041b4edd50743,JUVENOR PHARMACEUTICALS,DIPP91996,RECOGNISED,NG000004306,Validation,Nagpur,Maharashtra,Healthcare & Lifesciences,Pharmaceutical,,,,,OK,No website in master,Web-search for official website and public contacts
61a47903e4b0cb4c4c11bc52,APLA INDIA E- COMMERCE PRIVATE LIMITED,DIPP90447,RECOGNISED,U51909MH2021PTC371486,Prototype,Nagpur,Maharashtra,Others,Others,,,,,OK,No website in master,Web-search for official website and public contacts
61a0f698e4b0cb4c4c111b2d,EMPOWR CLUB PRIVATE LIMITED,DIPP91700,RECOGNISED,U74999MH2021PTC367956,Prototype,Nagpur,Maharashtra,Telecommunication & Networking,Network Technology Solutions,,,,,OK,No website in master,Web-search for official website and public contacts
619e0d57e4b0cb4c4c0ffd4e,AMLAAN RIVERCORP PRIVATE LIMITED,DIPP110960,RECOGNISED,U37100MH2022PTC377839,Validation,Nagpur,Maharashtra,Waste Management,Others,,,,,OK,No website in master,Web-search for official website and public contacts
619897dee4b0cb4c4c0e0efe,SUN GRIFFINS INDIA PRIVATE LIMITED,DIPP91420,RECOGNISED,U60300MH2021PTC363349,Validation,Nagpur,Maharashtra,Agriculture,Food Processing,,,,,OK,No website in master,Web-search for official website and public contacts
61949899e4b0cb4c4c0bed97,PURPLE PETAL INVEST PRIVATE LIMITED,DIPP90712,RECOGNISED,U72900MH2021PTC364347,Prototype,Nagpur,Maharashtra,Finance Technology,Others,,,,,OK,No website in master,Web-search for official website and public contacts
61924a34e4b0cb4c4c0b50d9,FITMAAN TECHNOLOGIES PRIVATE LIMITED,DIPP91751,RECOGNISED,U74999MH2018PTC317215,Validation,Nagpur,Maharashtra,Professional & Commercial Services,Others,,,,,OK,No website in master,Web-search for official website and public contacts
6188d6fde4b0cb4c4c08a361,AAJ BUILDSPACE & PLANNERS PRIVATE LIMITED,DIPP90943,RECOGNISED,U74999MH2021PTC366200,Validation,Nagpur,Maharashtra,Construction,Others,,,,,OK,No website in master,Web-search for official website and public contacts
61828769e4b0cb4c4c0775b6,ANNAPANASATTI PRIVATE LIMITED,DIPP89391,RECOGNISED,U31909MH2021PTC369745,Prototype,Nagpur,Maharashtra,Green Technology,Others,,,,,OK,No website in master,Web-search for official website and public contacts
617d1be6e4b0cb4c4c063ccb,CHANDRABHA VENTURES PRIVATE LIMITED,DIPP89028,RECOGNISED,U45402MH2020PTC345829,Prototype,Nagpur,Maharashtra,Waste Management,Others,,,,,OK,No website in master,Web-search for official website and public contacts
617bce5ae4b0cb4c4c05e391,GRAYSON CONTRACTING SERVICES PRIVATE LIMITED,DIPP89282,RECOGNISED,U74999MH2021PTC369535,Validation,Nagpur,Maharashtra,Green Technology,Waste Management,,,,,OK,No website in master,Web-search for official website and public contacts
61729ef4e4b0324c10f36414,NAVANKUR INFRANERGY LLP,DIPP88978,RECOGNISED,AAY-7237,Prototype,Nagpur,Maharashtra,Non- Renewable Energy,Oil & Gas Transportation Services,,,,,OK,No website in master,Web-search for official website and public contacts
616fb9f5e4b0324c10f26c31,SAKSHYAM MANAGEMENT SERVICES PRIVATE LIMITED,DIPP89165,RECOGNISED,U74999MH2021PTC366698,Prototype,Nagpur,Maharashtra,Waste Management,Others,,,,,OK,No website in master,Web-search for official website and public contacts
616e9e68e4b0324c10f21497,BIKE24 TWO WHEELERS PRIVATE LIMITED,DIPP88405,RECOGNISED,U50100MH2020PTC336970,Validation,Nagpur,Maharashtra,Other Specialty Retailers,"Auto Vehicles, Parts & Service Retailers",,,,,OK,No website in master,Web-search for official website and public contacts
61657437e4b0e325d542f801,EASYPAY FINANCIAL SERVICES PRIVATE LIMITED,DIPP89873,RECOGNISED,U65999MH2020PTC336998,Validation,Nagpur,Maharashtra,Finance Technology,Others,,,,,OK,No website in master,Web-search for official website and public contacts
616022efe4b07efc0a4d0614,VARSHA BRANDWAVE PRIVATE LIMITED,DIPP96061,RECOGNISED,U74999MH2019PTC332624,Scaling,Nagpur,Maharashtra,Advertising,Others,,,,,OK,No website in master,Web-search for official website and public contacts
615da36ee4b07efc0a4bff0d,Fridomly Private Limited,DIPP118323,RECOGNISED,U92100MH2022PTC391785,Validation,Nagpur,Maharashtra,Social Network,Others,,,,,OK,No website in master,Web-search for official website and public contacts
615ae6bce4b08fb41b67a06e,HEALTHCODE WELLNESS PRIVATE LIMITED,DIPP103415,RECOGNISED,U92490MH2020PTC335536,Scaling,Nagpur,Maharashtra,Healthcare & Lifesciences,Health & Wellness,,,,,OK,No website in master,Web-search for official website and public contacts
61556a3fe4b0f21b6c4b385e,GANORKAR FACILITY MANAGEMENT (OPC) PRIVATE LIMITED,DIPP88245,RECOGNISED,U74999MH2021OPC355357,Validation,Nagpur,Maharashtra,Human Resources,Others,,,,,OK,No website in master,Web-search for official website and public contacts
6152cc65e4b0f21b6c4a21d9,CANDIDOFFERS PRIVATE LIMITED,DIPP90235,RECOGNISED,U72900MH2019PTC333456,Validation,Nagpur,Maharashtra,Retail,Social Commerce,,,,,OK,No website in master,Web-search for official website and public contacts
61448d8be4b0f62f931e7d8e,MRC CONSTRUCTIONS PRIVATE LIMITED,DIPP87743,RECOGNISED,U45209MH2020PTC340141,Validation,Nagpur,Maharashtra,Construction,Others,,,,,OK,No website in master,Web-search for official website and public contacts
614436a3e4b0f62f931989d8,SHARIEF AND RSRD PETROLEUM PRIVATE LIMITED,DIPP91887,RECOGNISED,U50400MH2021PTC367478,Prototype,Nagpur,Maharashtra,Non- Renewable Energy,Oil & Gas Transportation Services,,,,,OK,No website in master,Web-search for official website and public contacts
613ba45ce4b0f62f9310013e,H2DC12 AVENUE PRIVATE LIMITED,DIPP89186,RECOGNISED,U29300PN2021PTC204130,Prototype,Nagpur,Maharashtra,Renewable Energy,Manufacture of Machinery and Equipment,,,,,OK,No website in master,Web-search for official website and public contacts
61373daae4b0f62f930dff1c,BON-NATURAL ORGANIC PRIVATE LIMITED,DIPP86668,RECOGNISED,U74999MH2018PTC307211,Prototype,Nagpur,Maharashtra,Others,Others,,,,,OK,No website in master,Web-search for official website and public contacts
6120a2d1e4b0aee5cebc8341,SWAPNAPURTI MANAGEMENT INDIA PRIVATE LIMITED,DIPP87212,RECOGNISED,U37100MH2021PTC360902,Prototype,Nagpur,Maharashtra,Waste Management,Others,,,,,OK,No website in master,Web-search for official website and public contacts
610e75d8e4b0aee5ceb08cf7,CLF AQUACULTURE PRIVATE LIMITED,DIPP107592,RECOGNISED,U05000MH2021PTC369601,Validation,Nagpur,Maharashtra,Agriculture,Fisheries,,,,,OK,No website in master,Web-search for official website and public contacts
60fd5362e4b0ad9f40129155,AKSHAYGHAT TECHNOLOGIES PRIVATE LIMITED,DIPP84109,RECOGNISED,U31908MH2021PTC360063,EarlyTraction,Nagpur,Maharashtra,Renewable Energy,Renewable Energy Solutions,,,,,OK,No website in master,Web-search for official website and public contacts
60f56437e4b0ad9f400c6597,LAXMINARAYAN INFRACON PRIVATE LIMITED,DIPP90739,RECOGNISED,U45309MH2020PTC347001,Validation,Nagpur,Maharashtra,Construction,Construction & Engineering,,,,,OK,No website in master,Web-search for official website and public contacts
60e6c966e4b08b6a354eef0d,FERROMONK STEEL STRUCTURES PRIVATE LIMITED,DIPP92917,RECOGNISED,U28990MH2020PTC351856,Validation,Nagpur,Maharashtra,Others,Others,,,,,OK,No website in master,Web-search for official website and public contacts
60dadd69e4b0c264518c2507,SEPTECH PROJECT ENGINEERING PRIVATE LIMITED,DIPP83581,RECOGNISED,U29304MH2021PTC353428,EarlyTraction,Nagpur,Maharashtra,Non- Renewable Energy,Oil Related Services and Equipment,,,,,OK,No website in master,Web-search for official website and public contacts
60dace14e4b0c264518c1d11,SAMARTH WATER CONSULTANTS PRIVATE LIMITED,DIPP85483,RECOGNISED,U74999MH2017PTC292764,Prototype,Nagpur,Maharashtra,Green Technology,Others,,,,,OK,No website in master,Web-search for official website and public contacts
60d8bb7de4b0c264518b5b94,AADISACH GLOBAL SERVICES PRIVATE LIMITED,DIPP94981,RECOGNISED,U45309MH2019PTC319483,EarlyTraction,Nagpur,Maharashtra,Professional & Commercial Services,Business Support Services,,,,,OK,No website in master,Web-search for official website and public contacts
60d6cfdae4b0c264518afd78,PRAYOGIK SOLUTIONS PRIVATE LIMITED,DIPP83052,RECOGNISED,U72900MH2021PTC362788,Validation,Nagpur,Maharashtra,Healthcare & Lifesciences,Healthcare Technology,,,,,OK,No website in master,Web-search for official website and public contacts
60d47a0ee4b0c264518a227b,KIAETO TECH PRIVATE LIMITED,DIPP83009,RECOGNISED,U34100MH2020PTC352497,Prototype,Nagpur,Maharashtra,Renewable Energy,Renewable Energy Solutions,,,,,OK,No website in master,Web-search for official website and public contacts
60cdfc87e4b0c264518816c9,YELLOWS AND WHITES PRIVATE LIMITED,DIPP81982,RECOGNISED,U15122MH2020PTC341613,Prototype,Nagpur,Maharashtra,Food & Beverages,Food Processing,,,,,OK,No website in master,Web-search for official website and public contacts
60c4b969e4b027c65d9ff161,TOWARDSINDIA ECOMMERCE PRIVATE LIMITED,DIPP81736,RECOGNISED,U52603MH2020PTC338169,Prototype,Nagpur,Maharashtra,IT Services,IT Management,,,,,OK,No website in master,Web-search for official website and public contacts
60c48115e4b027c65d9fc668,SHIKSHALA ONLINE PRIVATE LIMITED,DIPP81602,RECOGNISED,U72900MH2020PTC341071,Validation,Nagpur,Maharashtra,Education,Education Technology,,,,,OK,No website in master,Web-search for official website and public contacts
60bdd44ce4b027c65d9a786b,SHREE MOHANRAJ INFRA PRIVATE LIMITED,DIPP82789,RECOGNISED,U45400MH2020PTC346441,Scaling,Nagpur,Maharashtra,Construction,Construction & Engineering,,,,,OK,No website in master,Web-search for official website and public contacts
60b375cee4b0a22670eb6444,BUILDNATION INFRA PRIVATE LIMITED,DIPP105107,RECOGNISED,U74999MH2021PTC360277,EarlyTraction,Nagpur,Maharashtra,Construction,Construction Materials,,,,,OK,No website in master,Web-search for official website and public contacts
60af4074e4b0a22670e8401e,S K TIWARI,DIPP80915,RECOGNISED,NG000006136,Validation,Nagpur,Maharashtra,Construction,Construction Materials,,,,,OK,No website in master,Web-search for official website and public contacts
60a7df5ee4b0e73e1e609eac,CRESOLV TECH PRIVATE LIMITED,DIPP81869,RECOGNISED,U73200MH2018PTC311710,Prototype,Nagpur,Maharashtra,Human Resources,Training,,,,,OK,No website in master,Web-search for official website and public contacts
60a562dce4b0e73e1e5ecc52,KINGERLY PHARMACEUTICALS PRIVATE LIMITED,DIPP133626,RECOGNISED,U24230MH2021PTC360553,Validation,Nagpur,Maharashtra,Healthcare & Lifesciences,Pharmaceutical,,,,,OK,No website in master,Web-search for official website and public contacts
60a392d6e4b0e73e1e5dd230,Y-IT TECHNO SOLUTIONS LLP,DIPP80686,RECOGNISED,AAU-6925,Validation,Nagpur,Maharashtra,IT Services,Application Development,,,,,OK,No website in master,Web-search for official website and public contacts
607fd1cee4b0d2ddc90a0295,TOPS MANAGEMENT RESOURCE SERVICES PRIVATE LIMITED,DIPP79017,RECOGNISED,U74999MH2021PTC357430,Prototype,Nagpur,Maharashtra,Human Resources,Recruitment Jobs,,,,,OK,No website in master,Web-search for official website and public contacts
6077e43ce4b0d2ddc906e18b,ABSOLUTE ALLIANCE PRIVATE LIMITED,DIPP78682,RECOGNISED,U51909MH2017PTC292105,Scaling,Nagpur,Maharashtra,Agriculture,Others,,,,,OK,No website in master,Web-search for official website and public contacts
6045b175e4b03f92cbc3530d,NEEDLITE AUTOMATION PRIVATE LIMITED,DIPP78775,RECOGNISED,U29309MH2019PTC329544,Validation,Nagpur,Maharashtra,AR VR (Augmented + Virtual Reality),Others,,,,,OK,No website in master,Web-search for official website and public contacts
60754f6de4b0d2ddc9061ce5,MAULIDHAM INFRA PROJECT SOLUTION PRIVATELIMITED,DIPP82856,RECOGNISED,U70109MH2019PTC327910,Prototype,Nagpur,Maharashtra,Non- Renewable Energy,Oil & Gas Transportation Services,,,,,OK,No website in master,Web-search for official website and public contacts
606fffa7e4b0d2ddc90315e0,SENSORS & SYSTEMS INDUSTRIAL SOLUTIONS PRIVATE LIMITED,DIPP79241,RECOGNISED,U74999MH2016PTC286962,Scaling,Nagpur,Maharashtra,Technology Hardware,Manufacturing,,,,,OK,No website in master,Web-search for official website and public contacts
60534f2ee4b03f92cbc9f06b,AMLAVAHINI SOLUTIONS PRIVATE LIMITED,DIPP76837,RECOGNISED,U36999MH2018PTC307061,Scaling,Nagpur,Maharashtra,Chemicals,Specialty Chemicals,,,,,OK,No website in master,Web-search for official website and public contacts
604f4420e4b03f92cbc80127,Smart Hygeia,DIPP76956,RECOGNISED,NG000001922,EarlyTraction,Nagpur,Maharashtra,Healthcare & Lifesciences,Health & Wellness,,,,,OK,No website in master,Web-search for official website and public contacts
604f2a50e4b03f92cbc7e7d9,NAVHAR FUELS PRIVATE LIMITED,DIPP80913,RECOGNISED,U50400MH2021PTC355840,Prototype,Nagpur,Maharashtra,Non- Renewable Energy,Oil & Gas Transportation Services,,,,,OK,No website in master,Web-search for official website and public contacts
604f19a1e4b03f92cbc7c6b5,YUKHTA FUEL PRIVATE LIMITED,DIPP76668,RECOGNISED,U50400MH2021PTC355206,Prototype,Nagpur,Maharashtra,Non- Renewable Energy,Oil & Gas Transportation Services,,,,,OK,No website in master,Web-search for official website and public contacts
604efbe3e4b03f92cbc7b458,KESAR GATEWAY PRIVATE LIMITED,DIPP83177,RECOGNISED,U45309MH2021PTC353612,Prototype,Nagpur,Maharashtra,Real Estate,Others,,,,,OK,No website in master,Web-search for official website and public contacts
604ef950e4b03f92cbc7b2ec,KESAR NATURALS PRIVATE LIMITED,DIPP83105,RECOGNISED,U51909MH2020PTC347803,Validation,Nagpur,Maharashtra,Fashion,Lifestyle,,,,,OK,No website in master,Web-search for official website and public contacts
604c6bece4b03f92cbc69983,KESAR GROUP PRIVATE LIMITED,DIPP76621,RECOGNISED,U74999MH2020PTC351426,Scaling,Nagpur,Maharashtra,Construction,Construction & Engineering,,,,,OK,No website in master,Web-search for official website and public contacts
604a2f5ce4b03f92cbc58a53,AGRODIA ENTERPRISES LIMITED LIABILITY PARTNERSHIP,DIPP100615,RECOGNISED,AAT-6447,Scaling,Nagpur,Maharashtra,Agriculture,Others,,,,,OK,No website in master,Web-search for official website and public contacts
6048db58e4b03f92cbc4f423,SATH STRATEGIC SERVICES PRIVATE LIMITED,DIPP137844,RECOGNISED,U72900MH2021PTC353534,EarlyTraction,Nagpur,Maharashtra,Human Resources,Talent Management,,,,,OK,No website in master,Web-search for official website and public contacts
6048895ae4b03f92cbc4bd36,ADI MANTRA FOODS PRIVATE LIMITED,DIPP75972,RECOGNISED,U15400MH2020PTC347381,Prototype,Nagpur,Maharashtra,Food & Beverages,Food Processing,,,,,OK,No website in master,Web-search for official website and public contacts
60475202e4b03f92cbc435f6,XLIX INFOTECH PRIVATE LIMITED,DIPP79383,RECOGNISED,U72501MH2017PTC296994,Validation,Nagpur,Maharashtra,Transportation & Storage,Others,,,,,OK,No website in master,Web-search for official website and public contacts
6041ee44e4b03f92cbc23013,Gunjan Surgical Industries,DIPP82127,RECOGNISED,NG000006524,EarlyTraction,Nagpur,Maharashtra,Healthcare & Lifesciences,Others,,,,,OK,No website in master,Web-search for official website and public contacts
602f79a3e4b017a8daece20d,DATUM CONCRETE PIPES PRIVATE LIMITED,DIPP76087,RECOGNISED,U25209MH2020PTC338915,Scaling,Nagpur,Maharashtra,Construction,Construction Materials,,,,,OK,No website in master,Web-search for official website and public contacts
602f72eae4b017a8daecdf08,VIDARBHA EMPLOYMENT SERVICE PRIVATE LIMITED,DIPP77434,RECOGNISED,U74999MH2021PTC354670,Prototype,Nagpur,Maharashtra,Human Resources,Recruitment Jobs,,,,,OK,No website in master,Web-search for official website and public contacts
6023a443e4b07bc22e76ae74,DRISHTIKIDS PRIVATE LIMITED,DIPP76165,RECOGNISED,U80903MH2020PTC352595,Validation,Nagpur,Maharashtra,Education,E-learning,,,,,OK,No website in master,Web-search for official website and public contacts
60221672e4b07bbc25b9d39b,VARDAAN BIO ENERGIES PRIVATE LIMITED,DIPP74998,RECOGNISED,U23200MH2021PTC353755,Prototype,Nagpur,Maharashtra,Non- Renewable Energy,Oil & Gas Transportation Services,,,,,OK,No website in master,Web-search for official website and public contacts
6020ffcee4b07bbc25b95cdc,MINTREE COSMETICS PRIVATE LIMITED,DIPP75006,RECOGNISED,U24290MH2020PTC339606,Prototype,Nagpur,Maharashtra,Healthcare & Lifesciences,Health & Wellness,,,,,OK,No website in master,Web-search for official website and public contacts
6020e920e4b07bbc25b94e44,BANSOD FUEL ENERGY SOLUTION PRIVATE LIMITED,DIPP75164,RECOGNISED,U50500MH2021PTC354273,Prototype,Nagpur,Maharashtra,Non- Renewable Energy,Oil & Gas Transportation Services,,,,,OK,No website in master,Web-search for official website and public contacts
601a8ea6e4b07bbc25b710c2,SABHA DIGITAL PRIVATE LIMITED,DIPP75296,RECOGNISED,U80902MH2020PTC348716,Prototype,Nagpur,Maharashtra,IT Services,Others,,,,,OK,No website in master,Web-search for official website and public contacts
6013f3dbe4b00171cb728a1c,COMETE LEARNING PRIVATE LIMITED,DIPP74301,RECOGNISED,U80900PN2020PTC195893,EarlyTraction,Nagpur,Maharashtra,Education,Coaching,,,,,OK,No website in master,Web-search for official website and public contacts
6007c2a1e4b0c081f74a8f43,VIVIFYING PRIVATE LIMITED,DIPP92394,RECOGNISED,U85300MH2021PTC358190,Validation,Nagpur,Maharashtra,Healthcare & Lifesciences,Healthcare Services,,,,,OK,No website in master,Web-search for official website and public contacts
60067985e4b0c081f74a3d2f,SOMPANACEA INDUSTRIES PRIVATE LIMITED,DIPP80285,RECOGNISED,U26990MH2020PTC343742,Prototype,Nagpur,Maharashtra,Aeronautics Aerospace & Defence,Defence Equipment,,,,,OK,No website in master,Web-search for official website and public contacts
5ffc2925e4b0c081f746ad26,OECO HEALTHCARE PRIVATE LIMITED,DIPP73744,RECOGNISED,U24230MH2020PTC352027,Validation,Nagpur,Maharashtra,Others,Others,,,,,OK,No website in master,Web-search for official website and public contacts
5ff6e5bce4b072ce664206c4,SPRASAD INFRASTRUCTURE AND SERVICES PRIVATE LIMITED,DIPP74289,RECOGNISED,U45201MH2020PTC352745,Prototype,Nagpur,Maharashtra,Construction,Construction & Engineering,,,,,OK,No website in master,Web-search for official website and public contacts
5ff3eb49e4b072ce6640f877,JYVIKA VENTURES PRIVATE LIMITED,DIPP76587,RECOGNISED,U85300MH2020PTC352649,Validation,Nagpur,Maharashtra,Healthcare & Lifesciences,Health & Wellness,,,,,OK,No website in master,Web-search for official website and public contacts
5ff2eb74e4b072ce6640c622,E-TANTRASHALA LLP,DIPP73004,RECOGNISED,AAU-0828,Prototype,Nagpur,Maharashtra,Enterprise Software,Customer Support,,,,,OK,No website in master,Web-search for official website and public contacts
5ff2e9c4e4b072ce6640c377,YCIVIL TECH SOLUTIONS LLP,DIPP80428,RECOGNISED,AAU-1418,Prototype,Nagpur,Maharashtra,Construction,Construction & Engineering,,,,,OK,No website in master,Web-search for official website and public contacts
5fe700ace4b0db7e4f37ddd2,EPRAYOSHI EQUIPMENT LLP,DIPP84460,RECOGNISED,AAU-0708,Prototype,Nagpur,Maharashtra,Internet of Things,Smart Home,,,,,OK,No website in master,Web-search for official website and public contacts
5fdd9732e4b02aea237980c8,LITTI CHOKHA INN FOODS PRIVATE LIMITED,DIPP86116,RECOGNISED,U15400PN2020PTC193068,EarlyTraction,Nagpur,Maharashtra,Food & Beverages,Food Technology/Food Delivery,,,,,OK,No website in master,Web-search for official website and public contacts
5fd5f00fe4b0da94c37c6bb0,ANS ENTERPRISES DIESELWALA PRIVATE LIMITED,DIPP74438,RECOGNISED,U50400MH2020PTC351123,Validation,Nagpur,Maharashtra,Non- Renewable Energy,Oil & Gas Transportation Services,,,,,OK,No website in master,Web-search for official website and public contacts
5fd5b226e4b0da94c37c4912,LATHIWALA DOORSTEP FUEL DELIVERY PRIVATELIMITED,DIPP73465,RECOGNISED,U51909MH2020PTC347756,Prototype,Nagpur,Maharashtra,Non- Renewable Energy,Oil & Gas Transportation Services,,,,,OK,No website in master,Web-search for official website and public contacts
5fd0ab1de4b0da94c37ab914,ANURAG FUEL'S LLP,DIPP71921,RECOGNISED,AAU-4693,Prototype,Nagpur,Maharashtra,Non- Renewable Energy,Oil & Gas Transportation Services,,,,,OK,No website in master,Web-search for official website and public contacts
5fb8c397e4b0dca0779d11c3,ARYY TECHNOLOGY SOLUTIONS LLP,DIPP71451,RECOGNISED,AAU-0834,Scaling,Nagpur,Maharashtra,Professional & Commercial Services,Business Support Services,,,,,OK,No website in master,Web-search for official website and public contacts
5faa53a0e4b01f96edf8bc36,SWAMI ENTERPRISES,DIPP82871,RECOGNISED,NG000006479,Prototype,Nagpur,Maharashtra,Healthcare & Lifesciences,Medical Devices Biomedical,,,,,OK,No website in master,Web-search for official website and public contacts
5faa321ce4b01f96edf8a6cc,THAKRE ENGINEERING AND SERVICES PRIVATE LIMITED,DIPP129551,RECOGNISED,U45203MH2020PTC346473,Validation,Nagpur,Maharashtra,Construction,Construction & Engineering,,,,,OK,No website in master,Web-search for official website and public contacts
5f9fb32fe4b08c3f816ffac9,SHRIANJANEY ENTERPRISES PRIVATE LIMITED,DIPP73470,RECOGNISED,U74999MH2020PTC348690,Prototype,Nagpur,Maharashtra,Non- Renewable Energy,Oil & Gas Transportation Services,,,,,OK,No website in master,Web-search for official website and public contacts
5dd51c52e4b0d37703ee06e2,MECHFARM EQUIPMENT LLP,DIPP70868,RECOGNISED,AAS-2214,Validation,Nagpur,Maharashtra,Agriculture,Agri-Tech,,,,,OK,No website in master,Web-search for official website and public contacts
5f97a64fe4b057de9124d963,DIGIMAX INNOVATIONS LLP,DIPP70795,RECOGNISED,AAT-6526,Validation,Nagpur,Maharashtra,Advertising,AdTech,,,,,OK,No website in master,Web-search for official website and public contacts
5f9401bee4b03d32765a571c,LALAMART TECHNOLOGIES PRIVATE LIMITED,DIPP70843,RECOGNISED,U72900MH2020PTC339920,Prototype,Nagpur,Maharashtra,IT Services,Others,,,,,OK,No website in master,Web-search for official website and public contacts
5f929121e4b03d32765a00f1,ARTIBUNO PRIVATE LIMITED,DIPP70699,RECOGNISED,U92412MH2019PTC328654,EarlyTraction,Nagpur,Maharashtra,Social Network,Others,,,,,OK,No website in master,Web-search for official website and public contacts
5f917d6ee4b03d327659b78e,SVARUPAM ONG PRIVATE LIMITED,DIPP70685,RECOGNISED,U51496MH2020PTC347849,Prototype,Nagpur,Maharashtra,Non- Renewable Energy,Oil & Gas Transportation Services,,,,,OK,No website in master,Web-search for official website and public contacts
5f9143b5e4b03d327659928e,AUTO SAFE INDUSTRIES PRIVATE LIMITED,DIPP70723,RECOGNISED,U29100MH2014PTC254274,EarlyTraction,Nagpur,Maharashtra,Technology Hardware,Electronics,,,,,OK,No website in master,Web-search for official website and public contacts
5f86abb4e4b0cbc0da8207c5,PRARAJ FUELS PRIVATE LIMITED,DIPP70324,RECOGNISED,U50500MH2020PTC347327,EarlyTraction,Nagpur,Maharashtra,Non- Renewable Energy,Oil & Gas Transportation Services,,,,,OK,No website in master,Web-search for official website and public contacts
5f7c452ae4b0cbc0da7ff24f,MINERAL DROP INTERNATIONAL PRIVATE LIMITED,DIPP69661,RECOGNISED,U29309MH2020PTC347139,EarlyTraction,Nagpur,Maharashtra,Healthcare & Lifesciences,Health & Wellness,,,,,OK,No website in master,Web-search for official website and public contacts
5f785070e4b0cbc0da7f3bfc,INQUILIFE PRODUCTS PRIVATE LIMITED,DIPP69454,RECOGNISED,U74999PN2018PTC175290,Validation,Nagpur,Maharashtra,Technology Hardware,Manufacturing,,,,,OK,No website in master,Web-search for official website and public contacts
5f6c37b2e4b0637299257847,ZARA INFRA CONSTRUCTION LLP,DIPP68695,RECOGNISED,AAM-4489,Validation,Nagpur,Maharashtra,Construction,Construction & Engineering,,,,,OK,No website in master,Web-search for official website and public contacts
5f67066ee4b0637299244835,SP CRANES PRIVATE LIMITED,DIPP68417,RECOGNISED,U29253MH2015PTC260674,Scaling,Nagpur,Maharashtra,Design,Industrial Design,,,,,OK,No website in master,Web-search for official website and public contacts
5f65ccc7e4b063729924216b,MOFUEL ENERGY PRIVATE LIMITED,DIPP68381,RECOGNISED,U50400MH2020PTC345971,Prototype,Nagpur,Maharashtra,Non- Renewable Energy,Oil & Gas Exploration and Production,,,,,OK,No website in master,Web-search for official website and public contacts
5f5f2f8ce4b094dd1b66cdad,4 PILLARS POWERTECH LLP,DIPP67918,RECOGNISED,AAQ-1796,Prototype,Nagpur,Maharashtra,Construction,New-age Construction Technologies,,,,,OK,No website in master,Web-search for official website and public contacts
5f5f16fbe4b094dd1b66c51e,TECHYUGA STRUCTURAL SOLUTIONS PRIVATE LIMITED,DIPP67901,RECOGNISED,U93030MH2013PTC239881,Validation,Nagpur,Maharashtra,Construction,New-age Construction Technologies,,,,,OK,No website in master,Web-search for official website and public contacts
5a79325fe4b06555f9f142a8,VARTIKA ENTERTAINMENT &amp; HOSPITALITY (OPC) PRIVATE LIMITED,DIPP67301,RECOGNISED,U74999MH2017OPC293117,EarlyTraction,Nagpur,Maharashtra,Internet of Things,Manufacturing & Warehouse,,,,,OK,No website in master,Web-search for official website and public contacts
5f55ccdbe4b0765cdabe48fd,ARYODAYA GREENFIELDS PRIVATE LIMITED,DIPP67285,RECOGNISED,U01100MH2016PTC283020,Prototype,Nagpur,Maharashtra,Food & Beverages,Food Processing,,,,,OK,No website in master,Web-search for official website and public contacts
5f27ed35e4b07d8d9dc1015e,CALIBER ENGINEERING LLP,DIPP64856,RECOGNISED,AAJ-1200,EarlyTraction,Nagpur,Maharashtra,Non- Renewable Energy,Oil Related Services and Equipment,,,,,OK,No website in master,Web-search for official website and public contacts
5f254e1be4b07d8d9dc0b354,ACREBEES GREEN AGRO PRIVATE LIMITED,DIPP64773,RECOGNISED,U01100MH2020PTC342227,Prototype,Nagpur,Maharashtra,Food & Beverages,Food Processing,,,,,OK,No website in master,Web-search for official website and public contacts
5f228edce4b0610341e9bb52,UNISYS TELEINFRA PRIVATE LIMITED,DIPP64616,RECOGNISED,U74999MH2015PTC270401,Scaling,Nagpur,Maharashtra,Telecommunication & Networking,Network Technology Solutions,,,,,OK,No website in master,Web-search for official website and public contacts
5f1598d6e4b08a4759a640c0,PRESINUS PHARMACEUTICALS PRIVATE LIMITED,DIPP63928,RECOGNISED,U74999MH2016PTC284588,Prototype,Nagpur,Maharashtra,Healthcare & Lifesciences,Pharmaceutical,,,,,OK,No website in master,Web-search for official website and public contacts
5f09ee56e4b08a4759a434a3,ROYALSMARQUE PRIVATE LIMITED,DIPP63380,RECOGNISED,U34100MH2020PTC338218,Validation,Nagpur,Maharashtra,Automotive,Auto & Truck Manufacturers,,,,,OK,No website in master,Web-search for official website and public contacts
5ef5f4c0e4b022bc24f7f07a,CRYPTMONK SOFTWARE SOLUTIONS PRIVATE LIMITED,DIPP62553,RECOGNISED,U72900MH2017PTC303137,EarlyTraction,Nagpur,Maharashtra,IT Services,Application Development,,,,,OK,No website in master,Web-search for official website and public contacts
5edb66eee4b054cc0b13bc61,AVITERIUM IMMUNOLOGY PRIVATE LIMITED,DIPP61328,RECOGNISED,U24290MH2020PTC340133,Prototype,Nagpur,Maharashtra,Pets & Animals,Others,,,,,OK,No website in master,Web-search for official website and public contacts
5ecf7b9ce4b054cc0b122b88,AUTER INDUSTRY PRIVATE LIMITED,DIPP60860,RECOGNISED,U50200MH2020PTC338398,EarlyTraction,Nagpur,Maharashtra,Green Technology,Clean Tech,,,,,OK,No website in master,Web-search for official website and public contacts
5ecbbf8ee4b054cc0b11d4fd,SICRAMA INFOTECH PRIVATE LIMITED,DIPP60645,RECOGNISED,U72900MH2020PTC339669,Prototype,Nagpur,Maharashtra,IT Services,Application Development,,,,,OK,No website in master,Web-search for official website and public contacts
5ec79ac3e4b03e7099593959,SUNSISTY DCS VENTURES PRIVATE LIMITED,DIPP60710,RECOGNISED,U01100MH2020PTC339787,Validation,Nagpur,Maharashtra,Agriculture,Organic Agriculture,,,,,OK,No website in master,Web-search for official website and public contacts
5ebe2dede4b092c432608764,WHITECLIFF FIRE SAFETY GUARD AND ENTERPRISES PRIVATE LIMITED,DIPP60304,RECOGNISED,U93090MH2019PTC323150,Prototype,Nagpur,Maharashtra,Professional & Commercial Services,Business Support Services,,,,,OK,No website in master,Web-search for official website and public contacts
5eaab463e4b03286995bcf1d,The Supreme Decor,DIPP59549,RECOGNISED,9.53E+11,EarlyTraction,Nagpur,Maharashtra,Construction,Construction Supplies & Fixtures,,,,,OK,No website in master,Web-search for official website and public contacts
5e968cace4b0363cb631b595,ARMAXIL ENGINEERING SERVICES LLP,DIPP60714,RECOGNISED,AAR-0143,Prototype,Nagpur,Maharashtra,Green Technology,Clean Tech,,,,,OK,No website in master,Web-search for official website and public contacts
5e8c177fe4b0d5becce26b4a,MY4A TRADING (OPC) PRIVATE LIMITED,DIPP58350,RECOGNISED,U51909MH2018OPC315724,Prototype,Nagpur,Maharashtra,Fashion,Lifestyle,,,,,OK,No website in master,Web-search for official website and public contacts
5e7096c2e4b007bcd458d914,QUICKHELP MAINTENANCE LLP,DIPP61508,RECOGNISED,AAS-1711,Prototype,Nagpur,Maharashtra,Professional & Commercial Services,Business Support Services,,,,,OK,No website in master,Web-search for official website and public contacts
5e6f5467e4b0bf8415d244db,URBANSTAY MANAGEMENT SERVICES LLP,DIPP61740,RECOGNISED,AAS-1257,Prototype,Nagpur,Maharashtra,Professional & Commercial Services,Business Support Services,,,,,OK,No website in master,Web-search for official website and public contacts
5e6f4e48e4b0bf8415d24422,MEDHELP PHARMACY LLP,DIPP61514,RECOGNISED,AAS-1708,Prototype,Nagpur,Maharashtra,Healthcare & Lifesciences,Pharmaceutical,,,,,OK,No website in master,Web-search for official website and public contacts
5e6f40dae4b0bf8415d24291,EDUWORLD LEARNING LLP,DIPP62146,RECOGNISED,AAS-0596,Prototype,Nagpur,Maharashtra,Education,Coaching,,,,,OK,No website in master,Web-search for official website and public contacts
5e5d0991e4b0bf8415d11525,BLUE COMMANDO MULTIPURPOSE SERVICES PRIVATE LIMITED,DIPP56385,RECOGNISED,U93000MH2018PTC317361,EarlyTraction,Nagpur,Maharashtra,Professional & Commercial Services,Business Support Services,,,,,OK,No website in master,Web-search for official website and public contacts
5e57e9bae4b0bf8415d0bdd7,PREONIKA FOODS AND BEVERAGES PRIVATE LIMITED,DIPP56145,RECOGNISED,U15133MH2020PTC336576,Validation,Nagpur,Maharashtra,Food & Beverages,Food Processing,,,,,OK,No website in master,Web-search for official website and public contacts
5e4bd404e4b0bf8415cfa44b,TANISHKA CONSULTING SOLUTIONS LLP,DIPP2975,RECOGNISED,AAG-4689,EarlyTraction,Nagpur,Maharashtra,,,,,,,OK,No website in master,Web-search for official website and public contacts
5e439bdee4b00af98432d42b,JINDAL EDUTECH PRIVATE LIMITED,DIPP55106,RECOGNISED,U74999MH2015PTC265372,EarlyTraction,Nagpur,Maharashtra,Education,E-learning,,,,,OK,No website in master,Web-search for official website and public contacts
5e41465ee4b0bf34fcfb248b,TECH S4 EXIM PRIVATE LIMITED,DIPP55006,RECOGNISED,U72900MH2019PTC330289,Prototype,Nagpur,Maharashtra,IT Services,Application Development,,,,,OK,No website in master,Web-search for official website and public contacts
5e3bfdbfe4b0bf34fcfaae57,FIGMENT GLOBAL SOLUTIONS PRIVATE LIMITED,DIPP54753,RECOGNISED,U74999MH2012PTC226115,Scaling,Nagpur,Maharashtra,Enterprise Software,Cloud,,,,,OK,No website in master,Web-search for official website and public contacts
5e380c5be4b0bf34fcfa41c7,CLOUDMASTER TECHNOLOGY PRIVATE LIMITED,DIPP54491,RECOGNISED,U31903MH2019PTC331149,Validation,Nagpur,Maharashtra,Technology Hardware,Embedded,,,,,OK,No website in master,Web-search for official website and public contacts
5e37c26be4b0bf34fcfa36eb,A S SERVICES,DIPP54436,RECOGNISED,NG000005848,Prototype,Nagpur,Maharashtra,Events,Weddings,,,,,OK,No website in master,Web-search for official website and public contacts
5e34198ce4b0bf34fcf9fe17,SOCIAL-IMPACT INNOVATIONS PRIVATE LIMITED,DIPP54569,RECOGNISED,U73100MH2019PTC333255,Validation,Nagpur,Maharashtra,Internet of Things,Manufacturing & Warehouse,,,,,OK,No website in master,Web-search for official website and public contacts
5b177aa2e4b04f0864e09897,QUINBIZ GLOBAL PRIVATE LIMITED,DIPP51496,RECOGNISED,U51909MH2019PTC333329,Prototype,Nagpur,Maharashtra,Food & Beverages,Food Processing,,,,,OK,No website in master,Web-search for official website and public contacts
5df71f55e4b08052fb6962ae,JSR DYNAMICS PRIVATE LIMITED,DIPP50981,RECOGNISED,U29113MH2018PTC318834,Validation,Nagpur,Maharashtra,Aeronautics Aerospace & Defence,Drones,,,,,OK,No website in master,Web-search for official website and public contacts
5dec9038e4b04e0095277a2b,Naturify,DIPP50562,RECOGNISED,MG000005373,EarlyTraction,Nagpur,Maharashtra,Agriculture,Food Processing,,,,,OK,No website in master,Web-search for official website and public contacts
5dde3e06e4b01d5f59618ca3,CITYLINE E-COMMERCE PRIVATE LIMITED,DIPP49808,RECOGNISED,U52609MH2019PTC319427,Prototype,Nagpur,Maharashtra,Transportation & Storage,Passenger Transportation Services,,,,,OK,No website in master,Web-search for official website and public contacts
5d6f1cbde4b0fad8ed6b9468,NOVELLUS ENERGY PRIVATE LIMITED,DIPP49108,RECOGNISED,U40300MH2019PTC332960,Prototype,Nagpur,Maharashtra,Renewable Energy,Renewable Solar Energy,,,,,OK,No website in master,Web-search for official website and public contacts
5d8baa5ae4b05eaf4e0cb707,CONVOCUS CONCEPT PRIVATE LIMITED,DIPP47462,RECOGNISED,U74999MH2019PTC321726,Prototype,Nagpur,Maharashtra,Events,Event Management,,,,,OK,No website in master,Web-search for official website and public contacts
5d8b3f4fe4b05eaf4e0cadcc,AIRSEAL TECHNOLOGY LLP,DIPP46485,RECOGNISED,AAH-9214,EarlyTraction,Nagpur,Maharashtra,Professional & Commercial Services,Environmental Services & Equipment,,,,,OK,No website in master,Web-search for official website and public contacts
5d887909e4b05eaf4e0c78d4,ON SITE TECHNOLOGY SERVICES PRIVATE LIMITED,DIPP47223,RECOGNISED,U72200MH2019PTC330258,EarlyTraction,Nagpur,Maharashtra,Telecommunication & Networking,Network Technology Solutions,,,,,OK,No website in master,Web-search for official website and public contacts
5d78bed9e4b0fad8ed6c3e68,IDPEX PRIVATE LIMITED,DIPP45445,RECOGNISED,U74999MH2017PTC294996,Prototype,Nagpur,Maharashtra,IT Services,Project Management,,,,,OK,No website in master,Web-search for official website and public contacts
5d6ecb47e4b0fad8ed6b93ca,GREENMOVE INDIA PRIVATE LIMITED,DIPP44852,RECOGNISED,U29309MH2019PTC329475,Validation,Nagpur,Maharashtra,Agriculture,Agri-Tech,,,,,OK,No website in master,Web-search for official website and public contacts
5d414b91e4b034c341033dcc,INPSYNC HEALTH SERVICES PRIVATE LIMITED,DIPP42237,RECOGNISED,U85320MH2019PTC325299,EarlyTraction,Nagpur,Maharashtra,Healthcare & Lifesciences,Health & Wellness,,,,,OK,No website in master,Web-search for official website and public contacts
5a73173be4b06555f9f13485,VZO SERVICES PRIVATE LIMITED,DIPP41712,RECOGNISED,U74999MH2017PTC289418,EarlyTraction,Nagpur,Maharashtra,Advertising,AdTech,,,,,OK,No website in master,Web-search for official website and public contacts
5d243841e4b0ac4d036eb2b3,ROYAL GIANTS TECHNOLOGIES LLP,DIPP62823,RECOGNISED,AAP-0454,Validation,Nagpur,Maharashtra,Transportation & Storage,Freight & Logistics Services,,,,,OK,No website in master,Web-search for official website and public contacts
5ce631e3e4b08f8b1a96eee5,TANGRAMME FURNISHING SOLUTIONS PRIVATE LIMITED,DIPP38195,RECOGNISED,U36102MH2014PTC255756,EarlyTraction,Nagpur,Maharashtra,Retail,Retail Technology,,,,,OK,No website in master,Web-search for official website and public contacts
5cc298dce4b053289c5e1bde,WMR CLEAN & CARE SERVICES PRIVATE LIMITED,DIPP37090,RECOGNISED,U74999MH2019PTC320652,EarlyTraction,Nagpur,Maharashtra,Social Impact,Corporate Social Responsibility,,,,,OK,No website in master,Web-search for official website and public contacts
5c9f112ce4b0d381ea040a57,SALAHOM INDIA PRIVATE LIMITED,DIPP35901,RECOGNISED,U75144MH2018PTC316042,Prototype,Nagpur,Maharashtra,Healthcare & Lifesciences,Health & Wellness,,,,,OK,No website in master,Web-search for official website and public contacts
5c80f7b3e4b0563d5c5f3f96,DEXCEL DEVICES PRIVATE LIMITED,DIPP37425,RECOGNISED,U51909MH2018PTC308498,Validation,Nagpur,Maharashtra,Healthcare & Lifesciences,Medical Devices Biomedical,,,,,OK,No website in master,Web-search for official website and public contacts
5c78d2dde4b0ba900e13e2d6,DATAWIN SOFTWARE SOLUTIONS PRIVATE LIMITED,DIPP34027,RECOGNISED,U72900MH2019PTC321763,EarlyTraction,Nagpur,Maharashtra,Enterprise Software,Cloud,,,,,OK,No website in master,Web-search for official website and public contacts
5c55bd9ee4b0ba900e0bd09b,BLOOMION INNOVATIONS PRIVATE LIMITED,DIPP32512,RECOGNISED,U01100MH2018PTC306415,EarlyTraction,Nagpur,Maharashtra,Agriculture,Agri-Tech,,,,,OK,No website in master,Web-search for official website and public contacts
5c3454f9e4b0ba900e055086,INNOWEAVE BIOCARE PRIVATE LIMITED,DIPP45310,RECOGNISED,U74999PN2018PTC175185,Validation,Nagpur,Maharashtra,Healthcare & Lifesciences,Medical Devices Biomedical,,,,,OK,No website in master,Web-search for official website and public contacts
5bf6595be4b0c5ac242262be,SOIRA INDUSTRIES PRIVATE LIMITED,DIPP60734,RECOGNISED,U28999MH2020PTC338950,Prototype,Nagpur,Maharashtra,Marketing,Sales,,,,,OK,No website in master,Web-search for official website and public contacts
5bbca6bee4b05ba69a5d9420,Ez-Ad,DIPP23421,RECOGNISED,MH20D0034952,Validation,Nagpur,Maharashtra,Advertising,AdTech,,,,,OK,No website in master,Web-search for official website and public contacts
5bbb8b23e4b05252d7fa7b53,LEMON IDEAS INNOVATIONS PRIVATE LIMITED,DIPP8140,RECOGNISED,U74999MH2013PTC247515,EarlyTraction,Nagpur,Maharashtra,Education,Skill Development,,,,,OK,No website in master,Web-search for official website and public contacts
5bbb8360e4b05252d7fa7a84,AGRANI CONCEPTS AND VISUALS PRIVATE LIMITED,DIPP18155,RECOGNISED,U93090MH2018PTC306124,Validation,Nagpur,Maharashtra,Media & Entertainment,Digital Media,,,,,OK,No website in master,Web-search for official website and public contacts
5bbb7fe8e4b05252d7fa78b7,NEEV CONCEPTS PRIVATE LIMITED,DIPP2773,RECOGNISED,U85100MH2016PTC287234,EarlyTraction,Nagpur,Maharashtra,,,,,,,OK,No website in master,Web-search for official website and public contacts
5bb20b8ee4b0410db0ca90b6,SMVJ SKILL PRIVATE LIMITED,DIPP36152,RECOGNISED,U93030MH2015PTC263365,Prototype,Nagpur,Maharashtra,Education,Skill Development,,,,,OK,No website in master,Web-search for official website and public contacts
5bb0a4b0e4b0410db0ca816e,MOBICORE INFO TECH SOFTWARES AND ENERGY PRIVATE LIMITED,DIPP40322,RECOGNISED,U72200MH2015PTC262923,Validation,Nagpur,Maharashtra,Internet of Things,Smart Home,,,,,OK,No website in master,Web-search for official website and public contacts
5bafb277e4b0410db0ca3ae4,FATUM PRIVATE LIMITED,DIPP16672,RECOGNISED,U74999MH2017PTC294003,Scaling,Nagpur,Maharashtra,Agriculture,Animal Husbandry,,,,,OK,No website in master,Web-search for official website and public contacts
5bafa1b2e4b0410db0ca2ead,AADIYOGI CRAFTS PRIVATE LIMITED,DIPP14819,RECOGNISED,U74999MH2018PTC304142,Prototype,Nagpur,Maharashtra,Art & Photography,Handicraft,,,,,OK,No website in master,Web-search for official website and public contacts
5baf30d7e4b0410db0c9f4b2,AUSAM INNOVATIONS PRIVATE LIMITED,DIPP24311,RECOGNISED,U74999MH2018PTC311166,EarlyTraction,Nagpur,Maharashtra,Food & Beverages,Food Processing,,,,,OK,No website in master,Web-search for official website and public contacts
5baf1cdde4b0410db0c9eb3e,VERISTIC CONSULTANCY AND TRADING (OPC) PRIVATE LIMITED,DIPP25280,RECOGNISED,U74999MH2018OPC308239,Validation,Nagpur,Maharashtra,Professional & Commercial Services,Business Support Services,,,,,OK,No website in master,Web-search for official website and public contacts
5baeeeaae4b0410db0c9dbd3,SHEELA AGRITECH CROP SCIENCE PRIVATE LIMITED,DIPP27425,RECOGNISED,U74999MH2018PTC303990,Scaling,Nagpur,Maharashtra,Agriculture,Others,,,,,OK,No website in master,Web-search for official website and public contacts
5ba0d4eee4b05f050191c45a,TECXTRA TECHNOLOGIES PRIVATE LIMITED,DIPP27225,RECOGNISED,U72900MH2013PTC250057,Scaling,Nagpur,Maharashtra,Technology Hardware,Electronics,,,,,OK,No website in master,Web-search for official website and public contacts
5ba0cc7ce4b05f050191be12,PRL CONCEPTS &amp;amp; BUSINESS SOLUTIONS PRIVATE LIMITED,DIPP26103,RECOGNISED,U74999MH2018PTC305849,EarlyTraction,Nagpur,Maharashtra,Retail,Comparison Shopping,,,,,OK,No website in master,Web-search for official website and public contacts
5ba0cb7ee4b05f050191bd3e,PSUITE CAREERS PRIVATE LIMITED,DIPP26012,RECOGNISED,U80904MH2018PTC304077,EarlyTraction,Nagpur,Maharashtra,Human Resources,Training,,,,,OK,No website in master,Web-search for official website and public contacts
5ba0b689e4b05f050191b87e,STEPONE BEACON SOLUTIONS PRIVATE LIMITED,DIPP21381,RECOGNISED,U72900MH2017PTC292516,EarlyTraction,Nagpur,Maharashtra,IT Services,Application Development,,,,,OK,No website in master,Web-search for official website and public contacts
5b7e493fe4b0637a70120030,YOLO PLAYFIT PRIVATE LIMITED,DIPP24724,RECOGNISED,U92490MH2018PTC305125,EarlyTraction,Nagpur,Maharashtra,Healthcare & Lifesciences,Healthcare Technology,,,,,OK,No website in master,Web-search for official website and public contacts
5b7e3e69e4b0637a7011fab4,SSAXIOM UNIFICATION PRIVATE LIMITED,DIPP23794,RECOGNISED,U72900MH2018PTC308669,Scaling,Nagpur,Maharashtra,IT Services,Project Management,,,,,OK,No website in master,Web-search for official website and public contacts
5b7d4ed1e4b0637a7011efba,SYNTIGNIS PRIVATE LIMITED,DIPP22323,RECOGNISED,U45309MH2017PTC302171,EarlyTraction,Nagpur,Maharashtra,Retail,Comparison Shopping,,,,,OK,No website in master,Web-search for official website and public contacts
5b7d4cc7e4b0637a7011eda1,DOSTO KI PATHSHALA CAFE AND FAST FOOD RESTRO PRIVATE LIMITED,DIPP21959,RECOGNISED,U55209MH2018PTC309810,Prototype,Nagpur,Maharashtra,Food & Beverages,Restaurants,,,,,OK,No website in master,Web-search for official website and public contacts
5b7d4cb1e4b0637a7011ed90,ORBITSYS CONSULTANCY PRIVATE LIMITED,DIPP21945,RECOGNISED,U72900MH2015PTC264771,Scaling,Nagpur,Maharashtra,IT Services,IT Consulting,,,,,OK,No website in master,Web-search for official website and public contacts
5b7d4acfe4b0637a7011eba1,NASP SAFETY SYSTEMS INDIA PRIVATE LIMITED,DIPP21578,RECOGNISED,U74999MH2018PTC307840,Validation,Nagpur,Maharashtra,Safety,Personal Security,,,,,OK,No website in master,Web-search for official website and public contacts
5b7d4a29e4b0637a7011eb04,DATASTEER SOFTWARE SOLUTIONS PRIVATE LIMITED,DIPP21430,RECOGNISED,U72900MH2018PTC308544,Validation,Nagpur,Maharashtra,IT Services,Product Development,,,,,OK,No website in master,Web-search for official website and public contacts
5b7d487de4b0637a7011e972,GENERAL EDUINFRA PRIVATE LIMITED,DIPP21010,RECOGNISED,U80900MH2017PTC303281,EarlyTraction,Nagpur,Maharashtra,Education,Education Technology,,,,,OK,No website in master,Web-search for official website and public contacts
5b7d424ae4b0637a7011e37f,NEXON MEDIATECH PRIVATE LIMITED,DIPP19821,RECOGNISED,U74999MH2018PTC307782,Prototype,Nagpur,Maharashtra,Media & Entertainment,Digital Media,,,,,OK,No website in master,Web-search for official website and public contacts
5b7d41c4e4b0637a7011e30c,EARTHWORK SECURITY PRIVATE LIMITED,DIPP19734,RECOGNISED,U74999MH2015PTC261515,Scaling,Nagpur,Maharashtra,Safety,Personal Security,,,,,OK,No website in master,Web-search for official website and public contacts
5b7d3898e4b0637a7011d9a0,STRAVIUM INTELLIGENCE LLP,DIPP17843,RECOGNISED,AAL-4041,EarlyTraction,Nagpur,Maharashtra,Media & Entertainment,Digital Media Publishing,,,,,OK,No website in master,Web-search for official website and public contacts
5b7d14dde4b0637a7011d7b6,HOMZHUB ADVISORS PRIVATE LIMITED,DIPP16162,RECOGNISED,U74999MH2017PTC296191,EarlyTraction,Nagpur,Maharashtra,Real Estate,Housing,,,,,OK,No website in master,Web-search for official website and public contacts
5b7d13d0e4b0637a7011d778,TECTURE BUSINESS SOLUTIONS PRIVATE LIMITED,DIPP15873,RECOGNISED,U74999MH2017PTC298347,Validation,Nagpur,Maharashtra,Enterprise Software,Customer Support,,,,,OK,No website in master,Web-search for official website and public contacts
5b7bd7c6e4b0637a7011cd30,Sosmata Technologies Private Limited,DIPP2997,RECOGNISED,U74999MH2016PTC288442,Validation,Nagpur,Maharashtra,,,,,,,OK,No website in master,Web-search for official website and public contacts
5b7bd6e2e4b0637a7011cc6a,RAINBOW GREENERS PVT LTD,DIPP2879,RECOGNISED,U74900MH2013PTC245410,Validation,Nagpur,Maharashtra,,,,,,,OK,No website in master,Web-search for official website and public contacts
5b7bd61be4b0637a7011cb9a,Fluidscapes Live Creations,DIPP2739,RECOGNISED,AAI-4289,Validation,Nagpur,Maharashtra,,,,,,,OK,No website in master,Web-search for official website and public contacts
5b7bce86e4b0637a7011ca15,O Tree Solutions Private Limited,DIPP2452,RECOGNISED,U72900MH2015PTC262355,Validation,Nagpur,Maharashtra,,,,,,,OK,No website in master,Web-search for official website and public contacts
5b7bcc12e4b0637a7011c758,Agile Connects Private Limited,DIPP1804,RECOGNISED,U72300MH2015PTC264219,Validation,Nagpur,Maharashtra,,,,,,,OK,No website in master,Web-search for official website and public contacts
5abf75e3e4b026aa2861d65e,EIZVIZ PRODUCTION PRIVATE LIMITED,DIPP17682,RECOGNISED,U74999MH2016PTC281427,Scaling,Nagpur,Maharashtra,Media & Entertainment,Digital Media,,,,,OK,No website in master,Web-search for official website and public contacts
5abf7040e4b026aa2861ce2d,ULTRA GENETICS NUTRITION,DIPP15752,RECOGNISED,NG000003716,Prototype,Nagpur,Maharashtra,Healthcare & Lifesciences,Health & Wellness,,,,,OK,No website in master,Web-search for official website and public contacts
5abf6cfae4b026aa2861c9a7,KUSHALL LABS LLP,DIPP14940,RECOGNISED,AAK-8177,EarlyTraction,Nagpur,Maharashtra,Internet of Things,Smart Home,,,,,OK,No website in master,Web-search for official website and public contacts
5abf6c78e4b026aa2861c8a6,BELLATRIX INFOTECH PRIVATE LIMITED,DIPP14715,RECOGNISED,U74999MH2018PTC303820,Validation,Nagpur,Maharashtra,Education,Education Technology,,,,,OK,No website in master,Web-search for official website and public contacts
5abe4702e4b026aa2861b461,TECHWORK CONSULTANTS,DIPP13814,RECOGNISED,NG000003627,Validation,Nagpur,Maharashtra,Professional & Commercial Services,Employment Services,,,,,OK,No website in master,Web-search for official website and public contacts
5abe3ebfe4b026aa2861ab53,OSS GLOBAL PRIVATE LIMITED,DIPP11978,RECOGNISED,U74120MH2015PTC270453,EarlyTraction,Nagpur,Maharashtra,Internet of Things,Manufacturing & Warehouse,,,,,OK,No website in master,Web-search for official website and public contacts
5abe3dc8e4b026aa2861a9d8,DREAM TECHNO INFOSYSTEMS PRIVATE LIMITED,DIPP11653,RECOGNISED,U74999MH2017PTC301089,Validation,Nagpur,Maharashtra,Food & Beverages,Restaurants,,,,,OK,No website in master,Web-search for official website and public contacts
5abe3b05e4b026aa2861a66e,IPERCEPTS CREATIVE SOFT TECH PRIVATE LIMITED,DIPP10930,RECOGNISED,U74999MH2017PTC290197,EarlyTraction,Nagpur,Maharashtra,IT Services,Product Development,,,,,OK,No website in master,Web-search for official website and public contacts
5abe38aee4b026aa2861a329,LIFELINE ENGINEERING (INDIA) PRIVATE LIMITED,DIPP10303,RECOGNISED,U29253MH2016PTC273612,Validation,Nagpur,Maharashtra,Agriculture,Agri-Tech,,,,,OK,No website in master,Web-search for official website and public contacts
5abe2a05e4b026aa28619ad5,TSECOND GENERATION TECHNOLOGY PRIVATE LIMITED,DIPP8572,RECOGNISED,U29248MH2014PTC256855,Scaling,Nagpur,Maharashtra,Technology Hardware,Embedded,,,,,OK,No website in master,Web-search for official website and public contacts
5abe23f1e4b026aa28619273,APS MICROTECH PRIVATE LIMITED,DIPP6798,RECOGNISED,U72900MH2016PTC287986,Prototype,Nagpur,Maharashtra,IT Services,IT Consulting,,,,,OK,No website in master,Web-search for official website and public contacts
5abe22fae4b026aa286190c9,SYNCWELL INFOTECH PRIVATE LIMITED,DIPP6456,RECOGNISED,U72200MH2017PTC296368,EarlyTraction,Nagpur,Maharashtra,IT Services,Product Development,,,,,OK,No website in master,Web-search for official website and public contacts
5abe1bd2e4b026aa28618857,PARASHAR HOSPITALITY SOLUTIONS PRIVATE LIMITED,DIPP4733,RECOGNISED,U74900MH2015PTC270245,EarlyTraction,Nagpur,Maharashtra,Human Resources,Recruitment Jobs,,,,,OK,No website in master,Web-search for official website and public contacts
59f9bbe2e4b0f281b9ab8b3a,NOVA ENZO POLYMERS PRIVATE LIMITED,DIPP8293,RECOGNISED,U25203MH2015PTC270180,EarlyTraction,Nagpur,Maharashtra,Green Technology,Clean Tech,,,,,OK,No website in master,Web-search for official website and public contacts
59d63714e4b00f35e4971880,MULTI NANO SENSE TECHNOLOGIES PRIVATE LIMITED,DIPP10165,RECOGNISED,U74999MH2017PTC293374,Validation,Nagpur,Maharashtra,Nanotechnology,Others,,,,,OK,No website in master,Web-search for official website and public contacts
