startupId,startupName,originalWebsite,methodUsed,verifiedWebsite,emails,phones,linkedin,status,errorType,httpStatus,finalURL,attempts,notes
6a47ae7ee4b0359e44e31356,SOMYA INTEGRATED SAFETY SECURITY SERVICES LLP,https://www.sismultipurposeservices.com,Fetcher + StealthyFetcher,,,,,ERROR,DNS_UNRESOLVED,,,2,Domain does not currently resolve through DNS; Scrapling cannot retrieve a domain with no DNS record.
6a43c29fe4b0359e44e1d2d8,VRAJA CREATION LLP,https://NIL,Fetcher + StealthyFetcher,,,,,ERROR,DNS_UNRESOLVED,,,2,Domain does not currently resolve through DNS; Scrapling cannot retrieve a domain with no DNS record.
6a435996e4b0359e44e19037,SMKJ BEVERAGES LLP,https://NA,Fetcher + StealthyFetcher,,,,,ERROR,DNS_UNRESOLVED,,,2,Domain does not currently resolve through DNS; Scrapling cannot retrieve a domain with no DNS record.
6a425805e4b0359e44e14a4d,SWAZTHI ENTERPRISES LLP,https://NA,Fetcher + StealthyFetcher,,,,,ERROR,DNS_UNRESOLVED,,,2,Domain does not currently resolve through DNS; Scrapling cannot retrieve a domain with no DNS record.
6a3b86f9e4b0359e44df2d4e,RAAFIANA GLOBAL LLP,https://NA,Fetcher + StealthyFetcher,,,,,ERROR,DNS_UNRESOLVED,,,2,Domain does not currently resolve through DNS; Scrapling cannot retrieve a domain with no DNS record.
6a393ed7e4b0359e44de827f,ELEVEN RUDRAKSHAK REAL ESTATE PRIVATE LIMITED,https://NIL,Fetcher + StealthyFetcher,,,,,ERROR,DNS_UNRESOLVED,,,2,Domain does not currently resolve through DNS; Scrapling cannot retrieve a domain with no DNS record.
6a38f51ee4b06921f1d7ad87,SDM ROBOTICS & DRONE TRAINING ACADEMY PRIVATE LIMITED,https://www.sdmrobotics.com,Fetcher + StealthyFetcher,,,,,ERROR,DNS_UNRESOLVED,,,2,Domain does not currently resolve through DNS; Scrapling cannot retrieve a domain with no DNS record.
6a36470ae4b06921f1d7110d,SVSTAR EDUCATION PRIVATE LIMITED,https://NA,Fetcher + StealthyFetcher,,,,,ERROR,DNS_UNRESOLVED,,,2,Domain does not currently resolve through DNS; Scrapling cannot retrieve a domain with no DNS record.
6a294d66e4b06921f1d2c8f1,SAERA HEALTHCARE LLP,https://NA,Fetcher + StealthyFetcher,,,,,ERROR,DNS_UNRESOLVED,,,2,Domain does not currently resolve through DNS; Scrapling cannot retrieve a domain with no DNS record.
6a1ffd23e4b075ab1c5a93b9,ORVYN STUDIO PRIVATE LIMITED,https://NIL,Fetcher + StealthyFetcher,,,,,ERROR,DNS_UNRESOLVED,,,2,Domain does not currently resolve through DNS; Scrapling cannot retrieve a domain with no DNS record.
6a0ff675e4b061f008c7cae4,MORNINGMIND TECHNOLAB PRIVATE LIMITED,https://NA,Fetcher + StealthyFetcher,,,,,ERROR,DNS_UNRESOLVED,,,2,Domain does not currently resolve through DNS; Scrapling cannot retrieve a domain with no DNS record.
6a05acbde4b07cca57a0cdbc,SHRIJI DESIGN GLOBAL PRIVATE LIMITED,https://NOT AVAILABLE,Fetcher + StealthyFetcher,,,,,ERROR,DNS_UNRESOLVED,,,2,Domain does not currently resolve through DNS; Scrapling cannot retrieve a domain with no DNS record.
6a05a3f4e4b07cca57a0bf7a,SRIORA PRIVATE LIMITED,https://NA,Fetcher + StealthyFetcher,,,,,ERROR,DNS_UNRESOLVED,,,2,Domain does not currently resolve through DNS; Scrapling cannot retrieve a domain with no DNS record.
6a0487e4e4b07cca579edc21,LOTUS INTERIOR DESIGN STUDIO PRIVATE LIMITED,https://NA,Fetcher + StealthyFetcher,,,,,ERROR,DNS_UNRESOLVED,,,2,Domain does not currently resolve through DNS; Scrapling cannot retrieve a domain with no DNS record.
6a045e88e4b07cca579ec046,ASH GLOBAL TECHNOLOGY LLP,https://NA,Fetcher + StealthyFetcher,,,,,ERROR,DNS_UNRESOLVED,,,2,Domain does not currently resolve through DNS; Scrapling cannot retrieve a domain with no DNS record.
6a04415ee4b07cca579ea09b,MAA DURGA COTTON PRIVATE LIMITED,https://NA,Fetcher + StealthyFetcher,,,,,ERROR,DNS_UNRESOLVED,,,2,Domain does not currently resolve through DNS; Scrapling cannot retrieve a domain with no DNS record.
6a040808e4b07cca579d96f9,LANG DATA SOLUTIONS PRIVATE LIMITED,https://NA,Fetcher + StealthyFetcher,,,,,ERROR,DNS_UNRESOLVED,,,2,Domain does not currently resolve through DNS; Scrapling cannot retrieve a domain with no DNS record.
6a016be6e4b07cca579bfeb5,MM WEALTH MULTIFARMING INDIA PRIVATE LIMITED,https://NA,Fetcher + StealthyFetcher,,,,,ERROR,DNS_UNRESOLVED,,,2,Domain does not currently resolve through DNS; Scrapling cannot retrieve a domain with no DNS record.
69fdce47e4b07cca579b27d7,GAUDHAN GAU SANSTHAN PRIVATE LIMITED,https://www.gaudhangauseva.com,Fetcher + StealthyFetcher,,,,,ERROR,DNS_UNRESOLVED,,,2,Domain does not currently resolve through DNS; Scrapling cannot retrieve a domain with no DNS record.
69fdc7f2e4b07cca579b22d1,JAYSIS ISPAT PRIVATE LIMITED,https://jaysis.ai,Fetcher + StealthyFetcher,,,,,ERROR,DNS_UNRESOLVED,,,2,Domain does not currently resolve through DNS; Scrapling cannot retrieve a domain with no DNS record.
69f5d659e4b07cca5798b14d,MEDANOVA HEALTHTECH PRIVATE LIMITED,"https://www,medanova.in",Fetcher + StealthyFetcher,,,,,ERROR,DNS_UNRESOLVED,,,2,Domain does not currently resolve through DNS; Scrapling cannot retrieve a domain with no DNS record.
69f5b236e4b07cca5798a3d6,ORBSDIO PRIVATE LIMITED,"https://www.orbsdio.com , www.rento.life",Fetcher + StealthyFetcher,,,,,ERROR,DNS_UNRESOLVED,,,2,Domain does not currently resolve through DNS; Scrapling cannot retrieve a domain with no DNS record.
69ef3bfce4b07cca5795f5b2,BOTANIK ROOTS PRIVATE LIMITED,https://BOTANIK ROOTS PRIVATE LIMITED!,Fetcher + StealthyFetcher,,,,,ERROR,DNS_UNRESOLVED,,,2,Domain does not currently resolve through DNS; Scrapling cannot retrieve a domain with no DNS record.
69d3b454e4b0eeff6308b973,VERTEX GOVERNANCE &amp; INFRA PRIVATE LIMITED,https://NA,Fetcher + StealthyFetcher,,,,,ERROR,DNS_UNRESOLVED,,,2,Domain does not currently resolve through DNS; Scrapling cannot retrieve a domain with no DNS record.
69d3725ce4b03eeefb81169f,VEDANT SURGICAL PRIVATE LIMITED,https://VEDANT SURGICAL PRIVATE LIMITED,Fetcher + StealthyFetcher,,,,,ERROR,DNS_UNRESOLVED,,,2,Domain does not currently resolve through DNS; Scrapling cannot retrieve a domain with no DNS record.
69cc14f0e4b0c26a547102df,ORGABIA PRIVATE LIMITED,https://Under Development,Fetcher + StealthyFetcher,,,,,ERROR,DNS_UNRESOLVED,,,2,Domain does not currently resolve through DNS; Scrapling cannot retrieve a domain with no DNS record.
69cb92e4e4b0c26a5470ae77,SAFECARE GASOLINE PRIVATE LIMITED,https://NA,Fetcher + StealthyFetcher,,,,,ERROR,DNS_UNRESOLVED,,,2,Domain does not currently resolve through DNS; Scrapling cannot retrieve a domain with no DNS record.
69c9e6cde4b0c26a546fc8da,AVENAA HOSPITALITY MANAGEMENT PRIVATE LIMITED,https://NA,Fetcher + StealthyFetcher,,,,,ERROR,DNS_UNRESOLVED,,,2,Domain does not currently resolve through DNS; Scrapling cannot retrieve a domain with no DNS record.
69c4ef51e4b0c26a546dd0fd,ULHAS ENTERPRISES PRIVATE LIMITED,https://NIL,Fetcher + StealthyFetcher,,,,,ERROR,DNS_UNRESOLVED,,,2,Domain does not currently resolve through DNS; Scrapling cannot retrieve a domain with no DNS record.
69bbf4d2e4b0b7e5b72ffba9,SKAND INDUSTRIES PRIVATE LIMITED,https://N/A,Fetcher + StealthyFetcher,,,,,ERROR,DNS_UNRESOLVED,,,2,Domain does not currently resolve through DNS; Scrapling cannot retrieve a domain with no DNS record.
69b947c7e4b0b7e5b72ef38b,BANS LIFESTYLE PRIVATE LIMITED,https://NA,Fetcher + StealthyFetcher,,,,,ERROR,DNS_UNRESOLVED,,,2,Domain does not currently resolve through DNS; Scrapling cannot retrieve a domain with no DNS record.
69aea5ebe4b0b7e5b72ba75f,FALCON BUILDSYS STRUCTURES (OPC) PRIVATE LIMITED,https://NA,Fetcher + StealthyFetcher,,,,,ERROR,DNS_UNRESOLVED,,,2,Domain does not currently resolve through DNS; Scrapling cannot retrieve a domain with no DNS record.
69abdeace4b0b7e5b72aec3a,LOGISTIKAS LOGISOL GLOBAL PRIVATE LIMITED,https://logistikaslogisol.com,Fetcher + StealthyFetcher,,,,,ERROR,DNS_UNRESOLVED,,,2,Domain does not currently resolve through DNS; Scrapling cannot retrieve a domain with no DNS record.
69a969aae4b0b7e5b72a19a0,SMART TAX &amp; FINANCIAL SOLUTIONS (OPC) PRIVATE LIMITED,https://NA,Fetcher + StealthyFetcher,,,,,ERROR,DNS_UNRESOLVED,,,2,Domain does not currently resolve through DNS; Scrapling cannot retrieve a domain with no DNS record.
69a28d06e4b0b7e5b72817b7,CHEMKIND INDUSTRIES LLP,https://NO,Fetcher + StealthyFetcher,,,,,ERROR,DNS_UNRESOLVED,,,2,Domain does not currently resolve through DNS; Scrapling cannot retrieve a domain with no DNS record.
69a17f27e4b0b7e5b727ba06,SOUVIY GREEN PRIVATE LIMITED,https://NA,Fetcher + StealthyFetcher,,,,,ERROR,DNS_UNRESOLVED,,,2,Domain does not currently resolve through DNS; Scrapling cannot retrieve a domain with no DNS record.
699c53dae4b0a68b6c7eab5d,CLIPCRAFTERZZ LLP,https://NIL,Fetcher + StealthyFetcher,,,,,ERROR,DNS_UNRESOLVED,,,2,Domain does not currently resolve through DNS; Scrapling cannot retrieve a domain with no DNS record.
69998118e4b0a68b6c7d4591,SLURP DADDY LLP,https://No Website,Fetcher + StealthyFetcher,,,,,ERROR,DNS_UNRESOLVED,,,2,Domain does not currently resolve through DNS; Scrapling cannot retrieve a domain with no DNS record.
698df049e4b0a68b6c78ff21,ASHIRWAD PLASTINDIA PRIVATE LIMITED,https://NONE,Fetcher + StealthyFetcher,,,,,ERROR,DNS_UNRESOLVED,,,2,Domain does not currently resolve through DNS; Scrapling cannot retrieve a domain with no DNS record.
698b0f6fe4b0a68b6c779f63,JOGO OVERSEAS PRIVATE LIMITED,https://NA,Fetcher + StealthyFetcher,,,,,ERROR,DNS_UNRESOLVED,,,2,Domain does not currently resolve through DNS; Scrapling cannot retrieve a domain with no DNS record.
698af71ce4b0a68b6c7787ce,SHILPI ENGINEERS PRIVATE LIMITED,https://NA,Fetcher + StealthyFetcher,,,,,ERROR,DNS_UNRESOLVED,,,2,Domain does not currently resolve through DNS; Scrapling cannot retrieve a domain with no DNS record.
697dad2de4b06a6c449bfbe5,JAYSIS INTEGRATED ELECTRONICS AND OPTRONICS PRIVATE LIMITED,https://jaysis.ai,Fetcher + StealthyFetcher,,,,,ERROR,DNS_UNRESOLVED,,,2,Domain does not currently resolve through DNS; Scrapling cannot retrieve a domain with no DNS record.
697afccbe4b06a6c449a7a39,UNITRACK INDIA PRIVATE LIMITED,https://unitrackindiaprivatelimited.com,Fetcher + StealthyFetcher,,,,,ERROR,DNS_UNRESOLVED,,,2,Domain does not currently resolve through DNS; Scrapling cannot retrieve a domain with no DNS record.
696cf989e4b09f4058c57b5a,AAIRR HEALTHCARE SERVICES PRIVATE LIMITED,https://NA,Fetcher + StealthyFetcher,,,,,ERROR,DNS_UNRESOLVED,,,2,Domain does not currently resolve through DNS; Scrapling cannot retrieve a domain with no DNS record.
696cf8f4e4b09f4058c57b0f,MADWORLD INNOVATIONS LLP,https://NA,Fetcher + StealthyFetcher,,,,,ERROR,DNS_UNRESOLVED,,,2,Domain does not currently resolve through DNS; Scrapling cannot retrieve a domain with no DNS record.
696494cee4b0df7f2797b3cb,HEALIO PHARMA PRIVATE LIMITED,https://NOT AVAILABLE,Fetcher + StealthyFetcher,,,,,ERROR,DNS_UNRESOLVED,,,2,Domain does not currently resolve through DNS; Scrapling cannot retrieve a domain with no DNS record.
69623bb4e4b0df7f27971517,PLSIX TELEPI PRIVATE LIMITED,https://NA,Fetcher + StealthyFetcher,,,,,ERROR,DNS_UNRESOLVED,,,2,Domain does not currently resolve through DNS; Scrapling cannot retrieve a domain with no DNS record.
69609858e4b0df7f27966e94,UPCRAFT LEARNING PRIVATE LIMITED,https://NA,Fetcher + StealthyFetcher,,,,,ERROR,DNS_UNRESOLVED,,,2,Domain does not currently resolve through DNS; Scrapling cannot retrieve a domain with no DNS record.
695caafee4b06adb3eb56c00,TEKNEX GLOBAL INNOVATIONS LLP,https://N/A,Fetcher + StealthyFetcher,,,,,ERROR,DNS_UNRESOLVED,,,2,Domain does not currently resolve through DNS; Scrapling cannot retrieve a domain with no DNS record.
6953a8dbe4b03cb05421a8f5,REWATI MEDINOX PRIVATE LIMITED,https://NA,Fetcher + StealthyFetcher,,,,,ERROR,DNS_UNRESOLVED,,,2,Domain does not currently resolve through DNS; Scrapling cannot retrieve a domain with no DNS record.
6952227de4b03cb054210f19,IMPORTECH SOLUTIONS LLP,https://NA,Fetcher + StealthyFetcher,,,,,ERROR,DNS_UNRESOLVED,,,2,Domain does not currently resolve through DNS; Scrapling cannot retrieve a domain with no DNS record.
694392f7e4b03cb0541d1e01,SATYABHAMA VIHAR PRIVATE LIMITED,https://na,Fetcher + StealthyFetcher,,,,,ERROR,DNS_UNRESOLVED,,,2,Domain does not currently resolve through DNS; Scrapling cannot retrieve a domain with no DNS record.
693fc50ae4b03cb0541bd5ae,RAGHUVANT BUILDCON PRIVATE LIMITED,https://NIL,Fetcher + StealthyFetcher,,,,,ERROR,DNS_UNRESOLVED,,,2,Domain does not currently resolve through DNS; Scrapling cannot retrieve a domain with no DNS record.
693d5ad5e4b03cb0541b5c03,VISTAR FIBERLUX TECHNOLOGIES LLP,https://NA,Fetcher + StealthyFetcher,,,,,ERROR,DNS_UNRESOLVED,,,2,Domain does not currently resolve through DNS; Scrapling cannot retrieve a domain with no DNS record.
693c1922e4b03cb0541b0f83,ENRICH GLOBAL XPORT,https://NA,Fetcher + StealthyFetcher,,,,,ERROR,DNS_UNRESOLVED,,,2,Domain does not currently resolve through DNS; Scrapling cannot retrieve a domain with no DNS record.
69300a55e4b03cb05417cafd,MAA AMBIKA TRADING LLP,https://na,Fetcher + StealthyFetcher,,,,,ERROR,DNS_UNRESOLVED,,,2,Domain does not currently resolve through DNS; Scrapling cannot retrieve a domain with no DNS record.
692eb47fe4b03cb0541761f9,ANJANA GLOBEL PRIVATE LIMITED,https://NA,Fetcher + StealthyFetcher,,,,,ERROR,DNS_UNRESOLVED,,,2,Domain does not currently resolve through DNS; Scrapling cannot retrieve a domain with no DNS record.
692ac9dde4b03cb05416673a,YANTRIFY TECHNOLOGIES PRIVATE LIMITED,https://NA,Fetcher + StealthyFetcher,,,,,ERROR,DNS_UNRESOLVED,,,2,Domain does not currently resolve through DNS; Scrapling cannot retrieve a domain with no DNS record.
6927f00de4b03cb05415714a,GREEN BITE FOOD SERVICE PRIVATE LIMITED,https://NA,Fetcher + StealthyFetcher,,,,,ERROR,DNS_UNRESOLVED,,,2,Domain does not currently resolve through DNS; Scrapling cannot retrieve a domain with no DNS record.
6926c779e4b03cb054152588,KALLSAIT WYAPAAR PRIVATE LIMITED,https://NA,Fetcher + StealthyFetcher,,,,,ERROR,DNS_UNRESOLVED,,,2,Domain does not currently resolve through DNS; Scrapling cannot retrieve a domain with no DNS record.
69245246e4b03cb054148330,VAT VRIKSH CONSTRUCTIONS PRIVATE LIMITED,https://www.vatvrikshconstructions.com,Fetcher + StealthyFetcher,,,,,ERROR,DNS_UNRESOLVED,,,2,Domain does not currently resolve through DNS; Scrapling cannot retrieve a domain with no DNS record.
691c4fcee4b03cb054127df4,TFNXPRESS FOOD PRIVATE LIMITED,https://NA,Fetcher + StealthyFetcher,,,,,ERROR,DNS_UNRESOLVED,,,2,Domain does not currently resolve through DNS; Scrapling cannot retrieve a domain with no DNS record.
691ac5bee4b07810ba1a4a5d,SANJIVEENI AGROSCIENCE LLP,https://NA,Fetcher + StealthyFetcher,,,,,ERROR,DNS_UNRESOLVED,,,2,Domain does not currently resolve through DNS; Scrapling cannot retrieve a domain with no DNS record.
691578a0e4b07810ba18d3aa,PUROMED GLOBAL PRIVATE LIMITED,https://NA,Fetcher + StealthyFetcher,,,,,ERROR,DNS_UNRESOLVED,,,2,Domain does not currently resolve through DNS; Scrapling cannot retrieve a domain with no DNS record.
690d78aae4b07810ba1692fb,CANNAN CARBON PRIVATE LIMITED,https://NIL,Fetcher + StealthyFetcher,,,,,ERROR,DNS_UNRESOLVED,,,2,Domain does not currently resolve through DNS; Scrapling cannot retrieve a domain with no DNS record.
6909d906e4b06dfd0cafc737,LEGENDARY GROWTH SOLUTIONS LLP,https://www.legendarygrowthsolutions.com,Fetcher + StealthyFetcher,,,,,ERROR,SCRAPLING_FAILED,,,2,DNS resolves but both Scrapling methods failed to retrieve the website.
69074069e4b06dfd0caef8ae,SHREE RR INFRA UDYOG PRIVATE LIMITED,https://NA,Fetcher + StealthyFetcher,,,,,ERROR,DNS_UNRESOLVED,,,2,Domain does not currently resolve through DNS; Scrapling cannot retrieve a domain with no DNS record.
6901f248e4b063a5bedcb252,GREENFARM BIO-SEED PRIVATE LIMITED,https://N/A,Fetcher + StealthyFetcher,,,,,ERROR,DNS_UNRESOLVED,,,2,Domain does not currently resolve through DNS; Scrapling cannot retrieve a domain with no DNS record.
68f1cd0be4b063a5bed5dc10,SYNERGYBITS PRIVATE LIMITED,https://NA,Fetcher + StealthyFetcher,,,,,ERROR,DNS_UNRESOLVED,,,2,Domain does not currently resolve through DNS; Scrapling cannot retrieve a domain with no DNS record.
68efde00e4b063a5bed53276,ERANIKH INDIA PRIVATE LIMITED,https://NA,Fetcher + StealthyFetcher,,,,,ERROR,DNS_UNRESOLVED,,,2,Domain does not currently resolve through DNS; Scrapling cannot retrieve a domain with no DNS record.
68ea1e86e4b063a5bed2e88d,ROYALKUNJ CRAFTS PRIVATE LIMITED,https://NA,Fetcher + StealthyFetcher,,,,,ERROR,DNS_UNRESOLVED,,,2,Domain does not currently resolve through DNS; Scrapling cannot retrieve a domain with no DNS record.
68e9e52ee4b063a5bed2cdd3,CARGOWAVE SHIPPING AND LOGISTICS PRIVATE LIMITED,https://NA,Fetcher + StealthyFetcher,,,,,ERROR,DNS_UNRESOLVED,,,2,Domain does not currently resolve through DNS; Scrapling cannot retrieve a domain with no DNS record.
68e8edb4e4b063a5bed29076,NIRMAL POWER SERVICES PRIVATE LIMITED,https://NA,Fetcher + StealthyFetcher,,,,,ERROR,DNS_UNRESOLVED,,,2,Domain does not currently resolve through DNS; Scrapling cannot retrieve a domain with no DNS record.
68e74ae7e4b032c5c219ff13,M.SONS STEELTECH PRIVATE LIMITED,https://NA,Fetcher + StealthyFetcher,,,,,ERROR,DNS_UNRESOLVED,,,2,Domain does not currently resolve through DNS; Scrapling cannot retrieve a domain with no DNS record.
68e3ac8de4b032c5c218dffb,GIAS LAB LLP,https://na,Fetcher + StealthyFetcher,,,,,ERROR,DNS_UNRESOLVED,,,2,Domain does not currently resolve through DNS; Scrapling cannot retrieve a domain with no DNS record.
68d68671e4b032c5c214e27f,FINEAURA AGRI AND BIOFUELS PRIVATE LIMITED,https://NA,Fetcher + StealthyFetcher,,,,,ERROR,DNS_UNRESOLVED,,,2,Domain does not currently resolve through DNS; Scrapling cannot retrieve a domain with no DNS record.
68d5330ce4b032c5c2142192,DHANYA RAKSHA ANALYTICS PRIVATE LIMITED,https://N/A,Fetcher + StealthyFetcher,,,,,ERROR,DNS_UNRESOLVED,,,2,Domain does not currently resolve through DNS; Scrapling cannot retrieve a domain with no DNS record.
68d51b60e4b032c5c2140c9a,HAMSA TRADINGS,https://www.hamsatradings.com,Fetcher + StealthyFetcher,,,,,ERROR,DNS_UNRESOLVED,,,2,Domain does not currently resolve through DNS; Scrapling cannot retrieve a domain with no DNS record.
68d3a3cde4b032c5c2133b50,ELEKTRABUILD ENGINEERING (OPC) PRIVATE LIMITED,https://NA,Fetcher + StealthyFetcher,,,,,ERROR,DNS_UNRESOLVED,,,2,Domain does not currently resolve through DNS; Scrapling cannot retrieve a domain with no DNS record.
68cd389ee4b032c5c21036d7,GREENTREADZ MOBILITY SOLUTIONS PRIVATE LIMITED,https://NA,Fetcher + StealthyFetcher,,,,,ERROR,DNS_UNRESOLVED,,,2,Domain does not currently resolve through DNS; Scrapling cannot retrieve a domain with no DNS record.
68cb8df8e4b06315917c3d74,ARKANGELS OVERSEAS PRIVATE LIMITED,https://NA,Fetcher + StealthyFetcher,,,,,ERROR,DNS_UNRESOLVED,,,2,Domain does not currently resolve through DNS; Scrapling cannot retrieve a domain with no DNS record.
68ca4392e4b032bcb0bfe17b,LVGR WELLNESS PRIVATE LIMITED,https://www.livegracious.co.in,Fetcher + StealthyFetcher,,,,,ERROR,SCRAPLING_FAILED,,,2,DNS resolves but both Scrapling methods failed to retrieve the website.
68c54233e4b097271d4a006e,STANC ENTERTAINMENT LLP,https://NA,Fetcher + StealthyFetcher,,,,,ERROR,DNS_UNRESOLVED,,,2,Domain does not currently resolve through DNS; Scrapling cannot retrieve a domain with no DNS record.
68c26cb9e4b0dfd7e6e7ab3e,TELECARE SERVICES,https://telecareservices.com,Fetcher + StealthyFetcher,,,,,ERROR,DNS_UNRESOLVED,,,2,Domain does not currently resolve through DNS; Scrapling cannot retrieve a domain with no DNS record.
68be8f24e4b0c6365be10e0e,ACCURATE CONFORMITY AND TESTING PRIVATE LIMITED,https://NA,Fetcher + StealthyFetcher,,,,,ERROR,DNS_UNRESOLVED,,,2,Domain does not currently resolve through DNS; Scrapling cannot retrieve a domain with no DNS record.
68b7cddfe4b0c6365bddd502,HARIBASANTI ENTERPRISES LLP,https://NA,Fetcher + StealthyFetcher,,,,,ERROR,DNS_UNRESOLVED,,,2,Domain does not currently resolve through DNS; Scrapling cannot retrieve a domain with no DNS record.
68b6dee0e4b0c6365bdd8dbf,EXCELLWORLD RESTRO CLUB AND RESORTS PRIVATE LIMITED,https://N/A,Fetcher + StealthyFetcher,,,,,ERROR,DNS_UNRESOLVED,,,2,Domain does not currently resolve through DNS; Scrapling cannot retrieve a domain with no DNS record.
68ac439ae4b021e0fa5f0346,AKASHGANGA AQUA TECH PRIVATE LIMITED,https://aquagenerators.in,Fetcher + StealthyFetcher,,,,,ERROR,DNS_UNRESOLVED,,,2,Domain does not currently resolve through DNS; Scrapling cannot retrieve a domain with no DNS record.
68ac21cde4b021e0fa5ebf3d,KAMY INDIA LLP,https://KAMY INDIA LLP,Fetcher + StealthyFetcher,,,,,ERROR,DNS_UNRESOLVED,,,2,Domain does not currently resolve through DNS; Scrapling cannot retrieve a domain with no DNS record.
68aad249e4b021e0fa5d63e1,SHAVREAL PHARMACEUTICALS PRIVATE LIMITED,https://NA,Fetcher + StealthyFetcher,,,,,ERROR,DNS_UNRESOLVED,,,2,Domain does not currently resolve through DNS; Scrapling cannot retrieve a domain with no DNS record.
68a9aebbe4b021e0fa5c4d9a,REACHOUT PLUS LLP,https://N/A,Fetcher + StealthyFetcher,,,,,ERROR,DNS_UNRESOLVED,,,2,Domain does not currently resolve through DNS; Scrapling cannot retrieve a domain with no DNS record.
68a55f95e4b021e0fa565538,ERECTRON SOLUTION (OPC) PRIVATE LIMITED,https://NA,Fetcher + StealthyFetcher,,,,,ERROR,DNS_UNRESOLVED,,,2,Domain does not currently resolve through DNS; Scrapling cannot retrieve a domain with no DNS record.
689b3734e4b0f62ba8a68839,MAHAPARVAT PRIVATE LIMITED,https://mahaparvat.com,Fetcher + StealthyFetcher,,,,,ERROR,DNS_UNRESOLVED,,,2,Domain does not currently resolve through DNS; Scrapling cannot retrieve a domain with no DNS record.
689b0244e4b0f62ba8a61d2c,RUTUSAR BUILDER AND DEVELOPERS PRIVATE LIMITED,https://NIL,Fetcher + StealthyFetcher,,,,,ERROR,DNS_UNRESOLVED,,,2,Domain does not currently resolve through DNS; Scrapling cannot retrieve a domain with no DNS record.
6899a9ade4b0f62ba8a4686f,ECONEST HOSPITALITY PRIVATE LIMITED,https://econesthospitality.com,Fetcher + StealthyFetcher,,,,,ERROR,DNS_UNRESOLVED,,,2,Domain does not currently resolve through DNS; Scrapling cannot retrieve a domain with no DNS record.
68944ce9e4b043b22d2ef230,HUMONZ CLOTHING LLP,https://NA,Fetcher + StealthyFetcher,,,,,ERROR,DNS_UNRESOLVED,,,2,Domain does not currently resolve through DNS; Scrapling cannot retrieve a domain with no DNS record.
68908ae0e4b043b22d2a3ac5,ELOHIM FILM PRODUCTION PRIVATE LIMITED,https://www.elohimfilmproduction.com,Fetcher + StealthyFetcher,,,,,ERROR,DNS_UNRESOLVED,,,2,Domain does not currently resolve through DNS; Scrapling cannot retrieve a domain with no DNS record.
688dc3b7e4b043b22d27fb69,FLUXION INNOVATION PRIVATE LIMITED,https://NA,Fetcher + StealthyFetcher,,,,,ERROR,DNS_UNRESOLVED,,,2,Domain does not currently resolve through DNS; Scrapling cannot retrieve a domain with no DNS record.
688dae9de4b043b22d27dd4a,DAMYANTI AGRICHEM SERVICES PRIVATE LIMITED,https://NA,Fetcher + StealthyFetcher,,,,,ERROR,DNS_UNRESOLVED,,,2,Domain does not currently resolve through DNS; Scrapling cannot retrieve a domain with no DNS record.
688c6db7e4b043b22d26cbc5,HEALINGMONK LLP,https://NA,Fetcher + StealthyFetcher,,,,,ERROR,DNS_UNRESOLVED,,,2,Domain does not currently resolve through DNS; Scrapling cannot retrieve a domain with no DNS record.
68822dcbe4b0861e7e7d1285,URJAAYAN PRIVATE LIMITED,https://not available,Fetcher + StealthyFetcher,,,,,ERROR,DNS_UNRESOLVED,,,2,Domain does not currently resolve through DNS; Scrapling cannot retrieve a domain with no DNS record.
6881f2a9e4b0861e7e7ca83a,SHAILNATH CONSULTING PRIVATE LIMITED,https://NA,Fetcher + StealthyFetcher,,,,,ERROR,DNS_UNRESOLVED,,,2,Domain does not currently resolve through DNS; Scrapling cannot retrieve a domain with no DNS record.
687b9d0fe4b0861e7e76412f,EPPZI PHARMA PRIVATE LIMITED,https://NIL,Fetcher + StealthyFetcher,,,,,ERROR,DNS_UNRESOLVED,,,2,Domain does not currently resolve through DNS; Scrapling cannot retrieve a domain with no DNS record.
6872ca0ae4b074eae6cef0dc,NIDRAZ PRIVATE LIMITED,https://www.nidraz.com,Fetcher + StealthyFetcher,,,,,ERROR,DNS_UNRESOLVED,,,2,Domain does not currently resolve through DNS; Scrapling cannot retrieve a domain with no DNS record.
6867b41fe4b0c1da35b600f5,FLORINEXT BIOSOLUTIONS LLP,https://NA,Fetcher + StealthyFetcher,,,,,ERROR,DNS_UNRESOLVED,,,2,Domain does not currently resolve through DNS; Scrapling cannot retrieve a domain with no DNS record.
68638055e4b06dfc4c9f717b,GROWSHINE MARKETING AND TRADING PRIVATE LIMITED,https://NA,Fetcher + StealthyFetcher,,,,,ERROR,DNS_UNRESOLVED,,,2,Domain does not currently resolve through DNS; Scrapling cannot retrieve a domain with no DNS record.
68628800e4b06dfc4c9f38c6,IND D'SIN ENGG PRIVATE LIMITED,https://NA,Fetcher + StealthyFetcher,,,,,ERROR,DNS_UNRESOLVED,,,2,Domain does not currently resolve through DNS; Scrapling cannot retrieve a domain with no DNS record.
685e70aae4b06dfc4c9e32be,DEFY LIMITS XTREME ADVENTURE SPORTS PRIVATE LIMITED,https://n/a,Fetcher + StealthyFetcher,,,,,ERROR,DNS_UNRESOLVED,,,2,Domain does not currently resolve through DNS; Scrapling cannot retrieve a domain with no DNS record.
685e4ed4e4b06dfc4c9e22e3,AWSHIT LIFECARE PRIVATE LIMITED,https://awshitlifecare.com/,Fetcher + StealthyFetcher,,,,,ERROR,DNS_UNRESOLVED,,,2,Domain does not currently resolve through DNS; Scrapling cannot retrieve a domain with no DNS record.
685d31f1e4b091a0bbf4de78,VIRAAJ PAINTS AND COATING PRIVATE LIMITED,https://na,Fetcher + StealthyFetcher,,,,,ERROR,DNS_UNRESOLVED,,,2,Domain does not currently resolve through DNS; Scrapling cannot retrieve a domain with no DNS record.
6852d5eee4b04240c52b8b0a,EVOLVEEQ TECH SOLUTIONS PRIVATE LIMITED,https://evolveeq.in,Fetcher + StealthyFetcher,,,,,ERROR,DNS_UNRESOLVED,,,2,Domain does not currently resolve through DNS; Scrapling cannot retrieve a domain with no DNS record.
685292b5e4b04240c52b6fa1,GITAMRI ENTERPRISE PRIVATE LIMITED,https://na,Fetcher + StealthyFetcher,,,,,ERROR,DNS_UNRESOLVED,,,2,Domain does not currently resolve through DNS; Scrapling cannot retrieve a domain with no DNS record.
684fa378e4b04240c52a946e,SAFEWRAP INDUSTRIES,https://SAFEWRAP INDUSTRIES,Fetcher + StealthyFetcher,,,,,ERROR,DNS_UNRESOLVED,,,2,Domain does not currently resolve through DNS; Scrapling cannot retrieve a domain with no DNS record.
684d2b46e4b04240c52a32b2,DOZEN DIAMONDS INDIA PRIVATE LIMITED,https://www.dozendiamonds.com,Fetcher + StealthyFetcher,,,,,ERROR,DNS_UNRESOLVED,,,2,Domain does not currently resolve through DNS; Scrapling cannot retrieve a domain with no DNS record.
684ae583e4b04240c529b1a6,TECHVANCE INNOVATIONS PRIVATE LIMITED,https://TechvanceInnovations.com,Fetcher + StealthyFetcher,,,,,ERROR,DNS_UNRESOLVED,,,2,Domain does not currently resolve through DNS; Scrapling cannot retrieve a domain with no DNS record.
684abfaae4b04240c529a563,CYBERFLUX ENTERPRISES PRIVATE LIMITED,https://CYBERFLUX ENTERPRISES PRIVATE LIMITED,Fetcher + StealthyFetcher,,,,,ERROR,DNS_UNRESOLVED,,,2,Domain does not currently resolve through DNS; Scrapling cannot retrieve a domain with no DNS record.
684a81e0e4b04240c529868b,TERRATHRIVE INDIA LLP,https://NA,Fetcher + StealthyFetcher,,,,,ERROR,DNS_UNRESOLVED,,,2,Domain does not currently resolve through DNS; Scrapling cannot retrieve a domain with no DNS record.
68495cc9e4b0a122c128f78a,DARSAM INSURANCE MARKETING PRIVATE LIMITED,https://NA,Fetcher + StealthyFetcher,,,,,ERROR,DNS_UNRESOLVED,,,2,Domain does not currently resolve through DNS; Scrapling cannot retrieve a domain with no DNS record.
6842e229e4b0725998bd6caa,SUNPOWER DYNAMICS PRIVATE LIMITED,https://www.sunpowerdynamics.com,Fetcher + StealthyFetcher,,,,,ERROR,DNS_UNRESOLVED,,,2,Domain does not currently resolve through DNS; Scrapling cannot retrieve a domain with no DNS record.
68403d2be4b0c230967dea43,MIHIR INSTITUTIONS PRIVATE LIMITED,https://nil,Fetcher + StealthyFetcher,,,,,ERROR,DNS_UNRESOLVED,,,2,Domain does not currently resolve through DNS; Scrapling cannot retrieve a domain with no DNS record.
6839bfdce4b020f36eebd4d8,ASHTMARG SOLUTIONS PRIVATE LIMITED,https://www.ashtmargsolutoins.com,Fetcher + StealthyFetcher,,,,,ERROR,DNS_UNRESOLVED,,,2,Domain does not currently resolve through DNS; Scrapling cannot retrieve a domain with no DNS record.
68385307e4b029850b96cf61,SAMYRA IMPEX PRIVATE LIMITED,https://na,Fetcher + StealthyFetcher,,,,,ERROR,DNS_UNRESOLVED,,,2,Domain does not currently resolve through DNS; Scrapling cannot retrieve a domain with no DNS record.
68381226e4b029850b96a96f,SAFE UNIVERSE RESEARCH AND PRODUCTIVITY PRIVATE LIMITED,https://www.safeuniverseresearch.com,Fetcher + StealthyFetcher,,,,,ERROR,DNS_UNRESOLVED,,,2,Domain does not currently resolve through DNS; Scrapling cannot retrieve a domain with no DNS record.
6836aef1e4b029850b962fba,JEKORD PROJECT LLP,https://NA,Fetcher + StealthyFetcher,,,,,ERROR,DNS_UNRESOLVED,,,2,Domain does not currently resolve through DNS; Scrapling cannot retrieve a domain with no DNS record.
68359184e4b029850b95e61a,MODU-PRO INNOVATION PRIVATE LIMITED,https://MODU-PRO INNOVATION PRIVATE LIMITED,Fetcher + StealthyFetcher,,,,,ERROR,DNS_UNRESOLVED,,,2,Domain does not currently resolve through DNS; Scrapling cannot retrieve a domain with no DNS record.
682f21dde4b0cf6e6488e132,X ABLE INDIA PRIVATE LIMITED,https://NA,Fetcher + StealthyFetcher,,,,,ERROR,DNS_UNRESOLVED,,,2,Domain does not currently resolve through DNS; Scrapling cannot retrieve a domain with no DNS record.
682d9770e4b0cf6e648864fa,WANZEN ENDEAVORS PRIVATE LIMITED,http://wanzenfoods.com/,Fetcher + StealthyFetcher,,,,,ERROR,DNS_UNRESOLVED,,,2,Domain does not currently resolve through DNS; Scrapling cannot retrieve a domain with no DNS record.
682c65ffe4b0cf6e6488186b,K S INFRATECH MANPOWER LLP,https://NA,Fetcher + StealthyFetcher,,,,,ERROR,DNS_UNRESOLVED,,,2,Domain does not currently resolve through DNS; Scrapling cannot retrieve a domain with no DNS record.
682c3999e4b0cf6e648800a3,NEXTGEN TECHNOLOGY WORLD CREATER PRIVATE LIMITED,https://NEXTGEN TECHNOLOGY WORLD CREATER PRIVATE LIMITED,Fetcher + StealthyFetcher,,,,,ERROR,DNS_UNRESOLVED,,,2,Domain does not currently resolve through DNS; Scrapling cannot retrieve a domain with no DNS record.
6828966de4b0cf6e64872cc2,IAMFIRST DIGITIONS SOLUTIONS (I) PRIVATE LIMITED,https://NA,Fetcher + StealthyFetcher,,,,,ERROR,DNS_UNRESOLVED,,,2,Domain does not currently resolve through DNS; Scrapling cannot retrieve a domain with no DNS record.
682829bce4b0cf6e648709cb,LEVITATE DYNAMICS PRIVATE LIMITED,https://NA--,Fetcher + StealthyFetcher,,,,,ERROR,DNS_UNRESOLVED,,,2,Domain does not currently resolve through DNS; Scrapling cannot retrieve a domain with no DNS record.
6825dabfe4b025b6b8a8001e,XEROX ECOMMERCE SERVICE PRIVATE LIMITED,https://NA,Fetcher + StealthyFetcher,,,,,ERROR,DNS_UNRESOLVED,,,2,Domain does not currently resolve through DNS; Scrapling cannot retrieve a domain with no DNS record.
6825bc40e4b025b6b8a7f033,KGBAIS DIGITAL SERVICES PRIVATE LIMITED,https://NA,Fetcher + StealthyFetcher,,,,,ERROR,DNS_UNRESOLVED,,,2,Domain does not currently resolve through DNS; Scrapling cannot retrieve a domain with no DNS record.
6825883ce4b025b6b8a7d677,UNISEES SOLAR PRIVATE LIMITED,https://n/a,Fetcher + StealthyFetcher,,,,,ERROR,DNS_UNRESOLVED,,,2,Domain does not currently resolve through DNS; Scrapling cannot retrieve a domain with no DNS record.
681dbd8ae4b010f8c8cefc49,DIPTHI HEALTH CARE SERVICES PRIVATE LIMITED,https://na,Fetcher + StealthyFetcher,,,,,ERROR,DNS_UNRESOLVED,,,2,Domain does not currently resolve through DNS; Scrapling cannot retrieve a domain with no DNS record.
681ca939e4b010f8c8cec508,RNA CURE PRIVATE LIMITED,https://NA,Fetcher + StealthyFetcher,,,,,ERROR,DNS_UNRESOLVED,,,2,Domain does not currently resolve through DNS; Scrapling cannot retrieve a domain with no DNS record.
681bc771e4b010f8c8ce8164,NAMDEO INNOVATIONS PRIVATE LIMITED,https://www.naturewynn.com,Fetcher + StealthyFetcher,,,,,ERROR,DNS_UNRESOLVED,,,2,Domain does not currently resolve through DNS; Scrapling cannot retrieve a domain with no DNS record.
6815a876e4b0ea43c8ef3317,SOCIALHOOK TECHNOLOGIES PRIVATE LIMITED,https://socialhookapp.com,Fetcher + StealthyFetcher,,,,,ERROR,DNS_UNRESOLVED,,,2,Domain does not currently resolve through DNS; Scrapling cannot retrieve a domain with no DNS record.
6811e08ae4b0611108b3ed8e,JAYKAMAL FOODS PRIVATE LIMITED,https://NA,Fetcher + StealthyFetcher,,,,,ERROR,DNS_UNRESOLVED,,,2,Domain does not currently resolve through DNS; Scrapling cannot retrieve a domain with no DNS record.
681087d5e4b0611108b35807,EARNLINGUA (OPC) PRIVATE LIMITED,https://NA,Fetcher + StealthyFetcher,,,,,ERROR,DNS_UNRESOLVED,,,2,Domain does not currently resolve through DNS; Scrapling cannot retrieve a domain with no DNS record.
68075cd0e4b0611108b0f13e,APEXSOFTNET PRIVATE LIMITED,https://APEXSOFTNET PRIVATE LIMITED,Fetcher + StealthyFetcher,,,,,ERROR,DNS_UNRESOLVED,,,2,Domain does not currently resolve through DNS; Scrapling cannot retrieve a domain with no DNS record.
68033087e4b0e456e35c198d,NISHIKANT ARCHANA CHOUDHARI SOCIAL FOUNDATION,https://NIL,Fetcher + StealthyFetcher,,,,,ERROR,DNS_UNRESOLVED,,,2,Domain does not currently resolve through DNS; Scrapling cannot retrieve a domain with no DNS record.
680239ace4b0e456e35bee37,RELIRA BLASTECH PRIVATE LIMITED,https://na,Fetcher + StealthyFetcher,,,,,ERROR,DNS_UNRESOLVED,,,2,Domain does not currently resolve through DNS; Scrapling cannot retrieve a domain with no DNS record.
6801ecd9e4b0e456e35bcd27,OODA PROFESSIONAL INSTITUTE PRIVATE LIMITED,https://oodatraders.com/,Fetcher + StealthyFetcher,,,,,ERROR,DNS_UNRESOLVED,,,2,Domain does not currently resolve through DNS; Scrapling cannot retrieve a domain with no DNS record.
67fdecb0e4b0e456e35aaa7c,ESENES STEEL LLP,https://ESENES STEEL LLP,Fetcher + StealthyFetcher,,,,,ERROR,DNS_UNRESOLVED,,,2,Domain does not currently resolve through DNS; Scrapling cannot retrieve a domain with no DNS record.
67fcd28fe4b0e456e35a6ef0,SPLENDITONE INTERNATIONAL HEALTHCARE PRIVATE LIMITED,https://NA,Fetcher + StealthyFetcher,,,,,ERROR,DNS_UNRESOLVED,,,2,Domain does not currently resolve through DNS; Scrapling cannot retrieve a domain with no DNS record.
67f788c6e4b0e456e3594fd7,STARSPLANNET DIGITAL PRIVATE LIMITED,https://NA,Fetcher + StealthyFetcher,,,,,ERROR,DNS_UNRESOLVED,,,2,Domain does not currently resolve through DNS; Scrapling cannot retrieve a domain with no DNS record.
67f4e58de4b0e456e3588e0d,AIO TRADING INDIA (OPC) PRIVATE LIMITED,https://aiotrading.co/,Fetcher + StealthyFetcher,,,,,ERROR,DNS_UNRESOLVED,,,2,Domain does not currently resolve through DNS; Scrapling cannot retrieve a domain with no DNS record.
67ef77f8e4b0e456e3570365,WHITE GOLD AGRO PROCESSORS LLP,https://www.nowebsite.com,Fetcher + StealthyFetcher,,,,,ERROR,DNS_UNRESOLVED,,,2,Domain does not currently resolve through DNS; Scrapling cannot retrieve a domain with no DNS record.
67e7cb83e4b06cb5475f2b3b,SINGLE POINT ENERGY SOLUTIONS PRIVATE LIMITED,https://SINGLE POINT ENERGY SOLUTIONS PRIVATE LIMITED,Fetcher + StealthyFetcher,,,,,ERROR,DNS_UNRESOLVED,,,2,Domain does not currently resolve through DNS; Scrapling cannot retrieve a domain with no DNS record.
67e63948e4b0dcb9493b41fb,EDUPEAK SCHOLARS PRIVATE LIMITED,https://EDUPEAK SCHOLARS PRIVATE LIMITED,Fetcher + StealthyFetcher,,,,,ERROR,DNS_UNRESOLVED,,,2,Domain does not currently resolve through DNS; Scrapling cannot retrieve a domain with no DNS record.
67e26899e4b06de30953a8a6,MANYA CLASSICS PRIVATE LIMITED,https://Under Process,Fetcher + StealthyFetcher,,,,,ERROR,DNS_UNRESOLVED,,,2,Domain does not currently resolve through DNS; Scrapling cannot retrieve a domain with no DNS record.
67dc00eee4b079e98982f686,MINGLEBUCKS GLOBAL PRIVATE LIMITED,https://NA,Fetcher + StealthyFetcher,,,,,ERROR,DNS_UNRESOLVED,,,2,Domain does not currently resolve through DNS; Scrapling cannot retrieve a domain with no DNS record.
67dbce07e4b079e98982b785,IBIA INDUSTRIAL BATTERIES PRIVATE LIMITED,http://ibiaindustrials.in/,Fetcher + StealthyFetcher,,,,,ERROR,DNS_UNRESOLVED,,,2,Domain does not currently resolve through DNS; Scrapling cannot retrieve a domain with no DNS record.
67da6ffae4b00e0c1b1a0f4c,HOPEVE SOLUTIONS LLP,https://WWW.HOPEVE.COM,Fetcher + StealthyFetcher,,,,,ERROR,DNS_UNRESOLVED,,,2,Domain does not currently resolve through DNS; Scrapling cannot retrieve a domain with no DNS record.
67cee17ae4b00e0c1b0a93da,ALTRIX AGRO FARM PRIVATE LIMITED,https://altrixagrofarm.com,Fetcher + StealthyFetcher,,,,,ERROR,DNS_UNRESOLVED,,,2,Domain does not currently resolve through DNS; Scrapling cannot retrieve a domain with no DNS record.
67c6d58ee4b0f37094cb3dc1,AZURECHIC PHARMACEUTICAL PRIVATE LIMITED,https://NA,Fetcher + StealthyFetcher,,,,,ERROR,DNS_UNRESOLVED,,,2,Domain does not currently resolve through DNS; Scrapling cannot retrieve a domain with no DNS record.
67bdba2be4b0c167e9f99c81,VOICE VILLA STUDIOS PRIVATE LIMITED,https://UdyamRegistrationCertificate,Fetcher + StealthyFetcher,,,,,ERROR,DNS_UNRESOLVED,,,2,Domain does not currently resolve through DNS; Scrapling cannot retrieve a domain with no DNS record.
67b86940e4b06e2290ada149,QUANTUM RAIDOTECH PRIVATE LIMITED,http://raidobiketaxi.in,Fetcher + StealthyFetcher,,,,,ERROR,DNS_UNRESOLVED,,,2,Domain does not currently resolve through DNS; Scrapling cannot retrieve a domain with no DNS record.
67b7253ae4b06e2290aceb4c,INDS ELECTRICALS PRIVATE LIMITED,https://www.indselectriclas.com,Fetcher + StealthyFetcher,,,,,ERROR,DNS_UNRESOLVED,,,2,Domain does not currently resolve through DNS; Scrapling cannot retrieve a domain with no DNS record.
67add14ce4b0833282ef7d35,INDS AGRO INDUSTRY PRIVATE LIMITED,https://INDS AGRO INDUSTRY PRIVATE LIMITED,Fetcher + StealthyFetcher,,,,,ERROR,DNS_UNRESOLVED,,,2,Domain does not currently resolve through DNS; Scrapling cannot retrieve a domain with no DNS record.
67ad89bbe4b045171969bc04,SKYREN BROADBAND SERVICES PRIVATE LIMITED,https://NA,Fetcher + StealthyFetcher,,,,,ERROR,DNS_UNRESOLVED,,,2,Domain does not currently resolve through DNS; Scrapling cannot retrieve a domain with no DNS record.
67ac5bf5e4b04517196941f0,SYBOCIC REAL EASTATE PRIVATE LIMITED,https://N/A,Fetcher + StealthyFetcher,,,,,ERROR,DNS_UNRESOLVED,,,2,Domain does not currently resolve through DNS; Scrapling cannot retrieve a domain with no DNS record.
67ab4183e4b0e8e31271f6f8,OMMAHADEV AYURVEDA AND PHARMA PRIVATE LIMITED,https://NA,Fetcher + StealthyFetcher,,,,,ERROR,DNS_UNRESOLVED,,,2,Domain does not currently resolve through DNS; Scrapling cannot retrieve a domain with no DNS record.
67a43e61e4b0a671abf4be2b,SGUARD AUTOMATION PRIVATE LIMITED,https://SGUARD AUTOMATION PRIVATE LIMITED,Fetcher + StealthyFetcher,,,,,ERROR,DNS_UNRESOLVED,,,2,Domain does not currently resolve through DNS; Scrapling cannot retrieve a domain with no DNS record.
679db6e4e4b0c8d671af7be0,DS CORRUPACK PRIVATE LIMITED,https://NA,Fetcher + StealthyFetcher,,,,,ERROR,DNS_UNRESOLVED,,,2,Domain does not currently resolve through DNS; Scrapling cannot retrieve a domain with no DNS record.
679b26eae4b01d22e013535b,KDKOLTE TASTY GO PRIVATE LIMITED,https://NA,Fetcher + StealthyFetcher,,,,,ERROR,DNS_UNRESOLVED,,,2,Domain does not currently resolve through DNS; Scrapling cannot retrieve a domain with no DNS record.
678f9a24e4b04104efa167ed,RISING STAR,https://www.risingstarcng.com/hostpanel/login/webmail,Fetcher + StealthyFetcher,,,,,ERROR,DNS_UNRESOLVED,,,2,Domain does not currently resolve through DNS; Scrapling cannot retrieve a domain with no DNS record.
678e1740e4b04104efa1062f,R &amp; R HERBAL BIOCARE LLP,https://www.rrherbalbiocareservices.com,Fetcher + StealthyFetcher,,,,,ERROR,DNS_UNRESOLVED,,,2,Domain does not currently resolve through DNS; Scrapling cannot retrieve a domain with no DNS record.
6789ddf7e4b04104efa03015,VIRTUAL TRADE BALE HUB PRIVATE LIMITED,https://www.balehub.link/,Fetcher + StealthyFetcher,,,,,ERROR,DNS_UNRESOLVED,,,2,Domain does not currently resolve through DNS; Scrapling cannot retrieve a domain with no DNS record.
67868481e4b04104ef9f9cbb,ADIVIDHYA CONSTRUCTION LLP,https://Not applicable,Fetcher + StealthyFetcher,,,,,ERROR,DNS_UNRESOLVED,,,2,Domain does not currently resolve through DNS; Scrapling cannot retrieve a domain with no DNS record.
6784b779e4b0086ce8e3c02b,SHRIPUNYA EPC PRIVATE LIMITED,https://SHRIPUNYA EPC PRIVATE LIMITED,Fetcher + StealthyFetcher,,,,,ERROR,DNS_UNRESOLVED,,,2,Domain does not currently resolve through DNS; Scrapling cannot retrieve a domain with no DNS record.
67811886e4b0086ce8e3263a,SECYORO TECHNOLOGIES PRIVATE LIMITED,https://NA,Fetcher + StealthyFetcher,,,,,ERROR,DNS_UNRESOLVED,,,2,Domain does not currently resolve through DNS; Scrapling cannot retrieve a domain with no DNS record.
6772aa41e4b0e15a7fe636e7,RAGES FASHION HOUSE INDIA (OPC) PRIVATE LIMITED,https://RAGES FASHION HOUSE INDIA (OPC) PRIVATE LIMITED,Fetcher + StealthyFetcher,,,,,ERROR,DNS_UNRESOLVED,,,2,Domain does not currently resolve through DNS; Scrapling cannot retrieve a domain with no DNS record.
67654717e4b02edde77f4f1f,PURPOSE HEALTHCARE LABS PRIVATE LIMITED,https://PURPOSE HEALTHCARE LABS PRIVATE LIMITED,Fetcher + StealthyFetcher,,,,,ERROR,DNS_UNRESOLVED,,,2,Domain does not currently resolve through DNS; Scrapling cannot retrieve a domain with no DNS record.
6763c2d2e4b090dc29023e25,BHUMISAAR ENTERPRISES PRIVATE LIMITED,https://N/A,Fetcher + StealthyFetcher,,,,,ERROR,DNS_UNRESOLVED,,,2,Domain does not currently resolve through DNS; Scrapling cannot retrieve a domain with no DNS record.
67617738e4b035f7d75690aa,STEELCOOL COOLERS PRIVATE LIMITED,https://NA,Fetcher + StealthyFetcher,,,,,ERROR,DNS_UNRESOLVED,,,2,Domain does not currently resolve through DNS; Scrapling cannot retrieve a domain with no DNS record.
6761751fe4b035f7d7568fbe,ROSPAND GLOBAL TECHNO SERVICES PRIVATE LIMITED,https://rospand.com/,Fetcher + StealthyFetcher,,,,,ERROR,DNS_UNRESOLVED,,,2,Domain does not currently resolve through DNS; Scrapling cannot retrieve a domain with no DNS record.
675ad74be4b0e761d3171610,CARBON GREEN SOLUTION PRIVATE LIMITED,https://na,Fetcher + StealthyFetcher,,,,,ERROR,DNS_UNRESOLVED,,,2,Domain does not currently resolve through DNS; Scrapling cannot retrieve a domain with no DNS record.
675ac758e4b0e761d3170f6b,DSPB SUPERFOODS PRIVATE LIMITED,https://NA,Fetcher + StealthyFetcher,,,,,ERROR,DNS_UNRESOLVED,,,2,Domain does not currently resolve through DNS; Scrapling cannot retrieve a domain with no DNS record.
674ef330e4b0c0da2133d9fc,CHA IMPEX LLP,https://na,Fetcher + StealthyFetcher,,,,,ERROR,DNS_UNRESOLVED,,,2,Domain does not currently resolve through DNS; Scrapling cannot retrieve a domain with no DNS record.
674b0057e4b0c0da2133050d,GAURAVI INTERNATIONAL PRIVATE LIMITED,https://GAURAVI INTERNATIONAL PRIVATE LIMITED,Fetcher + StealthyFetcher,,,,,ERROR,DNS_UNRESOLVED,,,2,Domain does not currently resolve through DNS; Scrapling cannot retrieve a domain with no DNS record.
674aebe2e4b0c0da2132fe4d,BUSTBRAIN LABS (OPC) PRIVATE LIMITED,https://N/A,Fetcher + StealthyFetcher,,,,,ERROR,DNS_UNRESOLVED,,,2,Domain does not currently resolve through DNS; Scrapling cannot retrieve a domain with no DNS record.
6749a068e4b02d7a79000f6e,EFRGENZ PRIVATE LIMITED,https://NA,Fetcher + StealthyFetcher,,,,,ERROR,DNS_UNRESOLVED,,,2,Domain does not currently resolve through DNS; Scrapling cannot retrieve a domain with no DNS record.
67470827e4b079d818347f14,VECTORTEK LABS PRIVATE LIMITED,https://NA,Fetcher + StealthyFetcher,,,,,ERROR,DNS_UNRESOLVED,,,2,Domain does not currently resolve through DNS; Scrapling cannot retrieve a domain with no DNS record.
673b3beae4b061047b5e4c97,WISE-BESARV EV PRIVATE LIMITED,https://www.wisebesarvev.com,Fetcher + StealthyFetcher,,,,,ERROR,DNS_UNRESOLVED,,,2,Domain does not currently resolve through DNS; Scrapling cannot retrieve a domain with no DNS record.
673882dae4b061047b5dcff5,SHARIDHS TECH SOLUTIONS,https://bighelpr.com,Fetcher + StealthyFetcher,,,,,ERROR,DNS_UNRESOLVED,,,2,Domain does not currently resolve through DNS; Scrapling cannot retrieve a domain with no DNS record.
673873ace4b061047b5dcb3a,WIT WEB INTEGRATED TECHNOLOGY PRIVATE LIMITED,https://www.webintegratedtech.com/,Fetcher + StealthyFetcher,,,,,ERROR,DNS_UNRESOLVED,,,2,Domain does not currently resolve through DNS; Scrapling cannot retrieve a domain with no DNS record.
6733028fe4b017491c4e9ddc,CLEOO COSMETICS PRIVATE LIMITED,https://Home-Cleoo Cosmetic,Fetcher + StealthyFetcher,,,,,ERROR,DNS_UNRESOLVED,,,2,Domain does not currently resolve through DNS; Scrapling cannot retrieve a domain with no DNS record.
67319ae2e4b017491c4e47c8,PINAKRAJ CLASSICS PRIVATE LIMITED,https://NA,Fetcher + StealthyFetcher,,,,,ERROR,DNS_UNRESOLVED,,,2,Domain does not currently resolve through DNS; Scrapling cannot retrieve a domain with no DNS record.
6729e353e4b0a3f67b48e879,RVT PHARMA ENTERPRISES PRIVATE LIMITED,https://NA,Fetcher + StealthyFetcher,,,,,ERROR,DNS_UNRESOLVED,,,2,Domain does not currently resolve through DNS; Scrapling cannot retrieve a domain with no DNS record.
6721fa52e4b01514dfdbfc5c,A K SANTRA ASSOCIATE AND CONSULTANT PRIVATE LIMITED,https://Not Applicable,Fetcher + StealthyFetcher,,,,,ERROR,DNS_UNRESOLVED,,,2,Domain does not currently resolve through DNS; Scrapling cannot retrieve a domain with no DNS record.
671f179de4b0bbf338c3b531,SUSTAINSH BIOSOLUTIONS LLP,https://NA,Fetcher + StealthyFetcher,,,,,ERROR,DNS_UNRESOLVED,,,2,Domain does not currently resolve through DNS; Scrapling cannot retrieve a domain with no DNS record.
67128f6ee4b00e6292704aef,SPECTRUM INVENTIVE DESIGNS PRIVATE LIMITED,https://SPECTRUM INVENTIVE DESIGNS PRIVATE LIMITED,Fetcher + StealthyFetcher,,,,,ERROR,DNS_UNRESOLVED,,,2,Domain does not currently resolve through DNS; Scrapling cannot retrieve a domain with no DNS record.
67128f65e4b00e6292704ad7,ASHISH GREEN ENERGY PRIVATE LIMITED,https://ASHISH GREEN ENERGY PRIVATE LIMITED,Fetcher + StealthyFetcher,,,,,ERROR,DNS_UNRESOLVED,,,2,Domain does not currently resolve through DNS; Scrapling cannot retrieve a domain with no DNS record.
67128f4be4b00e6292704aa6,ANAN VIRIYATECH PRIVATE LIMITED,https://ANAN VIRIYATECH PRIVATE LIMITED,Fetcher + StealthyFetcher,,,,,ERROR,DNS_UNRESOLVED,,,2,Domain does not currently resolve through DNS; Scrapling cannot retrieve a domain with no DNS record.
670cf67be4b0b193604ee6f8,TECHDYNAMICS INNOVATIONS PRIVATE LIMITED,https://NA,Fetcher + StealthyFetcher,,,,,ERROR,DNS_UNRESOLVED,,,2,Domain does not currently resolve through DNS; Scrapling cannot retrieve a domain with no DNS record.
6708bf3ee4b0913403d3e5b5,SANVIVIJAY MICROSERVICES ASSOCIATION,https://www.sanvivijay.com,Fetcher + StealthyFetcher,,,,,ERROR,DNS_UNRESOLVED,,,2,Domain does not currently resolve through DNS; Scrapling cannot retrieve a domain with no DNS record.
66fe812de4b0f06e1bb18ba3,DRRV ADVANCED HEALTH PRIVATE LIMITED,https://DRRV ADVANCED HEALTH PRIVATE LIMITED,Fetcher + StealthyFetcher,,,,,ERROR,DNS_UNRESOLVED,,,2,Domain does not currently resolve through DNS; Scrapling cannot retrieve a domain with no DNS record.
66fa79b6e4b0f06e1bb05f10,ELITA VENTURES PRIVATE LIMITED,https://NA,Fetcher + StealthyFetcher,,,,,ERROR,DNS_UNRESOLVED,,,2,Domain does not currently resolve through DNS; Scrapling cannot retrieve a domain with no DNS record.
66f7d9fee4b0e7dee436ac68,ARMISTICE DESTINATIONS PRIVATE LIMITED,https://ARMISTICE DESTINATIONS PRIVATE LIMITED,Fetcher + StealthyFetcher,,,,,ERROR,DNS_UNRESOLVED,,,2,Domain does not currently resolve through DNS; Scrapling cannot retrieve a domain with no DNS record.
66f692e7e4b09affe3108a07,ALTERWORKS BIOLABS LLP,https://null,Fetcher + StealthyFetcher,,,,,ERROR,DNS_UNRESOLVED,,,2,Domain does not currently resolve through DNS; Scrapling cannot retrieve a domain with no DNS record.
66e7d889e4b0862aa0d08d31,AARVK INNOVATIVE &amp; TEXTILE INDUSTRIES PRIVATE LIMITED,https://AARVK INNOVATIVE &amp; TEXTILE INDUSTRIES PRIVATE LIMITED,Fetcher + StealthyFetcher,,,,,ERROR,DNS_UNRESOLVED,,,2,Domain does not currently resolve through DNS; Scrapling cannot retrieve a domain with no DNS record.
66e5b919e4b0aee6d0f10c39,GAGANTEJ AGRO &amp; ENERGY PRIVATE LIMITED,https://GAGANTEJ AGRO &amp; ENERGY PRIVATE LIMITED,Fetcher + StealthyFetcher,,,,,ERROR,DNS_UNRESOLVED,,,2,Domain does not currently resolve through DNS; Scrapling cannot retrieve a domain with no DNS record.
66e42d0ce4b0aee6d0f0b6d3,WAGH DEFENCE PRIVATE LIMITED,https://waghdefence.com/,Fetcher + StealthyFetcher,,,,,ERROR,DNS_UNRESOLVED,,,2,Domain does not currently resolve through DNS; Scrapling cannot retrieve a domain with no DNS record.
66e00d84e4b0554f91179e37,MRO ENGINEERING AND SUPPLIES PRIVATE LIMITED,https://industrialmro.com,Fetcher + StealthyFetcher,,,,,ERROR,DNS_UNRESOLVED,,,2,Domain does not currently resolve through DNS; Scrapling cannot retrieve a domain with no DNS record.
66d84082e4b0da161d5aae6d,QUINTESSENTIAL INFORMATICS SYSTEMS PRIVATE LIMITED,https://QUINTESSENTIAL INFORMATICS SYSTEMS PRIVATE LIMITED,Fetcher + StealthyFetcher,,,,,ERROR,DNS_UNRESOLVED,,,2,Domain does not currently resolve through DNS; Scrapling cannot retrieve a domain with no DNS record.
66d2bffce4b0da161d592904,A.G.UPASE CIVIL CONSTRUCTION PRIVATE LIMITED,https://nill,Fetcher + StealthyFetcher,,,,,ERROR,DNS_UNRESOLVED,,,2,Domain does not currently resolve through DNS; Scrapling cannot retrieve a domain with no DNS record.
66d1c5dbe4b0da161d58ee32,SRIKALAHASTI FOOD PRODUCTS (OPC) PRIVATE LIMITED,https://srikalahastifoodproducts.com,Fetcher + StealthyFetcher,,,,,ERROR,DNS_UNRESOLVED,,,2,Domain does not currently resolve through DNS; Scrapling cannot retrieve a domain with no DNS record.
66c9ae6fe4b0da161d570cbe,EIROBAA ELECTRIC VEHICLES PRIVATE LIMITED,https://eirobaa.com/,Fetcher + StealthyFetcher,,,,,ERROR,DNS_UNRESOLVED,,,2,Domain does not currently resolve through DNS; Scrapling cannot retrieve a domain with no DNS record.
66bc4baae4b0e0a79682ddf1,ALLIOSTAAR TECHUB LLP,https://ALLIOSTAAR TECHUB LLP,Fetcher + StealthyFetcher,,,,,ERROR,DNS_UNRESOLVED,,,2,Domain does not currently resolve through DNS; Scrapling cannot retrieve a domain with no DNS record.
66bb52e7e4b0e0a79682bd06,SHLOK REFVAN SERVICES PRIVATE LIMITED,https://SHLOK REFVAN SERVICES PRIVATE LIMITED,Fetcher + StealthyFetcher,,,,,ERROR,DNS_UNRESOLVED,,,2,Domain does not currently resolve through DNS; Scrapling cannot retrieve a domain with no DNS record.
66b86c7ee4b0c2c2d5d2a8c7,IYIYK TOY SOLUTIONS PRIVATE LIMITED,https://www.iyiyktoys.com,Fetcher + StealthyFetcher,,,,,ERROR,DNS_UNRESOLVED,,,2,Domain does not currently resolve through DNS; Scrapling cannot retrieve a domain with no DNS record.
66b1fa14e4b0ec4eca35f325,TRIRIK TECHNOLOGY (OPC) PRIVATE LIMITED,https://www.tririktechnology.com/,Fetcher + StealthyFetcher,,,,,ERROR,DNS_UNRESOLVED,,,2,Domain does not currently resolve through DNS; Scrapling cannot retrieve a domain with no DNS record.
66a8e24ce4b07936b471b5e9,KOYABIZZ VENTURES PRIVATE LIMITED,https://www.koyabizz.in,Fetcher + StealthyFetcher,,,,,ERROR,DNS_UNRESOLVED,,,2,Domain does not currently resolve through DNS; Scrapling cannot retrieve a domain with no DNS record.
66a87f92e4b07936b4717cbd,NANAK CONSTRUCTION,https://N/A,Fetcher + StealthyFetcher,,,,,ERROR,DNS_UNRESOLVED,,,2,Domain does not currently resolve through DNS; Scrapling cannot retrieve a domain with no DNS record.
66a4c0b2e4b07936b470ea80,HERHUES ADORNMENT LLP,https://NA,Fetcher + StealthyFetcher,,,,,ERROR,DNS_UNRESOLVED,,,2,Domain does not currently resolve through DNS; Scrapling cannot retrieve a domain with no DNS record.
66a33cc1e4b07936b4709965,ICAD PUBLICATIONS PRIVATE LIMITED,https://ICAD PUBLICATIONS PRIVATE LIMITED,Fetcher + StealthyFetcher,,,,,ERROR,DNS_UNRESOLVED,,,2,Domain does not currently resolve through DNS; Scrapling cannot retrieve a domain with no DNS record.
669e432ee4b07936b46f7444,CENTREXCEL BUSINESS SOLUTIONS PRIVATE LIMITED,https://NA,Fetcher + StealthyFetcher,,,,,ERROR,DNS_UNRESOLVED,,,2,Domain does not currently resolve through DNS; Scrapling cannot retrieve a domain with no DNS record.
669e3adae4b07936b46f6db7,MAHAKAL TRADEHUB PRIVATE LIMITED,https://NA,Fetcher + StealthyFetcher,,,,,ERROR,DNS_UNRESOLVED,,,2,Domain does not currently resolve through DNS; Scrapling cannot retrieve a domain with no DNS record.
669a3deae4b07936b46e64ba,NAG INFOTECHNOLOGIES PRIVATE LIMITED,https://NAG INFOTECHNOLOGIES PRIVATE LIMITED,Fetcher + StealthyFetcher,,,,,ERROR,DNS_UNRESOLVED,,,2,Domain does not currently resolve through DNS; Scrapling cannot retrieve a domain with no DNS record.
669683cae4b07936b46d3504,PN POLYALLOY & METAL FINISHER (OPC) PRIVATE LIMITED,https://PN POLYALLOY &amp; METAL FINISHER (OPC) PRIVATE LIMITED,Fetcher + StealthyFetcher,,,,,ERROR,DNS_UNRESOLVED,,,2,Domain does not currently resolve through DNS; Scrapling cannot retrieve a domain with no DNS record.
669606bce4b07936b46ce841,GEN XCELERATE EVENTS LLP,https://www.outoftheboxexpo.in,Fetcher + StealthyFetcher,,,,,ERROR,DNS_UNRESOLVED,,,2,Domain does not currently resolve through DNS; Scrapling cannot retrieve a domain with no DNS record.
66935acee4b01cb6e0d00499,STHAYI INNOLUTIONS LLP,https://www.sthayi.in(not yet deployed),Fetcher + StealthyFetcher,,,,,ERROR,DNS_UNRESOLVED,,,2,Domain does not currently resolve through DNS; Scrapling cannot retrieve a domain with no DNS record.
669256d9e4b01cb6e0cfe8c7,GOLSTAR INDUSTRIES PRIVATE LIMITED,https://GOLSTAR INDUSTRIES PRIVATE LIMITED,Fetcher + StealthyFetcher,,,,,ERROR,DNS_UNRESOLVED,,,2,Domain does not currently resolve through DNS; Scrapling cannot retrieve a domain with no DNS record.
668d538ae4b014c9a9a20575,ANAGHA-AJINKYA INDUSTRIES PRIVATE LIMITED,https://NA,Fetcher + StealthyFetcher,,,,,ERROR,DNS_UNRESOLVED,,,2,Domain does not currently resolve through DNS; Scrapling cannot retrieve a domain with no DNS record.
6687b77ae4b014c9a9a0e9a2,OXXYCAFE BHARAT PRIVATE LIMITED,https://NA,Fetcher + StealthyFetcher,,,,,ERROR,DNS_UNRESOLVED,,,2,Domain does not currently resolve through DNS; Scrapling cannot retrieve a domain with no DNS record.
668663dde4b014c9a9a09563,RUDRA TRANSBLUE PRIVATE LIMITED,https://rudratransblue.com/lander,Fetcher + StealthyFetcher,,,,,ERROR,DNS_UNRESOLVED,,,2,Domain does not currently resolve through DNS; Scrapling cannot retrieve a domain with no DNS record.
66767993e4b0facc95a653dd,MRPRINT WORLD PRIVATE LIMITED,https://NA,Fetcher + StealthyFetcher,,,,,ERROR,DNS_UNRESOLVED,,,2,Domain does not currently resolve through DNS; Scrapling cannot retrieve a domain with no DNS record.
66701699e4b0bd5d3c2e602c,SRW WIRES &amp; CABLES PRIVATE LIMITED,http://www.srwwirescables.com,Fetcher + StealthyFetcher,,,,,ERROR,DNS_UNRESOLVED,,,2,Domain does not currently resolve through DNS; Scrapling cannot retrieve a domain with no DNS record.
666ad162e4b0bd5d3c2d8d35,TASKEASE MULTI SOLUTIONS PRIVATE LIMITED,https://TASKEASE MULTI SOLUTIONS PRIVATE LIMITED,Fetcher + StealthyFetcher,,,,,ERROR,DNS_UNRESOLVED,,,2,Domain does not currently resolve through DNS; Scrapling cannot retrieve a domain with no DNS record.
66698b63e4b0bd5d3c2d0056,ARCHIS HEALTH CARE PRIVATE LIMITED,https://ARCHIS HEALTH CARE PRIVATE LIMITED,Fetcher + StealthyFetcher,,,,,ERROR,DNS_UNRESOLVED,,,2,Domain does not currently resolve through DNS; Scrapling cannot retrieve a domain with no DNS record.
6666d0bbe4b0bd5d3c2bdabd,THINKONIC SOFTWARE PRIVATE LIMITED,https://THINKONIC SOFTWARE PRIVATE LIMITED,Fetcher + StealthyFetcher,,,,,ERROR,DNS_UNRESOLVED,,,2,Domain does not currently resolve through DNS; Scrapling cannot retrieve a domain with no DNS record.
66632d3ce4b0c35880da94b9,PASHAAN TECHNOLOGIES PRIVATE LIMITED,https://www.dreaminnovators.in,Fetcher + StealthyFetcher,,,,,ERROR,DNS_UNRESOLVED,,,2,Domain does not currently resolve through DNS; Scrapling cannot retrieve a domain with no DNS record.
6661bda5e4b064981a551eb6,AYURAFIT ORGANICS PRIVATE LIMITED,https://www.ayurafitorganisc.com,Fetcher + StealthyFetcher,,,,,ERROR,DNS_UNRESOLVED,,,2,Domain does not currently resolve through DNS; Scrapling cannot retrieve a domain with no DNS record.
665963eee4b06e49b59f7dba,SHUBHAM SYNDICATE LLP,https://SHUBHAM SYNDICATE LLP,Fetcher + StealthyFetcher,,,,,ERROR,DNS_UNRESOLVED,,,2,Domain does not currently resolve through DNS; Scrapling cannot retrieve a domain with no DNS record.
664de08de4b0608c0b1731e8,VLGS TECHNOLOGIES PRIVATE LIMITED,https://NA,Fetcher + StealthyFetcher,,,,,ERROR,DNS_UNRESOLVED,,,2,Domain does not currently resolve through DNS; Scrapling cannot retrieve a domain with no DNS record.
6648975ae4b0608c0b166dc5,RAJOLI ADVISORY SERVICES PRIVATE LIMITED,https://NO WEBSITE,Fetcher + StealthyFetcher,,,,,ERROR,DNS_UNRESOLVED,,,2,Domain does not currently resolve through DNS; Scrapling cannot retrieve a domain with no DNS record.
66477190e4b0608c0b164880,CORPOSENT PHARMACEUTICAL PRIVATE LIMITED,https://www.corposent.com,Fetcher + StealthyFetcher,,,,,ERROR,DNS_UNRESOLVED,,,2,Domain does not currently resolve through DNS; Scrapling cannot retrieve a domain with no DNS record.
66337a6fe4b0cdd2e3dd70d3,SACRET POWER TO-X PRIVATE LIMITED,https://sacretpowertox.com/,Fetcher + StealthyFetcher,,,,,ERROR,DNS_UNRESOLVED,,,2,Domain does not currently resolve through DNS; Scrapling cannot retrieve a domain with no DNS record.
66279dafe4b0cdd2e3db8de3,VIDYA WAREHOUSING PRIVATE LIMITED,https://NA,Fetcher + StealthyFetcher,,,,,ERROR,DNS_UNRESOLVED,,,2,Domain does not currently resolve through DNS; Scrapling cannot retrieve a domain with no DNS record.
66238b43e4b0cdd2e3daf70a,SIXTH SENSE HOSPITALITY SERVICES PRIVATELIMITED,https://SIXTH SENSE HOSPITALITY SERVICES PRIVATE LIMITED,Fetcher + StealthyFetcher,,,,,ERROR,DNS_UNRESOLVED,,,2,Domain does not currently resolve through DNS; Scrapling cannot retrieve a domain with no DNS record.
661e4db7e4b0d62d662d3525,DE FAIR HOMES PRIVATE LIMITED,https://NA,Fetcher + StealthyFetcher,,,,,ERROR,DNS_UNRESOLVED,,,2,Domain does not currently resolve through DNS; Scrapling cannot retrieve a domain with no DNS record.
66151725e4b04e0505d811c7,UPCYCLE WASTE WISE PRIVATE LIMITED,https://UPCYCLE WASTE WISE PRIVATE LIMITED,Fetcher + StealthyFetcher,,,,,ERROR,DNS_UNRESOLVED,,,2,Domain does not currently resolve through DNS; Scrapling cannot retrieve a domain with no DNS record.
65f955fbe4b07fb5e52f4844,SHUBH ADS PRIVATE LIMITED,https://SHUBH ADS PRIVATE LIMITED,Fetcher + StealthyFetcher,,,,,ERROR,DNS_UNRESOLVED,,,2,Domain does not currently resolve through DNS; Scrapling cannot retrieve a domain with no DNS record.
65f18cd2e4b023ec3d7594ad,ENLIGHT ENGINEERING,https://www.kamwa.co.in/,Fetcher + StealthyFetcher,,,,,ERROR,DNS_UNRESOLVED,,,2,Domain does not currently resolve through DNS; Scrapling cannot retrieve a domain with no DNS record.
65e965f4e4b063fe21c6fbb5,ASG MAINTENANCE AND LAWN INNOVATION PRIVATE LIMITED,https://ASG MAINTENANCE AND LAWN INNOVATION PRIVATE LIMITED,Fetcher + StealthyFetcher,,,,,ERROR,DNS_UNRESOLVED,,,2,Domain does not currently resolve through DNS; Scrapling cannot retrieve a domain with no DNS record.
65e6e910e4b063fe21c64e8a,FITROO CLOTHING PRIVATE LIMITED,http://www.fitrooclothing.com/,Fetcher + StealthyFetcher,,,,,ERROR,DNS_UNRESOLVED,,,2,Domain does not currently resolve through DNS; Scrapling cannot retrieve a domain with no DNS record.
65dc7f5fe4b06352cbf09f9e,DASHOFRUIT FOODS PRIVATE LIMITED,http://www.dashofruit.com/,Fetcher + StealthyFetcher,,,,,ERROR,DNS_UNRESOLVED,,,2,Domain does not currently resolve through DNS; Scrapling cannot retrieve a domain with no DNS record.
65ccb007e4b0da2d9424e016,VIKRAMADITYA CTL PRIVATE LIMITED,https://www.VIKRAMADITYACTL.com,Fetcher + StealthyFetcher,,,,,ERROR,DNS_UNRESOLVED,,,2,Domain does not currently resolve through DNS; Scrapling cannot retrieve a domain with no DNS record.
65ca0842e4b0cdd545780eca,SEVENCRAFT ARTS &amp; CREATIVES PRIVATE LIMITED,https://NA,Fetcher + StealthyFetcher,,,,,ERROR,DNS_UNRESOLVED,,,2,Domain does not currently resolve through DNS; Scrapling cannot retrieve a domain with no DNS record.
65c9b714e4b06b4534b64131,SHARANYA SOLAR PRIVATE LIMITED,https://SHARANYA SOLAR PRIVATE LIMITED,Fetcher + StealthyFetcher,,,,,ERROR,DNS_UNRESOLVED,,,2,Domain does not currently resolve through DNS; Scrapling cannot retrieve a domain with no DNS record.
65bde2c1e4b0411b473ff724,METTA MONK PRIVATE LIMITED,https://METTA MONK PRIVATE LIMITED,Fetcher + StealthyFetcher,,,,,ERROR,DNS_UNRESOLVED,,,2,Domain does not currently resolve through DNS; Scrapling cannot retrieve a domain with no DNS record.
65b7e9b3e4b0db6d377f85c6,SHUBHLAXMI MECHATRONICS PRIVATE LIMITED,https://www.smpl.ind.in,Fetcher + StealthyFetcher,,,,,ERROR,DNS_UNRESOLVED,,,2,Domain does not currently resolve through DNS; Scrapling cannot retrieve a domain with no DNS record.
65b0a3d5e4b0dfd7729664cb,NITESH ASSOCIATES PRIVATE LIMITED,https://www.niteshassociatespvtltd.com,Fetcher + StealthyFetcher,,,,,ERROR,DNS_UNRESOLVED,,,2,Domain does not currently resolve through DNS; Scrapling cannot retrieve a domain with no DNS record.
6579e3c6e4b0846ec6788186,Sharesskills Infotech Private Limited,https://sharesskills.com/,Fetcher + StealthyFetcher,,,,,ERROR,DNS_UNRESOLVED,,,2,Domain does not currently resolve through DNS; Scrapling cannot retrieve a domain with no DNS record.
65743d79e4b0b08e4573de93,DONE MULTISERVICES PRIVATE LIMITED,https://www.donemultiservicespvtltd.com,Fetcher + StealthyFetcher,,,,,ERROR,DNS_UNRESOLVED,,,2,Domain does not currently resolve through DNS; Scrapling cannot retrieve a domain with no DNS record.
6572ed21e4b0b08e45738b17,MAGNUS FITNESS PRIVATE LIMITED,https://www.magnusfitnesspvtltd.com,Fetcher + StealthyFetcher,,,,,ERROR,DNS_UNRESOLVED,,,2,Domain does not currently resolve through DNS; Scrapling cannot retrieve a domain with no DNS record.
656d8496e4b0435f68ea2516,CIM MANAGEMENT INDIA PRIVATE LIMITED,https://www.cim-india.com,Fetcher + StealthyFetcher,,,,,ERROR,DNS_UNRESOLVED,,,2,Domain does not currently resolve through DNS; Scrapling cannot retrieve a domain with no DNS record.
65658a7ae4b0f1bb07750794,PUSHPANCHAL FOUNDATION,https://www.PUSHPANCHAL-FOUNDATION,Fetcher + StealthyFetcher,,,,,ERROR,DNS_UNRESOLVED,,,2,Domain does not currently resolve through DNS; Scrapling cannot retrieve a domain with no DNS record.
6541099be4b01077699f802e,Green Solutions Pest Control Services,https://www.greesolutionspest.com,Fetcher + StealthyFetcher,,,,,ERROR,DNS_UNRESOLVED,,,2,Domain does not currently resolve through DNS; Scrapling cannot retrieve a domain with no DNS record.
653cad60e4b01077699eacbe,Hilux laboratories private limited,https://www.hiluxlaboratories.com,Fetcher + StealthyFetcher,,,,,ERROR,DNS_UNRESOLVED,,,2,Domain does not currently resolve through DNS; Scrapling cannot retrieve a domain with no DNS record.
652a29fbe4b0af4b35d84981,DIYOO AGRO FARMS INDIA PRIVATE LIMITED,https://diyooagro.com/,Fetcher + StealthyFetcher,,,,,ERROR,DNS_UNRESOLVED,,,2,Domain does not currently resolve through DNS; Scrapling cannot retrieve a domain with no DNS record.
65018e4ee4b038ca50544260,GOSPHEL SHIELD LIFE SCIENCES PRIVATE LIMITED,https://gosphel.com/,Fetcher + StealthyFetcher,,,,,ERROR,DNS_UNRESOLVED,,,2,Domain does not currently resolve through DNS; Scrapling cannot retrieve a domain with no DNS record.
64f844d0e4b00b8c0d98ee0f,RAPIDBULL FINSERVE SOLUTIONS PRIVATE LIMITED,https://bankloanbazaar.in/,Fetcher + StealthyFetcher,,,,,ERROR,DNS_UNRESOLVED,,,2,Domain does not currently resolve through DNS; Scrapling cannot retrieve a domain with no DNS record.
64f5c951e4b02bcc4a00dc21,APTEC LEARNINGS PRIVATE LIMITED,https://www.mindmentors.in,Scrapling Fetcher,https://www.mindmentors.in/,,,,SUCCESS,,200,https://www.mindmentors.in/,1,Website successfully retrieved using Scrapling
64c4ee04e4b0c4486e891320,KIPONO TECHNOLOGY PRIVATE LIMITED,https://www.toptime.club/,Fetcher + StealthyFetcher,,,,,ERROR,DNS_UNRESOLVED,,,2,Domain does not currently resolve through DNS; Scrapling cannot retrieve a domain with no DNS record.
64c0bae8e4b0c4486e8874f5,Planet5E Wellness Pvt Ltd,https://www.planet5e.com,Fetcher + StealthyFetcher,,,,,ERROR,DNS_UNRESOLVED,,,2,Domain does not currently resolve through DNS; Scrapling cannot retrieve a domain with no DNS record.
64ba4b08e4b0c4486e876f84,RAVIKA ORGANIC PRIVATE LIMITED,http://ravikaorganic.com,Fetcher + StealthyFetcher,,,,,ERROR,DNS_UNRESOLVED,,,2,Domain does not currently resolve through DNS; Scrapling cannot retrieve a domain with no DNS record.
64b0c853e4b0ca7b139a71f3,PHARMAREGTECH PRIVATE LIMITED,https://www.qualitasglobus.com,Fetcher + StealthyFetcher,,,,,ERROR,DNS_UNRESOLVED,,,2,Domain does not currently resolve through DNS; Scrapling cannot retrieve a domain with no DNS record.
64ad22b4e4b0ca7b1399d402,212 BILTMORE HOSPITALITY PRIVATE LIMITED,https://212biltmore.in/,Fetcher + StealthyFetcher,,,,,ERROR,DNS_UNRESOLVED,,,2,Domain does not currently resolve through DNS; Scrapling cannot retrieve a domain with no DNS record.
64a8286be4b06880ba8c7706,DGCT TECHNOLOGY PRIVATE LIMITED,https://www.dgcttech.com,Fetcher + StealthyFetcher,,,,,ERROR,DNS_UNRESOLVED,,,2,Domain does not currently resolve through DNS; Scrapling cannot retrieve a domain with no DNS record.
64a3b26de4b0a5524e7d0781,SHREE MAHA GOMANTAK FOODS & BEVERAGES PRIVATE LIMITED,http://www.smgfoodsnbeverages.com/,Fetcher + StealthyFetcher,,,,,ERROR,DNS_UNRESOLVED,,,2,Domain does not currently resolve through DNS; Scrapling cannot retrieve a domain with no DNS record.
64859fa5e4b0bb8a940a6ad8,ELECRECO PRIVATE LIMITED,https://www.elecreco.com,Fetcher + StealthyFetcher,,,,,ERROR,DNS_UNRESOLVED,,,2,Domain does not currently resolve through DNS; Scrapling cannot retrieve a domain with no DNS record.
6474c2fbe4b0d597a030508f,DWELLSTAYS HOSPITALITY PRIVATE LIMITED,https://https//dwellStays.in/,Fetcher + StealthyFetcher,,,,,ERROR,DNS_UNRESOLVED,,,2,Domain does not currently resolve through DNS; Scrapling cannot retrieve a domain with no DNS record.
6463e33be4b025c671449283,MSPS TRADELINKS LLP,https://www.mayacure.in,Fetcher + StealthyFetcher,,,,,ERROR,DNS_UNRESOLVED,,,2,Domain does not currently resolve through DNS; Scrapling cannot retrieve a domain with no DNS record.
645e3d87e4b025c671432c09,SHADER LABS PRIVATE LIMITED,https://indiagamelab.com,Fetcher + StealthyFetcher,,,,,ERROR,DNS_UNRESOLVED,,,2,Domain does not currently resolve through DNS; Scrapling cannot retrieve a domain with no DNS record.
645cc7dae4b0a7a488d03157,VICTOIN MULTISERVICES PRIVATE LIMITED,https://victoinmultiservices.com,Fetcher + StealthyFetcher,,,,,ERROR,DNS_UNRESOLVED,,,2,Domain does not currently resolve through DNS; Scrapling cannot retrieve a domain with no DNS record.
645b2957e4b0912f1d81fe17,AVSG SOLUTIONS (OPC) PRIVATE LIMITED,https://www.sitgri.com,Fetcher + StealthyFetcher,,,,,ERROR,DNS_UNRESOLVED,,,2,Domain does not currently resolve through DNS; Scrapling cannot retrieve a domain with no DNS record.
644d37bfe4b08c6e5d9ee6ee,SHASHTAV CHARGING BHARAT PRIVATE LIMITED,https://www.blu-e.in/,Fetcher + StealthyFetcher,,,,,ERROR,DNS_UNRESOLVED,,,2,Domain does not currently resolve through DNS; Scrapling cannot retrieve a domain with no DNS record.
6447fc6be4b0ae03c7510b48,CLIFTON BEVERAGES PRIVATE LIMITED,https://www.cliftonbeverages.com,Fetcher + StealthyFetcher,,,,,ERROR,DNS_UNRESOLVED,,,2,Domain does not currently resolve through DNS; Scrapling cannot retrieve a domain with no DNS record.
642ebacfe4b03b5271295e26,KALAPENTRY DESIGN STUDIO LLP,https://www.itsthegaragesale.com,Fetcher + StealthyFetcher,,,,,ERROR,SCRAPLING_FAILED,,,2,DNS resolves but both Scrapling methods failed to retrieve the website.
64285363e4b070b7ef2de873,RYEA INDUSTRIES PRIVATE LIMITED,https://www.ryeaindustries.com,Fetcher + StealthyFetcher,,,,,ERROR,DNS_UNRESOLVED,,,2,Domain does not currently resolve through DNS; Scrapling cannot retrieve a domain with no DNS record.
6423d1e9e4b070b7ef2c81ec,LBSSOFTECH PRIVATE LIMITED,https://websathi.in/,Fetcher + StealthyFetcher,,,,,ERROR,DNS_UNRESOLVED,,,2,Domain does not currently resolve through DNS; Scrapling cannot retrieve a domain with no DNS record.
641dcdefe4b070b7ef2b2e6f,RIDAYAN CONSTRUCTIONS LLP,https://ridayanconstructionsllp.co.in,Fetcher + StealthyFetcher,,,,,ERROR,DNS_UNRESOLVED,,,2,Domain does not currently resolve through DNS; Scrapling cannot retrieve a domain with no DNS record.
640c5917e4b05275a6b3f202,SUVAN DIAMONDS INDIA PRIVATE LIMITED,https://www.suvandiamond.com,Fetcher + StealthyFetcher,,,,,ERROR,DNS_UNRESOLVED,,,2,Domain does not currently resolve through DNS; Scrapling cannot retrieve a domain with no DNS record.
63f4ea80e4b0752eedff9b90,GPAL INTERNATIONAL PRIVATE LIMITED,https://www.gpalinternatinal.com,Fetcher + StealthyFetcher,,,,,ERROR,DNS_UNRESOLVED,,,2,Domain does not currently resolve through DNS; Scrapling cannot retrieve a domain with no DNS record.
63d6bbc3e4b0d237b25730a8,Renoplast India Private Limited,https://NA,Fetcher + StealthyFetcher,,,,,ERROR,DNS_UNRESOLVED,,,2,Domain does not currently resolve through DNS; Scrapling cannot retrieve a domain with no DNS record.
63d507a0e4b0d237b2570bbc,M K PERUMAL GLOBAL BUSINESS CONSULTANT PRIVATE LIMITED,https://perucabs.com,Fetcher + StealthyFetcher,,,,,ERROR,DNS_UNRESOLVED,,,2,Domain does not currently resolve through DNS; Scrapling cannot retrieve a domain with no DNS record.
63cbb3abe4b03b5f8b44b0f0,SAVITAR AUTOMOTIVE PRIVATE LIMITED,http://bikeecg.com/,Fetcher + StealthyFetcher,,,,,ERROR,DNS_UNRESOLVED,,,2,Domain does not currently resolve through DNS; Scrapling cannot retrieve a domain with no DNS record.
63c5018be4b0a39b8f000727,AEROVANIA PRIVATE LIMITED,https://N/A,Fetcher + StealthyFetcher,,,,,ERROR,DNS_UNRESOLVED,,,2,Domain does not currently resolve through DNS; Scrapling cannot retrieve a domain with no DNS record.
639c4aa9e4b0e7b413afe4ed,Vikramaaditya Vc Private Limited,https://Vikramaaditya.com,Fetcher + StealthyFetcher,,,,,ERROR,DNS_UNRESOLVED,,,2,Domain does not currently resolve through DNS; Scrapling cannot retrieve a domain with no DNS record.
63863a25e4b0f9d1767d01d4,Matchedmee Enterprises Private Limited,http://www.matchedmee.com,Fetcher + StealthyFetcher,,,,,ERROR,DNS_UNRESOLVED,,,2,Domain does not currently resolve through DNS; Scrapling cannot retrieve a domain with no DNS record.
6379eb67e4b027ddb8e63424,Ingenuitive Private Limited,https://aac.ingenuitive.cc,Fetcher + StealthyFetcher,,,,,ERROR,DNS_UNRESOLVED,,,2,Domain does not currently resolve through DNS; Scrapling cannot retrieve a domain with no DNS record.
6378a4cfe4b027ddb8e5a742,Founders Innovation Private Limited,https://iwearwhoopee.com/,Fetcher + StealthyFetcher,,,,,ERROR,DNS_UNRESOLVED,,,2,Domain does not currently resolve through DNS; Scrapling cannot retrieve a domain with no DNS record.
637892a1e4b027ddb8e59816,Mandarin Semiconductors Private Limited,https://www.mandarinsemiconductors.com,Fetcher + StealthyFetcher,,,,,ERROR,DNS_UNRESOLVED,,,2,Domain does not currently resolve through DNS; Scrapling cannot retrieve a domain with no DNS record.
6374df23e4b07b9d66d9cecf,Pertinent Healthcare Business Solutions Private Limited,http://www.pertinenthbs.com/,Fetcher + StealthyFetcher,,,,,ERROR,SCRAPLING_FAILED,,,2,DNS resolves but both Scrapling methods failed to retrieve the website.
636bcd03e4b0561227f0cd63,Medyard Trexim Private Limited,https://www.medyardtrexim.com,Fetcher + StealthyFetcher,,,,,ERROR,DNS_UNRESOLVED,,,2,Domain does not currently resolve through DNS; Scrapling cannot retrieve a domain with no DNS record.
633c3712e4b0feee6e0b8768,MES-ONS INDIA PRIVATE LIMITED,https://www.mesonswires.com,Fetcher + StealthyFetcher,,,,,ERROR,DNS_UNRESOLVED,,,2,Domain does not currently resolve through DNS; Scrapling cannot retrieve a domain with no DNS record.
62ff0f6ce4b0da9c23ed4f87,Sts360 Support Private Limited,https://www.STS360 support.in,Fetcher + StealthyFetcher,,,,,ERROR,DNS_UNRESOLVED,,,2,Domain does not currently resolve through DNS; Scrapling cannot retrieve a domain with no DNS record.
62f0ec05e4b02524d81a6f2b,Amplecare Remedies Private Limited,https://www.amplecareremedies.com,Scrapling Fetcher,https://www.amplecareremedies.com/,,,,SUCCESS,,200,https://www.amplecareremedies.com/,1,Website successfully retrieved using Scrapling
62ecd177e4b02524d81921c0,Happico Foods Private Limited,https://www.myhappico.com,Fetcher + StealthyFetcher,,,,,ERROR,DNS_UNRESOLVED,,,2,Domain does not currently resolve through DNS; Scrapling cannot retrieve a domain with no DNS record.
62ec999be4b02524d81908d4,NENIPRRA PRIVATE LIMITED,https://neniprra.com,Fetcher + StealthyFetcher,,,,,ERROR,DNS_UNRESOLVED,,,2,Domain does not currently resolve through DNS; Scrapling cannot retrieve a domain with no DNS record.
62db8687e4b05e317519ac42,Sonexa Innovations Private Limited,https://www.galon.in,Fetcher + StealthyFetcher,,,,,ERROR,DNS_UNRESOLVED,,,2,Domain does not currently resolve through DNS; Scrapling cannot retrieve a domain with no DNS record.
62d82404e4b0840fb6bd6c9c,YUVATRENZ MARKETING PRIVATE LIMITED,https://yuvatm.com,Fetcher + StealthyFetcher,,,,,ERROR,DNS_UNRESOLVED,,,2,Domain does not currently resolve through DNS; Scrapling cannot retrieve a domain with no DNS record.
62cc50cbe4b0d06e97b36e7a,Vidharbha Agro Engineering Solutions Private Limited,https://www.yantrashakti.in,Fetcher + StealthyFetcher,,,,,ERROR,DNS_UNRESOLVED,,,2,Domain does not currently resolve through DNS; Scrapling cannot retrieve a domain with no DNS record.
62c5c992e4b07b2cdee43e65,VARDHISHNU AGROPRODUCTS PRIVATE LIMITED,https://Vardhishnuagro.in,Fetcher + StealthyFetcher,,,,,ERROR,DNS_UNRESOLVED,,,2,Domain does not currently resolve through DNS; Scrapling cannot retrieve a domain with no DNS record.
62c4137de4b07b2cdee35553,AMA VENTURES LLP,https://lightningz.in,Fetcher + StealthyFetcher,,,,,ERROR,DNS_UNRESOLVED,,,2,Domain does not currently resolve through DNS; Scrapling cannot retrieve a domain with no DNS record.
62bff0d3e4b07b2cdee09942,Yorever Technovations Private Limited,https://yorever.com,Fetcher + StealthyFetcher,,,,,ERROR,DNS_UNRESOLVED,,,2,Domain does not currently resolve through DNS; Scrapling cannot retrieve a domain with no DNS record.
62909a84e4b028cbac15e8c3,JIVTODE E-RETAIL TRADE (OPC) PRIVATE LIMITED,https://www.buyosooth.in,Fetcher + StealthyFetcher,,,,,ERROR,DNS_UNRESOLVED,,,2,Domain does not currently resolve through DNS; Scrapling cannot retrieve a domain with no DNS record.
628f3a3fe4b028cbac156050,SAFFONA HEALTHCARE PRIVATE LIMITED,http://www.saffonaphysiotherapy.in,Fetcher + StealthyFetcher,,,,,ERROR,DNS_UNRESOLVED,,,2,Domain does not currently resolve through DNS; Scrapling cannot retrieve a domain with no DNS record.
628483f5e4b028cbac11df7e,MIG-24 HEALTHCARE PRIVATE LIMITED,https://mig-24healthcare.com/,Fetcher + StealthyFetcher,,,,,ERROR,DNS_UNRESOLVED,,,2,Domain does not currently resolve through DNS; Scrapling cannot retrieve a domain with no DNS record.
62737db8e4b028cbac0c515f,KAYA LAWATRE IMPEX PRIVATE LIMITED,https://www.kayastore.co.in/,Fetcher + StealthyFetcher,,,,,ERROR,DNS_UNRESOLVED,,,2,Domain does not currently resolve through DNS; Scrapling cannot retrieve a domain with no DNS record.
627279c4e4b028cbac0c2259,VASTUWISHWAS (OPC) PRIVATE LIMITED,https://www.vastuwishwas.com,Fetcher + StealthyFetcher,,,,,ERROR,DNS_UNRESOLVED,,,2,Domain does not currently resolve through DNS; Scrapling cannot retrieve a domain with no DNS record.
625678d1e4b00f07df34aae0,NATRAJ BEVERAGES AND FOODS PRIVATE LIMITED,https://NATRAJINDIA.IN,Fetcher + StealthyFetcher,,,,,ERROR,DNS_UNRESOLVED,,,2,Domain does not currently resolve through DNS; Scrapling cannot retrieve a domain with no DNS record.
6242fb68e4b0e4f8d277a395,TRIBUGS IN PRIVATE LIMITED,https://www.tribugs.com/,Fetcher + StealthyFetcher,,,,,ERROR,DNS_UNRESOLVED,,,2,Domain does not currently resolve through DNS; Scrapling cannot retrieve a domain with no DNS record.
6235896ee4b0e4f8d273b000,SmartHire Consultant Private Limited,http://smarthire.info/,Fetcher + StealthyFetcher,,,,,ERROR,DNS_UNRESOLVED,,,2,Domain does not currently resolve through DNS; Scrapling cannot retrieve a domain with no DNS record.
622efc5fe4b0e4f8d27164bf,PAW&TAILS SOLUTIONS PRIVATE LIMITED,https://www.dobbythechef.com,Fetcher + StealthyFetcher,,,,,ERROR,DNS_UNRESOLVED,,,2,Domain does not currently resolve through DNS; Scrapling cannot retrieve a domain with no DNS record.
620df3b5e4b0e4f8d2665a60,KRUSHNARPAN COMMERCIALS PRIVATE LIMITED,https://www.kcplnagpur.com/#,Fetcher + StealthyFetcher,,,,,ERROR,DNS_UNRESOLVED,,,2,Domain does not currently resolve through DNS; Scrapling cannot retrieve a domain with no DNS record.
62050406e4b0e4f8d262aa97,Godbole (G) Naturals And Dairy Farms Llp,https://www.gnaturals.in,Fetcher + StealthyFetcher,,,,,ERROR,DNS_UNRESOLVED,,,2,Domain does not currently resolve through DNS; Scrapling cannot retrieve a domain with no DNS record.
62037567e4b0e4f8d261f3d0,RITESHRI UDYOG PRIVATE LIMITED,https://riteshriudyog.com,Fetcher + StealthyFetcher,,,,,ERROR,DNS_UNRESOLVED,,,2,Domain does not currently resolve through DNS; Scrapling cannot retrieve a domain with no DNS record.
62036338e4b0e4f8d261eb7a,SONI PAINTS PRIVATE LIMITED,https://goodwillpaint.com/,Fetcher + StealthyFetcher,,,,,ERROR,DNS_UNRESOLVED,,,2,Domain does not currently resolve through DNS; Scrapling cannot retrieve a domain with no DNS record.
61fa7957e4b00f5d174af5f5,SCRIPTANGLE PRIVATE LIMITED,https://script-angle.com,Fetcher + StealthyFetcher,,,,,ERROR,DNS_UNRESOLVED,,,2,Domain does not currently resolve through DNS; Scrapling cannot retrieve a domain with no DNS record.
61f78e4fe4b0bc85704310b8,NAVYONI TECHNOLOGIES PRIVATE LIMITED,https://www.navyoni.com,Fetcher + StealthyFetcher,,,,,ERROR,DNS_UNRESOLVED,,,2,Domain does not currently resolve through DNS; Scrapling cannot retrieve a domain with no DNS record.
61f6a9e9e4b0bc857042b972,UFF FOODS PRIVATE LIMITED,https://www.uff-india.com,Fetcher + StealthyFetcher,,,,,ERROR,DNS_UNRESOLVED,,,2,Domain does not currently resolve through DNS; Scrapling cannot retrieve a domain with no DNS record.
61f13a73e4b020b2f88a6ac4,AFIFA CARE PRIVATE LIMITED,https://www.afifacare.com,Fetcher + StealthyFetcher,,,,,ERROR,DNS_UNRESOLVED,,,2,Domain does not currently resolve through DNS; Scrapling cannot retrieve a domain with no DNS record.
61e04da4e4b020b2f8831689,KESHVAM INFRASOFT LLP,http://www.keshavaminfrasoft.com/,Fetcher + StealthyFetcher,,,,,ERROR,DNS_UNRESOLVED,,,2,Domain does not currently resolve through DNS; Scrapling cannot retrieve a domain with no DNS record.
61e004f2e4b020b2f882fdde,KSHITIJ TELEMEDIA NETWORKS PRIVATE LIMITED,https://www.kshitijnetworks.com,Fetcher + StealthyFetcher,,,,,ERROR,DNS_UNRESOLVED,,,2,Domain does not currently resolve through DNS; Scrapling cannot retrieve a domain with no DNS record.
61d925d1e4b020b2f8805dad,CC PRECAST SOLUTIONS PRIVATE LIMITED,https://www.ccprecastsolutions.con,Fetcher + StealthyFetcher,,,,,ERROR,DNS_UNRESOLVED,,,2,Domain does not currently resolve through DNS; Scrapling cannot retrieve a domain with no DNS record.
61c03489e4b041b4edd31464,BILLEX PRIVATE LIMITED,https://billexinsights.com,Fetcher + StealthyFetcher,,,,,ERROR,DNS_UNRESOLVED,,,2,Domain does not currently resolve through DNS; Scrapling cannot retrieve a domain with no DNS record.
61a49f57e4b0cb4c4c11d621,KWIKZIP E-COMMERCE SERVICES PRIVATE LIMITED,https://kwikcommerce.io//,Fetcher + StealthyFetcher,,,,,ERROR,DNS_UNRESOLVED,,,2,Domain does not currently resolve through DNS; Scrapling cannot retrieve a domain with no DNS record.
61a22adde4b0cb4c4c114bb8,STAFFEX CORPORATION PRIVATE LIMITED,https://www.staffex.in,Fetcher + StealthyFetcher,,,,,ERROR,DNS_UNRESOLVED,,,2,Domain does not currently resolve through DNS; Scrapling cannot retrieve a domain with no DNS record.
617fda1be4b0cb4c4c06a3e8,ALTIOR HEALTHCARE (OPC) PRIVATE LIMITED,https://www.sakshamlimbs.com,Fetcher + StealthyFetcher,,,,,ERROR,DNS_UNRESOLVED,,,2,Domain does not currently resolve through DNS; Scrapling cannot retrieve a domain with no DNS record.
617bb3d6e4b0cb4c4c05d68d,INDUSFUEL ENERGY INDIA PRIVATE LIMITED,https://www.indusfuelenergy.com/,Fetcher + StealthyFetcher,,,,,ERROR,DNS_UNRESOLVED,,,2,Domain does not currently resolve through DNS; Scrapling cannot retrieve a domain with no DNS record.
61615fffe4b07efc0a4d722c,GAGS INDIA PRIVATE LIMITED,http://www.gags9.in/app/,Fetcher + StealthyFetcher,,,,,ERROR,DNS_UNRESOLVED,,,2,Domain does not currently resolve through DNS; Scrapling cannot retrieve a domain with no DNS record.
615c982fe4b08fb41b685967,COSMIC LIVING (OPC) PRIVATE LIMITED,https://www.rawandessentials.com/,Fetcher + StealthyFetcher,,,,,ERROR,DNS_UNRESOLVED,,,2,Domain does not currently resolve through DNS; Scrapling cannot retrieve a domain with no DNS record.
61359e31e4b0f62f930c449c,JAYSIS GREEN ENERGY INFRA PRIVATE LIMITED,https://jaysis.ai/,Fetcher + StealthyFetcher,,,,,ERROR,DNS_UNRESOLVED,,,2,Domain does not currently resolve through DNS; Scrapling cannot retrieve a domain with no DNS record.
6128cddbe4b0f62f92fca71d,THIRTY MORE CHRONICLE PRIVATE LIMITED,https://Fostrreads.com,Fetcher + StealthyFetcher,,,,,ERROR,DNS_UNRESOLVED,,,2,Domain does not currently resolve through DNS; Scrapling cannot retrieve a domain with no DNS record.
611e1290e4b0aee5cebab396,FIDROO CORPORATIONS PRIVATE LIMITED,https://www.fidroo.com,Fetcher + StealthyFetcher,,,,,ERROR,DNS_UNRESOLVED,,,2,Domain does not currently resolve through DNS; Scrapling cannot retrieve a domain with no DNS record.
61175323e4b0aee5ceb61974,PAYIFY TECHNOLOGIES PRIVATE LIMITED,https://www.payify.in,Fetcher + StealthyFetcher,,,,,ERROR,SCRAPLING_FAILED,,,2,DNS resolves but both Scrapling methods failed to retrieve the website.
61126aeae4b0aee5ceb2ac8f,MAXTRACT ENGINEERS PRIVATE LIMITED,https://www.maxtract.in,Fetcher + StealthyFetcher,,,,,ERROR,DNS_UNRESOLVED,,,2,Domain does not currently resolve through DNS; Scrapling cannot retrieve a domain with no DNS record.
60e3aae5e4b0a8de6fd7b8ac,VEE VIRTUAL FARMS PRIVATE LIMITED,https://www.virtualfarmapp.com,Fetcher + StealthyFetcher,,,,,ERROR,DNS_UNRESOLVED,,,2,Domain does not currently resolve through DNS; Scrapling cannot retrieve a domain with no DNS record.
60dff71ce4b0a8de6fd6c932,Medicamentaid Private Limited,https://medicamentaid.Com,Fetcher + StealthyFetcher,,,,,ERROR,DNS_UNRESOLVED,,,2,Domain does not currently resolve through DNS; Scrapling cannot retrieve a domain with no DNS record.
5b11126ee4b03c10743a8f8e,SOMEBUDDY TECHNOLOGIES LLP,https://kreativbricks.com,Fetcher + StealthyFetcher,,,,,ERROR,DNS_UNRESOLVED,,,2,Domain does not currently resolve through DNS; Scrapling cannot retrieve a domain with no DNS record.
60c989bee4b01e72abcf5fa4,INTELLERO TECHNOLOGY AND MANAGEMENT SOLUTIONS PRIVATE LIMITED,https://htp://intellero.com/,Fetcher + StealthyFetcher,,,,,ERROR,DNS_UNRESOLVED,,,2,Domain does not currently resolve through DNS; Scrapling cannot retrieve a domain with no DNS record.
60c8378fe4b027c65da238ec,GOLDENVOWS SERVICES PRIVATE LIMITED,https://www.goldenvows.com,Fetcher + StealthyFetcher,,,,,ERROR,DNS_UNRESOLVED,,,2,Domain does not currently resolve through DNS; Scrapling cannot retrieve a domain with no DNS record.
60bf3fd8e4b027c65d9c14b1,ARVIND TECHNO EQUIPMENTS,http://www.arvindtech.net,Fetcher + StealthyFetcher,,,,,ERROR,DNS_UNRESOLVED,,,2,Domain does not currently resolve through DNS; Scrapling cannot retrieve a domain with no DNS record.
60be305ee4b027c65d9b02d0,MODCAVE SHELTER TECH PRIVATE LIMITED,https://modcave.in/,Fetcher + StealthyFetcher,,,,,ERROR,DNS_UNRESOLVED,,,2,Domain does not currently resolve through DNS; Scrapling cannot retrieve a domain with no DNS record.
60b4c2c9e4b003351f32cf2f,ACREDIT TECHNOLOGY PRIVATE LIMITED,https://www.tezbooks.com,Fetcher + StealthyFetcher,,,,,ERROR,DNS_UNRESOLVED,,,2,Domain does not currently resolve through DNS; Scrapling cannot retrieve a domain with no DNS record.
60a9f10fe4b0e73e1e61d199,AVADHOOT URJA ABHIYAN LLP,https://www.aua-l.com,Fetcher + StealthyFetcher,,,,,ERROR,DNS_UNRESOLVED,,,2,Domain does not currently resolve through DNS; Scrapling cannot retrieve a domain with no DNS record.
609bbd13e4b04486ed6ed2ab,BATBIRD TECHNOLOGY SERVICES PRIVATE LIMITED,http://Batbird.in,Fetcher + StealthyFetcher,,,,,ERROR,DNS_UNRESOLVED,,,2,Domain does not currently resolve through DNS; Scrapling cannot retrieve a domain with no DNS record.
60851f85e4b0d2ddc90bf75e,BONDRE GREEN ENERGY PRIVATE LIMITED INDIA,https://www.bondregroups.com/,Fetcher + StealthyFetcher,,,,,ERROR,DNS_UNRESOLVED,,,2,Domain does not currently resolve through DNS; Scrapling cannot retrieve a domain with no DNS record.
60797fabe4b0d2ddc907e908,DIASPORA INNOVATIONS PRIVATE LIMITED,https://www.therightgate.com/,Fetcher + StealthyFetcher,,,,,ERROR,DNS_UNRESOLVED,,,2,Domain does not currently resolve through DNS; Scrapling cannot retrieve a domain with no DNS record.
60767796e4b0d2ddc906831d,DATALYTICS TECHNOLOGIES PRIVATE LIMITED,https://www.datalytics.co.in,Fetcher + StealthyFetcher,,,,,ERROR,DNS_UNRESOLVED,,,2,Domain does not currently resolve through DNS; Scrapling cannot retrieve a domain with no DNS record.
60740a52e4b0d2ddc9053ede,GOBASKET AGROTECH PRIVATE LIMITED,https://gobasket.org,Fetcher + StealthyFetcher,,,,,ERROR,DNS_UNRESOLVED,,,2,Domain does not currently resolve through DNS; Scrapling cannot retrieve a domain with no DNS record.
606820d4e4b03f92cbd3c145,EVEN HEALTHCARE PRIVATE LIMITED,https://www.evenhealthcare.com/,Fetcher + StealthyFetcher,,,,,ERROR,SCRAPLING_FAILED,,,2,DNS resolves but both Scrapling methods failed to retrieve the website.
606196dde4b03f92cbd07b01,ADWARB LOGISTICS SERVICES (OPC) PRIVATE LIMITED,https://aachalgroup.co.in,Fetcher + StealthyFetcher,,,,,ERROR,DNS_UNRESOLVED,,,2,Domain does not currently resolve through DNS; Scrapling cannot retrieve a domain with no DNS record.
602e78dae4b017a8daec865b,Saur Neer Technologies,https://www.saurneer.in,Fetcher + StealthyFetcher,,,,,ERROR,DNS_UNRESOLVED,,,2,Domain does not currently resolve through DNS; Scrapling cannot retrieve a domain with no DNS record.
602795c1e4b07bc22e783697,SAI BIOSYSTEMS PRIVATE LIMITED,https://www.saibiosystems.com,Fetcher + StealthyFetcher,,,,,ERROR,DNS_UNRESOLVED,,,2,Domain does not currently resolve through DNS; Scrapling cannot retrieve a domain with no DNS record.
6023e2f8e4b07bc22e76c563,CLIDE MANAGEMENT CONSULTANCY PRIVATE LIMITED,https://clideg.clideoffice.com/,Fetcher + StealthyFetcher,,,,,ERROR,DNS_UNRESOLVED,,,2,Domain does not currently resolve through DNS; Scrapling cannot retrieve a domain with no DNS record.
600bd9dce4b06d1acbcb3e2b,MOTORODI AUTOMOBILE SERVICES PRIVATE LIMITED,https://www.motorodi.com,Fetcher + StealthyFetcher,,,,,ERROR,DNS_UNRESOLVED,,,2,Domain does not currently resolve through DNS; Scrapling cannot retrieve a domain with no DNS record.
600a9f3be4b0c081f74bd44c,WAGEV ELECTRIC VEHICLES MANUFACTURING PRIVATE LIMITED,https://wag-ev.com/,Fetcher + StealthyFetcher,,,,,ERROR,DNS_UNRESOLVED,,,2,Domain does not currently resolve through DNS; Scrapling cannot retrieve a domain with no DNS record.
600a8769e4b0c081f74bc7e7,OCRE8 TECHNOLOGIES PRIVATE LIMITED,https://www.ocre8technologies.com,Fetcher + StealthyFetcher,,,,,ERROR,DNS_UNRESOLVED,,,2,Domain does not currently resolve through DNS; Scrapling cannot retrieve a domain with no DNS record.
6007d9a4e4b0c081f74a975f,NEXT TRACK ENGINEERING PRIVATE LIMITED,https://nextrack.in/,Fetcher + StealthyFetcher,,,,,ERROR,DNS_UNRESOLVED,,,2,Domain does not currently resolve through DNS; Scrapling cannot retrieve a domain with no DNS record.
6007bd31e4b0c081f74a8d92,DIAGNO ON MEDICAL &amp; DIAGNOSTICS SERVICESINDIA PRIVATE LIMITED,https://www.diagnoon.com,Fetcher + StealthyFetcher,,,,,ERROR,DNS_UNRESOLVED,,,2,Domain does not currently resolve through DNS; Scrapling cannot retrieve a domain with no DNS record.
60045f0be4b0c081f7499b8a,NATTY & CANNY PRIVATE LIMITED,https://www.walkingwardrobe.in,Fetcher + StealthyFetcher,,,,,ERROR,DNS_UNRESOLVED,,,2,Domain does not currently resolve through DNS; Scrapling cannot retrieve a domain with no DNS record.
5ff2e370e4b072ce6640bcea,BIOS INNOVATIVE HEALTHCARE SOLUTIONS PRIVATE LIMITED,http://biosinnovations.com/,Fetcher + StealthyFetcher,,,,,ERROR,DNS_UNRESOLVED,,,2,Domain does not currently resolve through DNS; Scrapling cannot retrieve a domain with no DNS record.
5fe8cb30e4b0db7e4f388358,WEREHAB TECHNOLOGIES PRIVATE LIMITED,https://www.werehabtech.com/,Fetcher + StealthyFetcher,,,,,ERROR,DNS_UNRESOLVED,,,2,Domain does not currently resolve through DNS; Scrapling cannot retrieve a domain with no DNS record.
5fe350c9e4b0db7e4f369c6e,DDAARC PICKUP SERVICES PRIVATE LIMITED,https://www.apoux.com,Fetcher + StealthyFetcher,,,,,ERROR,DNS_UNRESOLVED,,,2,Domain does not currently resolve through DNS; Scrapling cannot retrieve a domain with no DNS record.
5fe18b0ee4b0db7e4f35cfaa,Radium Technologies,https://www.radiumtechnologies.in,Fetcher + StealthyFetcher,,,,,ERROR,DNS_UNRESOLVED,,,2,Domain does not currently resolve through DNS; Scrapling cannot retrieve a domain with no DNS record.
5fbe1f81e4b016b44cb2aae4,Oyster Technocon,https://oystertechnocon.com,Fetcher + StealthyFetcher,,,,,ERROR,DNS_UNRESOLVED,,,2,Domain does not currently resolve through DNS; Scrapling cannot retrieve a domain with no DNS record.
5fb8bac0e4b0dca0779d0c9c,PRECISURG PRIVATE LIMITED,https://precisurg.co.in,Fetcher + StealthyFetcher,,,,,ERROR,DNS_UNRESOLVED,,,2,Domain does not currently resolve through DNS; Scrapling cannot retrieve a domain with no DNS record.
5fb29bd8e4b01f96edfb30dd,Movench,https://www.movench.com,Fetcher + StealthyFetcher,,,,,ERROR,DNS_UNRESOLVED,,,2,Domain does not currently resolve through DNS; Scrapling cannot retrieve a domain with no DNS record.
5f9690b1e4b073af970419b9,SHAKTIMAAN SOLAR LLP,https://www.shaktimaansolar.com,Fetcher + StealthyFetcher,,,,,ERROR,DNS_UNRESOLVED,,,2,Domain does not currently resolve through DNS; Scrapling cannot retrieve a domain with no DNS record.
5f7ef2bfe4b0cbc0da807afa,TNB FOODS PRIVATE LIMITED,https://www.thenaturesbowl.com,Fetcher + StealthyFetcher,,,,,ERROR,DNS_UNRESOLVED,,,2,Domain does not currently resolve through DNS; Scrapling cannot retrieve a domain with no DNS record.
5f72daf8e4b0cbc0da7e0a98,YOUBOTICS INNOVATIONS PRIVATE LIMITED,https://www.youbotics.in,Fetcher + StealthyFetcher,,,,,ERROR,DNS_UNRESOLVED,,,2,Domain does not currently resolve through DNS; Scrapling cannot retrieve a domain with no DNS record.
5f6dd7d0e4b063729925e487,GIRLSCRIPT TECHNOLOGIES PRIVATE LIMITED,https://gsyay.com,Fetcher + StealthyFetcher,,,,,ERROR,DNS_UNRESOLVED,,,2,Domain does not currently resolve through DNS; Scrapling cannot retrieve a domain with no DNS record.
5f6d8e3fe4b063729925bc71,RIDDHIMANN TECHNOLOGIES PRIVATE LIMITED,https://mysoniji.com/,Fetcher + StealthyFetcher,,,,,ERROR,DNS_UNRESOLVED,,,2,Domain does not currently resolve through DNS; Scrapling cannot retrieve a domain with no DNS record.
5f6af778e4b063729925337c,MEGA PETROLEUMS LLP,http://megapetroleums.in.net/,Fetcher + StealthyFetcher,,,,,ERROR,DNS_UNRESOLVED,,,2,Domain does not currently resolve through DNS; Scrapling cannot retrieve a domain with no DNS record.
5f5c7f41e4b094dd1b664d8c,UCOB100 BIOENERGY PRIVATE LIMITED,http://ucob100.com/,Fetcher + StealthyFetcher,,,,,ERROR,DNS_UNRESOLVED,,,2,Domain does not currently resolve through DNS; Scrapling cannot retrieve a domain with no DNS record.
5f378719e4b0b0f1fd25a1dc,AMPHAN TECHNOLOGIES PRIVATE LIMITED,http://neovantium.com,Fetcher + StealthyFetcher,,,,,ERROR,DNS_UNRESOLVED,,,2,Domain does not currently resolve through DNS; Scrapling cannot retrieve a domain with no DNS record.
5f117719e4b08a4759a57da0,SAZO MANAGEMENT PRIVATE LIMITED,http://www.sazompl.in,Fetcher + StealthyFetcher,,,,,ERROR,DNS_UNRESOLVED,,,2,Domain does not currently resolve through DNS; Scrapling cannot retrieve a domain with no DNS record.
5f0094e2e4b022bc24f9d2f8,XPRENZA ROBOTICS PRIVATE LIMITED,https://www.xprenza.com/,Fetcher + StealthyFetcher,,,,,ERROR,DNS_UNRESOLVED,,,2,Domain does not currently resolve through DNS; Scrapling cannot retrieve a domain with no DNS record.
5eef704be4b0935c8cebfcac,BRAINIEST DIGITAL PLATFORM PRIVATE LIMITED,https://www.brainyguru.in,Fetcher + StealthyFetcher,,,,,ERROR,DNS_UNRESOLVED,,,2,Domain does not currently resolve through DNS; Scrapling cannot retrieve a domain with no DNS record.
5ec79036e4b03e7099593836,SAMVARU TECHNOSOL LLP,https://www.quotemysurgery.com,Fetcher + StealthyFetcher,,,,,ERROR,DNS_UNRESOLVED,,,2,Domain does not currently resolve through DNS; Scrapling cannot retrieve a domain with no DNS record.
5ec00b7ae4b072672dd90446,ADITI GREENTECH INDIA PRIVATE LIMITED,https://www.adititech.in,Scrapling Fetcher,https://adititech.in/,,,,SUCCESS,,200,https://adititech.in/,1,Website successfully retrieved using Scrapling
5ebe9f97e4b092c4326099b3,DHRUV DAGA PROFESSIONAL LEARNING PRIVATELIMITED,https://www.dhruvdaga.in,Fetcher + StealthyFetcher,,,,,ERROR,DNS_UNRESOLVED,,,2,Domain does not currently resolve through DNS; Scrapling cannot retrieve a domain with no DNS record.
5e954b47e4b0363cb6319962,DHARKAR ONLINE SERVICES (OPC) PRIVATE LIMITED,https://www.tomatino.in,Fetcher + StealthyFetcher,,,,,ERROR,DNS_UNRESOLVED,,,2,Domain does not currently resolve through DNS; Scrapling cannot retrieve a domain with no DNS record.
5e91465ce4b0363cb6312211,BEETROOT AGRO (OPC) PRIVATE LIMITED,http://www.beetrootagro.com/,Fetcher + StealthyFetcher,,,,,ERROR,DNS_UNRESOLVED,,,2,Domain does not currently resolve through DNS; Scrapling cannot retrieve a domain with no DNS record.
5e908bb4e4b0363cb6311d0a,TULJAI LABPOINT PRIVATE LIMITED,https://tuljaihealthcare.com,Fetcher + StealthyFetcher,,,,,ERROR,DNS_UNRESOLVED,,,2,Domain does not currently resolve through DNS; Scrapling cannot retrieve a domain with no DNS record.
5e89f4a8e4b055bfaeaafa54,EUTRONIX TECHNOLOGIES PRIVATE LIMITED,https://www.eutronix.in,Fetcher + StealthyFetcher,,,,,ERROR,DNS_UNRESOLVED,,,2,Domain does not currently resolve through DNS; Scrapling cannot retrieve a domain with no DNS record.
5e6f456ae4b0bf8415d24332,TITANDLT IT SOLUTIONS PRIVATE LIMITED,https://www.titandlt.co,Fetcher + StealthyFetcher,,,,,ERROR,DNS_UNRESOLVED,,,2,Domain does not currently resolve through DNS; Scrapling cannot retrieve a domain with no DNS record.
5e675014e4b0bf8415d1c9fc,SHOONYATVAM FOUNDATION,https://www.shoonyatvam.org,Fetcher + StealthyFetcher,,,,,ERROR,SCRAPLING_FAILED,,,2,DNS resolves but both Scrapling methods failed to retrieve the website.
5e5e5324e4b0bf8415d12e40,BINJA TECH PRIVATE LIMITED,https://www.binjatech.com,Fetcher + StealthyFetcher,,,,,ERROR,DNS_UNRESOLVED,,,2,Domain does not currently resolve through DNS; Scrapling cannot retrieve a domain with no DNS record.
5e56b1d8e4b0bf8415d0a568,GLANCIEL INFOTECH PRIVATE LIMITED,https://www.glancielinfotech.com,Fetcher + StealthyFetcher,,,,,ERROR,DNS_UNRESOLVED,,,2,Domain does not currently resolve through DNS; Scrapling cannot retrieve a domain with no DNS record.
5e521a2de4b0bf8415d01d4d,STEM LEARNING SOLUTIONS PRIVATE LIMITED,https://mystemzone.com,Fetcher + StealthyFetcher,,,,,ERROR,DNS_UNRESOLVED,,,2,Domain does not currently resolve through DNS; Scrapling cannot retrieve a domain with no DNS record.
5e368763e4b0bf34fcfa2522,ANTMAN CONSULTANTS AND LOGISTICS PRIVATELIMITED,https://www.coldstoragetoday.com,Fetcher + StealthyFetcher,,,,,ERROR,DNS_UNRESOLVED,,,2,Domain does not currently resolve through DNS; Scrapling cannot retrieve a domain with no DNS record.
5e355cfae4b0bf34fcfa1766,ALLIANCE TECHNOLOGIST,https://www.alliancetechnologist.com,Fetcher + StealthyFetcher,,,,,ERROR,DNS_UNRESOLVED,,,2,Domain does not currently resolve through DNS; Scrapling cannot retrieve a domain with no DNS record.
5e2aff50e4b0978ef9bf70dd,VILLARBAN RETAIL AND WHOLESALE HUB PRIVATE LIMITED,https://www.villarban.com,Fetcher + StealthyFetcher,,,,,ERROR,DNS_UNRESOLVED,,,2,Domain does not currently resolve through DNS; Scrapling cannot retrieve a domain with no DNS record.
5e25bbace4b0978ef9bf0332,AUR INNOVATIONS PRIVATE LIMITED,https://www.Hippojaws.com,Fetcher + StealthyFetcher,,,,,ERROR,DNS_UNRESOLVED,,,2,Domain does not currently resolve through DNS; Scrapling cannot retrieve a domain with no DNS record.
5e1c6802e4b04bc11ecd65e2,WATTFIN VENTURES PRIVATE LIMITED,https://www.atant.in,Fetcher + StealthyFetcher,,,,,ERROR,DNS_UNRESOLVED,,,2,Domain does not currently resolve through DNS; Scrapling cannot retrieve a domain with no DNS record.
5e1b0a61e4b0cb88a1d4cf50,ATHARVASHREE INFRAVENTURES PRIVATE LIMITED,https://www.atharvashree.co.in,Fetcher + StealthyFetcher,,,,,ERROR,DNS_UNRESOLVED,,,2,Domain does not currently resolve through DNS; Scrapling cannot retrieve a domain with no DNS record.
5e094611e4b098d21eef48ae,ECOBUGY LOGISTICS SOLUTION LLP,http://ecobugy.com,Fetcher + StealthyFetcher,,,,,ERROR,DNS_UNRESOLVED,,,2,Domain does not currently resolve through DNS; Scrapling cannot retrieve a domain with no DNS record.
5e05fb71e4b098d21eee94b0,RMR ENVITECH PRIVATE LIMITED,http://www.rmrenvitech.com/,Fetcher + StealthyFetcher,,,,,ERROR,DNS_UNRESOLVED,,,2,Domain does not currently resolve through DNS; Scrapling cannot retrieve a domain with no DNS record.
5dfaf5fae4b026527442c4c5,DRISHTEE FEEDS AND NUTRITION PRIVATE LIMITED,https://www.drishteefeeds.com,Fetcher + StealthyFetcher,,,,,ERROR,DNS_UNRESOLVED,,,2,Domain does not currently resolve through DNS; Scrapling cannot retrieve a domain with no DNS record.
5dea033fe4b04e0095275d82,KKE CHEMICALS PRIVATE LIMITED,https://www.kkeautocare.com,Fetcher + StealthyFetcher,,,,,ERROR,SCRAPLING_FAILED,,,2,DNS resolves but both Scrapling methods failed to retrieve the website.
5dcab061e4b0be63b6d6c17b,TAGSCOLLECTIVE INDIA PRIVATE LIMITED,https://WWW.ourbix.COM,Fetcher + StealthyFetcher,,,,,ERROR,DNS_UNRESOLVED,,,2,Domain does not currently resolve through DNS; Scrapling cannot retrieve a domain with no DNS record.
5dc41628e4b0437dbc4869e9,YOUBOTICS SOFTWARE PRIVATE LIMITED,https://youbotics.ai/,Fetcher + StealthyFetcher,,,,,ERROR,DNS_UNRESOLVED,,,2,Domain does not currently resolve through DNS; Scrapling cannot retrieve a domain with no DNS record.
5db052c6e4b08fc2aba5c7aa,NITESCO FACILITY SERVICES PRIVATE LIMITED,http://nitesco.in/,Fetcher + StealthyFetcher,,,,,ERROR,DNS_UNRESOLVED,,,2,Domain does not currently resolve through DNS; Scrapling cannot retrieve a domain with no DNS record.
5d8b49b9e4b05eaf4e0caf03,RUDRA SPECTRA PRIVATE LIMITED,https://www.rudraspectra.com,Fetcher + StealthyFetcher,,,,,ERROR,DNS_UNRESOLVED,,,2,Domain does not currently resolve through DNS; Scrapling cannot retrieve a domain with no DNS record.
5d7aac4ee4b0fad8ed6c6866,LENERGY MOBILITY PRIVATE LIMITED,https://lenergymobility.com,Fetcher + StealthyFetcher,,,,,ERROR,DNS_UNRESOLVED,,,2,Domain does not currently resolve through DNS; Scrapling cannot retrieve a domain with no DNS record.
5d4bc685e4b0d334677e8125,3NOT ROBOTICS PRIVATE LIMITED,https://www.3notrobotics.in,Fetcher + StealthyFetcher,,,,,ERROR,DNS_UNRESOLVED,,,2,Domain does not currently resolve through DNS; Scrapling cannot retrieve a domain with no DNS record.
5d498456e4b0d334677e2b77,TABXO LABS LLP,https://www.tabxolabs.com,Fetcher + StealthyFetcher,,,,,ERROR,DNS_UNRESOLVED,,,2,Domain does not currently resolve through DNS; Scrapling cannot retrieve a domain with no DNS record.
5d3ab10ee4b03beb13607abb,SAFEGUARD DETECTIVE & MANPOWER SOLUTIONS PRIVATE LIMITED,https://www.safeguardindia.in,Fetcher + StealthyFetcher,,,,,ERROR,SCRAPLING_FAILED,,,2,DNS resolves but both Scrapling methods failed to retrieve the website.
5d15c3ece4b0659b5265b973,KICKTOWN SPORTS PRIVATE LIMITED,http://kicktown.in,Fetcher + StealthyFetcher,,,,,ERROR,DNS_UNRESOLVED,,,2,Domain does not currently resolve through DNS; Scrapling cannot retrieve a domain with no DNS record.
5cf6a3a2e4b08f8b1a99aea2,YUA TECH PRIVATE LIMITED,https://www.Caffice.Space,Fetcher + StealthyFetcher,,,,,ERROR,DNS_UNRESOLVED,,,2,Domain does not currently resolve through DNS; Scrapling cannot retrieve a domain with no DNS record.
5cdad530e4b08f8b1a95db39,ADITYA BIOINNOVATION PRIVATE LIMITED,https://www.adityabioinnovation.com,Fetcher + StealthyFetcher,,,,,ERROR,DNS_UNRESOLVED,,,2,Domain does not currently resolve through DNS; Scrapling cannot retrieve a domain with no DNS record.
5cdaa557e4b08f8b1a95b7d1,BLUEWINGS INDUSTRIES INDIA PRIVATE LIMITED,https://www.bluewingsindustries.com,Fetcher + StealthyFetcher,,,,,ERROR,DNS_UNRESOLVED,,,2,Domain does not currently resolve through DNS; Scrapling cannot retrieve a domain with no DNS record.
5cd14c49e4b085366353507b,TECHNOSOFT INTEGRATED SOLUTIONS PRIVATE LIMITED,https://www.tisplautomation.com,Fetcher + StealthyFetcher,,,,,ERROR,DNS_UNRESOLVED,,,2,Domain does not currently resolve through DNS; Scrapling cannot retrieve a domain with no DNS record.
5ca1d903e4b0d381ea045ca4,ROMINENCE BUILDERS PRIVATE LIMITED,https://rominence.in,Fetcher + StealthyFetcher,,,,,ERROR,DNS_UNRESOLVED,,,2,Domain does not currently resolve through DNS; Scrapling cannot retrieve a domain with no DNS record.
5c829d75e4b0563d5c5f8a44,PEARL COMMERZ PRIVATE LIMITED,https://www.pearlcommerz.com,Fetcher + StealthyFetcher,,,,,ERROR,DNS_UNRESOLVED,,,2,Domain does not currently resolve through DNS; Scrapling cannot retrieve a domain with no DNS record.
5c70fad9e4b0ba900e11deba,GENEXT GENOMICS PRIVATE LIMITED,https://www.gng.asia,Fetcher + StealthyFetcher,,,,,ERROR,DNS_UNRESOLVED,,,2,Domain does not currently resolve through DNS; Scrapling cannot retrieve a domain with no DNS record.
5c6eb6dce4b0ba900e119bf3,TECHNOTE SOFTWARE SOLUTION PRIVATE LIMITED,http://technotesoftware.in/,Fetcher + StealthyFetcher,,,,,ERROR,DNS_UNRESOLVED,,,2,Domain does not currently resolve through DNS; Scrapling cannot retrieve a domain with no DNS record.
5c26ff9de4b0bd844e94500a,ALTIN STRATEGIST ENDEAVOUR PRIVATE LIMITED,https://www.altinsyndicate.com,Fetcher + StealthyFetcher,,,,,ERROR,DNS_UNRESOLVED,,,2,Domain does not currently resolve through DNS; Scrapling cannot retrieve a domain with no DNS record.
5b051dcee4b0a9285b5ba7cc,PIPELINE FNB PRIVATE LIMITED,https://www.pipelinefnb.com,Fetcher + StealthyFetcher,,,,,ERROR,DNS_UNRESOLVED,,,2,Domain does not currently resolve through DNS; Scrapling cannot retrieve a domain with no DNS record.
5bd5909be4b0d01c027e4259,VASUDHA WOODLESS CREMATION FOUNDATION,https://www.vasudhawoodlesscremationfoundation.com,Fetcher + StealthyFetcher,,,,,ERROR,DNS_UNRESOLVED,,,2,Domain does not currently resolve through DNS; Scrapling cannot retrieve a domain with no DNS record.
5bd374ace4b0d01c027e3c35,SNUGTECH SERVICES PRIVATE LIMITED,https://www.snugtechservices.com,Fetcher + StealthyFetcher,,,,,ERROR,DNS_UNRESOLVED,,,2,Domain does not currently resolve through DNS; Scrapling cannot retrieve a domain with no DNS record.
5bc8b5d4e4b0a0446f01bc9c,ZEONE TECHNOLOGIES (OPC) PRIVATE LIMITED,https://www.zeone.co.in,Fetcher + StealthyFetcher,,,,,ERROR,DNS_UNRESOLVED,,,2,Domain does not currently resolve through DNS; Scrapling cannot retrieve a domain with no DNS record.
5bb08cf0e4b0410db0ca79ca,BLACK LEAF WASTE MANAGEMENT PRIVATE LIMITED,https://www.scrapee.in,Fetcher + StealthyFetcher,,,,,ERROR,DNS_UNRESOLVED,,,2,Domain does not currently resolve through DNS; Scrapling cannot retrieve a domain with no DNS record.
5baef206e4b0410db0c9dea0,HARBOR VISION PRIVATE LIMITED,https://harborvision.in,Fetcher + StealthyFetcher,,,,,ERROR,DNS_UNRESOLVED,,,2,Domain does not currently resolve through DNS; Scrapling cannot retrieve a domain with no DNS record.
5ba254aae4b05f0501954fba,SAMVID INTERNATIONAL PRIVATE LIMITED,https://www.samvidinternational.com,Fetcher + StealthyFetcher,,,,,ERROR,DNS_UNRESOLVED,,,2,Domain does not currently resolve through DNS; Scrapling cannot retrieve a domain with no DNS record.
5ba0b717e4b05f050191b8f0,YOUBOTICS,https://www.youbotics.ai,Fetcher + StealthyFetcher,,,,,ERROR,DNS_UNRESOLVED,,,2,Domain does not currently resolve through DNS; Scrapling cannot retrieve a domain with no DNS record.
5b81aecce4b0637a70120a23,ASTROVIS TEXTILE SERVICES PRIVATE LIMITED,https://www.astrovis.org,Fetcher + StealthyFetcher,,,,,ERROR,DNS_UNRESOLVED,,,2,Domain does not currently resolve through DNS; Scrapling cannot retrieve a domain with no DNS record.
5b7d7212e4b0637a7011f79c,MOONY MONK DESIGN STUDIO PRIVATE LIMITED,https://WWW.MOONYMONK.COM,Fetcher + StealthyFetcher,,,,,ERROR,DNS_UNRESOLVED,,,2,Domain does not currently resolve through DNS; Scrapling cannot retrieve a domain with no DNS record.
5b7d4955e4b0637a7011ea3c,COMMUNIXLAB PRIVATE LIMITED,https://communixlab.com/,Fetcher + StealthyFetcher,,,,,ERROR,DNS_UNRESOLVED,,,2,Domain does not currently resolve through DNS; Scrapling cannot retrieve a domain with no DNS record.
5b62dba7e4b070f883426b7e,PHOTRONIX LED LIGHTS PRIVATE LIMITED,https://www.photronixled.com,Fetcher + StealthyFetcher,,,,,ERROR,DNS_UNRESOLVED,,,2,Domain does not currently resolve through DNS; Scrapling cannot retrieve a domain with no DNS record.
5b1637e6e4b04e859d296d27,KALINDI VENTURES,https://www.CalvayFood.com,Fetcher + StealthyFetcher,,,,,ERROR,SCRAPLING_FAILED,,,2,DNS resolves but both Scrapling methods failed to retrieve the website.
5acaff98e4b0c13abcef2985,GRAPE FOODTECH PRIVATE LIMITED,https://www.grapecorp.in,Fetcher + StealthyFetcher,,,,,ERROR,DNS_UNRESOLVED,,,2,Domain does not currently resolve through DNS; Scrapling cannot retrieve a domain with no DNS record.
5aca6132e4b0c13abcef287b,AIRAVAT CORPORATE SERVICES PRIVATE LIMITED,https://www.airavatcs.in,Fetcher + StealthyFetcher,,,,,ERROR,DNS_UNRESOLVED,,,2,Domain does not currently resolve through DNS; Scrapling cannot retrieve a domain with no DNS record.
5ac0c31fe4b026aa2861d930,HOARDKINGS PRIVATE LIMITED,https://www.hoardking.com,Fetcher + StealthyFetcher,,,,,ERROR,DNS_UNRESOLVED,,,2,Domain does not currently resolve through DNS; Scrapling cannot retrieve a domain with no DNS record.
5abf7661e4b026aa2861d742,VRIDDH PATH TRAVELLING ASSISTANCE PRIVATE LIMITED,https://www.cabnotels.com,Fetcher + StealthyFetcher,,,,,ERROR,DNS_UNRESOLVED,,,2,Domain does not currently resolve through DNS; Scrapling cannot retrieve a domain with no DNS record.
5a7f0223e4b075325d8bb9f2,BLAST ENTERPRISES PRIVATE LIMITED,https://www.sabzilana.com,Fetcher + StealthyFetcher,,,,,ERROR,DNS_UNRESOLVED,,,2,Domain does not currently resolve through DNS; Scrapling cannot retrieve a domain with no DNS record.
5a7e0489e4b075325d8bb6f3,INSPIRED FOODS PRIVATE LIMITED,https://www.guavaz.co,Fetcher + StealthyFetcher,,,,,ERROR,DNS_UNRESOLVED,,,2,Domain does not currently resolve through DNS; Scrapling cannot retrieve a domain with no DNS record.
5a7bd59ee4b075325d8bae47,UPRUDENCE DIGITAL SOLUTIONS PRIVATE LIMITED,https://www.uprudenceagro.com,Fetcher + StealthyFetcher,,,,,ERROR,DNS_UNRESOLVED,,,2,Domain does not currently resolve through DNS; Scrapling cannot retrieve a domain with no DNS record.
5a4bae35e4b0865903d62291,HOZANA INFOTECH PRIVATE LIMITED,https://nativoe.com,Fetcher + StealthyFetcher,,,,,ERROR,DNS_UNRESOLVED,,,2,Domain does not currently resolve through DNS; Scrapling cannot retrieve a domain with no DNS record.
5a434e7be4b0762f513dbbbb,ATS IT WORLD PRIVATE LIMITED,http://www.atsitworld.com/,Fetcher + StealthyFetcher,,,,,ERROR,DNS_UNRESOLVED,,,2,Domain does not currently resolve through DNS; Scrapling cannot retrieve a domain with no DNS record.
59fdabc0e4b0f281b9ab9071,NEWOPTION ONLINE SERVICES PRIVATE LIMITED,https://www.newoptions.co.in,Fetcher + StealthyFetcher,,,,,ERROR,SCRAPLING_FAILED,,,2,DNS resolves but both Scrapling methods failed to retrieve the website.
59f97335e4b0f281b9ab8a6a,MVM SOLUTIONS PRIVATE LIMITED,https://www.vngz.in,Fetcher + StealthyFetcher,,,,,ERROR,DNS_UNRESOLVED,,,2,Domain does not currently resolve through DNS; Scrapling cannot retrieve a domain with no DNS record.
5957d90de4b0bcdc8b670de6,VCREATORSS IT LLP,https://www.vcreatorss.com,Fetcher + StealthyFetcher,,,,,ERROR,DNS_UNRESOLVED,,,2,Domain does not currently resolve through DNS; Scrapling cannot retrieve a domain with no DNS record.
59569d5ee4b0bcdc8b670d6e,Lihos Motors Pvt. Ltd.,https://www.lithosmotors.com,Fetcher + StealthyFetcher,,,,,ERROR,DNS_UNRESOLVED,,,2,Domain does not currently resolve through DNS; Scrapling cannot retrieve a domain with no DNS record.
