startupId,startupName,dippNumber,dippRecognitionStatus,cin,stage,city,state,industry,sectors,website,email,phone,linkedInUrl,profileStatus,scrapedEmail,scrapedPhone,scrapedLinkedIn,pagesChecked,scrapeStatus,scrapeError
6a75ab33e4b0b55585aa9b4f,SIDDHSAANVI FOODS AND BEVERAGES PRIVATE LIMITED,DIPP276074,RECOGNISED,U15100MH2019PTC325768,Validation,Nagpur,Maharashtra,Food & Beverages,Food Processing,https://yordey.in,,,,OK,contact@siddhsaanvi.com,+91 7496969728; +91 7770018299; +91 9764761786,,3,SUCCESS,
6a7258ffe4b0b55585a9110a,QUASARUS (OPC) PRIVATE LIMITED,DIPP276735,RECOGNISED,U72100ME2026OPC475693,Validation,Nagpur,Maharashtra,Renewable Energy,Others,https://quasarus.in,,,,OK,research@quasarus.in,,,3,SUCCESS,
6a5c7f56e4b01a12d3aaba6c,SAVENTIN ULTRASTRUCTURE PRIVATE LIMITED,DIPP273051,RECOGNISED,U45309MH2022PTC396271,Scaling,Nagpur,Maharashtra,Construction,Construction & Engineering,https://www.saventin.in,,,,OK,saventin@rediffmail.com,+91 7362342521; +91 7709722780; +91 8600124036; +91 8897302615; +91 9112000465,,2,SUCCESS,
6a5b445fe4b01a12d3aa5c47,WIPSLY TECHNOLOGIES PRIVATE LIMITED,DIPP272951,RECOGNISED,U58202MH2025PTC464040,EarlyTraction,Nagpur,Maharashtra,IT Services,Product Development,https://www.wipsley.com,,,,OK,,+91 7817915094,,1,SUCCESS,
6a58d27be4b01a12d3a9b735,AVIONEXT AVIATION PRIVATE LIMITED,DIPP272666,RECOGNISED,U52231ME2026PTC473510,EarlyTraction,Nagpur,Maharashtra,Education,Skill Development,https://avionextaviation.com/,,,,OK,,,,1,SUCCESS,
6a57305fe4b01a12d3a926aa,VELOURA GLOBAL EXPORTS PRIVATE LIMITED,DIPP272325,RECOGNISED,U46209MH2025PTC455828,EarlyTraction,Nagpur,Maharashtra,Agriculture,Organic Agriculture,https://www.rootans.in,,,,OK,admin@rootans.in,+91 6666666667; +91 7496969728; +91 7748748140; +91 8424782150; +91 8979781938; +91 9511635632,,2,SUCCESS,
6a4ff0cce4b061f5fedf1788,DEVADROS AUTOMATA PRIVATE LIMITED,DIPP273947,RECOGNISED,U72100PN2026PTC250873,Prototype,Nagpur,Maharashtra,Robotics,Robotics Technology,https://www.devadros.com/,,,,OK,example@email.com,,https://www.linkedin.com/company/devadros-automata-private-limited/posts/?feedView=all,4,SUCCESS,
6a4d1e34e4b061f5fede5b42,VCF CYBER SOLUTIONS PRIVATE LIMITED,DIPP271273,RECOGNISED,U62099MH2023PTC404807,EarlyTraction,Nagpur,Maharashtra,IT Services,IT Consulting,https://vigilantecyberforces.com,,,,OK,contact@vigilantecyberforces.com; services@vcfcybersolutions.com; vigilante.de.jure@gmail.com,+91 8895742259,https://www.linkedin.com/company/vigilante-cyber-forces/,3,SUCCESS,
6a4a3e39e4b0359e44e3b2c8,INVENTA VENTURES LLP,DIPP270609,RECOGNISED,ACU-0652,EarlyTraction,Nagpur,Maharashtra,Green Technology,Clean Tech,https://www.inventaventures.com,,,,OK,,,,0,ERROR,"Page.goto: net::ERR_HTTP_RESPONSE_CODE_FAILURE at https://www.inventaventures.com/
Call log:
  - navigating to ""https://www.inventaventures.com/"", waiting until ""domcontentloaded""
"
6a47b338e4b0359e44e3153f,FISHTECH SOLUTIONS PRIVATE LIMITED,DIPP270412,RECOGNISED,U73100MH2024PTC419243,Scaling,Nagpur,Maharashtra,IT Services,Product Development,https://www.fishtechsolutions.com,,,,OK,info@fishtechsolutions.com; support@fishtechsoluions.com,+91 7129420293; +91 7132678419; +91 7134207683; +91 7137830762; +91 7496969728; +91 7866007322; +91 8180966066; +91 8445657175,,3,SUCCESS,
6a47ae7ee4b0359e44e31356,SOMYA INTEGRATED SAFETY SECURITY SERVICES LLP,DIPP270404,RECOGNISED,ACE-6946,EarlyTraction,Nagpur,Maharashtra,Security Solutions,Others,https://www.sismultipurposeservices.com,,,,OK,,,,0,ERROR,"Page.goto: net::ERR_NAME_NOT_RESOLVED at https://www.sismultipurposeservices.com/
Call log:
  - navigating to ""https://www.sismultipurposeservices.com/"", waiting until ""domcontentloaded""
"
6a477edde4b0359e44e2fb0a,SAVIYO VENTURES LLP,DIPP270314,RECOGNISED,ACS-9306,Validation,Nagpur,Maharashtra,Fashion,Apparel,https://theunfoldarc.com,,,,OK,,,,1,SUCCESS,
6a43c29fe4b0359e44e1d2d8,VRAJA CREATION LLP,DIPP269876,RECOGNISED,ACZ-3993,Validation,Nagpur,Maharashtra,Textiles & Apparel,Non- Leather Textiles Goods,https://NIL,,,,OK,,,,0,ERROR,"Page.goto: net::ERR_NAME_NOT_RESOLVED at https://nil/
Call log:
  - navigating to ""https://nil/"", waiting until ""domcontentloaded""
"
6a435996e4b0359e44e19037,SMKJ BEVERAGES LLP,DIPP269730,RECOGNISED,ACR-2435,Validation,Nagpur,Maharashtra,Food & Beverages,Food Processing,https://NA,,,,OK,,,,0,ERROR,"Page.goto: net::ERR_NAME_NOT_RESOLVED at https://na/
Call log:
  - navigating to ""https://na/"", waiting until ""domcontentloaded""
"
6a425805e4b0359e44e14a4d,SWAZTHI ENTERPRISES LLP,DIPP269650,RECOGNISED,ACB-0839,Validation,Nagpur,Maharashtra,Architecture Interior Design,Others,https://NA,,,,OK,,,,0,ERROR,"Page.goto: net::ERR_NAME_NOT_RESOLVED at https://na/
Call log:
  - navigating to ""https://na/"", waiting until ""domcontentloaded""
"
6a3b86f9e4b0359e44df2d4e,RAAFIANA GLOBAL LLP,DIPP268773,RECOGNISED,ACX-0703,Prototype,Nagpur,Maharashtra,Food & Beverages,Food Processing,https://NA,,,,OK,,,,0,ERROR,"Page.goto: net::ERR_NAME_NOT_RESOLVED at https://na/
Call log:
  - navigating to ""https://na/"", waiting until ""domcontentloaded""
"
6a397d7fe4b0359e44de945c,THINKING LAB SDC (OPC) PRIVATE LIMITED,DIPP268473,RECOGNISED,U85499MH2025OPC457339,Prototype,Nagpur,Maharashtra,Education,Skill Development,https://thethinkinglab.co.in,,,,OK,thethinkinglab0404@gmail.com,+91 8530746335; +91 9185307463; +91 9193077122,https://www.linkedin.com/company/stemconnect-thethinkinglab/,3,SUCCESS,
6a393ed7e4b0359e44de827f,ELEVEN RUDRAKSHAK REAL ESTATE PRIVATE LIMITED,DIPP268451,RECOGNISED,U68100ME2026PTC475004,Validation,Nagpur,Maharashtra,Real Estate,Others,https://NIL,,,,OK,,,,0,ERROR,"Page.goto: net::ERR_NAME_NOT_RESOLVED at https://nil/
Call log:
  - navigating to ""https://nil/"", waiting until ""domcontentloaded""
"
6a38f51ee4b06921f1d7ad87,SDM ROBOTICS & DRONE TRAINING ACADEMY PRIVATE LIMITED,DIPP268518,RECOGNISED,U85306MH2026PTC466967,Prototype,Nagpur,Maharashtra,Education,Skill Development,https://www.sdmrobotics.com,,,,OK,,,,0,ERROR,"Page.goto: net::ERR_NAME_NOT_RESOLVED at https://www.sdmrobotics.com/
Call log:
  - navigating to ""https://www.sdmrobotics.com/"", waiting until ""domcontentloaded""
"
6a3660c0e4b06921f1d71fdb,YATRAH INFRASTRUCTURE PRIVATE LIMITED,DIPP268120,RECOGNISED,U41001ME2026PTC473977,Scaling,Nagpur,Maharashtra,Construction,Construction & Engineering,https://www.falconebiz.com/company/YATRAH-INFRASTRUCTURE-PRIVATE-LIMITED-U41001ME2026PTC473977,,,,OK,hinfra@gmail.com; info@arinesolutions.com; sales@falconebiz.com; support@falconebiz.com,+91 6744070341; +91 7017782444; +91 7866007783; +91 7866007785; +91 9167789464; +91 9971990887,,4,SUCCESS,
6a36470ae4b06921f1d7110d,SVSTAR EDUCATION PRIVATE LIMITED,DIPP268074,RECOGNISED,U85491ME2026PTC474935,Prototype,Nagpur,Maharashtra,Education,Others,https://NA,,,,OK,,,,0,ERROR,"Page.goto: net::ERR_NAME_NOT_RESOLVED at https://na/
Call log:
  - navigating to ""https://na/"", waiting until ""domcontentloaded""
"
6a3246c5e4b06921f1d5a373,ORROAA VENTURES PRIVATE LIMITED,DIPP267764,RECOGNISED,U46491MH2025PTC452522,Validation,Nagpur,Maharashtra,Retail,Others,https://www.orroaa.com,,,,OK,,+91 6031864309; +91 6063054009; +91 6111780652; +91 6206717806; +91 6361853792; +91 6452220091; +91 6501780652; +91 6515895839; +91 6516471099; +91 6518388431; +91 6531162662; +91 6665417806; +91 6678029534; +91 6882530588; +91 6925396141; +91 7061780652; +91 7209189334; +91 7272532802; +91 7301445359; +91 7478906057; +91 7494117806; +91 7495441780; +91 7501770159; +91 7501776713; +91 7501816035; +91 7501819311; +91 7545521780; +91 7560584324; +91 7596247576; +91 7601532723; +91 7638634718; +91 7654328517; +91 7718385017; +91 7860590411; +91 7872899178; +91 7917180178; +91 7929760129; +91 7933591812; +91 7943592367; +91 7957776246; +91 8012300178; +91 8013680474; +91 8167353275; +91 8191793857; +91 8193499178; +91 8293167896; +91 8331945803; +91 8332251889; +91 8332719947; +91 8332763791; +91 8332848922; +91 8367017806; +91 8370535714; +91 8417806527; +91 8451780652; +91 8486774591; +91 8526178065; +91 8558206033; +91 8591544181; +91 8635456894; +91 8700948114; +91 8753476351; +91 8840178065; +91 8869366487; +91 8923337488; +91 8966765178; +91 8971157717; +91 9048781390; +91 9108189152; +91 9135617806; +91 9239564550; +91 9239664918; +91 9239820173; +91 9239834427; +91 9239861854; +91 9257285150; +91 9311878856; +91 9382217806; +91 9503552178; +91 9520878331; +91 9549252120; +91 9619417806; +91 9664917806; +91 9685161196; +91 9837617504; +91 9841507637,,2,SUCCESS,
6a303e4ae4b06921f1d5082f,MINTECH INNOVATIONS PRIVATE LIMITED,DIPP267587,RECOGNISED,U62012ME2026PTC473595,Validation,Nagpur,Maharashtra,Social Network,Others,https://tinysteps.social/,,,,OK,support@tinysteps.social,,https://www.linkedin.com/in/himanshu-shrivastav-04a9bb50/,2,SUCCESS,
6a2d5fc6e4b06921f1d43927,HBGADGET TECHNOLOGY &amp; SOLUTIONS PRIVATE LIMITED,DIPP267242,RECOGNISED,U72900MH2019PTC319377,Scaling,Nagpur,Maharashtra,Internet of Things,Others,https://hbgadget.in,,,,OK,info@crdencetracker.com; info@credencetracker.com; sales@hbgadget.in,+91 6347329840; +91 7030811155; +91 8528408558; +91 9158149111; +91 9170308111; +91 9555462515; +91 9876543210,https://www.linkedin.com/company/hb-gadget-technology-solutions-pvt-ltd/posts/?feedView=all,4,SUCCESS,
6a294d66e4b06921f1d2c8f1,SAERA HEALTHCARE LLP,DIPP266654,RECOGNISED,ACY-8643,Prototype,Nagpur,Maharashtra,Healthcare & Lifesciences,Health & Wellness,https://NA,,,,OK,,,,0,ERROR,"Page.goto: net::ERR_NAME_NOT_RESOLVED at https://na/
Call log:
  - navigating to ""https://na/"", waiting until ""domcontentloaded""
"
6a26c0cde4b075ab1c5c59a5,WOW Caravans Private Limited,DIPP265917,RECOGNISED,U79120ME2026PTC474326,EarlyTraction,Nagpur,Maharashtra,Travel & Tourism,Experiential Travel,https://www.wowcaravans.com,,,,OK,info@wowcaravans.com; your@email.com,+91 6022160560; +91 6905925346; +91 8380866111; +91 9183808661,,3,SUCCESS,
6a240e10e4b075ab1c5baef9,SENSORS AND SYSTEMS AUTOMATION SOLUTIONS PRIVATE LIMITED,DIPP265908,RECOGNISED,U28194MH2025PTC445168,EarlyTraction,Nagpur,Maharashtra,Technology Hardware,Manufacturing,https://www.elweigh.com,,,,OK,info@elweigh.com; marketing@elweigh.com,+91 6157875570; +91 6161694526; +91 6723632812; +91 7105657792; +91 7496969728; +91 7551491786; +91 7607013655; +91 7631882573; +91 7866008268; +91 7866008300; +91 8000000000; +91 8920985006; +91 9194223318; +91 9422331838,https://www.linkedin.com/company/elweigh-india/?viewAsMember=true,4,SUCCESS,
6a201d11e4b075ab1c5aa71e,DVAB LABS PRIVATE LIMITED,DIPP266089,RECOGNISED,U46901MH2025PTC462531,Validation,Nagpur,Maharashtra,Fashion,Jewellery,https://dvablabs.com,,,,OK,ceo@dvablabs.com,+91 9226406032; +91 9921407300,https://www.linkedin.com/company/dvab-labs; https://www.linkedin.com/in/atharvabadkas/; https://www.linkedin.com/in/vanshika-dodia-86b1bb226/,3,SUCCESS,
6a1ffd23e4b075ab1c5a93b9,ORVYN STUDIO PRIVATE LIMITED,DIPP265341,RECOGNISED,U47711ME2026PTC474805,Validation,Nagpur,Maharashtra,Textiles & Apparel,Apparel & Accessories,https://NIL,,,,OK,,,,0,ERROR,"Page.goto: net::ERR_NAME_NOT_RESOLVED at https://nil/
Call log:
  - navigating to ""https://nil/"", waiting until ""domcontentloaded""
"
6a1bea88e4b061f008cb9a52,KYBU INNOVATIONS PRIVATE LIMITED,DIPP266098,RECOGNISED,U62010ME2026PTC474737,Prototype,Nagpur,Maharashtra,Internet of Things,Wearables,https://www.kybu.in,,,,OK,,,,1,SUCCESS,
6a18350ae4b061f008ca92a9,SEAES TECH PRIVATE LIMITED,DIPP264796,RECOGNISED,U62099ME2026PTC474294,Prototype,Nagpur,Maharashtra,AI,Others,https://seaes.ai,,,,OK,hello@seaes.ai,+91 7817915094,https://www.linkedin.com/company/seaes-ai/; https://www.linkedin.com/in/mihir-kshirsagar,3,SUCCESS,
6a17f81ae4b061f008ca6ddc,DSILMORA LUXE PRIVATE LIMITED,DIPP264205,RECOGNISED,U32111ME2026PTC473784,Validation,Nagpur,Maharashtra,Fashion,Others,https://dsilmora.com,,,,OK,,,,1,SUCCESS,
6a115716e4b061f008c87498,CLINICALQI HEALTHTECH LLP,DIPP261833,RECOGNISED,ACW-5076,Validation,Nagpur,Maharashtra,Healthcare & Lifesciences,Healthcare Technology,https://www.clinicalqi.com,,,,OK,admin@clinicalqi.com; clinicalqihealthtech@gmail.com,+91 7738644009,,3,SUCCESS,
6a103c77e4b061f008c81243,ICONIC OPTIONS PRIVATE LIMITED,DIPP263289,RECOGNISED,U62011MH2025PTC464093,Validation,Nagpur,Maharashtra,Real Estate,Others,https://iconicoptions.com/,,,,OK,connect@iconicoptions.com,+91 6157079544; +91 7729878938; +91 7758832881,,1,SUCCESS,
6a0ff675e4b061f008c7cae4,MORNINGMIND TECHNOLAB PRIVATE LIMITED,DIPP263179,RECOGNISED,U62099ME2026PTC474528,Validation,Nagpur,Maharashtra,AI,Machine Learning,https://NA,,,,OK,,,,0,ERROR,"Page.goto: net::ERR_NAME_NOT_RESOLVED at https://na/
Call log:
  - navigating to ""https://na/"", waiting until ""domcontentloaded""
"
6a0d9e73e4b061f008c71ec4,A&amp;A FIBRE &amp; WIRELESS SERVICES PRIVATE LIMITED,DIPP262906,RECOGNISED,U61201ME2026PTC473631,Prototype,Nagpur,Maharashtra,Telecommunication & Networking,Network Technology Solutions,https://www.thecompanycheck.com/company/aa-fibre-wireless-services-private-limited/U61201ME2026PTC473631,,,,OK,john@company.com; name@company.com; support@thecompanycheck.com,+91 7452302757; +91 7817915094; +91 7866008752; +91 8988943213; +91 9876543210; +91 9915764025,https://www.linkedin.com/company/the-company-check/,4,SUCCESS,
6a0c5505e4b07cca57a37f5c,ASHA TECHNOLOGY LABS PRIVATE LIMITED,DIPP257896,RECOGNISED,U62099MH2023PTC408670,EarlyTraction,Nagpur,Maharashtra,Computer Vision,Others,https://texturly.com,,,,OK,info@texturly.com,+91 6277131632; +91 7680673009; +91 7817915094; +91 7822542915,,4,SUCCESS,
6a0772efe4b07cca57a1fc41,SYNBUZZ TECHNOLOGIES PRIVATE LIMITED,DIPP262177,RECOGNISED,U62099MR2026PTC473402,Validation,Nagpur,Maharashtra,IT Services,Product Development,https://www.synbuzz.com,,,,OK,help@synbuzz.com,+91 7817915094; +91 9170309097; +91 9199229892; +91 9922989020,,3,SUCCESS,
6a05c061e4b07cca57a0e788,DENGANI BROTHERS LLP,DIPP255586,RECOGNISED,ACF-8822,Scaling,Nagpur,Maharashtra,Professional & Commercial Services,Others,https://www.dhobikaka.com,,,,OK,,,,0,ERROR,"Page.goto: net::ERR_CERT_DATE_INVALID at https://www.dhobikaka.com/
Call log:
  - navigating to ""https://www.dhobikaka.com/"", waiting until ""domcontentloaded""
"
6a05acbde4b07cca57a0cdbc,SHRIJI DESIGN GLOBAL PRIVATE LIMITED,DIPP253710,RECOGNISED,U42102MH2026PTC467415,Scaling,Nagpur,Maharashtra,Design,Others,https://NOT AVAILABLE,,,,OK,,,,0,ERROR,"Page.goto: net::ERR_NAME_NOT_RESOLVED at https://NOT AVAILABLE
Call log:
  - navigating to ""https://NOT AVAILABLE"", waiting until ""domcontentloaded""
"
6a05ac2ae4b07cca57a0cccf,HIMALAYA CRYO ENGINEERING AND LIFECARE PRIVATE LIMITED,DIPP253688,RECOGNISED,U20111ME2026PTC473662,Validation,Nagpur,Maharashtra,Healthcare & Lifesciences,Healthcare Technology,https://himalayacryoengineering.com/,,,,OK,himalayacryo@gmail.com,+91 7496969728; +91 7888030161; +91 9021115162; +91 9196898772; +91 9689877212; +91 9822472441,https://www.linkedin.com/company/himalaya-cryo-engineering-lifecare-private-limited/,4,SUCCESS,
6a05a3f4e4b07cca57a0bf7a,SRIORA PRIVATE LIMITED,DIPP253343,RECOGNISED,U10504ME2026PTC474113,Validation,Nagpur,Maharashtra,Agriculture,Dairy Farming,https://NA,,,,OK,,,,0,ERROR,"Page.goto: net::ERR_NAME_NOT_RESOLVED at https://na/
Call log:
  - navigating to ""https://na/"", waiting until ""domcontentloaded""
"
6a05a18de4b07cca57a0bc8d,AMBUFAST EMERGENCY SERVICES PRIVATE LIMITED,DIPP259579,RECOGNISED,U86909MH2024PTC436731,Prototype,Nagpur,Maharashtra,Enterprise Software,ERP,https://ambufast.in,,,,OK,cmd@hopehospital.com; your@email.com,+91 9192404919,,3,SUCCESS,
6a0487e4e4b07cca579edc21,LOTUS INTERIOR DESIGN STUDIO PRIVATE LIMITED,DIPP261391,RECOGNISED,U74102ME2026PTC474642,Prototype,Nagpur,Maharashtra,Architecture Interior Design,Others,https://NA,,,,OK,,,,0,ERROR,"Page.goto: net::ERR_NAME_NOT_RESOLVED at https://na/
Call log:
  - navigating to ""https://na/"", waiting until ""domcontentloaded""
"
6a045e88e4b07cca579ec046,ASH GLOBAL TECHNOLOGY LLP,DIPP261307,RECOGNISED,ACW-3950,Validation,Nagpur,Maharashtra,IT Services,IT Consulting,https://NA,,,,OK,,,,0,ERROR,"Page.goto: net::ERR_NAME_NOT_RESOLVED at https://na/
Call log:
  - navigating to ""https://na/"", waiting until ""domcontentloaded""
"
6a04415ee4b07cca579ea09b,MAA DURGA COTTON PRIVATE LIMITED,DIPP261221,RECOGNISED,U13111ME2026PTC474710,Prototype,Nagpur,Maharashtra,Agriculture,Others,https://NA,,,,OK,,,,0,ERROR,"Page.goto: net::ERR_NAME_NOT_RESOLVED at https://na/
Call log:
  - navigating to ""https://na/"", waiting until ""domcontentloaded""
"
6a040808e4b07cca579d96f9,LANG DATA SOLUTIONS PRIVATE LIMITED,DIPP261145,RECOGNISED,U62099ME2026PTC474634,Prototype,Nagpur,Maharashtra,IT Services,Product Development,https://NA,,,,OK,,,,0,ERROR,"Page.goto: net::ERR_NAME_NOT_RESOLVED at https://na/
Call log:
  - navigating to ""https://na/"", waiting until ""domcontentloaded""
"
6a01e67de4b07cca579caae0,career wealth,DIPP260579,RECOGNISED,U78100MH2024PTC435160,Validation,Nagpur,Maharashtra,Education,Others,https://www.careerwealth.in,,,,OK,,,,1,SUCCESS,
6a01d57ae4b07cca579ca3a2,JRST TECHNOLOGY LLP,DIPP260704,RECOGNISED,ACU-2289,EarlyTraction,Nagpur,Maharashtra,Technology Hardware,Semiconductor,https://www.jrsttechnology.com,,,,OK,india@jrsttechnology.com,+91 9766008274; +91 9766008275,https://www.linkedin.com/company/jiangsu-realilong-silicon-technology/; https://www.linkedin.com/in/harsh-maloo-7866902b3/; https://www.linkedin.com/in/mohammed-saif-zaveri-55045396/; https://www.linkedin.com/in/taiyeb-tahir-ali-92aa72384/,3,SUCCESS,
6a016be6e4b07cca579bfeb5,MM WEALTH MULTIFARMING INDIA PRIVATE LIMITED,DIPP260522,RECOGNISED,U46302ME2026PTC474185,Prototype,Nagpur,Maharashtra,Agriculture,Animal Husbandry,https://NA,,,,OK,,,,0,ERROR,"Page.goto: net::ERR_NAME_NOT_RESOLVED at https://na/
Call log:
  - navigating to ""https://na/"", waiting until ""domcontentloaded""
"
69fdce47e4b07cca579b27d7,GAUDHAN GAU SANSTHAN PRIVATE LIMITED,DIPP249476,RECOGNISED,U01499PN2025PTC247986,EarlyTraction,Nagpur,Maharashtra,Food & Beverages,Others,https://www.gaudhangauseva.com,,,,OK,,,,0,ERROR,"Page.goto: net::ERR_NAME_NOT_RESOLVED at https://www.gaudhangauseva.com/
Call log:
  - navigating to ""https://www.gaudhangauseva.com/"", waiting until ""domcontentloaded""
"
69fdc7f2e4b07cca579b22d1,JAYSIS ISPAT PRIVATE LIMITED,DIPP248949,RECOGNISED,U28999MH2023PTC398083,EarlyTraction,Nagpur,Maharashtra,Construction,Construction & Engineering,https://jaysis.ai,,,,OK,,,,0,ERROR,"Page.goto: net::ERR_NAME_NOT_RESOLVED at https://jaysis.ai/
Call log:
  - navigating to ""https://jaysis.ai/"", waiting until ""domcontentloaded""
"
69fdb610e4b07cca579b13c0,LOCATIONGURU TECHNOLOGIES PRIVATE LIMITED,DIPP247913,RECOGNISED,U62011MH2025PTC458975,EarlyTraction,Nagpur,Maharashtra,Enterprise Software,Enterprise Mobility,https://www.locationguru.com,,,,OK,contact@locationguru.com,+91 7387470922; +91 7388254420; +91 7388255871; +91 7388257220; +91 7388261399; +91 7388262000; +91 7388304035; +91 7388304779; +91 7389089283; +91 7389089769; +91 7393522349; +91 7393547489; +91 7393547578; +91 7393547708; +91 7395134374; +91 7395134621; +91 7395134739; +91 7397981967; +91 7397982055; +91 7398790879; +91 7398829279; +91 7398829488; +91 7398837998; +91 7399539468; +91 7399548490; +91 7399549350; +91 7399553221; +91 7399554274; +91 7399554346; +91 7407212305; +91 7440299784; +91 7442051612; +91 7442051614; +91 7496969728,https://www.linkedin.com/company/locationguru-solutions/,3,SUCCESS,
69fdad85e4b07cca579b0df5,NETINSIGNIA CONSULTANT PRIVATE LIMITED,DIPP260146,RECOGNISED,U70200MH2025PTC453044,EarlyTraction,Nagpur,Maharashtra,Advertising,AdTech,https://theinsigniac.com/,,,,OK,,,,1,SUCCESS,
69fc6eb5e4b07cca579a95a6,VIGILANT FORENSIC RESEARCH AND ANALYTICS PRIVATE LIMITED,DIPP259967,RECOGNISED,U69100PN2025PTC250064,Validation,Nagpur,Maharashtra,Security Solutions,Cyber Security,https://www.vigilantforensic.com,,,,OK,contact@vigilantforensics.com; name@email.com,+91 7682477967; +91 7682478676; +91 7817915094; +91 9511957687,,3,SUCCESS,
69fb3507e4b07cca579a2066,SAPTAK FOOD INDIA PRIVATE LIMITED,DIPP259805,RECOGNISED,U47219MH2024PTC430111,Validation,Nagpur,Maharashtra,Food & Beverages,Others,https://www.wisemeal.in,,,,OK,,+91 6051940983; +91 6064156806; +91 6120461217; +91 6163989717; +91 6164469533; +91 6204017859; +91 6258542146; +91 6302089321; +91 6308672744; +91 6310386802; +91 6346941785; +91 6404002872; +91 6515546743; +91 6518388431; +91 6523117178; +91 6576738182; +91 6582887315; +91 6585117859; +91 6595544417; +91 6619270570; +91 6619273847; +91 6665417859; +91 6709578178; +91 6777789070; +91 6780863151; +91 6821385561; +91 6834349047; +91 6922524796; +91 6922525124; +91 6922525451; +91 6957891191; +91 6980883472; +91 6980890026; +91 6980899856; +91 6980971946; +91 6980978500; +91 6981194578; +91 7005263918; +91 7017859144; +91 7034461910; +91 7037880685; +91 7050919543; +91 7050922820; +91 7051784618; +91 7051787895; +91 7058462155; +91 7059483690; +91 7085722845; +91 7097523417; +91 7142857142; +91 7150810928; +91 7201785914; +91 7203950021; +91 7214678216; +91 7253322835; +91 7355018178; +91 7490141193; +91 7495441785; +91 7503133730; +91 7563825178; +91 7636185788; +91 7639995117; +91 7675427020; +91 7682973098; +91 7709199440; +91 7719154497; +91 7743184788; +91 7763316071; +91 7789692471; +91 7793322277; +91 7793324681; +91 7801389178; +91 7862291243; +91 7866010205; +91 7866010218; +91 7880220945; +91 7927262410; +91 7958823915; +91 7974843491; +91 7999628509; +91 7999927991; +91 8007220297; +91 8079931949; +91 8084455586; +91 8122267816; +91 8148433296; +91 8186375709; +91 8237817368; +91 8316799812; +91 8327067164; +91 8335805317; +91 8357773527; +91 8384761111; +91 8425136762; +91 8425618448; +91 8547386490; +91 8568028201; +91 8571785914; +91 8675197178; +91 8678092592; +91 8696326973; +91 8717611217; +91 8747626940; +91 8760046178; +91 8871785914; +91 8896298380; +91 8899775115; +91 8907820791; +91 8922513629; +91 8922516906; +91 8924735300; +91 8924738576; +91 8924741853; +91 8928111785; +91 8944421785; +91 8962545927; +91 8976158178; +91 9002178591; +91 9008731652; +91 9008747053; +91 9008749346; +91 9034178591; +91 9164064000; +91 9215745178; +91 9321008859; +91 9325779351; +91 9349543748; +91 9351103504; +91 9416776548; +91 9416781725; +91 9422073823; +91 9453005933; +91 9454011515; +91 9454011711; +91 9463882907; +91 9467621785; +91 9483818762; +91 9527951785; +91 9543978317; +91 9549252120; +91 9581003773; +91 9585117859; +91 9595819852; +91 9681846952; +91 9704517859; +91 9722440325; +91 9834500781; +91 9837617504,,3,SUCCESS,
69fa1514e4b07cca5799c20d,VWX B2B (OPC) PRIVATE LIMITED,DIPP259625,RECOGNISED,U62012PN2025OPC238803,Scaling,Nagpur,Maharashtra,IT Services,Others,https://www.vwxb2b.site,,,,OK,,,,1,SUCCESS,
69f9c5e3e4b07cca5799a0f5,SOMOO PRIVATE LIMITED,DIPP259528,RECOGNISED,U47912ME2026PTC473456,Prototype,Nagpur,Maharashtra,Retail,Retail Technology,http://somoo.in/,,,,OK,info@somoo.in,+91 6691167610; +91 7152500000; +91 7507145267,,1,SUCCESS,
69f9be76e4b07cca57999c57,INNORE LIGHTING PRIVATE LIMITED,DIPP259502,RECOGNISED,U74999MH2017PTC299319,EarlyTraction,Nagpur,Maharashtra,Architecture Interior Design,Others,https://www.innorelighting.com,,,,OK,info@innorelighting.com,+91 6002273464; +91 6009112764; +91 6013614451; +91 6016030288; +91 6016321724; +91 6023498694; +91 6079078176; +91 6112591760; +91 6116377788; +91 6116422844; +91 6116456857; +91 6116471570; +91 6116492837; +91 6116870160; +91 6116894834; +91 6117560680; +91 6129539154; +91 6129656201; +91 6129768497; +91 6129801134; +91 6129837047; +91 6130146377; +91 6135507910; +91 6136093966; +91 6142488051; +91 6142515183; +91 6143693095; +91 6151569251; +91 6208059176; +91 6216367990; +91 6232407243; +91 6235912554; +91 6258542146; +91 6287305279; +91 6306448101; +91 6321237356; +91 6323855104; +91 6324702646; +91 6328142266; +91 6348196268; +91 6349610325; +91 6354245241; +91 6370261783; +91 6385176062; +91 6427241760; +91 6461626096; +91 6501760620; +91 6518388431; +91 6526732247; +91 6580844490; +91 6594289176; +91 6603926041; +91 6606438957; +91 6638422066; +91 6659634217; +91 6723411978; +91 6756947950; +91 6776231760; +91 6796176062; +91 6825997483; +91 6840078822; +91 6846775152; +91 6910395176; +91 6946325521; +91 6964655679; +91 6968653703; +91 7010758176; +91 7013694668; +91 7013728125; +91 7013754732; +91 7049715482; +91 7051176062; +91 7055310815; +91 7055392851; +91 7067955921; +91 7085621760; +91 7162904594; +91 7187590755; +91 7193072917; +91 7197763642; +91 7259794833; +91 7259805155; +91 7266866194; +91 7306217606; +91 7319464306; +91 7346023394; +91 7358944303; +91 7370036051; +91 7399815186; +91 7420480456; +91 7517378417; +91 7522698244; +91 7536602557; +91 7542448369; +91 7593179847; +91 7604642511; +91 7660761176; +91 7671565176; +91 7677176062; +91 7678016176; +91 7701145978; +91 7769758176; +91 7835974844; +91 7851254331; +91 7897640350; +91 7907798981; +91 7958823915; +91 7977930244; +91 7988659311; +91 8023145660; +91 8050781760; +91 8065154541; +91 8077565751; +91 8078964176; +91 8080017606; +91 8087717606; +91 8115394748; +91 8176062098; +91 8206553176; +91 8238693956; +91 8259854559; +91 8263246047; +91 8268938428; +91 8272837241; +91 8286668614; +91 8287671314; +91 8291334777; +91 8301870268; +91 8304779487; +91 8305647839; +91 8306575174; +91 8317606210; +91 8320497342; +91 8362528798; +91 8393230524; +91 8408953176; +91 8414584455; +91 8418631407; +91 8472652218; +91 8486793823; +91 8489090000; +91 8497015790; +91 8521604725; +91 8544887260; +91 8741237917; +91 8746396617; +91 8839346168; +91 8842176062; +91 8866517606; +91 8872783860; +91 8899303612; +91 8904419931; +91 8942738931; +91 8943903998; +91 8946410619; +91 8946433654; +91 8946446106; +91 8951266541; +91 8951299375; +91 8951320281; +91 8951322509; +91 8951324573; +91 8951336698; +91 8951340892; +91 8951343317; +91 8951344005; +91 8951347839; +91 8955183400; +91 8969188933; +91 8973708277; +91 9004609142; +91 9007045673; +91 9007062122; +91 9017286787; +91 9017329352; +91 9025357217; +91 9025483474; +91 9028285379; +91 9038105673; +91 9044070170; +91 9046381363; +91 9046417539; +91 9059483877; +91 9059515859; +91 9081464914; +91 9084930490; +91 9084932718; +91 9085796843; +91 9085868343; +91 9085926047; +91 9085935878; +91 9087997411; +91 9120579518; +91 9123843670; +91 9124027400; +91 9124074160; +91 9131215290; +91 9131398824; +91 9140064157; +91 9140316471; +91 9155506110; +91 9179131760; +91 9181218701; +91 9181254746; +91 9188448394; +91 9226991380; +91 9252451526; +91 9255417606; +91 9256538898; +91 9277750517; +91 9281668881; +91 9295349285; +91 9295639871; +91 9324344105; +91 9346071775; +91 9354766311; +91 9354766377; +91 9354767261; +91 9354767294; +91 9389171239; +91 9409911587; +91 9409935179; +91 9409949630; +91 9417778741; +91 9418610671; +91 9421712851; +91 9427655262; +91 9496802295; +91 9496805441; +91 9521760620; +91 9634914655; +91 9790712056; +91 9847991760; +91 9849284315; +91 9858931760; +91 9887607176; +91 9963236981,,3,SUCCESS,
69f5d659e4b07cca5798b14d,MEDANOVA HEALTHTECH PRIVATE LIMITED,DIPP259137,RECOGNISED,U32509MH2025PTC464092,Validation,Nagpur,Maharashtra,Healthcare & Lifesciences,Healthcare Technology,"https://www,medanova.in",,,,OK,,,,0,ERROR,"Page.goto: net::ERR_NAME_NOT_RESOLVED at https://www,medanova.in/
Call log:
  - navigating to ""https://www,medanova.in/"", waiting until ""domcontentloaded""
"
69f5b236e4b07cca5798a3d6,ORBSDIO PRIVATE LIMITED,DIPP259101,RECOGNISED,U62011ME2026PTC473819,Prototype,Nagpur,Maharashtra,IT Services,Product Development,"https://www.orbsdio.com , www.rento.life",,,,OK,,,,0,ERROR,"Page.goto: net::ERR_NAME_NOT_RESOLVED at https://www.orbsdio.com , www.rento.life
Call log:
  - navigating to ""https://www.orbsdio.com , www.rento.life"", waiting until ""domcontentloaded""
"
69f4a010e4b07cca5798704a,VISHVAI TRADECOM (OPC) PRIVATE LIMITED,DIPP259040,RECOGNISED,U70200MH2024OPC425545,Validation,Nagpur,Maharashtra,Professional & Commercial Services,Others,https://www.vishvasetu.in,,,,OK,info@vishvasetu.in,+91 7582024455,,1,SUCCESS,
69f1a792e4b07cca5796db74,PRIVACY ON AI LABS PRIVATE LIMITED,DIPP258030,RECOGNISED,U62099ME2026PTC474187,Validation,Nagpur,Maharashtra,AI,NLP,https://Privacyonai.com,,,,OK,info@privacyonai.com,,,1,SUCCESS,
69f08586e4b07cca57967e6c,SRUSHTI TATVA INDIA PRIVATE LIMITED,DIPP257845,RECOGNISED,U10300MH2025PTC451646,EarlyTraction,Nagpur,Maharashtra,Healthcare & Lifesciences,Others,https://www.srushtitatva.com,,,,OK,,,,0,ERROR,"Page.goto: net::ERR_SSL_UNRECOGNIZED_NAME_ALERT at https://www.srushtitatva.com/
Call log:
  - navigating to ""https://www.srushtitatva.com/"", waiting until ""domcontentloaded""
"
69ef3bfce4b07cca5795f5b2,BOTANIK ROOTS PRIVATE LIMITED,DIPP244665,RECOGNISED,U01611MH2026PTC467386,Prototype,Nagpur,Maharashtra,Agriculture,Others,https://BOTANIK ROOTS PRIVATE LIMITED!,,,,OK,,,,0,ERROR,"Page.goto: net::ERR_NAME_NOT_RESOLVED at https://BOTANIK ROOTS PRIVATE LIMITED!
Call log:
  - navigating to ""https://BOTANIK ROOTS PRIVATE LIMITED!"", waiting until ""domcontentloaded""
"
69ec96d0e4b07cca5795410f,A FINERI 5 LLP,DIPP257315,RECOGNISED,ACS-9001,EarlyTraction,Nagpur,Maharashtra,Textiles & Apparel,Apparel & Accessories,https://www.fineriluxe.com,,,,OK,fineri.five@gmail.com,+91 6056347002; +91 6065903891; +91 6081117254; +91 6107475421; +91 6107673131; +91 6184877641; +91 6236541117; +91 6237567178; +91 6301304980; +91 6303178619; +91 6363657217; +91 6421811581; +91 6502127441; +91 6502657122; +91 6535389460; +91 6554931334; +91 6587997311; +91 6597747714; +91 6601734640; +91 6609003747; +91 6631927422; +91 6646387652; +91 6664370395; +91 6752511166; +91 6816377178; +91 6822697688; +91 6902421741; +91 6946541501; +91 6964080178; +91 7045281695; +91 7047364303; +91 7087612209; +91 7099771786; +91 7161786192; +91 7166249635; +91 7167430718; +91 7178632877; +91 7252495449; +91 7357404471; +91 7533116412; +91 7551172627; +91 7575118941; +91 7600820590; +91 7604089991; +91 7605953178; +91 7618396874; +91 7618478467; +91 7709337906; +91 7807176789; +91 7861786192; +91 7917861927; +91 7935190361; +91 7951343582; +91 7969739178; +91 8004377619; +91 8007008922; +91 8018476768; +91 8023904173; +91 8049721178; +91 8081617861; +91 8161317716; +91 8161325678; +91 8161368146; +91 8161381908; +91 8161388593; +91 8161559216; +91 8161569800; +91 8161594867; +91 8161597685; +91 8161597849; +91 8161597980; +91 8161599848; +91 8161601650; +91 8198332186; +91 8576947221; +91 8673187561; +91 8677000773; +91 8677281530; +91 8677309644; +91 8677323243; +91 8677349753; +91 8677391630; +91 8677423448; +91 8750769178; +91 8757443701; +91 8763888540; +91 8882281971; +91 8882282856; +91 8882284757; +91 8882285510; +91 8882286002; +91 8882309169; +91 8882313363; +91 8882329223; +91 8882331353; +91 8882331517; +91 8882331648; +91 8882333024; +91 8882334630; +91 8913741086; +91 8913841914; +91 8913849909; +91 8913850859; +91 8913851023; +91 8913851285; +91 8913853022; +91 8913853350; +91 8926007178; +91 8932725381; +91 8936010999; +91 8936011327; +91 8936014604; +91 8936016570; +91 8994177200; +91 9016289540; +91 9065767178; +91 9083667178; +91 9098279996; +91 9167716017; +91 9178619276; +91 9178633040; +91 9180070089; +91 9217861927; +91 9257317861; +91 9277491786; +91 9309516629; +91 9337400145; +91 9351379062; +91 9394917861; +91 9396178619; +91 9404201786; +91 9467004753; +91 9682289741; +91 9796716022; +91 9816943781; +91 9875708598; +91 9917861927,,2,SUCCESS,
69e5f326e4b0e7f6cc6092f5,COHR TALENT MANAGEMENT PRIVATE LIMITED,DIPP256375,RECOGNISED,U78200MH2025PTC451003,EarlyTraction,Nagpur,Maharashtra,Human Resources,Talent Management,https://cohr.in,,,,OK,,,,0,ERROR,"Page.goto: net::ERR_SSL_VERSION_OR_CIPHER_MISMATCH at https://cohr.in/
Call log:
  - navigating to ""https://cohr.in/"", waiting until ""domcontentloaded""
"
69e204cce4b03fe8db9aff45,JAI MALHAR HUMAN CAPITAL PRIVATE LIMITED,DIPP256069,RECOGNISED,U78100MH2024PTC416552,EarlyTraction,Nagpur,Maharashtra,Human Resources,Recruitment Jobs,https://jaimalhar.netlify.app/,,,,OK,,,,1,SUCCESS,
69e10b33e4b03fe8db9abb80,CFOSYNC AI PRIVATE LIMITED,DIPP231272,RECOGNISED,U69202MH2025PTC457923,EarlyTraction,Nagpur,Maharashtra,AI,Others,https://www.cfosyncai.com,,,,OK,,,,0,ERROR,"Page.goto: net::ERR_CERT_COMMON_NAME_INVALID at https://www.cfosyncai.com/
Call log:
  - navigating to ""https://www.cfosyncai.com/"", waiting until ""domcontentloaded""
"
69df1328e4b03fe8db99ebf1,BITBLOCK INTERNATIONAL PRIVATE LIMITED,DIPP255669,RECOGNISED,U82990ME2026PTC473990,Prototype,Nagpur,Maharashtra,Professional & Commercial Services,Business Support Services,https://www.bitblockinternational.com,,,,OK,,,,1,SUCCESS,
69dcc922e4b0eb7de192d97f,JAMP INDUSTRIES,DIPP258286,RECOGNISED,27AANFJ3556D1Z9,Scaling,Nagpur,Maharashtra,Chemicals,Specialty Chemicals,https://www.jampindustries.com/home,,,,OK,mehtapranav1971@gmail.com,+91 6399999857; +91 6999999881; +91 7822972159; +91 7866010529; +91 8000000119; +91 8199999928; +91 8700000048; +91 8976067085; +91 9190961563; +91 9930313589,,1,SUCCESS,
69d7b0c1e4b086835f217ff1,BATFLAP TECH PRIVATE LIMITED,DIPP254929,RECOGNISED,U26109MH2024PTC424407,EarlyTraction,Nagpur,Maharashtra,Technology Hardware,Electronics,https://www.kitkraft.in,,,,OK,info@kitkraft.in,+91 6012978341; +91 6013045187; +91 6080414917; +91 6121723180; +91 6128675172; +91 6136031457; +91 6258542146; +91 6302079223; +91 6324560071; +91 6370055894; +91 6371908007; +91 6431747730; +91 6438694339; +91 6439237633; +91 6439546963; +91 6439867434; +91 6463842469; +91 6500554425; +91 6518388431; +91 6695313020; +91 6717231807; +91 6758573199; +91 6788501233; +91 6788501266; +91 6788501758; +91 6788501856; +91 6788502151; +91 6817079219; +91 6865954917; +91 7017231807; +91 7024755516; +91 7085781343; +91 7105217231; +91 7201414281; +91 7253412517; +91 7315138280; +91 7329221397; +91 7408873172; +91 7458617341; +91 7460939366; +91 7489633419; +91 7489633583; +91 7489633714; +91 7512440471; +91 7512493260; +91 7512520720; +91 7512542249; +91 7513443106; +91 7514626490; +91 7600470589; +91 7670160351; +91 7710725172; +91 7750607476; +91 7750627137; +91 7750650074; +91 7806172318; +91 7827322801; +91 7840674087; +91 7842259894; +91 7842263302; +91 7895333817; +91 7916666666; +91 7958823915; +91 8005452365; +91 8044181766; +91 8071723180; +91 8075310592; +91 8139534883; +91 8141172318; +91 8192597824; +91 8208493610; +91 8209454744; +91 8209467161; +91 8333333333; +91 8342539017; +91 8379471893; +91 8401787530; +91 8571428571; +91 8811958899; +91 8816300285; +91 8871447575; +91 8928172318; +91 9171581172; +91 9272700327; +91 9324351698; +91 9370751376; +91 9412075439; +91 9510910642; +91 9516443323; +91 9561117231; +91 9626007555; +91 9662422233; +91 9917231807; +91 9944551759,,3,SUCCESS,
69d5e9fbe4b0eeff63094720,DECCAN SPATIAL CONSULTANCY LLP,DIPP258221,RECOGNISED,ACL-9645,Validation,Nagpur,Maharashtra,Analytics,Data Science,https://deccanspatial.com/#,,,,OK,deccanspatial@gmail.com,,https://www.linkedin.com/company/deccanspatial/,3,SUCCESS,
69d3b454e4b0eeff6308b973,VERTEX GOVERNANCE &amp; INFRA PRIVATE LIMITED,DIPP254377,RECOGNISED,U78300ME2026PTC473621,Validation,Nagpur,Maharashtra,Renewable Energy,Renewable Energy Solutions,https://NA,,,,OK,,,,0,ERROR,"Page.goto: net::ERR_NAME_NOT_RESOLVED at https://na/
Call log:
  - navigating to ""https://na/"", waiting until ""domcontentloaded""
"
69d3725ce4b03eeefb81169f,VEDANT SURGICAL PRIVATE LIMITED,DIPP254286,RECOGNISED,U46596MH2023PTC398861,Validation,Nagpur,Maharashtra,Healthcare & Lifesciences,Others,https://VEDANT SURGICAL PRIVATE LIMITED,,,,OK,,,,0,ERROR,"Page.goto: net::ERR_NAME_NOT_RESOLVED at https://VEDANT SURGICAL PRIVATE LIMITED
Call log:
  - navigating to ""https://VEDANT SURGICAL PRIVATE LIMITED"", waiting until ""domcontentloaded""
"
69d268fde4b03eeefb80dd43,COGNETIX GLOBAL TECHNOLOGY LLP,DIPP254219,RECOGNISED,ACV-1375,Scaling,Nagpur,Maharashtra,IT Services,IT Consulting,https://cognetixtechnology.co.in,,,,OK,,,,1,SUCCESS,
69ce6182e4b03eeefb7ff73a,NABHAM TECH PRIVATE LIMITED,DIPP258163,RECOGNISED,U62090ME2026PTC473702,Prototype,Nagpur,Maharashtra,Analytics,Data Science,https://WWW.NABHAM.TECH,,,,OK,paresh@nabham.tech,+91 6703814278; +91 7817915094; +91 8149363788; +91 9181493637,https://www.linkedin.com/company/nabham-tech/,4,SUCCESS,
69cceebae4b0c26a54714262,S2P EDUTECH PRIVATE LIMITED,DIPP253588,RECOGNISED,U93090MH2017PTC293054,Scaling,Nagpur,Maharashtra,Education,Coaching,https://s2pedutech.com,,,,OK,,+91 6268260917; +91 7430781307; +91 7840769547; +91 8516449817,,1,SUCCESS,
69cc14f0e4b0c26a547102df,ORGABIA PRIVATE LIMITED,DIPP253491,RECOGNISED,U46909ME2026PTC474160,EarlyTraction,Nagpur,Maharashtra,Agriculture,Food Processing,https://Under Development,,,,OK,,,,0,ERROR,"Page.goto: net::ERR_NAME_NOT_RESOLVED at https://Under Development
Call log:
  - navigating to ""https://Under Development"", waiting until ""domcontentloaded""
"
69cbaf1be4b0c26a5470cca7,SILICON INGOT TECHNOLOGY LLP,DIPP253407,RECOGNISED,ACT-7365,EarlyTraction,Nagpur,Maharashtra,Technology Hardware,Semiconductor,https://siliconingottechnology.com/,,,,OK,director@jrsttechnology.com,+91 9664785674; +91 9766008274,https://www.linkedin.com/in/saif-zaveri-55045396?utm_source=share&utm_campaign=share_via&utm_content=profile&utm_medium=android_app,3,SUCCESS,
69cb92e4e4b0c26a5470ae77,SAFECARE GASOLINE PRIVATE LIMITED,DIPP253337,RECOGNISED,U11201MH2019PTC330534,EarlyTraction,Nagpur,Maharashtra,Other Specialty Retailers,Others,https://NA,,,,OK,,,,0,ERROR,"Page.goto: net::ERR_NAME_NOT_RESOLVED at https://na/
Call log:
  - navigating to ""https://na/"", waiting until ""domcontentloaded""
"
69c9e6cde4b0c26a546fc8da,AVENAA HOSPITALITY MANAGEMENT PRIVATE LIMITED,DIPP243637,RECOGNISED,U55101MH2026PTC466811,Prototype,Nagpur,Maharashtra,Travel & Tourism,Hospitality,https://NA,,,,OK,,,,0,ERROR,"Page.goto: net::ERR_NAME_NOT_RESOLVED at https://na/
Call log:
  - navigating to ""https://na/"", waiting until ""domcontentloaded""
"
69c785d8e4b0c26a546f276e,WEBARTIFACTS PRIVATE LIMITED,DIPP252834,RECOGNISED,U58200MH2025PTC441930,Validation,Nagpur,Maharashtra,IT Services,Web Development,https://webartifacts.in,,,,OK,admin@webartifacts.in,+91 7758969022,https://www.linkedin.com/company/webartifactsind/about/,3,SUCCESS,
69c676e2e4b0c26a546eb8e4,MILLIMETERCHIPS PRIVATE LIMITED,DIPP252728,RECOGNISED,U72900MH2020PTC342690,Validation,Nagpur,Maharashtra,Telecommunication & Networking,Wireless,https://www.millimeterchips.co.in,,,,OK,sales@millimeterchips.co.in,+91 6498547765; +91 7496969728; +91 7630995616; +91 8485841789; +91 9022078131,,3,SUCCESS,
69c647bee4b0c26a546e8f32,CARELY FOODS PRIVATE LIMITED,DIPP252616,RECOGNISED,U47219MH2025PTC448222,Validation,Nagpur,Maharashtra,Food & Beverages,Food Processing,https://www.carelyfoods.com,,,,OK,carelyfoods@gmail.com,+91 6063126190; +91 8139131976; +91 8446653596; +91 8713213705,,4,SUCCESS,
69c52555e4b0c26a546e0786,MECHHELP TECHNOLOGIES PRIVATE LIMITED,DIPP252456,RECOGNISED,U45403ME2026PTC473986,EarlyTraction,Nagpur,Maharashtra,Automotive,Others,https://www.mechhelp.in/,,,,OK,,+91 6158348722; +91 6445362673; +91 7817915094; +91 7937275095; +91 9469026086,,1,SUCCESS,
69c4ef51e4b0c26a546dd0fd,ULHAS ENTERPRISES PRIVATE LIMITED,DIPP252319,RECOGNISED,U42909MH2025PTC463816,Validation,Nagpur,Maharashtra,Construction,New-age Construction Technologies,https://NIL,,,,OK,,,,0,ERROR,"Page.goto: net::ERR_NAME_NOT_RESOLVED at https://nil/
Call log:
  - navigating to ""https://nil/"", waiting until ""domcontentloaded""
"
69c2c2a8e4b0b7e5b733b0e0,MAXVANIJA GLOBAL INDIA PRIVATE LIMITED,DIPP252068,RECOGNISED,U46593MH2025PTC462751,Scaling,Nagpur,Maharashtra,Retail,Comparison Shopping,https://anoracraft.com,,,,OK,,,,1,SUCCESS,
69c1273be4b0b7e5b732b056,VIDHYAISHWAR HEALTHCARE AND PHARMACEUTICALS PRIVATE LIMITED,DIPP251754,RECOGNISED,U21002MH2025PTC449565,EarlyTraction,Nagpur,Maharashtra,Healthcare & Lifesciences,Pharmaceutical,https://www.falconebiz.com/,,,,OK,info@arinesolutions.com; sales@falconebiz.com; support@falconebiz.com,+91 6797034650; +91 7107336241; +91 7660557144; +91 7792712016; +91 7866011409; +91 7866011411; +91 7866011419; +91 7866011420; +91 9167789464; +91 9971990887,,3,SUCCESS,
69be62b7e4b0b7e5b7315f1b,MACTAL LABS PRIVATE LIMITED,DIPP251385,RECOGNISED,U71200MH2025PTC450991,EarlyTraction,Nagpur,Maharashtra,Chemicals,Others,https://mactal-labs.com,,,,OK,you@company.com,+91 7387845565; +91 8788814168; +91 9890643238,,3,SUCCESS,
69bbf4d2e4b0b7e5b72ffba9,SKAND INDUSTRIES PRIVATE LIMITED,DIPP251091,RECOGNISED,U26309MH2026PTC466011,Validation,Nagpur,Maharashtra,Aeronautics Aerospace & Defence,Drones,https://N/A,,,,OK,,,,0,ERROR,"Page.goto: net::ERR_NAME_NOT_RESOLVED at https://n/A
Call log:
  - navigating to ""https://n/A"", waiting until ""domcontentloaded""
"
69ba6e62e4b0b7e5b72f5551,GRADUATE CAMPUS SWAP PRIVATE LIMITED,DIPP250854,RECOGNISED,U47912MH2026PTC468291,EarlyTraction,Nagpur,Maharashtra,Social Network,Others,https://campus-swap.com,,,,OK,,,,1,SUCCESS,
69b947c7e4b0b7e5b72ef38b,BANS LIFESTYLE PRIVATE LIMITED,DIPP250590,RECOGNISED,U47711MH2026PTC466483,Validation,Nagpur,Maharashtra,Retail,Others,https://NA,,,,OK,,,,0,ERROR,"Page.goto: net::ERR_NAME_NOT_RESOLVED at https://na/
Call log:
  - navigating to ""https://na/"", waiting until ""domcontentloaded""
"
69b799cfe4b0b7e5b72e31e6,DELULU VENTURES LLP,DIPP250142,RECOGNISED,ACQ-9504,Prototype,Nagpur,Maharashtra,AI,NLP,https://deluluventures.com/,,,,OK,hello@deluluventures.com,+91 6776665232; +91 7231527804; +91 7817915094,https://www.linkedin.com/company/delulu-ventures/,3,SUCCESS,
69b5bed6e4b0b7e5b72ddb16,HIND CONSULTING AND ENGINEERING PRIVATE LIMITED,DIPP250082,RECOGNISED,U74909MH2026PTC467594,EarlyTraction,Nagpur,Maharashtra,Aeronautics Aerospace & Defence,Defence Equipment,https://www.hindce.com,,,,OK,,,,1,SUCCESS,
69b59039e4b0b7e5b72dd2d3,AVIANYA AI PRIVATE LIMITED,DIPP250077,RECOGNISED,U62011ME2026PTC473683,Validation,Nagpur,Maharashtra,AI,Machine Learning,https://avianya.com,,,,OK,contact@avianya.com; prasad@avianya.com,+91 7755991053; +91 8176832626; +91 9177559910,https://www.linkedin.com/company/avianya-ai/; https://www.linkedin.com/in/prasad-hajare/,2,SUCCESS,
69b11217e4b0b7e5b72c6df8,A73,DIPP249221,RECOGNISED,ACP-6404,Validation,Nagpur,Maharashtra,Fashion,Apparel,https://www.A73.in,,,,OK,,,,1,SUCCESS,
69b0fd41e4b0b7e5b72c615c,ORQIXA INFOTECH LLP,DIPP249200,RECOGNISED,ACV-6919,Prototype,Nagpur,Maharashtra,IT Services,Others,https://orqixainfotech.com/,,,,OK,hr@orqixawebtech.in; info@orqixainfotech.com; sharad.daivadnya@orqixainfotech.com; support@orqixawebtech.in,+91 6094735752; +91 7497871052; +91 7790855476; +91 7866011815; +91 7866011825; +91 7866011836; +91 8134421152; +91 8767816332; +91 9012400000; +91 9137007877; +91 9175162668; +91 9187678163; +91 9197906241; +91 9197998003; +91 9272521355; +91 9739737545; +91 9876543210,https://www.linkedin.com/company/www-Orqixawebtech-com?originalSubdomain=in,4,SUCCESS,
69b0f28ae4b0b7e5b72c5b5f,ENSCUREX SOFTWARE PRIVATE LIMITED,DIPP249188,RECOGNISED,U71200MH2025PTC437792,EarlyTraction,Nagpur,Maharashtra,Enterprise Software,Others,https://www.google.com,,,,OK,,+91 6097979753; +91 7866011844; +91 7866875844; +91 9007199254; +91 9999999776,,1,SUCCESS,
69affc7ee4b0b7e5b72c24de,PLANITT SOLUTIONS PRIVATE LIMITED,DIPP249094,RECOGNISED,U66309MH2026PTC465449,EarlyTraction,Nagpur,Maharashtra,Finance Technology,Advisory,https://www.planitt.in/,,,,OK,planittsolutions@gmail.com,,,1,SUCCESS,
69affb96e4b0b7e5b72c242c,ANGELSAI TECHNOLOGIES PRIVATE LIMITED,DIPP249089,RECOGNISED,U62011MH2025PTC464103,EarlyTraction,Nagpur,Maharashtra,IT Services,Application Development,https://www.angels-ai.com/,,,,OK,contact@angels-ai.com,,,3,SUCCESS,
69aec321e4b0b7e5b72bb8ac,PAN MEDIA SOLUTION,DIPP256463,RECOGNISED,4.65E+12,Validation,Nagpur,Maharashtra,Advertising,AdTech,https://www.panmediasolution.com/,,,,OK,panmediasolution@gmail.com,+91 6666666667; +91 7496969728; +91 7513883012; +91 7516488008; +91 7516490546; +91 8180047251; +91 8262978244; +91 9181800472; +91 9182629782; +91 9767630753,http://www.linkedin.com/in/pan-media-solution-54b4482a4,3,SUCCESS,
69aea5ebe4b0b7e5b72ba75f,FALCON BUILDSYS STRUCTURES (OPC) PRIVATE LIMITED,DIPP248867,RECOGNISED,U25112MH2025OPC459336,EarlyTraction,Nagpur,Maharashtra,Construction,Construction & Engineering,https://NA,,,,OK,,,,0,ERROR,"Page.goto: net::ERR_NAME_NOT_RESOLVED at https://na/
Call log:
  - navigating to ""https://na/"", waiting until ""domcontentloaded""
"
69ac2434e4b0b7e5b72b102c,FINVISE AI TECH PRIVATE LIMITED,DIPP248649,RECOGNISED,U62099MH2026PTC464721,Validation,Nagpur,Maharashtra,Finance Technology,Personal Finance,https://www.finviseai.com/,,,,OK,contact.finvise.ai@gmail.com; contact.finviseai@gmail.com,+91 6616310504; +91 7866012064; +91 7953735334,https://www.linkedin.com/company/finvise-ai-tech-pvt-ltd/,1,SUCCESS,
69abdeace4b0b7e5b72aec3a,LOGISTIKAS LOGISOL GLOBAL PRIVATE LIMITED,DIPP248549,RECOGNISED,U52290MH2025PTC444017,Scaling,Nagpur,Maharashtra,Transportation & Storage,Freight & Logistics Services,https://logistikaslogisol.com,,,,OK,,,,0,ERROR,"Page.goto: net::ERR_NAME_NOT_RESOLVED at https://logistikaslogisol.com/
Call log:
  - navigating to ""https://logistikaslogisol.com/"", waiting until ""domcontentloaded""
"
69aa89afe4b0b7e5b72a6cc8,INFRATECH CONSTRUCTION & CONSULTANCY SERVICES,DIPP258905,RECOGNISED,NG000007505,Scaling,Nagpur,Maharashtra,Professional & Commercial Services,Others,https://infratech.co.in/index.html,,,,OK,info@infratechnagpur.com,+91 6707784750; +91 7499799171; +91 7586355557; +91 7817915094; +91 7961040865; +91 8484951624; +91 8961071563; +91 9387614988,,3,SUCCESS,
69aa871ce4b0b7e5b72a6b57,TEKSYS SERVICES PRIVATE LIMITED,DIPP248313,RECOGNISED,U62091MH2025PTC460366,EarlyTraction,Nagpur,Maharashtra,IT Services,Product Development,https://teksys-services.com/,,,,OK,,,,1,SUCCESS,
69a969aae4b0b7e5b72a19a0,SMART TAX &amp; FINANCIAL SOLUTIONS (OPC) PRIVATE LIMITED,DIPP248127,RECOGNISED,U69200ME2026OPC473511,Validation,Nagpur,Maharashtra,Finance Technology,Advisory,https://NA,,,,OK,,,,0,ERROR,"Page.goto: net::ERR_NAME_NOT_RESOLVED at https://na/
Call log:
  - navigating to ""https://na/"", waiting until ""domcontentloaded""
"
69a2dedbe4b0b7e5b7284f6b,SUNVED ENERGY PRIVATE LIMITED,DIPP240308,RECOGNISED,U35105MH2025PTC447305,Validation,Nagpur,Maharashtra,Construction,Construction & Engineering,https://bajpan04@gmail.com,,,,OK,,+91 8369249702,,1,SUCCESS,
69a2d21ce4b0b7e5b7284830,REDINIUM TECHNOLOGIES PRIVATE LIMITED,DIPP247447,RECOGNISED,U30305MH2025PTC456875,Validation,Nagpur,Maharashtra,Aeronautics Aerospace & Defence,Drones,https://www.aerionix.in/,,,,OK,anuragelai@gmail.com; career@aerionix.in; contact@aerionix.in; prajwaltated29@gmail.com; satyambage710@gmail.com; support@aerionix.in,+91 9359296165; +91 9876543210; +91 9876543211; +91 9876543212,https://linkedin.com/company/aerionix,4,SUCCESS,
69a2c904e4b0b7e5b728420f,CHATSPUB VENTURES (OPC) PRIVATE LIMITED,DIPP240110,RECOGNISED,U62011PN2025OPC249146,EarlyTraction,Nagpur,Maharashtra,Professional & Commercial Services,Others,https://play.google.com/store/apps/details?id=com.chatspubventures.chatspub,,,,OK,chatspub@gmail.com,+91 6115841996; +91 6367580590; +91 6449801956; +91 6563386281; +91 6663777734; +91 6666666667; +91 6823529411; +91 6825873421; +91 6842105263; +91 6869605551; +91 6945718595; +91 6970311115; +91 7133333333; +91 7251202478; +91 7337599001; +91 7337599003; +91 7337599004; +91 7436567096; +91 7547251319; +91 7612492216; +91 7640571938; +91 7675311809; +91 7722787857; +91 7777777778; +91 7866012300; +91 7981591061; +91 8111295368; +91 8296722466; +91 8421052631; +91 8675427103; +91 8786000000; +91 8812530725; +91 9396926208; +91 9502513148; +91 9582614082; +91 9741171062; +91 9841034206; +91 9924421902,,3,SUCCESS,
69a28d06e4b0b7e5b72817b7,CHEMKIND INDUSTRIES LLP,DIPP247313,RECOGNISED,ACC-8487,EarlyTraction,Nagpur,Maharashtra,Chemicals,Specialty Chemicals,https://NO,,,,OK,,,,0,ERROR,"Page.goto: net::ERR_NAME_NOT_RESOLVED at https://no/
Call log:
  - navigating to ""https://no/"", waiting until ""domcontentloaded""
"
69a17f27e4b0b7e5b727ba06,SOUVIY GREEN PRIVATE LIMITED,DIPP246913,RECOGNISED,U35105MH2025PTC455226,Validation,Nagpur,Maharashtra,Renewable Energy,Renewable Solar Energy,https://NA,,,,OK,,,,0,ERROR,"Page.goto: net::ERR_NAME_NOT_RESOLVED at https://na/
Call log:
  - navigating to ""https://na/"", waiting until ""domcontentloaded""
"
69a17b97e4b0b7e5b727b3d5,ADCEL AI PRIVATE LIMITED,DIPP246751,RECOGNISED,U62099MH2026PTC466090,Validation,Nagpur,Maharashtra,Marketing,Sales,https://www.adceleration.co,,,,OK,contact@adceleration.co; you@company.com,+91 6157917452,http://linkedin.com/company/adceleration1,4,SUCCESS,
69a17a97e4b0b7e5b727b21d,RANK AI PRIVATE LIMITED,DIPP246706,RECOGNISED,U62011PN2026PTC252077,Prototype,Nagpur,Maharashtra,AI,Machine Learning,https://www.atomrank.in/,,,,OK,support@atomrank.in,,,3,SUCCESS,
699eacdee4b0b7e5b7266ba0,Webdock Studios LLP,DIPP246513,RECOGNISED,ACU-6058,Scaling,Nagpur,Maharashtra,IT Services,Web Development,https://www.webdockstudios.com,,,,OK,,,,1,SUCCESS,
699c53dae4b0a68b6c7eab5d,CLIPCRAFTERZZ LLP,DIPP246055,RECOGNISED,ACV-3115,Validation,Nagpur,Maharashtra,Education,Skill Development,https://NIL,,,,OK,,,,0,ERROR,"Page.goto: net::ERR_NAME_NOT_RESOLVED at https://nil/
Call log:
  - navigating to ""https://nil/"", waiting until ""domcontentloaded""
"
699c39c0e4b0a68b6c7e9176,SHRIRAMPYAREE TOUGHFERRIN PRIVATE LIMITED,DIPP246016,RECOGNISED,U46103MH2025PTC459525,Validation,Nagpur,Maharashtra,Construction,Construction Materials,https://www.falconebiz.com/company/SHRIRAMPYAREE-TOUGHFERRIN-PRIVATE-LIMITED-U46103MH2025PTC459525,,,,OK,ampyareetoughferrin@gmail.com; info@arinesolutions.com; sales@falconebiz.com; support@falconebiz.com,+91 6930318196; +91 7782643516; +91 7866012722; +91 7866012727; +91 7866012751; +91 7866012753; +91 7938516571; +91 9167789464; +91 9971990887,,4,SUCCESS,
699c04e4e4b0a68b6c7e44de,ROAM HOSPITALITY PRIVATE LIMITED,DIPP245978,RECOGNISED,U55101MH2025PTC461307,EarlyTraction,Nagpur,Maharashtra,Travel & Tourism,Hospitality,https://roamshospitality.com/,,,,OK,,,,1,SUCCESS,
69998118e4b0a68b6c7d4591,SLURP DADDY LLP,DIPP245838,RECOGNISED,ACQ-2179,EarlyTraction,Nagpur,Maharashtra,Food & Beverages,Food Processing,https://No Website,,,,OK,,,,0,ERROR,"Page.goto: net::ERR_NAME_NOT_RESOLVED at https://No Website
Call log:
  - navigating to ""https://No Website"", waiting until ""domcontentloaded""
"
6997ed62e4b0a68b6c7c852a,SHINEONCAR AUTOCARE PRIVATE LIMITED,DIPP245566,RECOGNISED,U45200MH2025PTC449254,EarlyTraction,Nagpur,Maharashtra,Professional & Commercial Services,Others,https://shineoncar.com/,,,,OK,,,,1,SUCCESS,
6995b2c2e4b0a68b6c7b7ab6,PECSA ROBOTICS PRIVATE LIMITED,DIPP245216,RECOGNISED,U62099PN2025PTC238617,EarlyTraction,Nagpur,Maharashtra,Robotics,Robotics Technology,https://www.pecsa.co.in/,,,,OK,,+91 8114231068,,1,SUCCESS,
699450dde4b0a68b6c7aa53a,CELERIS VENTURE SYSTEMS PRIVATE LIMITED,DIPP244900,RECOGNISED,U62090MH2026PTC466224,Prototype,Nagpur,Maharashtra,AI,Others,http://celerisventures.ai/,,,,OK,info@celerisventures.ai,,,3,SUCCESS,
6994185fe4b0a68b6c7a67d8,TOPS MANAGEMENT SERVICES (OPC) PRIVATE LIMITED,DIPP244713,RECOGNISED,U78100MH2025OPC463764,Scaling,Nagpur,Maharashtra,Human Resources,Others,https://WWW.TOPSMANAGEMENT.COM,,,,OK,,+91 9000064000; +91 9610624619,,1,SUCCESS,
6990aeede4b0a68b6c7a2643,BOFFIN META LLP,DIPP244620,RECOGNISED,ACU-6463,Validation,Nagpur,Maharashtra,IT Services,IT Consulting,https://BOFFINMETA.COM,,,,OK,info.boffinmeta@gmail.com,+91 9175233969; +91 9191752339; +91 9403586900; +91 9822696516,,3,SUCCESS,
699089e4e4b0a68b6c7a153c,ASTERLOGIC PRIVATE LIMITED,DIPP244536,RECOGNISED,U62020MH2026PTC465526,Validation,Nagpur,Maharashtra,Security Solutions,Cyber Security,https://www.asterlogic.in,,,,OK,,,,1,SUCCESS,
698df049e4b0a68b6c78ff21,ASHIRWAD PLASTINDIA PRIVATE LIMITED,DIPP244234,RECOGNISED,U25209MH2020PTC346258,EarlyTraction,Nagpur,Maharashtra,Other Specialty Retailers,Others,https://NONE,,,,OK,,,,0,ERROR,"Page.goto: net::ERR_NAME_NOT_RESOLVED at https://none/
Call log:
  - navigating to ""https://none/"", waiting until ""domcontentloaded""
"
698d9569e4b0a68b6c78c634,ENTUJN FOOD TECH PRIVATE LIMITED,DIPP244090,RECOGNISED,U56290MH2024PTC422099,EarlyTraction,Nagpur,Maharashtra,IT Services,Product Development,https://burrfy.com/,,,,OK,support@burrfy.com,+91 6157730671; +91 8855012291,https://www.linkedin.com/in/bhagyashree-shende-718b3510b; https://www.linkedin.com/in/karishma-kohale-310480265/; https://www.linkedin.com/in/surabhi-karpe-41b03023,3,SUCCESS,
698b0f6fe4b0a68b6c779f63,JOGO OVERSEAS PRIVATE LIMITED,DIPP243696,RECOGNISED,U46309MH2025PTC456815,Prototype,Nagpur,Maharashtra,Agriculture,Others,https://NA,,,,OK,,,,0,ERROR,"Page.goto: net::ERR_NAME_NOT_RESOLVED at https://na/
Call log:
  - navigating to ""https://na/"", waiting until ""domcontentloaded""
"
698af71ce4b0a68b6c7787ce,SHILPI ENGINEERS PRIVATE LIMITED,DIPP229808,RECOGNISED,U30923MH2025PTC456257,Prototype,Nagpur,Maharashtra,Renewable Energy,Manufacture of Machinery and Equipment,https://NA,,,,OK,,,,0,ERROR,"Page.goto: net::ERR_NAME_NOT_RESOLVED at https://na/
Call log:
  - navigating to ""https://na/"", waiting until ""domcontentloaded""
"
698ade5ce4b0a68b6c7773a4,ROUTEDGE SERVICES PRIVATE LIMITED,DIPP228452,RECOGNISED,U82920MH2025PTC437724,Validation,Nagpur,Maharashtra,Logistics,Others,https://www.routedge.com,,,,OK,info@routedge.qa; support@routedge.qa,+91 6092329366; +91 6324675965; +91 6389013823; +91 6550494036; +91 7752762728; +91 7866013420; +91 7866013440; +91 7866013473; +91 8641137337; +91 9746670310,,3,SUCCESS,
6989c099e4b0a68b6c77045a,TECHDHVANI PRIVATE LIMITED,DIPP243473,RECOGNISED,U85500MH2025PTC453828,EarlyTraction,Nagpur,Maharashtra,Education,Education Technology,https://contact@careerdrishti.com,,,,OK,,,,1,SUCCESS,
69873496e4b0a68b6c763ed9,VARNUEAI BUSINESS SOLUTIONS PRIVATE LIMITED,DIPP243251,RECOGNISED,U62020MH2025PTC456021,EarlyTraction,Nagpur,Maharashtra,IT Services,Product Development,https://www.varnueai.com,,,,OK,sales@varnueai.com,+91 7763174952; +91 7763174955; +91 7763174960; +91 7763174970; +91 7763175021; +91 8717268683,,3,SUCCESS,
6985d315e4b0a68b6c75b8a1,AFPA INDIA PRIVATE LIMITED,DIPP243045,RECOGNISED,U80900MH2018PTC314465,Scaling,Nagpur,Maharashtra,Education,Coaching,https://www.afpa.in,,,,OK,escalationteam.afpa@gmail.com; interact@afpa.in,+91 6838407452; +91 7227632573; +91 7333333333; +91 8977936881,,3,SUCCESS,
69846deee4b06a6c449f0805,SIMPI CREATIVE TAILORS AND DESIGNERS PRIVATE LIMITED,DIPP242811,RECOGNISED,U14109MH2025PTC451294,Prototype,Nagpur,Maharashtra,Fashion,Lifestyle,https://simpitailors.com,,,,OK,simpitailors@gmail.com,+91 6018384078; +91 7156947604; +91 7169824213; +91 7817915094; +91 9193700843; +91 9370084321,,3,SUCCESS,
698315b5e4b06a6c449e77bc,ATC POLYMERS PRIVATE LIMITED,DIPP242538,RECOGNISED,U22205MH2026PTC465730,EarlyTraction,Nagpur,Maharashtra,Textiles & Apparel,Others,https://www.google.com/,,,,OK,,+91 6097979753; +91 7866013695; +91 7866877695; +91 9007199254; +91 9999999776,,1,SUCCESS,
69820a0be4b06a6c449e1508,BIO AXIOM AGRO PRIVATE LIMITED,DIPP242431,RECOGNISED,U20129MH2026PTC464614,Validation,Nagpur,Maharashtra,Agriculture,Organic Agriculture,https://www.bioaxiomagro.com,,,,OK,,,,1,SUCCESS,
6981c6e2e4b06a6c449de50f,SUPERNOVA INDUSTRIES PRIVATE LIMITED,DIPP242322,RECOGNISED,U20299MH2025PTC456519,Scaling,Nagpur,Maharashtra,Chemicals,Others,https://www.supernovaindustries.in,,,,OK,,,,1,SUCCESS,
6980c63ae4b06a6c449d7bdd,ECOSYNC INNOVATIONS,DIPP244903,RECOGNISED,NG000007086,Validation,Nagpur,Maharashtra,Green Technology,Others,https://69803ba870ed2.site123.me/,,,,OK,ecosyncinnovations@gmail.comm; shainon@site123-gal-editor-b.com,+91 6962798032; +91 6970741215; +91 6973165313; +91 7775096969,,3,SUCCESS,
69804d6fe4b06a6c449d23ec,ED-HANCED 360 PRIVATE LIMITED,DIPP242067,RECOGNISED,U85500MH2024PTC417779,EarlyTraction,Nagpur,Maharashtra,Education,Education Technology,https://edhanced360.com,,,,OK,info@edhanced360.com,+91 6025516235; +91 6271659017; +91 6462114101; +91 6600331421; +91 6712457660; +91 6753365775; +91 6889705660; +91 6982900050; +91 7095385942; +91 7231535777; +91 7547995312; +91 7863082057; +91 7874794137; +91 8097768776; +91 8150643210; +91 8428771316; +91 8728605619; +91 8789909867; +91 8838432749; +91 9044811152; +91 9202514963; +91 9643231848; +91 9717048150; +91 9720802190; +91 9889811332; +91 9931852372; +91 9986175564,,3,SUCCESS,
698048efe4b06a6c449d1ee6,V7 DEFENCE INDUSTRIES PRIVATE LIMITED,DIPP242061,RECOGNISED,U28299PN2025PTC240982,Scaling,Nagpur,Maharashtra,Technology Hardware,Manufacturing,https://www.v7industries.com,,,,OK,,,,0,ERROR,"Page.goto: net::ERR_ABORTED at https://www.v7industries.com/
Call log:
  - navigating to ""https://www.v7industries.com/"", waiting until ""domcontentloaded""
"
697ddb2ee4b06a6c449c2c9b,TIFSTAY TECHNOLOGIES PRIVATE LIMITED,DIPP241918,RECOGNISED,U56290MH2025PTC460393,EarlyTraction,Nagpur,Maharashtra,Food & Beverages,Others,https://tifstay.com/,,,,OK,info@tifstay.com,+91 6758942552; +91 9401920104,,2,SUCCESS,
697dad2de4b06a6c449bfbe5,JAYSIS INTEGRATED ELECTRONICS AND OPTRONICS PRIVATE LIMITED,DIPP241872,RECOGNISED,U31900MH2022PTC381742,Validation,Nagpur,Maharashtra,Aeronautics Aerospace & Defence,Drones,https://jaysis.ai,,,,OK,,,,0,ERROR,"Page.goto: net::ERR_NAME_NOT_RESOLVED at https://jaysis.ai/
Call log:
  - navigating to ""https://jaysis.ai/"", waiting until ""domcontentloaded""
"
697afccbe4b06a6c449a7a39,UNITRACK INDIA PRIVATE LIMITED,DIPP241415,RECOGNISED,U46596MH2026PTC466183,Scaling,Nagpur,Maharashtra,Healthcare & Lifesciences,Medical Devices Biomedical,https://unitrackindiaprivatelimited.com,,,,OK,,,,0,ERROR,"Page.goto: net::ERR_NAME_NOT_RESOLVED at https://unitrackindiaprivatelimited.com/
Call log:
  - navigating to ""https://unitrackindiaprivatelimited.com/"", waiting until ""domcontentloaded""
"
697af2dbe4b06a6c449a7259,GVMURUGA ENTERPRISES PRIVATE LIMITED,DIPP241404,RECOGNISED,U46209MH2022PTC394377,Scaling,Nagpur,Maharashtra,Advertising,AdTech,https://gvmuruga.com/,,,,OK,info@gvmuruga.com,+91 6156846078; +91 6503839581; +91 6505616668; +91 7496969728; +91 7870329207; +91 9199369369; +91 9936936998; +91 9946662230,,3,SUCCESS,
6978c4a9e4b044f2fe9e9d5c,EASTVALE ENTERPRISES PRIVATE LIMITED,DIPP241169,RECOGNISED,U46305MH2025PTC461555,EarlyTraction,Nagpur,Maharashtra,Agriculture,Organic Agriculture,http://global-agro.in/,,,,OK,info@global-agro.in,+91 6097560975; +91 6104506222; +91 6104506229; +91 6111111111; +91 6143790849; +91 6158397240; +91 6176470588; +91 6191718361; +91 6209150326; +91 6219512195; +91 6293758293; +91 6339869281; +91 6341463414; +91 6414950429; +91 6535947712; +91 6568627450; +91 6585365853; +91 6601307189; +91 6633986928; +91 6668183988; +91 6739089214; +91 6760563380; +91 6764705882; +91 6797385620; +91 6829268292; +91 6862745098; +91 6928104575; +91 6951219512; +91 6960784313; +91 6965204727; +91 6975931763; +91 7026143790; +91 7058823529; +91 7073170731; +91 7189542483; +91 7209316236; +91 7222222222; +91 7254901960; +91 7317073170; +91 7320261437; +91 7352941176; +91 7385620915; +91 7450980392; +91 7483660130; +91 7516339869; +91 7560975609; +91 7581699346; +91 7614379084; +91 7647058823; +91 7704919441; +91 7704919553; +91 7843137254; +91 7880320337; +91 7908496732; +91 7973856209; +91 8006535947; +91 8071895424; +91 8169934640; +91 8235294117; +91 8292682926; +91 8300653594; +91 8333333333; +91 8336677456; +91 8366013071; +91 8366013072; +91 8398692810; +91 8414634146; +91 8431372549; +91 8444334827; +91 8480809556; +91 8496732026; +91 8536585365; +91 8562091503; +91 8627450980; +91 8652247125; +91 8758169934; +91 8780487804; +91 8790849673; +91 8823529411; +91 8986928104; +91 9019607843; +91 9024390243; +91 9084967320; +91 9105729865; +91 9117647058; +91 9150326797; +91 9215686274; +91 9245162532; +91 9313725490; +91 9346405228; +91 9444444444; +91 9477124183; +91 9512195121; +91 9604003322; +91 9607843137; +91 9640522875; +91 9673202614; +91 9738562091; +91 9803921568; +91 9836601307; +91 9869281045; +91 9876543210,https://www.linkedin.com/company/eastvale-global-agro,3,SUCCESS,
696dc843e4b09f4058c5bccd,FINDAX DYNAMIC SOLUTIONS PRIVATE LIMITED,DIPP239548,RECOGNISED,U69202MH2025PTC457030,EarlyTraction,Nagpur,Maharashtra,IT Services,Product Development,https://www.findaxindia.com,,,,OK,info@findaxindia.com,+91 9834386358,,1,SUCCESS,
696cf989e4b09f4058c57b5a,AAIRR HEALTHCARE SERVICES PRIVATE LIMITED,DIPP239518,RECOGNISED,U86100PN2025PTC248203,Scaling,Nagpur,Maharashtra,Healthcare & Lifesciences,Healthcare Services,https://NA,,,,OK,,,,0,ERROR,"Page.goto: net::ERR_NAME_NOT_RESOLVED at https://na/
Call log:
  - navigating to ""https://na/"", waiting until ""domcontentloaded""
"
696cf8f4e4b09f4058c57b0f,MADWORLD INNOVATIONS LLP,DIPP239514,RECOGNISED,ACU-1698,Scaling,Nagpur,Maharashtra,Healthcare & Lifesciences,Health & Wellness,https://NA,,,,OK,,,,0,ERROR,"Page.goto: net::ERR_NAME_NOT_RESOLVED at https://na/
Call log:
  - navigating to ""https://na/"", waiting until ""domcontentloaded""
"
696a130ae4b0df7f2799d9b1,MAMTA BIORESOURCES LLP,DIPP239380,RECOGNISED,ACO-8065,EarlyTraction,Nagpur,Maharashtra,Renewable Energy,Renewable Energy Solutions,https://mamtabioresources.com,,,,OK,,,,0,ERROR,"Page.goto: net::ERR_CERT_COMMON_NAME_INVALID at https://mamtabioresources.com/
Call log:
  - navigating to ""https://mamtabioresources.com/"", waiting until ""domcontentloaded""
"
6967805ce4b0df7f2798f0e0,A16 INDUSTRIES PRIVATE LIMITED,DIPP239089,RECOGNISED,U26515MH2025PTC460120,EarlyTraction,Nagpur,Maharashtra,Aeronautics Aerospace & Defence,Drones,https://www.falconebiz.com/,,,,OK,info@arinesolutions.com; sales@falconebiz.com; support@falconebiz.com,+91 6022107192; +91 6119510025; +91 7539774313; +91 7834375193; +91 7866014370; +91 7866014372; +91 7866014399; +91 7866014403; +91 9167789464; +91 9971990887,,3,SUCCESS,
696673a2e4b0df7f27989d7e,MAZI SHOP PRIVATE LIMITED,DIPP238996,RECOGNISED,U47912MH2025PTC462770,EarlyTraction,Nagpur,Maharashtra,IT Services,Product Development,https://mazishop.in,,,,OK,mazishop25@gmail.com,+91 7745800792,,3,SUCCESS,
6964e209e4b0df7f2797f037,GLEAMRVS TECHSOLUTIONS LLP,DIPP238727,RECOGNISED,ACU-0073,Prototype,Nagpur,Maharashtra,IT Services,BPO,https://www.mewing.com,,,,OK,mewing.reminder@gmail.com,+91 8180195555,,2,SUCCESS,
696494cee4b0df7f2797b3cb,HEALIO PHARMA PRIVATE LIMITED,DIPP238591,RECOGNISED,U21003MH2025PTC448034,EarlyTraction,Nagpur,Maharashtra,Biotechnology,Others,https://NOT AVAILABLE,,,,OK,,,,0,ERROR,"Page.goto: net::ERR_NAME_NOT_RESOLVED at https://NOT AVAILABLE
Call log:
  - navigating to ""https://NOT AVAILABLE"", waiting until ""domcontentloaded""
"
69623bb4e4b0df7f27971517,PLSIX TELEPI PRIVATE LIMITED,DIPP238465,RECOGNISED,U85499PN2025PTC249601,Validation,Nagpur,Maharashtra,Education,Skill Development,https://NA,,,,OK,,,,0,ERROR,"Page.goto: net::ERR_NAME_NOT_RESOLVED at https://na/
Call log:
  - navigating to ""https://na/"", waiting until ""domcontentloaded""
"
69620d43e4b0df7f2796f6fb,TRIMKART PRIVATE LIMITED,DIPP238395,RECOGNISED,U58200MH2025PTC459712,Validation,Nagpur,Maharashtra,IT Services,Application Development,https://www.trimkartworld.com,,,,OK,info@trimkart.com; info@trimkart.in,+91 6158102854; +91 6758278504; +91 6759835734; +91 7817915094; +91 7979299999,,3,SUCCESS,
69609858e4b0df7f27966e94,UPCRAFT LEARNING PRIVATE LIMITED,DIPP238156,RECOGNISED,U78300MH2025PTC451719,Prototype,Nagpur,Maharashtra,Education,Skill Development,https://NA,,,,OK,,,,0,ERROR,"Page.goto: net::ERR_NAME_NOT_RESOLVED at https://na/
Call log:
  - navigating to ""https://na/"", waiting until ""domcontentloaded""
"
695f6c41e4b06adb3eb697d9,NEXT LUXE SKINCARE LLP,DIPP237957,RECOGNISED,ACF-8320,EarlyTraction,Nagpur,Maharashtra,Healthcare & Lifesciences,Health & Wellness,https://www.nourishnectar.in,,,,OK,nextluxeskincarellp@gmail.com; shopnourishnectar@gmail.com,+91 6153178461; +91 6218181601; +91 6258542146; +91 6288117858; +91 6309914017; +91 6411324590; +91 6424417858; +91 6518388431; +91 6555060178; +91 6557780872; +91 6717375419; +91 6749603776; +91 6843858294; +91 6876479737; +91 6894679765; +91 6897793958; +91 7104416217; +91 7124636983; +91 7140283318; +91 7142789178; +91 7166167300; +91 7194845017; +91 7213187399; +91 7220301785; +91 7230333296; +91 7241299178; +91 7268484807; +91 7389846680; +91 7445339244; +91 7467376178; +91 7512126824; +91 7636454815; +91 7636882715; +91 7681785842; +91 7852290839; +91 7852293535; +91 7861289900; +91 7865517858; +91 7921972245; +91 7958823915; +91 7961862966; +91 8108452751; +91 8153008741; +91 8226335824; +91 8286972659; +91 8424909617; +91 8585997185; +91 8618178584; +91 8701785842; +91 8719641191; +91 8728658198; +91 8728658297; +91 8728662524; +91 8728662589; +91 8728662622; +91 8881785842; +91 9059798249; +91 9156184706; +91 9231317858; +91 9234112717; +91 9245046178; +91 9266255490; +91 9272210301; +91 9290154846; +91 9364392178; +91 9387936386; +91 9388198530; +91 9388296834; +91 9389002575; +91 9531175174; +91 9531190935; +91 9531204960; +91 9531265974; +91 9531270562; +91 9531274199; +91 9715592757; +91 9715602456; +91 9715603374; +91 9715605405; +91 9715606028; +91 9715606847; +91 9715607372; +91 9715608224; +91 9715608322; +91 9715609305; +91 9715611730; +91 9779264631; +91 9786978991; +91 9796806397; +91 9833415917; +91 9928720600,,3,SUCCESS,
695d09c6e4b06adb3eb5bb9a,GLOGROW VENTURES PRIVATE LIMITED,DIPP237636,RECOGNISED,U32909PN2025PTC244547,Scaling,Nagpur,Maharashtra,Advertising,Others,https://glogo.in/,,,,OK,,+91 6043657753; +91 6045307689; +91 6106341770; +91 6132146590; +91 6145177012; +91 6228845457; +91 6233333871; +91 6240210056; +91 6258542146; +91 6261935511; +91 6302161770; +91 6311770126; +91 6443531958; +91 6455011770; +91 6518388431; +91 6615681770; +91 6619478917; +91 6705562947; +91 6718054510; +91 6739682937; +91 6753995821; +91 6780439543; +91 6790665728; +91 6834517701; +91 6846673095; +91 6849025117; +91 6853269617; +91 6858356770; +91 6865705533; +91 7018922193; +91 7027214379; +91 7043717701; +91 7065517701; +91 7077853990; +91 7101575139; +91 7106414069; +91 7119417701; +91 7151770126; +91 7171361017; +91 7177012646; +91 7236267271; +91 7239177012; +91 7241182139; +91 7287544617; +91 7290278075; +91 7317701264; +91 7363671617; +91 7397111605; +91 7421781770; +91 7423045697; +91 7423049728; +91 7459328187; +91 7459360955; +91 7482036641; +91 7502626517; +91 7524771914; +91 7673709177; +91 7701349609; +91 7703942436; +91 7711566513; +91 7733811689; +91 7786458333; +91 7790894624; +91 7817701264; +91 7825095869; +91 7835321729; +91 7868446697; +91 7926035229; +91 7930817701; +91 7932178818; +91 7935188424; +91 7957141749; +91 7958823915; +91 7969615996; +91 7979405375; +91 7992823806; +91 7993400097; +91 8046553735; +91 8109230293; +91 8141769838; +91 8141770397; +91 8152054696; +91 8156490924; +91 8160217701; +91 8173316780; +91 8174442689; +91 8177012646; +91 8181217701; +91 8219134616; +91 8232221177; +91 8306495422; +91 8306496078; +91 8350291535; +91 8416653443; +91 8424023710; +91 8434990705; +91 8443391770; +91 8473177012; +91 8480997867; +91 8483246440; +91 8502974117; +91 8541770126; +91 8557778454; +91 8563786018; +91 8693431557; +91 8767821770; +91 8885365686; +91 8924760531; +91 8924760629; +91 8924760760; +91 8924760793; +91 8933081770; +91 8951112017; +91 8952748662; +91 8956925339; +91 9029313658; +91 9064085522; +91 9064088799; +91 9088847177; +91 9116743597; +91 9176171201; +91 9179142177; +91 9181495900; +91 9216301770; +91 9217408177; +91 9221770126; +91 9240552485; +91 9379860177; +91 9419402177; +91 9430446401; +91 9445235177; +91 9447964076; +91 9456380220; +91 9472912500; +91 9529831503; +91 9580689130; +91 9595330481; +91 9604561770; +91 9665442661; +91 9758841988; +91 9871770126,,3,SUCCESS,
695caafee4b06adb3eb56c00,TEKNEX GLOBAL INNOVATIONS LLP,DIPP237497,RECOGNISED,ACI-3803,Validation,Nagpur,Maharashtra,Education,Education Technology,https://N/A,,,,OK,,,,0,ERROR,"Page.goto: net::ERR_NAME_NOT_RESOLVED at https://n/A
Call log:
  - navigating to ""https://n/A"", waiting until ""domcontentloaded""
"
6958aa26e4b03cb054230c5b,OURORA EXPRESSIONS PRIVATE LIMITED,DIPP237113,RECOGNISED,U62099MH2025PTC462077,Prototype,Nagpur,Maharashtra,IT Services,Product Development,https://www.ourora.in,,,,OK,,,,1,SUCCESS,
6957ae63e4b03cb05422d105,GAUTAM WORK FORCE PRIVATE LIMITED,DIPP237039,RECOGNISED,U78300MH2025PTC458570,Validation,Nagpur,Maharashtra,Construction,Others,https://gautamworkforceprivatelimited@gmail.com,,,,OK,,+91 8369249702,,1,SUCCESS,
6957891ce4b03cb05422b316,WILLCRAFT LEGACY PRIVATE LIMITED,DIPP236976,RECOGNISED,U69100MH2025PTC460307,Validation,Nagpur,Maharashtra,Professional & Commercial Services,Others,https://www.willcraft.co.in/,,,,OK,contact@willcraft.co.in; yourname@gmail.com,+91 6158086637; +91 6393867505; +91 6661899153; +91 6809285964; +91 6825961662; +91 7655354920; +91 7656002234; +91 7722097902; +91 8051106274; +91 8123163535; +91 8160749999; +91 8220150785; +91 8557714910; +91 8647045554; +91 8960667440; +91 9177220979; +91 9286852230,https://www.linkedin.com/company/_willcraft/,4,SUCCESS,
69575c1ae4b03cb054229965,MINDYOURLOGIC STUDIOS PRIVATE LIMITED,DIPP236936,RECOGNISED,U74999MH2018PTC317466,Scaling,Nagpur,Maharashtra,Education,Others,https://studios.mindyourlogic.com/,,,,OK,team@mindyourlogic.com,+91 6346247116; +91 6366721699; +91 6522677031; +91 6685268842; +91 6710877148; +91 7054456560; +91 7249184272; +91 7866015071; +91 7866015074; +91 7866015086; +91 8112001415; +91 8799532619; +91 9444077891,,4,SUCCESS,
6954d3e8e4b03cb05422037d,SCALEX FINANCIAL SERVICES PRIVATE LIMITED,DIPP236699,RECOGNISED,U66190MH2025PTC456316,EarlyTraction,Nagpur,Maharashtra,Finance Technology,Advisory,https://scalexfinance.com/web/,,,,OK,,,,1,SUCCESS,
6953a8dbe4b03cb05421a8f5,REWATI MEDINOX PRIVATE LIMITED,DIPP236565,RECOGNISED,U74999MH2019PTC323564,Scaling,Nagpur,Maharashtra,Healthcare & Lifesciences,Healthcare Services,https://NA,,,,OK,,,,0,ERROR,"Page.goto: net::ERR_NAME_NOT_RESOLVED at https://na/
Call log:
  - navigating to ""https://na/"", waiting until ""domcontentloaded""
"
6952227de4b03cb054210f19,IMPORTECH SOLUTIONS LLP,DIPP236315,RECOGNISED,ACS-0654,Validation,Nagpur,Maharashtra,Renewable Energy,Renewable Energy Solutions,https://NA,,,,OK,,,,0,ERROR,"Page.goto: net::ERR_NAME_NOT_RESOLVED at https://na/
Call log:
  - navigating to ""https://na/"", waiting until ""domcontentloaded""
"
695146dde4b03cb05420ded9,SATEROID INNOVATIONS PRIVATE LIMITED,DIPP236274,RECOGNISED,U62091MH2023PTC400004,Scaling,Nagpur,Maharashtra,AI,Machine Learning,https://www.sateroid.com,,,,OK,info@sateroid.com; team@sateroid.com,+91 9028000133,https://www.linkedin.com/company/sateroid-innovations-pvt-ltd/,3,SUCCESS,
69503af7e4b03cb05420b543,AGENX TECH LLP,DIPP236247,RECOGNISED,ACQ-7551,EarlyTraction,Nagpur,Maharashtra,AI,Others,https://agenxtech.vercel.app/,,,,OK,,+91 7866015319,,1,SUCCESS,
694e6cd1e4b03cb054202f6c,MAHARASHTRA SILK ASSOCIATION,DIPP236014,RECOGNISED,U85499MH2023NPL412605,Prototype,Nagpur,Maharashtra,Agriculture,Others,https://www.msa.foundation,,,,OK,,,,1,SUCCESS,
694d1561e4b03cb0541fd07f,UNIGLOBE INTERNATIONAL CREATIONS PRIVATE LIMITED,DIPP235887,RECOGNISED,U16210MH2025PTC458722,Validation,Nagpur,Maharashtra,Architecture Interior Design,Others,https://uniglobeinternationalcreations.com/,,,,OK,,,,1,SUCCESS,
694984dce4b03cb0541ecdfe,ARTIQULUS TECHNOLOGIES PRIVATE LIMITED,DIPP235410,RECOGNISED,U62099MH2024PTC431437,Validation,Nagpur,Maharashtra,Finance Technology,Business Finance,https://artiquluslabs.com,,,,OK,reachus@artiqulus.com,+91 9370690448,https://www.linkedin.com/company/artiqulustechnologies/posts/?feedView=all,3,SUCCESS,
694392f7e4b03cb0541d1e01,SATYABHAMA VIHAR PRIVATE LIMITED,DIPP234645,RECOGNISED,U42909MH2025PTC449547,Validation,Nagpur,Maharashtra,Real Estate,Housing,https://na,,,,OK,,,,0,ERROR,"Page.goto: net::ERR_NAME_NOT_RESOLVED at https://na/
Call log:
  - navigating to ""https://na/"", waiting until ""domcontentloaded""
"
694149a6e4b03cb0541c6619,ANKERSTACK PRIVATE LIMITED,DIPP234373,RECOGNISED,U52219MH2025PTC455188,Scaling,Nagpur,Maharashtra,Other Specialty Retailers,Others,https://www.ankerstack.in/,,,,OK,info@ankerstack.com,+91 6158169417; +91 7248878752; +91 7707149497; +91 7707154803; +91 9226761931; +91 9478114483; +91 9541015814,https://www.linkedin.com/company/ankerstack/about/,3,SUCCESS,
694137cee4b03cb0541c5b85,SOZO ADVISORY PRIVATE LIMITED,DIPP234347,RECOGNISED,U66190MH2025PTC444597,Validation,Nagpur,Maharashtra,Finance Technology,Payment Platforms,https://www.thekeyy.com/,,,,OK,info@thekeyy.com; wecare@thekeyy.com,+91 6158996986; +91 6575341435; +91 6697737445; +91 7787713361; +91 9189562406,https://www.linkedin.com/company/keyy-pays/posts/?feedView=all,3,SUCCESS,
693fc50ae4b03cb0541bd5ae,RAGHUVANT BUILDCON PRIVATE LIMITED,DIPP234103,RECOGNISED,U42909MH2025PTC462156,Validation,Nagpur,Maharashtra,Construction,Construction & Engineering,https://NIL,,,,OK,,,,0,ERROR,"Page.goto: net::ERR_NAME_NOT_RESOLVED at https://nil/
Call log:
  - navigating to ""https://nil/"", waiting until ""domcontentloaded""
"
693d5ad5e4b03cb0541b5c03,VISTAR FIBERLUX TECHNOLOGIES LLP,DIPP233997,RECOGNISED,ACQ-6723,Validation,Nagpur,Maharashtra,Telecommunication & Networking,Integrated communication services,https://NA,,,,OK,,,,0,ERROR,"Page.goto: net::ERR_NAME_NOT_RESOLVED at https://na/
Call log:
  - navigating to ""https://na/"", waiting until ""domcontentloaded""
"
693c1af2e4b03cb0541b1029,KAALVAISH CLOTHING LLP,DIPP235374,RECOGNISED,ACG-4516,EarlyTraction,Nagpur,Maharashtra,Textiles & Apparel,Apparel & Accessories,https://www.kaalvaish.in/,,,,OK,contact@kaalvaish.in,+91 6043657753; +91 6090389417; +91 6156085419; +91 6160311924; +91 6165438510; +91 6233333871; +91 6244737664; +91 6258542146; +91 6279904306; +91 6282459017; +91 6309215107; +91 6330027151; +91 6343734458; +91 6508288516; +91 6508288549; +91 6508288581; +91 6508288614; +91 6508288647; +91 6508288680; +91 6508288712; +91 6508288745; +91 6508288778; +91 6508288811; +91 6508288843; +91 6508288876; +91 6508288909; +91 6508288942; +91 6508288974; +91 6508289007; +91 6508289040; +91 6508425355; +91 6508425388; +91 6508425420; +91 6508425453; +91 6508425486; +91 6508425519; +91 6508425552; +91 6508425584; +91 6508425617; +91 6508425650; +91 6508425683; +91 6508425715; +91 6508425748; +91 6508425781; +91 6508425814; +91 6508425846; +91 6508425879; +91 6508425912; +91 6508447899; +91 6508447932; +91 6508447965; +91 6508448030; +91 6508448096; +91 6508448129; +91 6508448161; +91 6508448260; +91 6508448325; +91 6508448358; +91 6508448424; +91 6508448456; +91 6508448489; +91 6508448522; +91 6508448555; +91 6508448620; +91 6508448653; +91 6508448686; +91 6508448751; +91 6508475457; +91 6508475490; +91 6508475523; +91 6508475555; +91 6508475588; +91 6508475621; +91 6508475654; +91 6508475687; +91 6508475719; +91 6508475752; +91 6508475785; +91 6508475818; +91 6508475850; +91 6508475883; +91 6508475916; +91 6508475949; +91 6508475981; +91 6508476014; +91 6518388431; +91 6627369001; +91 6628817176; +91 6639264176; +91 6667491711; +91 6701761122; +91 6706717611; +91 6715071092; +91 6721324242; +91 6749399240; +91 6750061772; +91 6770261420; +91 6773203517; +91 6777357934; +91 6777357967; +91 6777358000; +91 6777358033; +91 6777358065; +91 6777358098; +91 6777358131; +91 6777358164; +91 6777358196; +91 6787495855; +91 6787497166; +91 6839376991; +91 6869416815; +91 6892565517; +91 6892604839; +91 6899953934; +91 7027214379; +91 7056811401; +91 7056818512; +91 7062676518; +91 7062704988; +91 7062705643; +91 7062705938; +91 7062706004; +91 7062706102; +91 7062706299; +91 7065517611; +91 7074219214; +91 7074450883; +91 7074723841; +91 7171361017; +91 7176112217; +91 7322671195; +91 7336798140; +91 7412963997; +91 7413469504; +91 7421781761; +91 7423912257; +91 7433875575; +91 7443991761; +91 7451756267; +91 7453138503; +91 7502626517; +91 7515301325; +91 7541881761; +91 7659574468; +91 7686254800; +91 7712001761; +91 7714805851; +91 7732318209; +91 7768331562; +91 7798806261; +91 7803054328; +91 7804304517; +91 7804346893; +91 7822099169; +91 7823750967; +91 7825095869; +91 7841018460; +91 7866015770; +91 7866015790; +91 7866015830; +91 7866015850; +91 7942325766; +91 7958823915; +91 7974487860; +91 7974488188; +91 7974488515; +91 7974488843; +91 7974489171; +91 7974489498; +91 7974489826; +91 7974490154; +91 7974490482; +91 7974490809; +91 7974491137; +91 7974491465; +91 7974491792; +91 7974492120; +91 7974492448; +91 7974492775; +91 7974493103; +91 7974493431; +91 7983375530; +91 7992823806; +91 8153171761; +91 8174442689; +91 8176112217; +91 8244317761; +91 8271415321; +91 8290796699; +91 8327435177; +91 8331166917; +91 8350291535; +91 8371391761; +91 8437098632; +91 8453457241; +91 8623979233; +91 8670728856; +91 8673844176; +91 8675401761; +91 8677600744; +91 8694486239; +91 8702938781; +91 8704485425; +91 8791040917; +91 8868176112; +91 8875966587; +91 8875966685; +91 8875971109; +91 8875971174; +91 8875971207; +91 8881974411; +91 8881978343; +91 8881979719; +91 8881981423; +91 8883341557; +91 9063816717; +91 9172389608; +91 9173647097; +91 9179142176; +91 9271585061; +91 9321761122; +91 9326107262; +91 9337049817; +91 9359757029; +91 9374881510; +91 9419311143; +91 9430446401; +91 9438293167; +91 9456380220; +91 9470365517; +91 9472912500; +91 9495812519; +91 9495815796; +91 9529831503; +91 9572538289; +91 9576909255; +91 9603086419; +91 9604176112; +91 9634859299; +91 9701141782; +91 9702605326; +91 9898677187; +91 9900049901; +91 9935102017; +91 9995769919,,4,SUCCESS,
693c1922e4b03cb0541b0f83,ENRICH GLOBAL XPORT,DIPP235375,RECOGNISED,NG000008151,EarlyTraction,Nagpur,Maharashtra,Logistics,Others,https://NA,,,,OK,,,,0,ERROR,"Page.goto: net::ERR_NAME_NOT_RESOLVED at https://na/
Call log:
  - navigating to ""https://na/"", waiting until ""domcontentloaded""
"
693bcb21e4b03cb0541ae7d0,TROVANDO INNOVATIONS PRIVATE LIMITED,DIPP233787,RECOGNISED,U85499MH2025PTC446711,EarlyTraction,Nagpur,Maharashtra,AI,Machine Learning,https://searchtrovando.com,,,,OK,adidapke@gmail.com,+91 7447094640; +91 7573631696; +91 9125959112,,2,SUCCESS,
69394180e4b03cb0541a37c1,FUN AND JOY TOURS PRIVATE LIMITED,DIPP233440,RECOGNISED,U52291MH2025PTC460349,Validation,Nagpur,Maharashtra,Travel & Tourism,Facility Management,https://www.mca.gov.in/content/mca/global/en/mca/master-data/MDS/company-master-info.html,,,,OK,appl.helpdesk@mca.gov.in; cvo-mca@gov.in; minus@2x.png; plus@2x.png,+91 6109068273; +91 7110109340; +91 7146230280; +91 7679694561; +91 7754735508; +91 7796698925; +91 7830993708; +91 9582966893; +91 9594158241,https://www.linkedin.com/company/mca21india/,4,SUCCESS,
693816cee4b03cb05419ecc6,JOSHNDOTS LLP,DIPP233335,RECOGNISED,ACS-8166,Validation,Nagpur,Maharashtra,Healthcare & Lifesciences,Health & Wellness,https://www.mca.gov.in/content/mca/global/en/mca/master-data/MDS/company-master-info.html,,,,OK,appl.helpdesk@mca.gov.in; cvo-mca@gov.in; minus@2x.png; plus@2x.png,+91 6109068273; +91 7110109340; +91 7146230280; +91 7679694561; +91 7754735508; +91 7796698925; +91 7830993708; +91 9582966893; +91 9594158241,https://www.linkedin.com/company/mca21india/,4,SUCCESS,
6936cd61e4b03cb05419906e,AARMAGEDDON ADVENTURES PRIVATE LIMITED,DIPP233118,RECOGNISED,U32909MH2025PTC439891,EarlyTraction,Nagpur,Maharashtra,Transportation & Storage,Passenger Transportation Services,https://aarmageddonadventures.com/,,,,OK,,,,1,SUCCESS,
69358dd8e4b03cb0541935d0,TAIKOON'S EMS PRIVATE LIMITED,DIPP232956,RECOGNISED,U86909MH2025PTC457836,Prototype,Nagpur,Maharashtra,Healthcare & Lifesciences,Healthcare Technology,http://www.emsnova.org,,,,OK,info@jbindustries.in.net; taikoonsgroup@gmail.com,+91 6369401517; +91 7507174353; +91 7834368925; +91 8971102292; +91 9082046236; +91 9125323500; +91 9188489871; +91 9604399352; +91 9867584515,,3,SUCCESS,
69341c1ce4b03cb05418f1b3,GREEN RED CANDLE LLP,DIPP232894,RECOGNISED,ACN-6214,Scaling,Nagpur,Maharashtra,Education,Coaching,https://www.greenredcandle.com,,,,OK,support@greenredcandle.com; unsubscribe@greenredcandle.com; your@email.com,+91 6157461413; +91 8390850350; +91 9183295171,https://www.linkedin.com/company/green-red-candle-llp/,4,SUCCESS,
6932c4c1e4b03cb05418999f,ENRICH N ENRICH PHARMA LLP,DIPP232734,RECOGNISED,AAS-5259,EarlyTraction,Nagpur,Maharashtra,Healthcare & Lifesciences,Health & Wellness,https://www.enrichnenrichpharma.com,,,,OK,info@enrichnenrichpharma.com,+91 9424721621,,1,SUCCESS,
69300a55e4b03cb05417cafd,MAA AMBIKA TRADING LLP,DIPP232312,RECOGNISED,ACS-9043,Validation,Nagpur,Maharashtra,Healthcare & Lifesciences,Healthcare Services,https://na,,,,OK,,,,0,ERROR,"Page.goto: net::ERR_NAME_NOT_RESOLVED at https://na/
Call log:
  - navigating to ""https://na/"", waiting until ""domcontentloaded""
"
692f0060e4b03cb054178360,PRANCEVIA PRIVATE LIMITED,DIPP232196,RECOGNISED,U62011MH2025PTC461331,Validation,Nagpur,Maharashtra,IT Services,Project Management,https://pratiknande9921@gmail.com,,,,OK,,+91 8369249702,,1,SUCCESS,
692ec2cfe4b03cb0541769a3,HAVET AI PRIVATE LIMITED,DIPP232132,RECOGNISED,U62013MH2025PTC459197,Prototype,Nagpur,Maharashtra,IT Services,IT Management,https://www.havet.in/,,,,OK,,+91 7817915094,https://www.linkedin.com/company/havetai/,1,SUCCESS,
692eb47fe4b03cb0541761f9,ANJANA GLOBEL PRIVATE LIMITED,DIPP233024,RECOGNISED,U85490MH2021PTC353683,EarlyTraction,Nagpur,Maharashtra,Retail,Others,https://NA,,,,OK,,,,0,ERROR,"Page.goto: net::ERR_NAME_NOT_RESOLVED at https://na/
Call log:
  - navigating to ""https://na/"", waiting until ""domcontentloaded""
"
692ea47ae4b03cb0541759fa,ANVAYAAI TECHNOLOGIES PRIVATE LIMITED,DIPP232104,RECOGNISED,U30205MH2025PTC459855,Scaling,Nagpur,Maharashtra,Technology Hardware,Embedded,https://anvayaaitechnologies.com/,,,,OK,contact@anvayaaitechnologies.com,+91 9890511127,,3,SUCCESS,
692e9779e4b03cb05417537a,GAVRANI GLOBAL PRIVATE LIMITED,DIPP232091,RECOGNISED,U68100MH2025PTC446680,Validation,Nagpur,Maharashtra,Real Estate,Others,https://www.mca.gov.in/content/mca/global/en/mca/master-data/MDS/company-master-info.html,,,,OK,appl.helpdesk@mca.gov.in; cvo-mca@gov.in; minus@2x.png; plus@2x.png,+91 6109068273; +91 7110109340; +91 7146230280; +91 7679694561; +91 7754735508; +91 7796698925; +91 7830993708; +91 9582966893; +91 9594158241,https://www.linkedin.com/company/mca21india/,4,SUCCESS,
692d89eae4b03cb0541710ed,VENDPOINT TECHNOLOGIES PRIVATE LIMITED,DIPP232005,RECOGNISED,U28299MH2025PTC455827,EarlyTraction,Nagpur,Maharashtra,Technology Hardware,Manufacturing,https://vendpoint.in/,,,,OK,webmaster@vendpoint.in,,,1,SUCCESS,
692d7b1de4b03cb054170989,PLACE ASSURED CONSULTANTS PRIVATE LIMITED,DIPP231982,RECOGNISED,U45309MH2021PTC368776,Scaling,Nagpur,Maharashtra,Human Resources,Recruitment Jobs,https://www.placeassured.com,,,,OK,,,,0,ERROR,"Page.goto: net::ERR_CERT_AUTHORITY_INVALID at https://www.placeassured.com/
Call log:
  - navigating to ""https://www.placeassured.com/"", waiting until ""domcontentloaded""
"
692ac9dde4b03cb05416673a,YANTRIFY TECHNOLOGIES PRIVATE LIMITED,DIPP231771,RECOGNISED,U26100MH2025PTC444024,Prototype,Nagpur,Maharashtra,Design,Others,https://NA,,,,OK,,,,0,ERROR,"Page.goto: net::ERR_NAME_NOT_RESOLVED at https://na/
Call log:
  - navigating to ""https://na/"", waiting until ""domcontentloaded""
"
6929c564e4b03cb0541628f8,MOVENTRA LLP,DIPP231683,RECOGNISED,ACR-0843,Validation,Nagpur,Maharashtra,IT Services,Application Development,http://notexist.com,,,,OK,,+91 6132867424,,1,SUCCESS,
692820e4e4b03cb05415894f,ELIXGEN SYSTEM MANAGEMENT PRIVATE LIMITED,DIPP231398,RECOGNISED,U47413MH2025PTC451904,Validation,Nagpur,Maharashtra,IT Services,Product Development,https://www.elixgen.com/,,,,OK,,,,1,SUCCESS,
6927f00de4b03cb05415714a,GREEN BITE FOOD SERVICE PRIVATE LIMITED,DIPP231344,RECOGNISED,U56290PN2025PTC245401,Validation,Nagpur,Maharashtra,Food & Beverages,Food Technology/Food Delivery,https://NA,,,,OK,,,,0,ERROR,"Page.goto: net::ERR_NAME_NOT_RESOLVED at https://na/
Call log:
  - navigating to ""https://na/"", waiting until ""domcontentloaded""
"
6926c779e4b03cb054152588,KALLSAIT WYAPAAR PRIVATE LIMITED,DIPP231203,RECOGNISED,U52290MH2025PTC453962,Scaling,Nagpur,Maharashtra,Construction,Construction Materials,https://NA,,,,OK,,,,0,ERROR,"Page.goto: net::ERR_NAME_NOT_RESOLVED at https://na/
Call log:
  - navigating to ""https://na/"", waiting until ""domcontentloaded""
"
6926c688e4b03cb054152510,CELERIS VENTURES LLP,DIPP231200,RECOGNISED,ACR-7879,Prototype,Nagpur,Maharashtra,AI,Others,https://www.celerisventures.com,,,,OK,,,,0,ERROR,"Page.goto: net::ERR_CONNECTION_CLOSED at https://www.celerisventures.com/
Call log:
  - navigating to ""https://www.celerisventures.com/"", waiting until ""domcontentloaded""
"
69245246e4b03cb054148330,VAT VRIKSH CONSTRUCTIONS PRIVATE LIMITED,DIPP230851,RECOGNISED,U78100MH2025PTC459043,Prototype,Nagpur,Maharashtra,Construction,Construction & Engineering,https://www.vatvrikshconstructions.com,,,,OK,,,,0,ERROR,"Page.goto: net::ERR_NAME_NOT_RESOLVED at https://www.vatvrikshconstructions.com/
Call log:
  - navigating to ""https://www.vatvrikshconstructions.com/"", waiting until ""domcontentloaded""
"
691dd6e0e4b03cb05412f2b1,ITCT EDUCATION INDIA PRIVATE LIMITED,DIPP230169,RECOGNISED,U85499MH2025PTC459757,Prototype,Nagpur,Maharashtra,Education,Education Technology,https://www.itctedu.in,,,,OK,director@itctedu.in,+91 9422123456,https://www.linkedin.com/in/itct-education-aa88891a0,2,SUCCESS,
691c645be4b03cb0541289e3,DROPLETX PRIVATE LIMITED,DIPP229989,RECOGNISED,U11040MH2025PTC458378,Prototype,Nagpur,Maharashtra,Food & Beverages,Others,https://www.dropletx.com/,,,,OK,,,,0,ERROR,"Page.goto: net::ERR_SSL_PROTOCOL_ERROR at https://www.dropletx.com/
Call log:
  - navigating to ""https://www.dropletx.com/"", waiting until ""domcontentloaded""
"
691c611de4b03cb05412880f,MIRAIYUSHUTSU GLOBAL VENTURE LLP,DIPP229982,RECOGNISED,ACQ-5559,EarlyTraction,Nagpur,Maharashtra,Professional & Commercial Services,Others,http://www.miraiyushutsu.com/,,,,OK,contact@miraiyushutsu.com,+91 6579329859; +91 8602349212; +91 8652811631; +91 9195456608; +91 9292435722; +91 9441265140,,2,SUCCESS,
691c4fcee4b03cb054127df4,TFNXPRESS FOOD PRIVATE LIMITED,DIPP229954,RECOGNISED,U10618MH2025PTC460812,Prototype,Nagpur,Maharashtra,Food & Beverages,Food Technology/Food Delivery,https://NA,,,,OK,,,,0,ERROR,"Page.goto: net::ERR_NAME_NOT_RESOLVED at https://na/
Call log:
  - navigating to ""https://na/"", waiting until ""domcontentloaded""
"
691ac5bee4b07810ba1a4a5d,SANJIVEENI AGROSCIENCE LLP,DIPP229711,RECOGNISED,ACR-6743,Prototype,Nagpur,Maharashtra,Agriculture,Food Processing,https://NA,,,,OK,,,,0,ERROR,"Page.goto: net::ERR_NAME_NOT_RESOLVED at https://na/
Call log:
  - navigating to ""https://na/"", waiting until ""domcontentloaded""
"
691a9c57e4b07810ba1a3826,CARVAANIX CINEGRAPHY LLP,DIPP229682,RECOGNISED,ACS-4385,EarlyTraction,Nagpur,Maharashtra,Art & Photography,Photography,https://carvaanix.in,,,,OK,,,,1,SUCCESS,
69185a9ee4b07810ba19cffa,CIVILJUNCTION INFRATECH LLP,DIPP229549,RECOGNISED,ABB-1942,Prototype,Nagpur,Maharashtra,Renewable Energy,Renewable Energy Solutions,https://civiljunction.co.in,,,,OK,,,,1,SUCCESS,
6918560de4b07810ba19cd33,HEURETHICS PRIVATE LIMITED,DIPP229545,RECOGNISED,U62099MH2025PTC455665,EarlyTraction,Nagpur,Maharashtra,IT Services,IT Consulting,https://www.heurist.in,,,,OK,,,,1,SUCCESS,
69171d09e4b07810ba197b87,FAECOMTECH SOLUTIONS LLP,DIPP229379,RECOGNISED,ACR-0856,Scaling,Nagpur,Maharashtra,IT Services,IT Consulting,https://www.faecomtech.com,,,,OK,info@faecomtech.com,+91 6008802922; +91 6157377392; +91 6671347834; +91 7711530432; +91 9858670113,https://www.linkedin.com/company/faecomtech/,3,SUCCESS,
6915c003e4b07810ba190282,AUREVON EDGE PRIVATE LIMITED,DIPP229153,RECOGNISED,U62099MH2025PTC459671,Validation,Nagpur,Maharashtra,IT Services,Application Development,https://www.mca.gov.in/content/mca/global/en/mca/master-data/MDS/company-master-info.html,,,,OK,appl.helpdesk@mca.gov.in; cvo-mca@gov.in; minus@2x.png; plus@2x.png,+91 6109068273; +91 7110109340; +91 7146230280; +91 7679694561; +91 7754735508; +91 7796698925; +91 7830993708; +91 9582966893; +91 9594158241,https://www.linkedin.com/company/mca21india/,4,SUCCESS,
691578a0e4b07810ba18d3aa,PUROMED GLOBAL PRIVATE LIMITED,DIPP229065,RECOGNISED,U46497MH2025PTC458791,Validation,Nagpur,Maharashtra,Healthcare & Lifesciences,Healthcare Services,https://NA,,,,OK,,,,0,ERROR,"Page.goto: net::ERR_NAME_NOT_RESOLVED at https://na/
Call log:
  - navigating to ""https://na/"", waiting until ""domcontentloaded""
"
690f3ab5e4b07810ba1718fd,DOORABAG INDIA LLP,DIPP228459,RECOGNISED,ACR-1231,Prototype,Nagpur,Maharashtra,House-Hold Services,Others,https://www.doorabag.in,,,,OK,,,,1,SUCCESS,
690dfb26e4b07810ba16d27b,NUTRIOSA HEALTH &amp; INNOVATION PRIVATE LIMITED,DIPP228341,RECOGNISED,U21002MH2025PTC439630,EarlyTraction,Nagpur,Maharashtra,Healthcare & Lifesciences,Health & Wellness,https://nutriosa.biz/,,,,OK,feedback@nutriosa.biz; sales@nutriosa.biz; zeeshan@nutriosa.biz,+91 6061156398; +91 6063054009; +91 6072297518; +91 6076622894; +91 6078654510; +91 6121547822; +91 6155967454; +91 6206717637; +91 6322869955; +91 6361853792; +91 6452220091; +91 6458623176; +91 6477139885; +91 6501763709; +91 6515895839; +91 6516471099; +91 6531162662; +91 6609508594; +91 6635280727; +91 6665417637; +91 6882530588; +91 6933349636; +91 7148384513; +91 7188824588; +91 7188825473; +91 7188827013; +91 7188827897; +91 7188834058; +91 7189699408; +91 7209189334; +91 7301445359; +91 7307384042; +91 7478906057; +91 7494117637; +91 7495441763; +91 7545521763; +91 7596247576; +91 7608946130; +91 7609349701; +91 7609375195; +91 7609384140; +91 7609707266; +91 7654328517; +91 7814425809; +91 7839323734; +91 7860590411; +91 7872899176; +91 7902831097; +91 7933591812; +91 7957776246; +91 7960292561; +91 7965106180; +91 7966400516; +91 8012300176; +91 8035815586; +91 8036258615; +91 8072191763; +91 8142036187; +91 8167353275; +91 8191793857; +91 8286523438; +91 8293167896; +91 8358268477; +91 8358269133; +91 8358299279; +91 8358300262; +91 8367017637; +91 8408855328; +91 8417637098; +91 8451763709; +91 8486774591; +91 8501627950; +91 8554850343; +91 8558206033; +91 8591544181; +91 8635456894; +91 8700948114; +91 8722681763; +91 8840176370; +91 8863680991; +91 8907613177; +91 8923337488; +91 8934503223; +91 8934552375; +91 8966765176; +91 8971157717; +91 9007933422; +91 9046211764; +91 9083686934; +91 9108189152; +91 9135617637; +91 9257285150; +91 9311878856; +91 9382217637; +91 9389761260; +91 9520878331; +91 9549252120; +91 9561175941; +91 9581498176; +91 9619417637; +91 9664917637; +91 9685161196; +91 9715531612; +91 9837617504; +91 9975617637,https://ae.linkedin.com/company/nutriosa-llc,3,SUCCESS,
690d78aae4b07810ba1692fb,CANNAN CARBON PRIVATE LIMITED,DIPP224602,RECOGNISED,U46610MH2025PTC445753,Validation,Nagpur,Maharashtra,Green Technology,Clean Tech,https://NIL,,,,OK,,,,0,ERROR,"Page.goto: net::ERR_NAME_NOT_RESOLVED at https://nil/
Call log:
  - navigating to ""https://nil/"", waiting until ""domcontentloaded""
"
690c9c3ce4b07810ba166f64,IMANEDGE DIGITAL SERVICES BHARAT PRIVATE LIMITED,DIPP228152,RECOGNISED,U62020MH2025PTC454644,Prototype,Nagpur,Maharashtra,Security Solutions,Cyber Security,https://www.imanedge.com,,,,OK,dhananjay@imanedge.com,+91 7817915094; +91 9082016567; +91 9321097584,https://www.linkedin.com/company/imanedge,3,SUCCESS,
690c98e3e4b07810ba166ceb,WPL BHARAT AGROFUEL PRIVATE LIMITED,DIPP223429,RECOGNISED,U32900PN2025PTC240729,Prototype,Nagpur,Maharashtra,Renewable Energy,Renewable Energy Solutions,https://wplagrofuel.com/,,,,OK,,,,1,SUCCESS,
690b0ebae4b06dfd0cb01d07,ARTHAZEYRO TECHNOLOGIES PRIVATE LIMITED,DIPP227899,RECOGNISED,U62011MH2025PTC451813,Validation,Nagpur,Maharashtra,Finance Technology,Personal Finance,https://www.zeyro.in/,,,,OK,connect@zeyro.in,+91 6462077031; +91 6828918379; +91 7817915094; +91 8965343808,https://www.linkedin.com/company/zeyro/,2,SUCCESS,
6909d906e4b06dfd0cafc737,LEGENDARY GROWTH SOLUTIONS LLP,DIPP227745,RECOGNISED,ACD-2028,Scaling,Nagpur,Maharashtra,IT Services,IT Consulting,https://www.legendarygrowthsolutions.com,,,,OK,,,,0,ERROR,"Page.goto: net::ERR_NAME_NOT_RESOLVED at https://www.legendarygrowthsolutions.com/
Call log:
  - navigating to ""https://www.legendarygrowthsolutions.com/"", waiting until ""domcontentloaded""
"
6909ae28e4b06dfd0cafaf21,MYTHIC MOTION (OPC) PRIVATE LIMITED,DIPP227689,RECOGNISED,U58203MH2025OPC449016,Validation,Nagpur,Maharashtra,Toys and Games,Virtual Games,https://mythicmotion.in,,,,OK,your@email.com,+91 6781231535; +91 6783418470; +91 6789579765; +91 7817915094; +91 8588874294,,3,SUCCESS,
69087e6fe4b06dfd0caf4c1e,PREPDOT SOLUTIONS PRIVATE LIMITED,DIPP220231,RECOGNISED,U85500MH2024PTC428888,Validation,Nagpur,Maharashtra,Education,Education Technology,https://www.getvidya.in,,,,OK,support@getvidya.in,+91 6155277671; +91 6642687147; +91 7065960711; +91 9181144227,https://www.linkedin.com/company/getvidya,3,SUCCESS,
69074069e4b06dfd0caef8ae,SHREE RR INFRA UDYOG PRIVATE LIMITED,DIPP227484,RECOGNISED,U24311MH2025PTC454705,Validation,Nagpur,Maharashtra,Construction,Construction & Engineering,https://NA,,,,OK,,,,0,ERROR,"Page.goto: net::ERR_NAME_NOT_RESOLVED at https://na/
Call log:
  - navigating to ""https://na/"", waiting until ""domcontentloaded""
"
69036f3de4b06dfd0cacdd9c,PUREANNFOODS PRIVATE LIMITED,DIPP227203,RECOGNISED,U10790MH2025PTC458885,EarlyTraction,Nagpur,Maharashtra,Food & Beverages,Food Processing,https://www.clealth.com,,,,OK,,,,1,SUCCESS,
69032f06e4b063a5bedd9771,YES HOSPITAL AND RESEARCH CENTRE INDIA PRIVATE LIMITED,DIPP227115,RECOGNISED,U86100MH2025PTC455085,Scaling,Nagpur,Maharashtra,Healthcare & Lifesciences,Healthcare Services,https://www.yeshospital.com,,,,OK,,,,1,SUCCESS,
69020330e4b063a5bedccaa5,FROUV GREEN MARKETPLACE PRIVATE LIMITED,DIPP226991,RECOGNISED,U63120MH2025PTC442775,Validation,Nagpur,Maharashtra,Green Technology,Clean Tech,https://www.frouv.com/,,,,OK,,+91 7866019929,,1,SUCCESS,
6901f248e4b063a5bedcb252,GREENFARM BIO-SEED PRIVATE LIMITED,DIPP226968,RECOGNISED,U20210MH2024PTC435422,EarlyTraction,Nagpur,Maharashtra,Agriculture,Others,https://N/A,,,,OK,,,,0,ERROR,"Page.goto: net::ERR_NAME_NOT_RESOLVED at https://n/A
Call log:
  - navigating to ""https://n/A"", waiting until ""domcontentloaded""
"
68ff64bbe4b063a5bedb05dc,YOUREASE TECHNOLOGIES (OPC) PRIVATE LIMITED,DIPP226697,RECOGNISED,U62013MH2025OPC457800,Prototype,Nagpur,Maharashtra,AI,Machine Learning,https://yourease.io,,,,OK,connect@yourease.io; your@email.com,,,3,SUCCESS,
68f21363e4b063a5bed606df,CHUDIWAL AGRO &amp; FOOD INDUSTRY PRIVATE LIMITED,DIPP226018,RECOGNISED,U15549MH2020PTC341809,Scaling,Nagpur,Maharashtra,Healthcare & Lifesciences,Healthcare Services,https://www.chudiwal.com,,,,OK,,,,0,ERROR,"Page.goto: net::ERR_CERT_COMMON_NAME_INVALID at https://www.chudiwal.com/
Call log:
  - navigating to ""https://www.chudiwal.com/"", waiting until ""domcontentloaded""
"
68f1cd0be4b063a5bed5dc10,SYNERGYBITS PRIVATE LIMITED,DIPP225955,RECOGNISED,U62011MH2025PTC455837,EarlyTraction,Nagpur,Maharashtra,IT Services,Web Development,https://NA,,,,OK,,,,0,ERROR,"Page.goto: net::ERR_NAME_NOT_RESOLVED at https://na/
Call log:
  - navigating to ""https://na/"", waiting until ""domcontentloaded""
"
68efde00e4b063a5bed53276,ERANIKH INDIA PRIVATE LIMITED,DIPP225797,RECOGNISED,U46529PN2025PTC246862,Validation,Nagpur,Maharashtra,Professional & Commercial Services,Business Support Services,https://NA,,,,OK,,,,0,ERROR,"Page.goto: net::ERR_NAME_NOT_RESOLVED at https://na/
Call log:
  - navigating to ""https://na/"", waiting until ""domcontentloaded""
"
68ea1e86e4b063a5bed2e88d,ROYALKUNJ CRAFTS PRIVATE LIMITED,DIPP225247,RECOGNISED,U17095PN2025PTC247100,Validation,Nagpur,Maharashtra,Technology Hardware,Manufacturing,https://NA,,,,OK,,,,0,ERROR,"Page.goto: net::ERR_NAME_NOT_RESOLVED at https://na/
Call log:
  - navigating to ""https://na/"", waiting until ""domcontentloaded""
"
68e9e52ee4b063a5bed2cdd3,CARGOWAVE SHIPPING AND LOGISTICS PRIVATE LIMITED,DIPP225197,RECOGNISED,U53200MH2025PTC457333,Prototype,Nagpur,Maharashtra,Logistics,Others,https://NA,,,,OK,,,,0,ERROR,"Page.goto: net::ERR_NAME_NOT_RESOLVED at https://na/
Call log:
  - navigating to ""https://na/"", waiting until ""domcontentloaded""
"
68e96b6ae4b063a5bed2c04f,BITEDYNAMICS PRIVATE LIMITED,DIPP225195,RECOGNISED,U10799PN2025PTC247025,EarlyTraction,Nagpur,Maharashtra,Food & Beverages,Food Technology/Food Delivery,https://bitedynamics.in/,,,,OK,,+91 7447094640; +91 9125959112,https://www.linkedin.com/company/bitedynamics,4,SUCCESS,
68e8edb4e4b063a5bed29076,NIRMAL POWER SERVICES PRIVATE LIMITED,DIPP225145,RECOGNISED,U43210MH2024PTC424017,Validation,Nagpur,Maharashtra,Technology Hardware,Others,https://NA,,,,OK,,,,0,ERROR,"Page.goto: net::ERR_NAME_NOT_RESOLVED at https://na/
Call log:
  - navigating to ""https://na/"", waiting until ""domcontentloaded""
"
68e7bffee4b032c5c21a4df3,BIGBULL SECURITY SERVICES PRIVATE LIMITED,DIPP225022,RECOGNISED,U80100MH2025PTC451773,Scaling,Nagpur,Maharashtra,Human Resources,Recruitment Jobs,https://www.falconebiz.com/company/BIGBULL-SECURITY-SERVICES-PRIVATE-LIMITED-U80100MH2025PTC451773,,,,OK,info@arinesolutions.com; nbhoyar76@gmail.com; sales@falconebiz.com; support@falconebiz.com,+91 6225870344; +91 7212105353; +91 7215977846; +91 7546979372; +91 7866020561; +91 7866020572; +91 7866020609; +91 7866020610; +91 9167789464; +91 9971990887,,4,SUCCESS,
68e74ae7e4b032c5c219ff13,M.SONS STEELTECH PRIVATE LIMITED,DIPP224905,RECOGNISED,U24311MH2025PTC456677,Scaling,Nagpur,Maharashtra,Construction,Construction Supplies & Fixtures,https://NA,,,,OK,,,,0,ERROR,"Page.goto: net::ERR_NAME_NOT_RESOLVED at https://na/
Call log:
  - navigating to ""https://na/"", waiting until ""domcontentloaded""
"
68e3fb08e4b032c5c218faf7,PAWAN EPOWER SOLUTIONS TECHNOLOGY PRIVATE LIMITED,DIPP224560,RECOGNISED,U79120MH2025PTC449900,Scaling,Nagpur,Maharashtra,Green Technology,Clean Tech,https://me-and-car.com/,,,,OK,,,,1,SUCCESS,
68e3ac8de4b032c5c218dffb,GIAS LAB LLP,DIPP224511,RECOGNISED,ACR-6872,Validation,Nagpur,Maharashtra,Healthcare & Lifesciences,Health & Wellness,https://na,,,,OK,,,,0,ERROR,"Page.goto: net::ERR_NAME_NOT_RESOLVED at https://na/
Call log:
  - navigating to ""https://na/"", waiting until ""domcontentloaded""
"
68e3a5a3e4b032c5c218dbeb,JAS JOURNALYST PRIVATE LIMITED,DIPP224497,RECOGNISED,U62099PN2025PTC238753,Validation,Nagpur,Maharashtra,AI,Machine Learning,https://www.mca.gov.in/content/mca/global/en/mca/master-data/MDS/company-master-info.html,,,,OK,appl.helpdesk@mca.gov.in; cvo-mca@gov.in; minus@2x.png; plus@2x.png,+91 6109068273; +91 7110109340; +91 7146230280; +91 7679694561; +91 7754735508; +91 7796698925; +91 7830993708; +91 7845392263; +91 9582966893; +91 9594158241,https://www.linkedin.com/company/mca21india/,4,SUCCESS,
68dccfc0e4b032c5c2173bda,ZENCROW TECHNOLOGIES PRIVATE LIMITED,DIPP223879,RECOGNISED,U46512MH2025PTC451309,Prototype,Nagpur,Maharashtra,Education,Skill Development,http://www.zencrowtechnologies.com/,,,,OK,hr@zencrowtechnologies.com,+91 7264915082; +91 8975490666; +91 9421355082,,3,SUCCESS,
68d7a6fee4b032c5c21540c1,SKYLINE TELEINFRA PRIVATE LIMITED,DIPP223413,RECOGNISED,U46593MH2025PTC451564,EarlyTraction,Nagpur,Maharashtra,Telecommunication & Networking,Others,https://www.in-skyline.com,,,,OK,,,,1,SUCCESS,
68d78615e4b032c5c2152fb8,KINEMATIC MIND PRIVATE LIMITED,DIPP223381,RECOGNISED,U28299MH2025PTC457338,Prototype,Nagpur,Maharashtra,Robotics,Robotics Application,https://www.kmpl.in,,,,OK,,,,1,SUCCESS,
68d68671e4b032c5c214e27f,FINEAURA AGRI AND BIOFUELS PRIVATE LIMITED,DIPP223313,RECOGNISED,U19204MH2025PTC452786,Validation,Nagpur,Maharashtra,Renewable Energy,Renewable Energy Solutions,https://NA,,,,OK,,,,0,ERROR,"Page.goto: net::ERR_NAME_NOT_RESOLVED at https://na/
Call log:
  - navigating to ""https://na/"", waiting until ""domcontentloaded""
"
68d5330ce4b032c5c2142192,DHANYA RAKSHA ANALYTICS PRIVATE LIMITED,DIPP223129,RECOGNISED,U58200MH2025PTC455477,Validation,Nagpur,Maharashtra,AI,Others,https://N/A,,,,OK,,,,0,ERROR,"Page.goto: net::ERR_NAME_NOT_RESOLVED at https://n/A
Call log:
  - navigating to ""https://n/A"", waiting until ""domcontentloaded""
"
68d51b60e4b032c5c2140c9a,HAMSA TRADINGS,DIPP228801,RECOGNISED,NG000010813,Validation,Nagpur,Maharashtra,Waste Management,Others,https://www.hamsatradings.com,,,,OK,,,,0,ERROR,"Page.goto: net::ERR_NAME_NOT_RESOLVED at https://www.hamsatradings.com/
Call log:
  - navigating to ""https://www.hamsatradings.com/"", waiting until ""domcontentloaded""
"
68d4d4f3e4b032c5c213bb43,AMSA DARK STORES PRIVATE LIMITED,DIPP222985,RECOGNISED,U52241MH2023PTC400416,Validation,Nagpur,Maharashtra,Healthcare & Lifesciences,Healthcare Services,https://amsanow.com/,,,,OK,,,,1,SUCCESS,
68d3a3cde4b032c5c2133b50,ELEKTRABUILD ENGINEERING (OPC) PRIVATE LIMITED,DIPP222823,RECOGNISED,U43211PN2025OPC245876,EarlyTraction,Nagpur,Maharashtra,Construction,Construction & Engineering,https://NA,,,,OK,,,,0,ERROR,"Page.goto: net::ERR_NAME_NOT_RESOLVED at https://na/
Call log:
  - navigating to ""https://na/"", waiting until ""domcontentloaded""
"
68d25e23e4b032c5c212a2ef,GIER TECHNOLOGIES PRIVATE LIMITED,DIPP222638,RECOGNISED,U26400MH2025PTC450798,Prototype,Nagpur,Maharashtra,Technology Hardware,Electronics,https://www.giertech.com/,,,,OK,,,,1,SUCCESS,
68d247dfe4b032c5c2128ec5,ALQADRI AGRO PRIVATE LIMITED,DIPP222618,RECOGNISED,U10309MH2025PTC454391,Prototype,Nagpur,Maharashtra,Agriculture,Food Processing,https://www.alqadriagro.com,,,,OK,,,,1,SUCCESS,
68d191fce4b032c5c21253a7,BUPPOSO HOLIDAYS PRIVATE LIMITED,DIPP222579,RECOGNISED,U52291MH2023PTC406482,EarlyTraction,Nagpur,Maharashtra,Travel & Tourism,Facility Management,https://www.bupposoholidays.in,,,,OK,,,,1,SUCCESS,
68cd389ee4b032c5c21036d7,GREENTREADZ MOBILITY SOLUTIONS PRIVATE LIMITED,DIPP222199,RECOGNISED,U45200MH2025PTC457454,Validation,Nagpur,Maharashtra,Automotive,Tires & Rubber Products,https://NA,,,,OK,,,,0,ERROR,"Page.goto: net::ERR_NAME_NOT_RESOLVED at https://na/
Call log:
  - navigating to ""https://na/"", waiting until ""domcontentloaded""
"
68cc3c28e4b032c5c20fac3a,HINGANGHAT LOGISTICS PARK PRIVATE LIMITED,DIPP222082,RECOGNISED,U52290MH2023PTC409091,Validation,Nagpur,Maharashtra,Transportation & Storage,Others,https://hlppl.fwh.is,,,,OK,heliwalsumit@gmail.com,,,3,SUCCESS,
68cb8df8e4b06315917c3d74,ARKANGELS OVERSEAS PRIVATE LIMITED,DIPP221907,RECOGNISED,U53200MH2025PTC456736,Prototype,Nagpur,Maharashtra,Logistics,Others,https://NA,,,,OK,,,,0,ERROR,"Page.goto: net::ERR_NAME_NOT_RESOLVED at https://na/
Call log:
  - navigating to ""https://na/"", waiting until ""domcontentloaded""
"
68cb0a7ce4b06315917c261a,SEER BHARAT FOUNDATION,DIPP221900,RECOGNISED,U88900MH2023NPL409918,EarlyTraction,Nagpur,Maharashtra,Social Impact,NGO,https://www.seerbharat.org,,,,OK,,,,1,SUCCESS,
68ca4392e4b032bcb0bfe17b,LVGR WELLNESS PRIVATE LIMITED,DIPP217201,RECOGNISED,U62090MH2025PTC440475,EarlyTraction,Nagpur,Maharashtra,Healthcare & Lifesciences,Healthcare IT,https://www.livegracious.co.in,,,,OK,,,,0,ERROR,"Page.goto: net::ERR_NAME_NOT_RESOLVED at https://www.livegracious.co.in/
Call log:
  - navigating to ""https://www.livegracious.co.in/"", waiting until ""domcontentloaded""
"
68ca3dcee4b032bcb0bfdcbf,INCUBIQ TECHNOLOGIES PRIVATE LIMITED,DIPP216561,RECOGNISED,U62013MH2025PTC452453,Validation,Nagpur,Maharashtra,IT Services,IT Consulting,http://incubiq.in/,,,,OK,enquiry@incubiq.in,+91 9921707096,,3,SUCCESS,
68c54233e4b097271d4a006e,STANC ENTERTAINMENT LLP,DIPP221315,RECOGNISED,ACN-4567,Prototype,Nagpur,Maharashtra,Media & Entertainment,Entertainment,https://NA,,,,OK,,,,0,ERROR,"Page.goto: net::ERR_NAME_NOT_RESOLVED at https://na/
Call log:
  - navigating to ""https://na/"", waiting until ""domcontentloaded""
"
68c4e9e7e4b097271d49d48c,ROYALEBLUE HOSPITALITIES (INDIA) PRIVATE LIMITED,DIPP221258,RECOGNISED,U55101MH2021PTC356373,Scaling,Nagpur,Maharashtra,House-Hold Services,Others,https://cleanoclock.in/,,,,OK,admin@cleanoclock.in; cleanoclockservice@gmail.com,+91 6117047491; +91 6604097183; +91 6630884273; +91 6847498124; +91 7496969728; +91 7866022119; +91 7866022166; +91 8799967192; +91 8918742093; +91 9187241381; +91 9187420935; +91 9187999671; +91 9225205220; +91 9940805477,,4,SUCCESS,
68c3d3c9e4b097271d496af5,AGROMITRA TECHNOLOGIES PRIVATE LIMITED,DIPP221140,RECOGNISED,U28219MH2025PTC451528,Prototype,Nagpur,Maharashtra,Agriculture,Agri-Tech,https://www.agromitraa.com/,,,,OK,agromitrainfo@gmail.com; info@agromitraa.com,+91 6251864129; +91 6988962637; +91 7530411410; +91 7903406734; +91 8012379009; +91 9155329197; +91 9191553291,,4,SUCCESS,
68c26cb9e4b0dfd7e6e7ab3e,TELECARE SERVICES,DIPP229650,RECOGNISED,4.65E+12,Scaling,Nagpur,Maharashtra,Security Solutions,Public Citizen Security Solutions,https://telecareservices.com,,,,OK,,,,0,ERROR,"Page.goto: net::ERR_NAME_NOT_RESOLVED at https://telecareservices.com/
Call log:
  - navigating to ""https://telecareservices.com/"", waiting until ""domcontentloaded""
"
68c1b8cee4b0dfd7e6e7837b,SARVAKSH COMMUNICATIONS TECHNOLOGIES PRIVATE LIMITED,DIPP220896,RECOGNISED,U26309MH2025PTC454562,Validation,Nagpur,Maharashtra,Telecommunication & Networking,Wireless,https://www.sarvaksh.co.in,,,,OK,admin@sarvaksh.co.in; tech@sarvaksh.co.in,+91 7000000000; +91 7373103296; +91 8223111054; +91 8630557350,,3,SUCCESS,
68be8f24e4b0c6365be10e0e,ACCURATE CONFORMITY AND TESTING PRIVATE LIMITED,DIPP220404,RECOGNISED,U70200MH2025PTC455159,EarlyTraction,Nagpur,Maharashtra,Professional & Commercial Services,Business Support Services,https://NA,,,,OK,,,,0,ERROR,"Page.goto: net::ERR_NAME_NOT_RESOLVED at https://na/
Call log:
  - navigating to ""https://na/"", waiting until ""domcontentloaded""
"
68ba976de4b0c6365bdfd0e2,CHIRANJEEVI MULTI CREATIONS,DIPP228547,RECOGNISED,NG000009173,Scaling,Nagpur,Maharashtra,Advertising,Others,https://www.chiranjeevimulticreations.com,,,,OK,18d2f96d279149989b95faf0a4b41882@sentry-next.wixpress.com; 2062d0a4929b45348643784b5cb39c36@sentry.wixpress.com; 5d1795a2db124a268f1e1bd88f503500@sentry.wixpress.com; 605a7baede844d278b89dc95ae0a9123@sentry-next.wixpress.com; 8c4075d5481d476e945486754f783364@sentry.io; 8eb368c655b84e029ed79ad7a5c1718e@sentry.wixpress.com; bfb679c754744c58a7374ee6e25cfc13@sentry.wixpress.com; c183baa23371454f99f417f6616b724d@sentry.wixpress.com; chianjeevimulticreations@gmail.com; chiranjeevimulticreations@gmail.com; dd0a55ccb8124b9c9d938e3acf41f8aa@sentry.wixpress.com; example@mysite.com,+91 6282146654; +91 6343436259; +91 6611560390; +91 6814246195; +91 7865112935; +91 7866022829; +91 7866022859; +91 8087296545; +91 8117994240; +91 8152516113; +91 8855082032,https://www.linkedin.com/company/wix-com,3,SUCCESS,
68b95bdde4b0c6365bdf527e,CUBESPACE BUSINESS SOLUTIONS PRIVATE LIMITED,DIPP219897,RECOGNISED,U55109MH2025PTC439353,Scaling,Nagpur,Maharashtra,Real Estate,Coworking Spaces,https://cubespace.org,,,,OK,info@intervio.net; office@cubespace.org,+91 6509209203; +91 6972776731; +91 6975225548; +91 6975275522; +91 6989227289; +91 6990793433; +91 6990803302; +91 6990867459; +91 7049328912; +91 7201305859; +91 7496969728; +91 7804267566; +91 8075794589; +91 8075842156; +91 8325637926; +91 8474836333; +91 8476393805; +91 8477944810; +91 8562114845; +91 8776581107; +91 8826633704; +91 8908699304; +91 9035118834; +91 9055623120; +91 9445692809; +91 9657777021; +91 9840936671; +91 9861584276,,4,SUCCESS,
68b7f83fe4b0c6365bddf43e,SWARDHARA INNOVATIVE TECHNOLOGIES PRIVATE LIMITED,DIPP219672,RECOGNISED,U26201MH2025PTC455254,EarlyTraction,Nagpur,Maharashtra,Technology Hardware,Electronics,https://swardharainnovative.com,,,,OK,das@swardharainnovative.com; enquiry@swardharainnovative.com; svs@swardharainnovative.com; vrn@swardharainnovative.com,+91 7817915094; +91 8726896623,,3,SUCCESS,
68b7cddfe4b0c6365bddd502,HARIBASANTI ENTERPRISES LLP,DIPP219624,RECOGNISED,ACQ-8978,Prototype,Nagpur,Maharashtra,Agriculture,Organic Agriculture,https://NA,,,,OK,,,,0,ERROR,"Page.goto: net::ERR_NAME_NOT_RESOLVED at https://na/
Call log:
  - navigating to ""https://na/"", waiting until ""domcontentloaded""
"
68b6dee0e4b0c6365bdd8dbf,EXCELLWORLD RESTRO CLUB AND RESORTS PRIVATE LIMITED,DIPP219573,RECOGNISED,U55101MH2025PTC439565,Validation,Nagpur,Maharashtra,Travel & Tourism,Hospitality,https://N/A,,,,OK,,,,0,ERROR,"Page.goto: net::ERR_NAME_NOT_RESOLVED at https://n/A
Call log:
  - navigating to ""https://n/A"", waiting until ""domcontentloaded""
"
68b6924be4b0c6365bdd4a5d,PRIDEGEEK ENTERPRISE PRIVATE LIMITED,DIPP219475,RECOGNISED,U26700MH2025PTC453871,Validation,Nagpur,Maharashtra,Technology Hardware,Electronics,https://www.linkedin.com/company/pridegeek-enterprise-private-limited,,,,OK,,+91 6055979389; +91 6726398923; +91 6839006336; +91 6924731934; +91 7011498786; +91 7018492679; +91 7289027930; +91 7298333477; +91 7336422646; +91 7368375956; +91 7483704120; +91 7548879033; +91 7548896790,https://cn.linkedin.com/company/jiangsu-hanbon-sci-tech-co-ltd?trk=similar-pages; https://in.linkedin.com/company/aakashianshsolutions?trk=similar-pages; https://in.linkedin.com/company/agrisageindia?trk=similar-pages; https://in.linkedin.com/company/cybrisk-cyber?trk=similar-pages; https://in.linkedin.com/company/mpex-group?trk=similar-pages; https://in.linkedin.com/company/rejigdigital?trk=similar-pages; https://in.linkedin.com/company/techdenovo?trk=similar-pages; https://in.linkedin.com/company/viralhood?trk=similar-pages; https://in.linkedin.com/company/www.intechanalyticals.com?trk=similar-pages; https://in.linkedin.com/in/gaurav-khobragade-439b1a1bb?trk=org-employees; https://www.linkedin.com/company/breathe-easy-support?trk=similar-pages,1,SUCCESS,
68b5e015e4b0c6365bdd1f7c,CLEANSLATE VENTURES LLP,DIPP219441,RECOGNISED,AAU-0608,EarlyTraction,Nagpur,Maharashtra,Fashion,Apparel,https://www.theshirtfactory.in,,,,OK,cleanslateventuresllp@gmail.com; support@theshirtfactory.co.in,+91 6010544730; +91 6051412178; +91 6130515278; +91 6160270754; +91 6258542146; +91 6270909139; +91 6300317844; +91 6518388431; +91 6574727178; +91 6592291578; +91 6631065867; +91 6686362239; +91 6807511737; +91 6820804820; +91 6891093837; +91 6900983896; +91 6990525694; +91 7020641919; +91 7030871919; +91 7031924031; +91 7036828876; +91 7036828975; +91 7039111200; +91 7044361814; +91 7044615864; +91 7044615962; +91 7044616093; +91 7044617109; +91 7044617928; +91 7044631527; +91 7044674682; +91 7044680908; +91 7044706631; +91 7053312688; +91 7053343064; +91 7058712232; +91 7058734284; +91 7070021842; +91 7075506706; +91 7096961335; +91 7112558510; +91 7137662120; +91 7166734719; +91 7177033492; +91 7194728725; +91 7241757884; +91 7245848150; +91 7245848969; +91 7245850345; +91 7263594512; +91 7264953237; +91 7264955727; +91 7264958120; +91 7286001860; +91 7286169665; +91 7389617844; +91 7405848920; +91 7417840375; +91 7503894164; +91 7564920178; +91 7589298261; +91 7597493125; +91 7608011273; +91 7686254800; +91 7766159426; +91 7840375586; +91 7848463555; +91 7958823915; +91 7964846174; +91 7990430622; +91 7995075308; +91 8003274841; +91 8130116914; +91 8152247381; +91 8173191784; +91 8194737298; +91 8317178440; +91 8422027386; +91 8422027616; +91 8422027976; +91 8422028009; +91 8422028042; +91 8449705917; +91 8482080112; +91 8550365740; +91 8794513081; +91 8856239317; +91 8858133213; +91 8860514178; +91 8899976848; +91 8905977864; +91 8930945598; +91 8930947892; +91 9008681452; +91 9100686421; +91 9111260324; +91 9111300301; +91 9111380255; +91 9128601418; +91 9157843354; +91 9163135058; +91 9163140957; +91 9163142595; +91 9163155047; +91 9163169137; +91 9163666883; +91 9164393349; +91 9164467077; +91 9164758385; +91 9188309605; +91 9234338149; +91 9273366261; +91 9364428178; +91 9385638953; +91 9386465690; +91 9428493500; +91 9486581656; +91 9563097989; +91 9564002059; +91 9713254281; +91 9717475217; +91 9799236608; +91 9800558321; +91 9863284941; +91 9863374398; +91 9863495312; +91 9999439880,,3,SUCCESS,
68b2fabfe4b0c6365bd90ffa,BURQON PRIVATE LIMITED,DIPP219214,RECOGNISED,U27900MH2025PTC453490,EarlyTraction,Nagpur,Maharashtra,Technology Hardware,Electronics,http://burqon.com,,,,OK,,,,1,SUCCESS,
68ada9b9e4b0c6365bd27896,DIGITRUCE PRIVATE LIMITED,DIPP218459,RECOGNISED,U62090MH2025PTC451561,Validation,Nagpur,Maharashtra,IT Services,Others,https://www.digitruce.com,,,,OK,digitruce@digitruce.com,+91 7817915094; +91 9910179231,,3,SUCCESS,
68ad89f2e4b0c6365bd24174,NOVERRA GROWTH STUDIO PRIVATE LIMITED,DIPP218405,RECOGNISED,U73100MH2025PTC451659,Validation,Nagpur,Maharashtra,Advertising,AdTech,https://noverra.online/,,,,OK,contact@noverra.online; john@company.com,,https://www.linkedin.com/company/noverra-growth-studio-pvt-ltd/?viewAsMember=true; https://www.linkedin.com/in/piyush-chavhan-968780232/,1,SUCCESS,
68ad7805e4b0c6365bd21eb1,HEALTHANCHOR PRIVATE LIMITED,DIPP218376,RECOGNISED,U32500MH2025PTC446783,Validation,Nagpur,Maharashtra,Healthcare & Lifesciences,Medical Devices Biomedical,https://medibot.co.in/,,,,OK,%20info@medibot.co.in; info@medibot.co.in,+91 8167674242,https://www.linkedin.com/company/medibotnagpur,4,SUCCESS,
68ac439ae4b021e0fa5f0346,AKASHGANGA AQUA TECH PRIVATE LIMITED,DIPP214134,RECOGNISED,U11043MH2024PTC425542,Validation,Nagpur,Maharashtra,Green Technology,Clean Tech,https://aquagenerators.in,,,,OK,,,,0,ERROR,"Page.goto: net::ERR_NAME_NOT_RESOLVED at https://aquagenerators.in/
Call log:
  - navigating to ""https://aquagenerators.in/"", waiting until ""domcontentloaded""
"
68ac21cde4b021e0fa5ebf3d,KAMY INDIA LLP,DIPP218186,RECOGNISED,ACN-3783,Prototype,Nagpur,Maharashtra,Construction,Construction & Engineering,https://KAMY INDIA LLP,,,,OK,,,,0,ERROR,"Page.goto: net::ERR_NAME_NOT_RESOLVED at https://KAMY INDIA LLP
Call log:
  - navigating to ""https://KAMY INDIA LLP"", waiting until ""domcontentloaded""
"
68aad249e4b021e0fa5d63e1,SHAVREAL PHARMACEUTICALS PRIVATE LIMITED,DIPP218102,RECOGNISED,U46497MH2025PTC450532,EarlyTraction,Nagpur,Maharashtra,Marketing,Sales,https://NA,,,,OK,,,,0,ERROR,"Page.goto: net::ERR_NAME_NOT_RESOLVED at https://na/
Call log:
  - navigating to ""https://na/"", waiting until ""domcontentloaded""
"
68a9aebbe4b021e0fa5c4d9a,REACHOUT PLUS LLP,DIPP218049,RECOGNISED,ACM-7788,EarlyTraction,Nagpur,Maharashtra,IT Services,BPO,https://N/A,,,,OK,,,,0,ERROR,"Page.goto: net::ERR_NAME_NOT_RESOLVED at https://n/A
Call log:
  - navigating to ""https://n/A"", waiting until ""domcontentloaded""
"
68a97910e4b021e0fa5bf1d1,NEXTNEEDS MULTI SOLUTIONS PRIVATE LIMITED,DIPP217980,RECOGNISED,U74999MH2021PTC358976,Scaling,Nagpur,Maharashtra,Human Resources,Recruitment Jobs,http://www.nnmspl.com,,,,OK,inquiry@nnmspl.com,+91 7122994446; +91 9170660377,https://in.linkedin.com/in/nextneeds-multi-solutions-090210216,4,SUCCESS,
68a55f95e4b021e0fa565538,ERECTRON SOLUTION (OPC) PRIVATE LIMITED,DIPP217387,RECOGNISED,U43219MH2025OPC451533,Prototype,Nagpur,Maharashtra,Professional & Commercial Services,Others,https://NA,,,,OK,,,,0,ERROR,"Page.goto: net::ERR_NAME_NOT_RESOLVED at https://na/
Call log:
  - navigating to ""https://na/"", waiting until ""domcontentloaded""
"
68a1e57ce4b021e0fa522e6c,TRUCON POWER ENGINEERS PRIVATE LIMITED,DIPP217008,RECOGNISED,U31909MH2017PTC292110,Validation,Nagpur,Maharashtra,Construction,Construction & Engineering,http://www.truconassociates.com/,,,,OK,info@truconassociates.com,+91 6383138963; +91 9822940521,,4,SUCCESS,
68a05159e4b021e0fa50cce6,UPLYNK NETWORKS PRIVATE LIMITED,DIPP216943,RECOGNISED,U63119PN2025PTC243493,Validation,Nagpur,Maharashtra,IT Services,Others,https://www.uplynknetworks.com,,,,OK,,,,0,ERROR,"Page.goto: net::ERR_CERT_DATE_INVALID at https://www.uplynknetworks.com/
Call log:
  - navigating to ""https://www.uplynknetworks.com/"", waiting until ""domcontentloaded""
"
689c88b5e4b0f62ba8a8a735,FARDA CLOTHING PRIVATE LIMITED,DIPP216635,RECOGNISED,U52609MH2022PTC375035,EarlyTraction,Nagpur,Maharashtra,Fashion,Apparel,https://fardaclothing.com/,,,,OK,fardaclothing@gmail.com,+91 6031864309; +91 6063054009; +91 6111775652; +91 6118608102; +91 6206717756; +91 6361853792; +91 6452220091; +91 6501775652; +91 6515895839; +91 6516471099; +91 6518388431; +91 6531162662; +91 6665417756; +91 6742886252; +91 6860889287; +91 7031534335; +91 7061775652; +91 7203736879; +91 7203737370; +91 7203806970; +91 7203807789; +91 7203808084; +91 7203925295; +91 7209189334; +91 7269713608; +91 7301445359; +91 7328004079; +91 7328033767; +91 7328050544; +91 7389950522; +91 7459538731; +91 7478906057; +91 7495441775; +91 7535177565; +91 7545521775; +91 7560584324; +91 7596247576; +91 7609842177; +91 7616659030; +91 7616660570; +91 7654328517; +91 7655083245; +91 7661164639; +91 7670805627; +91 7860590411; +91 7872899177; +91 7956698562; +91 7956933640; +91 7957776246; +91 7987777732; +91 8012300177; +91 8034257556; +91 8065771864; +91 8167353275; +91 8293167896; +91 8367017756; +91 8417756521; +91 8438041602; +91 8438042257; +91 8438070110; +91 8438070766; +91 8451775652; +91 8486774591; +91 8558206033; +91 8591544181; +91 8635456894; +91 8700948114; +91 8728257496; +91 8753476351; +91 8869366487; +91 8923337488; +91 8966765177; +91 8971157717; +91 9048781390; +91 9102579958; +91 9108189152; +91 9135617756; +91 9256674459; +91 9256674590; +91 9256689565; +91 9256689762; +91 9256689828; +91 9256698970; +91 9272059789; +91 9281274478; +91 9281277100; +91 9281277722; +91 9289207014; +91 9311878856; +91 9314408792; +91 9345971323; +91 9345971519; +91 9354816782; +91 9359950872; +91 9382217756; +91 9450164322; +91 9450204463; +91 9459459719; +91 9481417756; +91 9481582706; +91 9503552177; +91 9520878331; +91 9549252120; +91 9619417756; +91 9664917756; +91 9685161196; +91 9837617504; +91 9843451138,,2,SUCCESS,
689b40d3e4b0f62ba8a6984f,PISE DESIGN ATELIER LLP,DIPP216459,RECOGNISED,ACP-9571,Validation,Nagpur,Maharashtra,Design,Others,https://www.pisedesign.com,,,,OK,,,,1,SUCCESS,
689b3734e4b0f62ba8a68839,MAHAPARVAT PRIVATE LIMITED,DIPP216444,RECOGNISED,U66300MH2025PTC450893,EarlyTraction,Nagpur,Maharashtra,Professional & Commercial Services,Others,https://mahaparvat.com,,,,OK,,,,0,ERROR,"Page.goto: net::ERR_NAME_NOT_RESOLVED at https://mahaparvat.com/
Call log:
  - navigating to ""https://mahaparvat.com/"", waiting until ""domcontentloaded""
"
689b0244e4b0f62ba8a61d2c,RUTUSAR BUILDER AND DEVELOPERS PRIVATE LIMITED,DIPP216362,RECOGNISED,U43299MH2024PTC425768,Validation,Nagpur,Maharashtra,Construction,Homebuilding,https://NIL,,,,OK,,,,0,ERROR,"Page.goto: net::ERR_NAME_NOT_RESOLVED at https://nil/
Call log:
  - navigating to ""https://nil/"", waiting until ""domcontentloaded""
"
6899a9ade4b0f62ba8a4686f,ECONEST HOSPITALITY PRIVATE LIMITED,DIPP216158,RECOGNISED,U55101MH2025PTC451342,Validation,Nagpur,Maharashtra,Events,Event Management,https://econesthospitality.com,,,,OK,,,,0,ERROR,"Page.goto: net::ERR_NAME_NOT_RESOLVED at https://econesthospitality.com/
Call log:
  - navigating to ""https://econesthospitality.com/"", waiting until ""domcontentloaded""
"
6896063fe4b0f62ba8a16da3,ACROFUND EARNING SOLUTION PRIVATE LIMITED,DIPP216016,RECOGNISED,U66309MH2025PTC446093,Validation,Nagpur,Maharashtra,Finance Technology,Advisory,https://acroinvest.in,,,,OK,acrofundearningsolution@gmail.com,+91 8329056446,,3,SUCCESS,
6894d3a9e4b01b8d0aa6ef86,KAKI INDUSTRIES PRIVATE LIMITED,DIPP215857,RECOGNISED,U24290MH2022PTC379654,Scaling,Nagpur,Maharashtra,Renewable Energy,Renewable Solar Energy,https://ki.nagpur@gmail.com,,,,OK,,+91 8369249702,,1,SUCCESS,
68944ce9e4b043b22d2ef230,HUMONZ CLOTHING LLP,DIPP215688,RECOGNISED,ACP-9753,Scaling,Nagpur,Maharashtra,Textiles & Apparel,Others,https://NA,,,,OK,,,,0,ERROR,"Page.goto: net::ERR_NAME_NOT_RESOLVED at https://na/
Call log:
  - navigating to ""https://na/"", waiting until ""domcontentloaded""
"
6891f453e4b043b22d2bd896,ANUKULYAM GLOBAL PRIVATE LIMITED,DIPP215396,RECOGNISED,U10403MH2025PTC439634,Validation,Nagpur,Maharashtra,Healthcare & Lifesciences,Healthcare Services,https://www.anucool-autismacademy.org/,,,,OK,,+91 6320736240; +91 7768288133; +91 7817915094; +91 7847592228; +91 9012468469; +91 9041720003; +91 9746488106,,2,SUCCESS,
6891d11fe4b043b22d2b9226,GARAGETECH PLUS PRIVATE LIMITED,DIPP215320,RECOGNISED,U45300MP2023PTC067173,Scaling,Nagpur,Maharashtra,Automotive,Others,https://www.garagewalle.com,,,,OK,help@garagewalle.com,+91 6746732146; +91 7610389948; +91 9192019862,https://www.linkedin.com/company/garagewalle/,3,SUCCESS,
68908ae0e4b043b22d2a3ac5,ELOHIM FILM PRODUCTION PRIVATE LIMITED,DIPP212140,RECOGNISED,U59112MH2023PTC413407,Validation,Nagpur,Maharashtra,Media & Entertainment,Entertainment,https://www.elohimfilmproduction.com,,,,OK,,,,0,ERROR,"Page.goto: net::ERR_NAME_NOT_RESOLVED at https://www.elohimfilmproduction.com/
Call log:
  - navigating to ""https://www.elohimfilmproduction.com/"", waiting until ""domcontentloaded""
"
68908a3be4b043b22d2a398c,SADA INNOVATIONS PRIVATE LIMITED,DIPP212060,RECOGNISED,U62090MH2025PTC446826,Validation,Nagpur,Maharashtra,Enterprise Software,Cloud,https://www.dialitcrm.com,,,,OK,,+91 7817915094,,1,SUCCESS,
689089c5e4b043b22d2a38be,FLAVORRUSH (OPC) PRIVATE LIMITED,DIPP215077,RECOGNISED,U46309MH2025OPC451137,Scaling,Nagpur,Maharashtra,Food & Beverages,Others,https://info@flavorrush.in,,,,OK,,,,1,SUCCESS,
68907d44e4b043b22d2a2584,KEYEVENTS TECHNOLOGIES PRIVATE LIMITED,DIPP215036,RECOGNISED,U82990MH2023PTC403757,Scaling,Nagpur,Maharashtra,Enterprise Software,Collaboration,https://thekeyevents.com,,,,OK,,,,1,SUCCESS,
688dc3b7e4b043b22d27fb69,FLUXION INNOVATION PRIVATE LIMITED,DIPP214779,RECOGNISED,U62099MH2025PTC445371,EarlyTraction,Nagpur,Maharashtra,AI,Machine Learning,https://NA,,,,OK,,,,0,ERROR,"Page.goto: net::ERR_NAME_NOT_RESOLVED at https://na/
Call log:
  - navigating to ""https://na/"", waiting until ""domcontentloaded""
"
688dae9de4b043b22d27dd4a,DAMYANTI AGRICHEM SERVICES PRIVATE LIMITED,DIPP214753,RECOGNISED,U10402MH2023PTC406626,Validation,Nagpur,Maharashtra,Agriculture,Food Processing,https://NA,,,,OK,,,,0,ERROR,"Page.goto: net::ERR_NAME_NOT_RESOLVED at https://na/
Call log:
  - navigating to ""https://na/"", waiting until ""domcontentloaded""
"
688c6db7e4b043b22d26cbc5,HEALINGMONK LLP,DIPP214668,RECOGNISED,ACP-7752,Prototype,Nagpur,Maharashtra,Healthcare & Lifesciences,Health & Wellness,https://NA,,,,OK,,,,0,ERROR,"Page.goto: net::ERR_NAME_NOT_RESOLVED at https://na/
Call log:
  - navigating to ""https://na/"", waiting until ""domcontentloaded""
"
68836692e4b0861e7e7eb142,THREADMINDS PRIVATE LIMITED,DIPP213862,RECOGNISED,U62099MH2025PTC451363,Validation,Nagpur,Maharashtra,Healthcare & Lifesciences,Healthcare Technology,https://www.threadminds.org,,,,OK,,,,1,SUCCESS,
68822dcbe4b0861e7e7d1285,URJAAYAN PRIVATE LIMITED,DIPP213755,RECOGNISED,U35105MH2025PTC439430,EarlyTraction,Nagpur,Maharashtra,Agriculture,Others,https://not available,,,,OK,,,,0,ERROR,"Page.goto: net::ERR_NAME_NOT_RESOLVED at https://not available
Call log:
  - navigating to ""https://not available"", waiting until ""domcontentloaded""
"
6881f2a9e4b0861e7e7ca83a,SHAILNATH CONSULTING PRIVATE LIMITED,DIPP213694,RECOGNISED,U62099MH2025PTC438679,Prototype,Nagpur,Maharashtra,Marketing,Discovery,https://NA,,,,OK,,,,0,ERROR,"Page.goto: net::ERR_NAME_NOT_RESOLVED at https://na/
Call log:
  - navigating to ""https://na/"", waiting until ""domcontentloaded""
"
687e23a0e4b0861e7e78939a,DHRUVANT COMMUNICATION PRIVATE LIMITED,DIPP213274,RECOGNISED,U62099MH2025PTC448576,Validation,Nagpur,Maharashtra,Telecommunication & Networking,Network Technology Solutions,https://dhruvant.com/,,,,OK,,+91 6743634772,,1,SUCCESS,
687b9d0fe4b0861e7e76412f,EPPZI PHARMA PRIVATE LIMITED,DIPP213117,RECOGNISED,U21001MH2025PTC449244,Validation,Nagpur,Maharashtra,Healthcare & Lifesciences,Pharmaceutical,https://NIL,,,,OK,,,,0,ERROR,"Page.goto: net::ERR_NAME_NOT_RESOLVED at https://nil/
Call log:
  - navigating to ""https://nil/"", waiting until ""domcontentloaded""
"
6878c24de4b074eae6d4ab09,ARNOAI PRIVATE LIMITED,DIPP212739,RECOGNISED,U74909MH2024PTC427357,EarlyTraction,Nagpur,Maharashtra,AI,Machine Learning,https://arnoai.com,,,,OK,,,,1,SUCCESS,
687502d5e4b074eae6d0eec0,LLTS IT PRIVATE LIMITED,DIPP212282,RECOGNISED,U72200PN2022PTC213055,Validation,Nagpur,Maharashtra,IT Services,Application Development,https://www.lifelongtechsolutions.com,,,,OK,info@lifelongtechsolutions.com,+91 8800735527; +91 8868963733,,1,SUCCESS,
6872ca0ae4b074eae6cef0dc,NIDRAZ PRIVATE LIMITED,DIPP212088,RECOGNISED,U31005MH2023PTC408049,EarlyTraction,Nagpur,Maharashtra,Healthcare & Lifesciences,Health & Wellness,https://www.nidraz.com,,,,OK,,,,0,ERROR,"Page.goto: net::ERR_NAME_NOT_RESOLVED at https://www.nidraz.com/
Call log:
  - navigating to ""https://www.nidraz.com/"", waiting until ""domcontentloaded""
"
68726b43e4b074eae6ceac7f,MECHBEES SMART MOBILITY PRIVATE LIMITED,DIPP212072,RECOGNISED,U45200MH2025PTC449214,EarlyTraction,Nagpur,Maharashtra,Automotive,Electric Vehicles,https://www.mechbees.com,,,,OK,hemant.mechbees@gmail.com,+91 6516523993; +91 7611980161; +91 8707093460; +91 9762761703; +91 9834074692,,3,SUCCESS,
68710e39e4b074eae6cd681d,AUPIXEL SOLUTION LLP,DIPP211955,RECOGNISED,ACO-0899,EarlyTraction,Nagpur,Maharashtra,Technology Hardware,Manufacturing,https://aupixel.in,,,,OK,aupixel25@gmail.com,+91 9194231589; +91 9423158936,,3,SUCCESS,
686d00dae4b04a618f4cc054,KINETO MEDIIT PRIVATE LIMITED,DIPP211581,RECOGNISED,U80301MH2023PTC397734,EarlyTraction,Nagpur,Maharashtra,Education,Coaching,https://www.pacenagpur.com,,,,OK,pace.nagpur@iitianspace.com,+91 7304848016; +91 9423443389,,2,SUCCESS,
68693960e4b0c1da35b8125f,BeRam Drones,DIPP211207,RECOGNISED,U26515MH2025PTC443728,Validation,Nagpur,Maharashtra,Aeronautics Aerospace & Defence,Drones,https://beramdrones.com,,,,OK,contactberam@gmail.com,+91 6536102105; +91 6571760139; +91 7109345479; +91 7171441767; +91 7244806274; +91 7318381072; +91 7866025395; +91 7866025412; +91 7866025430; +91 7866025444; +91 7884424203; +91 7947675417; +91 7968641113; +91 8652088475; +91 9067083099,https://www.linkedin.com/company/beram-bhandarkar-excellences-of-research-and-management/,4,SUCCESS,
6867b41fe4b0c1da35b600f5,FLORINEXT BIOSOLUTIONS LLP,DIPP211015,RECOGNISED,ACK-1218,Validation,Nagpur,Maharashtra,Agriculture,Agri-Tech,https://NA,,,,OK,,,,0,ERROR,"Page.goto: net::ERR_NAME_NOT_RESOLVED at https://na/
Call log:
  - navigating to ""https://na/"", waiting until ""domcontentloaded""
"
6867a0c5e4b0c1da35b5f585,ALTAFUEL TECHNOLOGIES PRIVATE LIMITED,DIPP210986,RECOGNISED,U39000MH2024PTC427400,Validation,Nagpur,Maharashtra,Green Technology,Waste Management,https://altafueltech.in,,,,OK,naresh.mantri@altafueltech.in,+91 9820602611,,3,SUCCESS,
68638055e4b06dfc4c9f717b,GROWSHINE MARKETING AND TRADING PRIVATE LIMITED,DIPP210325,RECOGNISED,U46209MH2025PTC443169,EarlyTraction,Nagpur,Maharashtra,Healthcare & Lifesciences,Healthcare Services,https://NA,,,,OK,,,,0,ERROR,"Page.goto: net::ERR_NAME_NOT_RESOLVED at https://na/
Call log:
  - navigating to ""https://na/"", waiting until ""domcontentloaded""
"
68628800e4b06dfc4c9f38c6,IND D'SIN ENGG PRIVATE LIMITED,DIPP209848,RECOGNISED,U24109MH2025PTC448387,Validation,Nagpur,Maharashtra,Construction,New-age Construction Technologies,https://NA,,,,OK,,,,0,ERROR,"Page.goto: net::ERR_NAME_NOT_RESOLVED at https://na/
Call log:
  - navigating to ""https://na/"", waiting until ""domcontentloaded""
"
68627d13e4b06dfc4c9f3112,COGNISKILL INDIA PRIVATE LIMITED,DIPP208177,RECOGNISED,U78300MH2025PTC442437,EarlyTraction,Nagpur,Maharashtra,Education,Skill Development,https://WWW.COGNISKILL.IN,,,,OK,connect@cogniskill.in,+91 7817915094,https://www.linkedin.com/company/thecogniskill,4,SUCCESS,
68627217e4b06dfc4c9f28ed,STRALTO GLOBAL PRIVATE LIMITED,DIPP210242,RECOGNISED,U72900MH2020PTC351663,Prototype,Nagpur,Maharashtra,IT Services,Product Development,https://www.straltoglobal.com,,,,OK,info@straltoglobal.com,+91 7002450512,https://www.linkedin.com/company/straltoglobal/; https://www.linkedin.com/in/anand-shelke-75439331/; https://www.linkedin.com/in/girishchhugani/; https://www.linkedin.com/in/gourav-dalvi-straltoglobal; https://www.linkedin.com/in/joevetharoy-joe-peter-b160362/; https://www.linkedin.com/in/shane-lucas/; https://www.linkedin.com/in/shyamkumariandi/,3,SUCCESS,
685fff67e4b06dfc4c9e9dc2,SR GLOBAL ENTERPRISE,DIPP211777,RECOGNISED,NG000009547,EarlyTraction,Nagpur,Maharashtra,Chemicals,Specialty Chemicals,https://www.valencey.in,,,,OK,18d2f96d279149989b95faf0a4b41882@sentry-next.wixpress.com; 2062d0a4929b45348643784b5cb39c36@sentry.wixpress.com; 5d1795a2db124a268f1e1bd88f503500@sentry.wixpress.com; 605a7baede844d278b89dc95ae0a9123@sentry-next.wixpress.com; 8eb368c655b84e029ed79ad7a5c1718e@sentry.wixpress.com; bfb679c754744c58a7374ee6e25cfc13@sentry.wixpress.com; contact@valencey.in,+91 6282146654; +91 6311672142; +91 6343436259; +91 6418600212; +91 7050405310; +91 7169151427; +91 7182242930; +91 7743670168; +91 7860806246; +91 7861427929; +91 7866025887; +91 8765302443; +91 8815857126; +91 9127456274; +91 9900000095; +91 9911471702,https://www.linkedin.com/in/raghuv-ajitsaria-843b2b7b/; https://www.linkedin.com/in/shanu-parashar-39552927a/,3,SUCCESS,
685e70aae4b06dfc4c9e32be,DEFY LIMITS XTREME ADVENTURE SPORTS PRIVATE LIMITED,DIPP209843,RECOGNISED,U93190MH2025PTC449580,Prototype,Nagpur,Maharashtra,Sports,Others,https://n/a,,,,OK,,,,0,ERROR,"Page.goto: net::ERR_NAME_NOT_RESOLVED at https://n/a
Call log:
  - navigating to ""https://n/a"", waiting until ""domcontentloaded""
"
685e4ed4e4b06dfc4c9e22e3,AWSHIT LIFECARE PRIVATE LIMITED,DIPP209827,RECOGNISED,U21001MH2025PTC446533,Validation,Nagpur,Maharashtra,Healthcare & Lifesciences,Pharmaceutical,https://awshitlifecare.com/,,,,OK,,,,0,ERROR,"Page.goto: net::ERR_NAME_NOT_RESOLVED at https://awshitlifecare.com/
Call log:
  - navigating to ""https://awshitlifecare.com/"", waiting until ""domcontentloaded""
"
685d468ee4b06dfc4c9ddfa9,DVSLA TECHNOLOGIES PRIVATE LIMITED,DIPP209773,RECOGNISED,U27101MH2025PTC448587,Prototype,Nagpur,Maharashtra,Automotive,Electric Vehicles,https://www.hertzcharge.in,,,,OK,,,,0,ERROR,"Page.goto: net::ERR_SSL_PROTOCOL_ERROR at https://www.hertzcharge.in/
Call log:
  - navigating to ""https://www.hertzcharge.in/"", waiting until ""domcontentloaded""
"
685d31f1e4b091a0bbf4de78,VIRAAJ PAINTS AND COATING PRIVATE LIMITED,DIPP209732,RECOGNISED,U20221PN2025PTC239971,EarlyTraction,Nagpur,Maharashtra,Chemicals,Others,https://na,,,,OK,,,,0,ERROR,"Page.goto: net::ERR_NAME_NOT_RESOLVED at https://na/
Call log:
  - navigating to ""https://na/"", waiting until ""domcontentloaded""
"
6855317be4b04240c52c2544,BOOTCODING PRIVATE LIMITED,DIPP208829,RECOGNISED,U62099MH2023PTC405805,Prototype,Nagpur,Maharashtra,AI,Machine Learning,https://www.bootcoding.in,,,,OK,,+91 7817915094,https://www.linkedin.com/company/bootcoding/posts/?feedView=all,2,SUCCESS,
6853f1c6e4b04240c52bce5c,REPARV SERVICES PRIVATE LIMITED,DIPP208670,RECOGNISED,U69100MH2025PTC438779,Prototype,Nagpur,Maharashtra,Real Estate,Others,https://www.reparv.in/,,,,OK,,,,1,SUCCESS,
6852d5eee4b04240c52b8b0a,EVOLVEEQ TECH SOLUTIONS PRIVATE LIMITED,DIPP208551,RECOGNISED,U62090MH2025PTC442545,Validation,Nagpur,Maharashtra,IT Services,Others,https://evolveeq.in,,,,OK,,,,0,ERROR,"Page.goto: net::ERR_NAME_NOT_RESOLVED at https://evolveeq.in/
Call log:
  - navigating to ""https://evolveeq.in/"", waiting until ""domcontentloaded""
"
685292b5e4b04240c52b6fa1,GITAMRI ENTERPRISE PRIVATE LIMITED,DIPP208462,RECOGNISED,U46300MH2025PTC448464,Validation,Nagpur,Maharashtra,Food & Beverages,Others,https://na,,,,OK,,,,0,ERROR,"Page.goto: net::ERR_NAME_NOT_RESOLVED at https://na/
Call log:
  - navigating to ""https://na/"", waiting until ""domcontentloaded""
"
684fa378e4b04240c52a946e,SAFEWRAP INDUSTRIES,DIPP208099,RECOGNISED,NG000008503,Validation,Nagpur,Maharashtra,Professional & Commercial Services,Commercial Printing Services,https://SAFEWRAP INDUSTRIES,,,,OK,,,,0,ERROR,"Page.goto: net::ERR_NAME_NOT_RESOLVED at https://SAFEWRAP INDUSTRIES
Call log:
  - navigating to ""https://SAFEWRAP INDUSTRIES"", waiting until ""domcontentloaded""
"
684d2b46e4b04240c52a32b2,DOZEN DIAMONDS INDIA PRIVATE LIMITED,DIPP207878,RECOGNISED,U64990MH2023PTC401121,EarlyTraction,Nagpur,Maharashtra,Finance Technology,Trading,https://www.dozendiamonds.com,,,,OK,,,,0,ERROR,"Page.goto: net::ERR_NAME_NOT_RESOLVED at https://www.dozendiamonds.com/
Call log:
  - navigating to ""https://www.dozendiamonds.com/"", waiting until ""domcontentloaded""
"
684ae583e4b04240c529b1a6,TECHVANCE INNOVATIONS PRIVATE LIMITED,DIPP207618,RECOGNISED,U62020MH2024PTC420922,Scaling,Nagpur,Maharashtra,Design,Others,https://TechvanceInnovations.com,,,,OK,,,,0,ERROR,"Page.goto: net::ERR_NAME_NOT_RESOLVED at https://techvanceinnovations.com/
Call log:
  - navigating to ""https://techvanceinnovations.com/"", waiting until ""domcontentloaded""
"
684abfaae4b04240c529a563,CYBERFLUX ENTERPRISES PRIVATE LIMITED,DIPP207575,RECOGNISED,U32403MH2023PTC408214,Validation,Nagpur,Maharashtra,IT Services,Product Development,https://CYBERFLUX ENTERPRISES PRIVATE LIMITED,,,,OK,,,,0,ERROR,"Page.goto: net::ERR_NAME_NOT_RESOLVED at https://CYBERFLUX ENTERPRISES PRIVATE LIMITED
Call log:
  - navigating to ""https://CYBERFLUX ENTERPRISES PRIVATE LIMITED"", waiting until ""domcontentloaded""
"
684a81e0e4b04240c529868b,TERRATHRIVE INDIA LLP,DIPP207480,RECOGNISED,ACO-7037,Validation,Nagpur,Maharashtra,Logistics,Others,https://NA,,,,OK,,,,0,ERROR,"Page.goto: net::ERR_NAME_NOT_RESOLVED at https://na/
Call log:
  - navigating to ""https://na/"", waiting until ""domcontentloaded""
"
68495cc9e4b0a122c128f78a,DARSAM INSURANCE MARKETING PRIVATE LIMITED,DIPP207350,RECOGNISED,U65110MH2023PTC407774,EarlyTraction,Nagpur,Maharashtra,Finance Technology,Insurance,https://NA,,,,OK,,,,0,ERROR,"Page.goto: net::ERR_NAME_NOT_RESOLVED at https://na/
Call log:
  - navigating to ""https://na/"", waiting until ""domcontentloaded""
"
6847ee4fe4b08b02d8e485e6,TNMZ MEDIA PRIVATE LIMITED,DIPP207149,RECOGNISED,U62099MH2023PTC415993,EarlyTraction,Nagpur,Maharashtra,Marketing,Others,https://ztransform.in,,,,OK,growth@sales.ztransformmedia.com,+91 6253430605; +91 6477213699; +91 7624999999; +91 7940624999; +91 8173128289; +91 9289230175; +91 9552209098; +91 9927209098,https://in.linkedin.com/company/z-transform-media; https://www.linkedin.com/in/ameyjangde/; https://www.linkedin.com/in/ayush-vaidya-40069b224/,4,SUCCESS,
68453893e4b0725998bdd21a,Ayurveda At Tips,DIPP206963,RECOGNISED,U20236MH2025PTC449212,Validation,Nagpur,Maharashtra,Healthcare & Lifesciences,Health & Wellness,https://ayurvedaattips.com,,,,OK,ayurvedaattips@gmail.com; doctors@ayurvedaattips.com; support@ayurvedaattips.com; yoga@ayurvedaattips.com,,,3,SUCCESS,
6842e229e4b0725998bd6caa,SUNPOWER DYNAMICS PRIVATE LIMITED,DIPP206817,RECOGNISED,U35105MH2024PTC437010,Prototype,Nagpur,Maharashtra,Green Technology,Clean Tech,https://www.sunpowerdynamics.com,,,,OK,,,,0,ERROR,"Page.goto: net::ERR_NAME_NOT_RESOLVED at https://www.sunpowerdynamics.com/
Call log:
  - navigating to ""https://www.sunpowerdynamics.com/"", waiting until ""domcontentloaded""
"
68403d2be4b0c230967dea43,MIHIR INSTITUTIONS PRIVATE LIMITED,DIPP206498,RECOGNISED,U85500MH2025PTC446846,Validation,Nagpur,Maharashtra,Education,Others,https://nil,,,,OK,,,,0,ERROR,"Page.goto: net::ERR_NAME_NOT_RESOLVED at https://nil/
Call log:
  - navigating to ""https://nil/"", waiting until ""domcontentloaded""
"
683eea86e4b08462cd03ecbe,ADRACA AI PRIVATE LIMITED,DIPP206285,RECOGNISED,U62013MH2024PTC432539,EarlyTraction,Nagpur,Maharashtra,AI,Others,https://adraca.in/,,,,OK,,,,1,SUCCESS,
683d90bae4b020f36eec8cbd,ILOMA TECHNOLOGY PRIVATE LIMITED,DIPP206120,RECOGNISED,U74999MH2018PTC305484,Validation,Nagpur,Maharashtra,IT Services,Application Development,https://www.ilomatechnology.com/,,,,OK,info@ilomatechnology.com; john@company.com,+91 8208545489; +91 9182085454,,3,SUCCESS,
683ab169e4b020f36eec017b,NEXORAX TECHNOLOGIES PRIVATE LIMITED,DIPP205875,RECOGNISED,U62013MH2024PTC426214,Validation,Nagpur,Maharashtra,IT Services,Application Development,https://www.nexorax.in/,,,,OK,,,,1,SUCCESS,
6839bfdce4b020f36eebd4d8,ASHTMARG SOLUTIONS PRIVATE LIMITED,DIPP205814,RECOGNISED,U35105MH2025PTC440619,Scaling,Nagpur,Maharashtra,Renewable Energy,Renewable Solar Energy,https://www.ashtmargsolutoins.com,,,,OK,,,,0,ERROR,"Page.goto: net::ERR_NAME_NOT_RESOLVED at https://www.ashtmargsolutoins.com/
Call log:
  - navigating to ""https://www.ashtmargsolutoins.com/"", waiting until ""domcontentloaded""
"
68395c32e4b0e8a28707fdda,NAGPUR TRANSPORT SOLUTIONS PRIVATE LIMITED,DIPP205728,RECOGNISED,U49210MH2024PTC435750,EarlyTraction,Nagpur,Maharashtra,Transportation & Storage,Passenger Transportation Services,https://transvolt.in,,,,OK,info@transvolt.in,,https://www.linkedin.com/company/transvolt-mobility-pvt-ltd/posts/?feedView=all; https://www.linkedin.com/in/abhishek-jhawar-00251525/; https://www.linkedin.com/in/bhrugesh-amin-98320815/; https://www.linkedin.com/in/debasismohanty/; https://www.linkedin.com/in/deepak-choksi-02a9111a/; https://www.linkedin.com/in/dheeraj-jhawar-5558232/; https://www.linkedin.com/in/hemant-velhankar-7b5a5b12/; https://www.linkedin.com/in/madhavi-deshpande-4042692/; https://www.linkedin.com/in/mandar-hinge-a60b76299/; https://www.linkedin.com/in/mihirv1/; https://www.linkedin.com/in/parag-deshmukh-b34860194/; https://www.linkedin.com/in/saimakhalfay-vphr/; https://www.linkedin.com/in/sandeep-agarwal-b893ba99/; https://www.linkedin.com/in/siddesh-rai-7b5a5b12/,3,SUCCESS,
68385307e4b029850b96cf61,SAMYRA IMPEX PRIVATE LIMITED,DIPP205652,RECOGNISED,U74999MH2018PTC314576,EarlyTraction,Nagpur,Maharashtra,Logistics,Others,https://na,,,,OK,,,,0,ERROR,"Page.goto: net::ERR_NAME_NOT_RESOLVED at https://na/
Call log:
  - navigating to ""https://na/"", waiting until ""domcontentloaded""
"
68381226e4b029850b96a96f,SAFE UNIVERSE RESEARCH AND PRODUCTIVITY PRIVATE LIMITED,DIPP205556,RECOGNISED,U72100MH2025PTC441761,Prototype,Nagpur,Maharashtra,Green Technology,Clean Tech,https://www.safeuniverseresearch.com,,,,OK,,,,0,ERROR,"Page.goto: net::ERR_NAME_NOT_RESOLVED at https://www.safeuniverseresearch.com/
Call log:
  - navigating to ""https://www.safeuniverseresearch.com/"", waiting until ""domcontentloaded""
"
6836aef1e4b029850b962fba,JEKORD PROJECT LLP,DIPP205358,RECOGNISED,ACG-5960,Scaling,Nagpur,Maharashtra,Healthcare & Lifesciences,Health & Wellness,https://NA,,,,OK,,,,0,ERROR,"Page.goto: net::ERR_NAME_NOT_RESOLVED at https://na/
Call log:
  - navigating to ""https://na/"", waiting until ""domcontentloaded""
"
68359184e4b029850b95e61a,MODU-PRO INNOVATION PRIVATE LIMITED,DIPP205248,RECOGNISED,U20295MH2025PTC447155,Validation,Nagpur,Maharashtra,Professional & Commercial Services,Business Support Services,https://MODU-PRO INNOVATION PRIVATE LIMITED,,,,OK,,,,0,ERROR,"Page.goto: net::ERR_NAME_NOT_RESOLVED at https://MODU-PRO INNOVATION PRIVATE LIMITED
Call log:
  - navigating to ""https://MODU-PRO INNOVATION PRIVATE LIMITED"", waiting until ""domcontentloaded""
"
68354a19e4b029850b95b54c,AMBE AI TECHNOLOGIES PRIVATE LIMITED,DIPP203478,RECOGNISED,U62013MH2024PTC432356,Validation,Nagpur,Maharashtra,IT Services,Product Development,https://ambetechnologies.com/,,,,OK,harish@ambetechnologies.com,+91 6758054962; +91 7058669996; +91 7191875034; +91 7193775083; +91 7236406065; +91 7239854285; +91 7255312947; +91 7387990061; +91 7510178834,https://www.linkedin.com/company/ambe-technologies-india/,4,SUCCESS,
68320771e4b029850b94b75f,TBH GLOBAL LIFESTYLE PRIVATE LIMITED,DIPP204951,RECOGNISED,U47714MH2024PTC433502,EarlyTraction,Nagpur,Maharashtra,Fashion,Lifestyle,http://www.thebrownhide.com,,,,OK,info@thebrownhide.com,+91 6118876101; +91 6334496887; +91 7551620679; +91 7572646178; +91 7866027296; +91 7994048102; +91 8788510480; +91 9129613042,,3,SUCCESS,
6831c1b9e4b029850b94a70d,TATTWA F&amp;B SERVICES PRIVATE LIMITED,DIPP204917,RECOGNISED,U55101MH2024PTC416633,Prototype,Nagpur,Maharashtra,Food & Beverages,Restaurants,https://www.falconebiz.com/company/TATTWA-F-B-SERVICES-PRIVATE-LIMITED-U55101MH2024PTC416633,,,,OK,bhatewara@gmail.com; info@arinesolutions.com; support@falconebiz.com,+91 7866027444; +91 7866027445; +91 7866027461; +91 7866027468; +91 8046383926; +91 8449995875; +91 8713725916; +91 9167789464; +91 9954412872; +91 9971990887,,3,SUCCESS,
682f21dde4b0cf6e6488e132,X ABLE INDIA PRIVATE LIMITED,DIPP204632,RECOGNISED,U47990PN2024PTC228887,Validation,Nagpur,Maharashtra,Technology Hardware,Manufacturing,https://NA,,,,OK,,,,0,ERROR,"Page.goto: net::ERR_NAME_NOT_RESOLVED at https://na/
Call log:
  - navigating to ""https://na/"", waiting until ""domcontentloaded""
"
682eaf5de4b0cf6e6488a219,YURIAQUA PRIVATE LIMITED,DIPP204491,RECOGNISED,U28170MH2025PTC439853,EarlyTraction,Nagpur,Maharashtra,Other Specialty Retailers,Home Improvement Products & Services Retailers,https://www.h2s.co.in,,,,OK,,+91 6043657753; +91 6046498830; +91 6085189543; +91 6096961541; +91 6157556436; +91 6166644030; +91 6178653076; +91 6204791786; +91 6205083657; +91 6217865307; +91 6234189017; +91 6237771986; +91 6244737664; +91 6258542146; +91 6265796417; +91 6343734458; +91 6483293471; +91 6494183980; +91 6496517865; +91 6496917178; +91 6518388431; +91 6585333102; +91 6628817178; +91 6638591391; +91 6706717865; +91 6770261420; +91 6876471148; +91 6876471181; +91 6876471214; +91 6876471246; +91 6876471279; +91 6876471312; +91 6876471345; +91 6876471377; +91 6876471410; +91 6876471443; +91 6876471476; +91 6883520495; +91 6899953934; +91 6905129917; +91 6911803577; +91 6996178653; +91 7065517865; +91 7077853990; +91 7086763433; +91 7124615173; +91 7124618450; +91 7124621727; +91 7143278651; +91 7171361017; +91 7173865349; +91 7178653076; +91 7178654135; +91 7244427503; +91 7245700620; +91 7264331786; +91 7314618558; +91 7336798140; +91 7370247264; +91 7370247869; +91 7385209208; +91 7394949660; +91 7394949759; +91 7421781786; +91 7425128161; +91 7425133404; +91 7443991786; +91 7444477902; +91 7444510572; +91 7502626517; +91 7514864971; +91 7549428727; +91 7549428760; +91 7583178653; +91 7604418748; +91 7604436809; +91 7604443449; +91 7647388497; +91 7686254800; +91 7687053017; +91 7702975856; +91 7714805851; +91 7720042524; +91 7731255211; +91 7731258476; +91 7795557545; +91 7825095869; +91 7866027801; +91 7866027836; +91 7866027882; +91 7915948559; +91 7942325766; +91 7958823915; +91 7992823806; +91 8034352921; +91 8037019127; +91 8041543026; +91 8053512764; +91 8083404998; +91 8174117865; +91 8174171315; +91 8174442689; +91 8178653076; +91 8324661786; +91 8350291535; +91 8371391786; +91 8410204817; +91 8448931631; +91 8568586831; +91 8607972178; +91 8673844178; +91 8675401786; +91 8677600744; +91 8755753178; +91 8855401817; +91 8856226313; +91 8889043217; +91 8913888924; +91 8985545472; +91 9013840697; +91 9013899679; +91 9024113108; +91 9046699013; +91 9046951327; +91 9067419449; +91 9136481178; +91 9172827925; +91 9178653076; +91 9179142178; +91 9192266144; +91 9226614447; +91 9229016363; +91 9267209134; +91 9267209330; +91 9267214573; +91 9267214737; +91 9267216408; +91 9321786530; +91 9337049817; +91 9337400145; +91 9352249145; +91 9352308127; +91 9385548057; +91 9395174740; +91 9419311143; +91 9430446401; +91 9456380220; +91 9470365517; +91 9472912500; +91 9497351847; +91 9497351946; +91 9498863178; +91 9502639314; +91 9523556513; +91 9576441452; +91 9576909255; +91 9596102252; +91 9603086419; +91 9685403987; +91 9743631786; +91 9760942905; +91 9775805754; +91 9805538440; +91 9807917865; +91 9843077547; +91 9880355271; +91 9900049901; +91 9907189178,,3,SUCCESS,
682d9770e4b0cf6e648864fa,WANZEN ENDEAVORS PRIVATE LIMITED,DIPP204378,RECOGNISED,U46309MH2024PTC436255,Validation,Nagpur,Maharashtra,Food & Beverages,Food Processing,http://wanzenfoods.com/,,,,OK,,,,0,ERROR,"Page.goto: net::ERR_NAME_NOT_RESOLVED at http://wanzenfoods.com/
Call log:
  - navigating to ""http://wanzenfoods.com/"", waiting until ""domcontentloaded""
"
682c65ffe4b0cf6e6488186b,K S INFRATECH MANPOWER LLP,DIPP204253,RECOGNISED,ACN-7586,Validation,Nagpur,Maharashtra,Human Resources,Others,https://NA,,,,OK,,,,0,ERROR,"Page.goto: net::ERR_NAME_NOT_RESOLVED at https://na/
Call log:
  - navigating to ""https://na/"", waiting until ""domcontentloaded""
"
682c3999e4b0cf6e648800a3,NEXTGEN TECHNOLOGY WORLD CREATER PRIVATE LIMITED,DIPP204204,RECOGNISED,U62099MH2025PTC440760,Validation,Nagpur,Maharashtra,Agriculture,Agri-Tech,https://NEXTGEN TECHNOLOGY WORLD CREATER PRIVATE LIMITED,,,,OK,,,,0,ERROR,"Page.goto: net::ERR_NAME_NOT_RESOLVED at https://NEXTGEN TECHNOLOGY WORLD CREATER PRIVATE LIMITED
Call log:
  - navigating to ""https://NEXTGEN TECHNOLOGY WORLD CREATER PRIVATE LIMITED"", waiting until ""domcontentloaded""
"
682ae481e4b0cf6e6487873a,PUREBIOTIC NATURE PRIVATE LIMITED,DIPP204028,RECOGNISED,U24304MH2019PTC328682,Prototype,Nagpur,Maharashtra,Healthcare & Lifesciences,Health & Wellness,https://www.belsaherbal.com/,,,,OK,info@belsaherbal.com,+91 6524755473; +91 7866028061; +91 7866028062; +91 7866028105; +91 8261875331; +91 8687978521; +91 9284937271; +91 9837458315; +91 9960167105; +91 9990372663,https://www.linkedin.com/company/belsaherbals/?originalSubdomain=in,1,SUCCESS,
6828966de4b0cf6e64872cc2,IAMFIRST DIGITIONS SOLUTIONS (I) PRIVATE LIMITED,DIPP203964,RECOGNISED,U72501MH2018PTC306188,EarlyTraction,Nagpur,Maharashtra,IT Services,Product Development,https://NA,,,,OK,,,,0,ERROR,"Page.goto: net::ERR_NAME_NOT_RESOLVED at https://na/
Call log:
  - navigating to ""https://na/"", waiting until ""domcontentloaded""
"
682829bce4b0cf6e648709cb,LEVITATE DYNAMICS PRIVATE LIMITED,DIPP203861,RECOGNISED,U30305MH2025PTC447508,Prototype,Nagpur,Maharashtra,Aeronautics Aerospace & Defence,Drones,https://NA--,,,,OK,,,,0,ERROR,"Page.goto: net::ERR_NAME_NOT_RESOLVED at https://na--/
Call log:
  - navigating to ""https://na--/"", waiting until ""domcontentloaded""
"
6825dabfe4b025b6b8a8001e,XEROX ECOMMERCE SERVICE PRIVATE LIMITED,DIPP203636,RECOGNISED,U47912MH2025PTC447864,Validation,Nagpur,Maharashtra,Retail,Retail Technology,https://NA,,,,OK,,,,0,ERROR,"Page.goto: net::ERR_NAME_NOT_RESOLVED at https://na/
Call log:
  - navigating to ""https://na/"", waiting until ""domcontentloaded""
"
6825bc40e4b025b6b8a7f033,KGBAIS DIGITAL SERVICES PRIVATE LIMITED,DIPP203596,RECOGNISED,U72900MH2022PTC394292,Validation,Nagpur,Maharashtra,Media & Entertainment,Digital Media,https://NA,,,,OK,,,,0,ERROR,"Page.goto: net::ERR_NAME_NOT_RESOLVED at https://na/
Call log:
  - navigating to ""https://na/"", waiting until ""domcontentloaded""
"
68258ff0e4b025b6b8a7db42,REDMENTOR TRADEDEXX (OPC) PRIVATE LIMITED,DIPP203545,RECOGNISED,U85499MH2025OPC440264,Prototype,Nagpur,Maharashtra,Education,Skill Development,https://www.falconebiz.com/company/REDMENTOR-TRADEDEXX-OPC-PRIVATE-LIMITED-U85499MH2025OPC440264,,,,OK,dexxofficial@gmail.com; info@arinesolutions.com; support@falconebiz.com,+91 7263826046; +91 7625962263; +91 7686014521; +91 7866028856; +91 7866028859; +91 7866028873; +91 7866028877; +91 8024860996; +91 9167789464; +91 9971990887,,4,SUCCESS,
6825883ce4b025b6b8a7d677,UNISEES SOLAR PRIVATE LIMITED,DIPP203528,RECOGNISED,U35105PN2025PTC241428,Prototype,Nagpur,Maharashtra,Renewable Energy,Renewable Solar Energy,https://n/a,,,,OK,,,,0,ERROR,"Page.goto: net::ERR_NAME_NOT_RESOLVED at https://n/a
Call log:
  - navigating to ""https://n/a"", waiting until ""domcontentloaded""
"
6823186ee4b025b6b8a7351f,AD VIVUM EDUCATION AND RESEARCH PRIVATE LIMITED,DIPP203261,RECOGNISED,U72200MH2024PTC425188,Validation,Nagpur,Maharashtra,AI,Others,https://www.advivum.im,,,,OK,connect@vivum.im,+91 7590538880; +91 9021699000; +91 9545685143,,3,SUCCESS,
681dbd8ae4b010f8c8cefc49,DIPTHI HEALTH CARE SERVICES PRIVATE LIMITED,DIPP202937,RECOGNISED,U86201MH2025PTC443004,Scaling,Nagpur,Maharashtra,Healthcare & Lifesciences,Health & Wellness,https://na,,,,OK,,,,0,ERROR,"Page.goto: net::ERR_NAME_NOT_RESOLVED at https://na/
Call log:
  - navigating to ""https://na/"", waiting until ""domcontentloaded""
"
681ca939e4b010f8c8cec508,RNA CURE PRIVATE LIMITED,DIPP202867,RECOGNISED,U72200MH2025PTC441393,Scaling,Nagpur,Maharashtra,Healthcare & Lifesciences,Others,https://NA,,,,OK,,,,0,ERROR,"Page.goto: net::ERR_NAME_NOT_RESOLVED at https://na/
Call log:
  - navigating to ""https://na/"", waiting until ""domcontentloaded""
"
681c846fe4b010f8c8ceb3b4,TAHUM GLOBAL LLP,DIPP202827,RECOGNISED,ACN-3674,Validation,Nagpur,Maharashtra,Food & Beverages,Food Processing,https://tahumglobal@gmail.com,,,,OK,,+91 8369249702,,1,SUCCESS,
681bc771e4b010f8c8ce8164,NAMDEO INNOVATIONS PRIVATE LIMITED,DIPP202755,RECOGNISED,U28290MH2025PTC443062,Validation,Nagpur,Maharashtra,Automotive,Others,https://www.naturewynn.com,,,,OK,,,,0,ERROR,"Page.goto: net::ERR_NAME_NOT_RESOLVED at https://www.naturewynn.com/
Call log:
  - navigating to ""https://www.naturewynn.com/"", waiting until ""domcontentloaded""
"
681b6b23e4b010f8c8ce70d2,VIRIDIZ INFRA SOLUTIONS PRIVATE LIMITED,DIPP202741,RECOGNISED,U45201MH2020PTC338759,EarlyTraction,Nagpur,Maharashtra,Green Technology,Clean Tech,https://www.viridiz.in,,,,OK,info@viridiz.in,,,3,SUCCESS,
681b4a8be4b010f8c8ce652a,DCIT SYSTEMS PRIVATE LIMITED,DIPP202712,RECOGNISED,U85499MH2024PTC433813,Validation,Nagpur,Maharashtra,IT Services,IT Consulting,https://www.dcit.co.in,,,,OK,,+91 9194223013; +91 9422301374,,3,SUCCESS,
6819e7a6e4b04a4dc1c6c69a,CLYSTRA NETWORKS PRIVATE LIMITED,DIPP202541,RECOGNISED,U61101MH2025PTC443366,Scaling,Nagpur,Maharashtra,Internet of Things,Others,https://clystranetworks.com,,,,OK,info@clystranetworks.com,+91 7452603509; +91 8956019624; +91 9217171327,,3,SUCCESS,
6818bbf4e4b0ea43c8effb0c,STRATAGEN DEFENCE PRIVATE LIMITED,DIPP202447,RECOGNISED,U58200MH2024PTC436646,Validation,Nagpur,Maharashtra,Aeronautics Aerospace & Defence,Defence Equipment,https://stratagendefence.com,,,,OK,stratagendark@2x.png; stratagenlight@2x.png,,https://www.linkedin.com/company/stratagem-defence,1,SUCCESS,
68189959e4b0ea43c8efe918,CIVIC AXIS PRIVATE LIMITED,DIPP202405,RECOGNISED,U58200MH2025PTC439937,Validation,Nagpur,Maharashtra,IT Services,Product Development,https://www.civicplan.in,,,,OK,,,,1,SUCCESS,
6815a876e4b0ea43c8ef3317,SOCIALHOOK TECHNOLOGIES PRIVATE LIMITED,DIPP202190,RECOGNISED,U63120MH2025PTC446413,Validation,Nagpur,Maharashtra,Social Network,Others,https://socialhookapp.com,,,,OK,,,,0,ERROR,"Page.goto: net::ERR_NAME_NOT_RESOLVED at https://socialhookapp.com/
Call log:
  - navigating to ""https://socialhookapp.com/"", waiting until ""domcontentloaded""
"
6811eb27e4b0611108b3f391,MUDITAA INFOSOFT LLP,DIPP201809,RECOGNISED,ACC-2122,EarlyTraction,Nagpur,Maharashtra,Enterprise Software,Others,https://: https://obhau.com,,,,OK,,,,0,ERROR,"Page.goto: Protocol error (Page.navigate): Cannot navigate to invalid URL
Call log:
  - navigating to ""https://: https://obhau.com"", waiting until ""domcontentloaded""
"
6811e08ae4b0611108b3ed8e,JAYKAMAL FOODS PRIVATE LIMITED,DIPP201796,RECOGNISED,U56103MH2025PTC441858,Prototype,Nagpur,Maharashtra,Agriculture,Food Processing,https://NA,,,,OK,,,,0,ERROR,"Page.goto: net::ERR_NAME_NOT_RESOLVED at https://na/
Call log:
  - navigating to ""https://na/"", waiting until ""domcontentloaded""
"
681087d5e4b0611108b35807,EARNLINGUA (OPC) PRIVATE LIMITED,DIPP201613,RECOGNISED,U85499MH2025OPC446395,EarlyTraction,Nagpur,Maharashtra,Education,Others,https://NA,,,,OK,,,,0,ERROR,"Page.goto: net::ERR_NAME_NOT_RESOLVED at https://na/
Call log:
  - navigating to ""https://na/"", waiting until ""domcontentloaded""
"
680f7cb4e4b0611108b31494,MKS OTERRI PRIVATE LIMITED,DIPP201541,RECOGNISED,U46510MH2024PTC424223,EarlyTraction,Nagpur,Maharashtra,Enterprise Software,Others,https://oterri.com,,,,OK,support@oterri.com; support@oterri.global,+91 6156647948; +91 6503596247; +91 6741509468; +91 9004397598,https://www.linkedin.com/company/mks-oterri-private-limited/,3,SUCCESS,
680a22a2e4b0611108b1c2e4,I PEEP SOLUTIONS PRIVATE LIMITED,DIPP201040,RECOGNISED,U70200MH2025PTC439806,EarlyTraction,Nagpur,Maharashtra,Technology Hardware,Others,https://ipeepsolutions.com,,,,OK,info@ipeepsolutions.com,+91 9371122211,https://www.linkedin.com/company/i-peep-solutions-private-limited,3,SUCCESS,
6808b976e4b0611108b1547c,TRIGEN ENTERPRISES PRIVATE LIMITED,DIPP200873,RECOGNISED,U43222MH2024PTC428113,EarlyTraction,Nagpur,Maharashtra,Construction,Construction & Engineering,https://www.trigen.com,,,,OK,,,,1,SUCCESS,
68075cd0e4b0611108b0f13e,APEXSOFTNET PRIVATE LIMITED,DIPP200700,RECOGNISED,U62020MH2023PTC402006,Validation,Nagpur,Maharashtra,Enterprise Software,Others,https://APEXSOFTNET PRIVATE LIMITED,,,,OK,,,,0,ERROR,"Page.goto: net::ERR_NAME_NOT_RESOLVED at https://APEXSOFTNET PRIVATE LIMITED
Call log:
  - navigating to ""https://APEXSOFTNET PRIVATE LIMITED"", waiting until ""domcontentloaded""
"
68037ce0e4b0e456e35c396a,NUGEN DEEPTECH PRIVATE LIMITED,DIPP200417,RECOGNISED,U62090MH2023PTC413601,Prototype,Nagpur,Maharashtra,AI,Others,https://nugen.in/,,,,OK,media@nugen.in; sales@nugen.in,+91 7817915094,,1,SUCCESS,
68033087e4b0e456e35c198d,NISHIKANT ARCHANA CHOUDHARI SOCIAL FOUNDATION,DIPP200359,RECOGNISED,U88900MH2025NPL440956,Validation,Nagpur,Maharashtra,Social Impact,NGO,https://NIL,,,,OK,,,,0,ERROR,"Page.goto: net::ERR_NAME_NOT_RESOLVED at https://nil/
Call log:
  - navigating to ""https://nil/"", waiting until ""domcontentloaded""
"
68024429e4b0e456e35bf60d,SATTVA HARVEST INNOVENTURES PRIVATE LIMITED,DIPP200320,RECOGNISED,U20119PN2023PTC225936,Validation,Nagpur,Maharashtra,Biotechnology,Others,https://sattvaharvest.com/,,,,OK,,,,1,SUCCESS,
680239ace4b0e456e35bee37,RELIRA BLASTECH PRIVATE LIMITED,DIPP199629,RECOGNISED,U28193MH2024PTC433299,Validation,Nagpur,Maharashtra,Internet of Things,Others,https://na,,,,OK,,,,0,ERROR,"Page.goto: net::ERR_NAME_NOT_RESOLVED at https://na/
Call log:
  - navigating to ""https://na/"", waiting until ""domcontentloaded""
"
6801ecd9e4b0e456e35bcd27,OODA PROFESSIONAL INSTITUTE PRIVATE LIMITED,DIPP200223,RECOGNISED,U85499MH2023PTC408864,Validation,Nagpur,Maharashtra,Finance Technology,Trading,https://oodatraders.com/,,,,OK,,,,0,ERROR,"Page.goto: net::ERR_NAME_NOT_RESOLVED at https://oodatraders.com/
Call log:
  - navigating to ""https://oodatraders.com/"", waiting until ""domcontentloaded""
"
67ff430ee4b0e456e35b1a14,BACKBONE SYSTEMS PRIVATE LIMITED,DIPP199937,RECOGNISED,U62091MH2025PTC440419,Scaling,Nagpur,Maharashtra,Professional & Commercial Services,Professional Information Services,https://www.backbonesystems.io/,,,,OK,info@backbonesystems.io,,https://www.linkedin.com/company/backbonesystems/,3,SUCCESS,
67fdecb0e4b0e456e35aaa7c,ESENES STEEL LLP,DIPP199799,RECOGNISED,ACN-3610,Validation,Nagpur,Maharashtra,Construction,Others,https://ESENES STEEL LLP,,,,OK,,,,0,ERROR,"Page.goto: net::ERR_NAME_NOT_RESOLVED at https://ESENES STEEL LLP
Call log:
  - navigating to ""https://ESENES STEEL LLP"", waiting until ""domcontentloaded""
"
67fcd28fe4b0e456e35a6ef0,SPLENDITONE INTERNATIONAL HEALTHCARE PRIVATE LIMITED,DIPP199689,RECOGNISED,U85100MH2022PTC382534,EarlyTraction,Nagpur,Maharashtra,Healthcare & Lifesciences,Health & Wellness,https://NA,,,,OK,,,,0,ERROR,"Page.goto: net::ERR_NAME_NOT_RESOLVED at https://na/
Call log:
  - navigating to ""https://na/"", waiting until ""domcontentloaded""
"
67f788c6e4b0e456e3594fd7,STARSPLANNET DIGITAL PRIVATE LIMITED,DIPP199299,RECOGNISED,U66190MH2025PTC443881,Validation,Nagpur,Maharashtra,Finance Technology,Point of Sales,https://NA,,,,OK,,,,0,ERROR,"Page.goto: net::ERR_NAME_NOT_RESOLVED at https://na/
Call log:
  - navigating to ""https://na/"", waiting until ""domcontentloaded""
"
67f4e58de4b0e456e3588e0d,AIO TRADING INDIA (OPC) PRIVATE LIMITED,DIPP198963,RECOGNISED,U46690MH2025OPC442251,Prototype,Nagpur,Maharashtra,Professional & Commercial Services,Others,https://aiotrading.co/,,,,OK,,,,0,ERROR,"Page.goto: net::ERR_NAME_NOT_RESOLVED at https://aiotrading.co/
Call log:
  - navigating to ""https://aiotrading.co/"", waiting until ""domcontentloaded""
"
67f0bfece4b0e456e3576c07,ASTRO SPARK PRIVATE LIMITED,DIPP198649,RECOGNISED,U35109MH2025PTC442960,Validation,Nagpur,Maharashtra,Renewable Energy,Manufacture of Machinery and Equipment,https://www.falconebiz.com/company/ASTRO-SPARK-PRIVATE-LIMITED-U35109MH2025PTC442960,,,,OK,hamankar@ucnindia.com; info@arinesolutions.com; support@falconebiz.com,+91 9167789464; +91 9971990887,,4,SUCCESS,
67ef77f8e4b0e456e3570365,WHITE GOLD AGRO PROCESSORS LLP,DIPP198516,RECOGNISED,AAL-8505,Scaling,Nagpur,Maharashtra,Agriculture,Others,https://www.nowebsite.com,,,,OK,,,,0,ERROR,"Page.goto: net::ERR_NAME_NOT_RESOLVED at https://www.nowebsite.com/
Call log:
  - navigating to ""https://www.nowebsite.com/"", waiting until ""domcontentloaded""
"
67ee797ee4b0e456e356c768,VAHA FLOW PRIVATE LIMITED,DIPP198455,RECOGNISED,U46909MH2024PTC419577,EarlyTraction,Nagpur,Maharashtra,Toys and Games,Physical Toys and Games,https://www.vahaflow.com,,,,OK,hi@vahaflow.com,+91 6031864309; +91 6063054009; +91 6081174422; +91 6174422592; +91 6206717442; +91 6280852751; +91 6305810049; +91 6309243770; +91 6361853792; +91 6452220091; +91 6501744225; +91 6515895839; +91 6516471099; +91 6531162662; +91 6569122221; +91 6629982431; +91 6665417442; +91 6925396141; +91 7017274501; +91 7031534335; +91 7061744225; +91 7102389430; +91 7105078945; +91 7149393840; +91 7209189334; +91 7217442259; +91 7272532802; +91 7331217025; +91 7331227197; +91 7331230921; +91 7331233918; +91 7331256153; +91 7344129822; +91 7349751322; +91 7360139101; +91 7388451757; +91 7478906057; +91 7494117442; +91 7495441744; +91 7535174422; +91 7548833719; +91 7560584324; +91 7606708653; +91 7622606917; +91 7654328517; +91 7661164639; +91 7718385017; +91 7721925272; +91 7860590411; +91 7866030484; +91 7866030507; +91 7866030536; +91 7866030559; +91 7872899174; +91 7917180174; +91 7929760129; +91 7933591812; +91 7957776246; +91 7968822091; +91 7968822157; +91 7968822550; +91 7968822583; +91 7968822649; +91 8002200076; +91 8048931507; +91 8090604306; +91 8115697927; +91 8142036187; +91 8160347565; +91 8167353275; +91 8191793857; +91 8193499174; +91 8195465117; +91 8200161493; +91 8223566037; +91 8227637067; +91 8268551236; +91 8280075927; +91 8293167896; +91 8367017442; +91 8409801744; +91 8412902904; +91 8417442259; +91 8434551510; +91 8451744225; +91 8486774591; +91 8526174422; +91 8558206033; +91 8591544181; +91 8635456894; +91 8700948114; +91 8722681744; +91 8738117442; +91 8753476351; +91 8792005554; +91 8840174422; +91 8896658677; +91 8923337488; +91 8966765174; +91 8971157717; +91 8984217442; +91 9048781390; +91 9079152532; +91 9135617442; +91 9217935349; +91 9278107977; +91 9311878856; +91 9347133892; +91 9382217442; +91 9481417442; +91 9503552174; +91 9520878331; +91 9549252120; +91 9608246220; +91 9619417442; +91 9638554216; +91 9664917442; +91 9685161196; +91 9747174422; +91 9837617504; +91 9841507637; +91 9918389534,,4,SUCCESS,
67ecf957e4b009a0a6049d32,VAIBHAV LAKSHMI MANPOWER SOLUTIONS PRIVATE LIMITED,DIPP198263,RECOGNISED,U93090MH2021PTC368309,Prototype,Nagpur,Maharashtra,Human Resources,Recruitment Jobs,https://www.filesure.in/company/vaibhav-lakshmi-manpower-solutions-private-limited/U93090MH2021PTC368309?tab=compliance,,,,OK,,,,1,SUCCESS,
67ebb390e4b06cb547605abd,CIRCULAR ECOTECH PRIVATE LIMITED,DIPP198125,RECOGNISED,U37100MH2022PTC374843,Validation,Nagpur,Maharashtra,Green Technology,Clean Tech,https://www.circularecotech.com,,,,OK,info@circularecotech.com; your@email.com,+91 6005851543,https://www.linkedin.com/company/circular-ecotech-pvt-ltd/,2,SUCCESS,
67ea735be4b06cb5475fef18,GEOBIZ IMPEX AND SERVICES LLP,DIPP197972,RECOGNISED,AAU-2998,Prototype,Nagpur,Maharashtra,Agriculture,Agri-Tech,https://www.smartagrierp.com,,,,OK,info@smartagrierp.com,+91 9589706358,https://www.linkedin.com/company/smartagrierp/,2,SUCCESS,
67e84aaae4b06cb5475f51b5,TRONOCITY LABS PRIVATE LIMITED,DIPP197884,RECOGNISED,U62099MH2024PTC416538,EarlyTraction,Nagpur,Maharashtra,IT Services,KPO,https://www.gigzs.com,,,,OK,,+91 7827358580; +91 7834908180; +91 9900723060,,1,SUCCESS,
67e7cb83e4b06cb5475f2b3b,SINGLE POINT ENERGY SOLUTIONS PRIVATE LIMITED,DIPP197806,RECOGNISED,U45500MH2018PTC318216,Scaling,Nagpur,Maharashtra,Construction,Construction & Engineering,https://SINGLE POINT ENERGY SOLUTIONS PRIVATE LIMITED,,,,OK,,,,0,ERROR,"Page.goto: net::ERR_NAME_NOT_RESOLVED at https://SINGLE POINT ENERGY SOLUTIONS PRIVATE LIMITED
Call log:
  - navigating to ""https://SINGLE POINT ENERGY SOLUTIONS PRIVATE LIMITED"", waiting until ""domcontentloaded""
"
67e63948e4b0dcb9493b41fb,EDUPEAK SCHOLARS PRIVATE LIMITED,DIPP197579,RECOGNISED,U85499MH2025PTC442462,Validation,Nagpur,Maharashtra,Education,Skill Development,https://EDUPEAK SCHOLARS PRIVATE LIMITED,,,,OK,,,,0,ERROR,"Page.goto: net::ERR_NAME_NOT_RESOLVED at https://EDUPEAK SCHOLARS PRIVATE LIMITED
Call log:
  - navigating to ""https://EDUPEAK SCHOLARS PRIVATE LIMITED"", waiting until ""domcontentloaded""
"
67e413fbe4b06de30954dd00,WOOFERZZ INNOVATIONS PRIVATE LIMITED,DIPP197402,RECOGNISED,U46410MH2025PTC440329,EarlyTraction,Nagpur,Maharashtra,Pets & Animals,Others,https://WWW.WOOFERZZ.COM,,,,OK,,+91 6063054009; +91 6111777195; +91 6158685711; +91 6206717771; +91 6241047071; +91 6258542146; +91 6361853792; +91 6452220091; +91 6477139885; +91 6501777195; +91 6515895839; +91 6516471099; +91 6518388431; +91 6523708177; +91 6531162662; +91 6629982431; +91 6665417771; +91 6716014471; +91 6716017748; +91 6813345051; +91 6813607195; +91 6821582177; +91 6968484242; +91 7061777195; +91 7080333215; +91 7086327931; +91 7105078945; +91 7272532802; +91 7301445359; +91 7307384042; +91 7307606826; +91 7446527020; +91 7478906057; +91 7494117771; +91 7495441777; +91 7545521777; +91 7596247576; +91 7619047619; +91 7622606917; +91 7654328517; +91 7655853621; +91 7672518889; +91 7672551657; +91 7672587701; +91 7672597532; +91 7701935833; +91 7701936292; +91 7701936324; +91 7860590411; +91 7872899177; +91 7929760129; +91 7933591812; +91 7957776246; +91 7958823915; +91 7971072480; +91 8012300177; +91 8035982008; +91 8072191777; +91 8167353275; +91 8191793857; +91 8193499177; +91 8293167896; +91 8297222806; +91 8367017771; +91 8417771955; +91 8451777195; +91 8526177719; +91 8558206033; +91 8581560283; +91 8700948114; +91 8738117771; +91 8840177719; +91 8863680991; +91 8869366487; +91 8962059177; +91 8966765177; +91 8973356239; +91 9038617628; +91 9048781390; +91 9083686934; +91 9108189152; +91 9158966192; +91 9158983559; +91 9158998960; +91 9159003548; +91 9311878856; +91 9382217771; +91 9435850561; +91 9449879375; +91 9514755714; +91 9520878331; +91 9549252120; +91 9619417771; +91 9638554216; +91 9664917771; +91 9685161196; +91 9776643411; +91 9837617504; +91 9975617771,,1,SUCCESS,
67e3a186e4b06de3095460a5,PITAJI M D PANCHBHAI FOUNDATION,DIPP197215,RECOGNISED,U88900MH2024NPL431264,EarlyTraction,Nagpur,Maharashtra,Social Impact,Others,https://www.thecompanycheck.com/company/pitaji-m-d-panchbhai-foundation/U88900MH2024NPL431264,,,,OK,john@company.com; name@company.com; support@thecompanycheck.com,+91 7452302757; +91 7817915094; +91 7866008752; +91 8988943213; +91 9876543210; +91 9915764025,https://www.linkedin.com/company/the-company-check/,4,SUCCESS,
67e26899e4b06de30953a8a6,MANYA CLASSICS PRIVATE LIMITED,DIPP197102,RECOGNISED,U55101MH2024PTC437079,Prototype,Nagpur,Maharashtra,Real Estate,Coworking Spaces,https://Under Process,,,,OK,,,,0,ERROR,"Page.goto: net::ERR_NAME_NOT_RESOLVED at https://Under Process
Call log:
  - navigating to ""https://Under Process"", waiting until ""domcontentloaded""
"
67dc00eee4b079e98982f686,MINGLEBUCKS GLOBAL PRIVATE LIMITED,DIPP196518,RECOGNISED,U63120MH2025PTC440064,Prototype,Nagpur,Maharashtra,Media & Entertainment,Others,https://NA,,,,OK,,,,0,ERROR,"Page.goto: net::ERR_NAME_NOT_RESOLVED at https://na/
Call log:
  - navigating to ""https://na/"", waiting until ""domcontentloaded""
"
67dbce07e4b079e98982b785,IBIA INDUSTRIAL BATTERIES PRIVATE LIMITED,DIPP196446,RECOGNISED,U27200MH2024PTC418769,EarlyTraction,Nagpur,Maharashtra,Renewable Energy,Manufacture of Electrical Equipment,http://ibiaindustrials.in/,,,,OK,,,,0,ERROR,"Page.goto: net::ERR_NAME_NOT_RESOLVED at http://ibiaindustrials.in/
Call log:
  - navigating to ""http://ibiaindustrials.in/"", waiting until ""domcontentloaded""
"
67da9b7fe4b02fefa51082cd,MAHALAXMI RICE AND FOOD INDUSTRY ,DIPP199936,RECOGNISED,NG000009874,EarlyTraction,Nagpur,Maharashtra,Agriculture,Food Processing,https://www.instagram.com/mahalaxmifoodandriceindustry/,,,,OK,,+91 6330857723; +91 6761779744; +91 7673401847; +91 7715692280; +91 7720211128; +91 7769934408; +91 7795307040; +91 7866030918; +91 7866030919; +91 7870404992; +91 7989141896; +91 8015658191; +91 8164557929; +91 8321475982; +91 8666629478; +91 8666666666; +91 9178820089; +91 9244496822; +91 9366197433; +91 9401727438; +91 9499588570; +91 9715952831; +91 9859403337; +91 9994525426,,1,SUCCESS,
67da6ffae4b00e0c1b1a0f4c,HOPEVE SOLUTIONS LLP,DIPP194086,RECOGNISED,ACD-2797,Scaling,Nagpur,Maharashtra,Security Solutions,Others,https://WWW.HOPEVE.COM,,,,OK,,,,0,ERROR,"Page.goto: net::ERR_NAME_NOT_RESOLVED at https://www.hopeve.com/
Call log:
  - navigating to ""https://www.hopeve.com/"", waiting until ""domcontentloaded""
"
67d82b8ee4b00e0c1b186a33,SUNTRONIC RENEWABLES PRIVATE LIMITED,DIPP196030,RECOGNISED,U74999MH2020PTC341821,EarlyTraction,Nagpur,Maharashtra,Renewable Energy,Renewable Solar Energy,https://www.suntronicrenewables.com,,,,OK,info@suntronicrenewables.com,+91 9028812070; +91 9028872070; +91 9890643238,https://www.linkedin.com/in/suntronic-renewables-1857a01b3/,3,SUCCESS,
67d7dc97e4b00e0c1b17d127,ASCENDIUM VENTURES PRIVATE LIMITED,DIPP195925,RECOGNISED,U93120MH2025PTC439134,Prototype,Nagpur,Maharashtra,Travel & Tourism,Experiential Travel,https://ascendiumventures.in,,,,OK,info@ascendiumventures.in; reserved@ascendiumventures.in,+91 7020305754; +91 7496969728; +91 7529202462; +91 7762137417; +91 8311008922; +91 9118833290; +91 9193077021,,3,SUCCESS,
67cee17ae4b00e0c1b0a93da,ALTRIX AGRO FARM PRIVATE LIMITED,DIPP195278,RECOGNISED,U68200MH2025PTC439515,Prototype,Nagpur,Maharashtra,Agriculture,Organic Agriculture,https://altrixagrofarm.com,,,,OK,,,,0,ERROR,"Page.goto: net::ERR_NAME_NOT_RESOLVED at https://altrixagrofarm.com/
Call log:
  - navigating to ""https://altrixagrofarm.com/"", waiting until ""domcontentloaded""
"
67c955aae4b0229a79735053,SHANIF TECH SOLUTIONS PRIVATE LIMITED,DIPP194766,RECOGNISED,U58201MH2025PTC439740,Validation,Nagpur,Maharashtra,IT Services,Product Development,http://www.shaniftechsolutions.com,,,,OK,58159atif@shaniftechsolutions.comcontact; atif@shaniftechsolutions.com; contact@shaniftechsolutions.com; nadim@shaniftechsolutions.com,+91 9595742786,,4,SUCCESS,
67c6d58ee4b0f37094cb3dc1,AZURECHIC PHARMACEUTICAL PRIVATE LIMITED,DIPP194465,RECOGNISED,U46497MH2025PTC441605,Prototype,Nagpur,Maharashtra,Healthcare & Lifesciences,Pharmaceutical,https://NA,,,,OK,,,,0,ERROR,"Page.goto: net::ERR_NAME_NOT_RESOLVED at https://na/
Call log:
  - navigating to ""https://na/"", waiting until ""domcontentloaded""
"
67c17741e4b0384663242b3f,MAISONVEDA PETS PRIVATE LIMITED,DIPP193971,RECOGNISED,U10803MH2024PTC434783,EarlyTraction,Nagpur,Maharashtra,Pets & Animals,Others,https://wholewoofsmarket.com/,,,,OK,hello@wholewoofsmarket.com,+91 6071133420; +91 6071217824; +91 6081117254; +91 6120210131; +91 6124520107; +91 6129300481; +91 6147194869; +91 6161782448; +91 6164239981; +91 6176323217; +91 6203241782; +91 6258542146; +91 6278478101; +91 6306674898; +91 6324827569; +91 6387780116; +91 6410479396; +91 6417824480; +91 6435992449; +91 6483652417; +91 6495353476; +91 6518388431; +91 6529851782; +91 6530612244; +91 6548819574; +91 6559378744; +91 6564170913; +91 6585762717; +91 6611186407; +91 6684907158; +91 6717824480; +91 6721093171; +91 6767686535; +91 6767687518; +91 6767696038; +91 6767696365; +91 6819856470; +91 6899305178; +91 6900983896; +91 6952265178; +91 6953875178; +91 6980578491; +91 6983817824; +91 7016756927; +91 7020036751; +91 7020121063; +91 7020558680; +91 7027418155; +91 7043391782; +91 7049308799; +91 7049352380; +91 7049393897; +91 7078392120; +91 7100102178; +91 7113538002; +91 7123763686; +91 7169174917; +91 7178244812; +91 7181677882; +91 7227867583; +91 7258039897; +91 7269896771; +91 7369684117; +91 7412390791; +91 7427769635; +91 7475178244; +91 7486501134; +91 7549651098; +91 7588248109; +91 7589374948; +91 7598851630; +91 7608011273; +91 7611275656; +91 7640228178; +91 7646208316; +91 7646260477; +91 7646295183; +91 7652968455; +91 7695181565; +91 7726319789; +91 7728917824; +91 7740461178; +91 7758551473; +91 7792825601; +91 7807456508; +91 7808278696; +91 7920263835; +91 7950309561; +91 7958823915; +91 7959183673; +91 8000017824; +91 8002602318; +91 8040178244; +91 8047141782; +91 8055905297; +91 8134954189; +91 8173015178; +91 8289334902; +91 8290400178; +91 8337082720; +91 8346601782; +91 8386288455; +91 8464683178; +91 8466851782; +91 8492619725; +91 8495321782; +91 8523275475; +91 8533471782; +91 8611117824; +91 8637381782; +91 8637786171; +91 8658708352; +91 8717581782; +91 8765617824; +91 8781017824; +91 8791991782; +91 8825275519; +91 8838362874; +91 8854701782; +91 8866700721; +91 8938958491; +91 8939213915; +91 8955489962; +91 8967122223; +91 8968502345; +91 8980356017; +91 9005600604; +91 9025445178; +91 9030111007; +91 9093581373; +91 9093594480; +91 9093608276; +91 9158531489; +91 9193567868; +91 9247945178; +91 9337172617; +91 9337400145; +91 9351029064; +91 9356786876; +91 9363226011; +91 9441025178; +91 9449008181; +91 9456156891; +91 9462138754; +91 9469528709; +91 9568981782; +91 9575791828; +91 9638554216; +91 9651782448; +91 9658425710; +91 9670452380; +91 9672442017; +91 9722891781; +91 9838931178; +91 9849271782; +91 9979361781,,2,SUCCESS,
67c0618fe4b0c167e9fac1e1,DZGNJAM LEARNINGS PRIVATE LIMITED,DIPP193879,RECOGNISED,U85499MH2024PTC425094,Validation,Nagpur,Maharashtra,Education,Skill Development,https://www.dzgnjam.com/,,,,OK,,+91 6472745209; +91 7350166786; +91 7631853682; +91 7817915094; +91 7866031437; +91 7866031459; +91 8823529411; +91 8983016971; +91 9178551589,https://www.linkedin.com/company/dzgnjam/; https://www.linkedin.com/in/jayasurya-cr-ab5b98207/; https://www.linkedin.com/in/rashmi-bahekar-8389a7207/,3,SUCCESS,
67bed43ce4b0c167e9f9f89f,MAHABUDDY TALENT MANAGEMENT PRIVATE LIMITED,DIPP193660,RECOGNISED,U78300MH2024PTC429763,Prototype,Nagpur,Maharashtra,Human Resources,Talent Management,https://www.mahabuddy.com/webmaha/,,,,OK,,,,1,SUCCESS,
67be2fffe4b0c167e9f9c64e,THREE LEAF PRODUCTS LLP,DIPP193610,RECOGNISED,ACB-4886,EarlyTraction,Nagpur,Maharashtra,Agriculture,Organic Agriculture,https://threeleafproducts.in,,,,OK,business@threeleafproducts.in; sales@threeleafproducts.in,+91 8766548764,https://linkedin.com/company/theorganicsoil,3,SUCCESS,
67bdba2be4b0c167e9f99c81,VOICE VILLA STUDIOS PRIVATE LIMITED,DIPP193586,RECOGNISED,U59201MH2023PTC401281,EarlyTraction,Nagpur,Maharashtra,Advertising,AdTech,https://UdyamRegistrationCertificate,,,,OK,,,,0,ERROR,"Page.goto: net::ERR_NAME_NOT_RESOLVED at https://udyamregistrationcertificate/
Call log:
  - navigating to ""https://udyamregistrationcertificate/"", waiting until ""domcontentloaded""
"
67bc3df1e4b0b57bb29f47a6,Meraaki Founders Club,DIPP212459,RECOGNISED,ACO-2820,Prototype,Nagpur,Maharashtra,Professional & Commercial Services,Business Support Services,https://www.meraakifoundersclub.com,,,,OK,info@meraakifoundersclub.com,+91 7817915094; +91 9199705701; +91 9970570102,,3,SUCCESS,
67b88cf9e4b06e2290adb3d8,AGRIPILOT TECH PRIVATE LIMITED,DIPP193143,RECOGNISED,U62099MH2023PTC413309,EarlyTraction,Nagpur,Maharashtra,Agriculture,Agri-Tech,https://agripilot.ai/,,,,OK,contact@agripilot.ai,+91 6075562242; +91 6155555355; +91 6342885107; +91 7256263158; +91 7263975000; +91 7269637599; +91 7866031586; +91 7866031618; +91 9173183763,https://www.linkedin.com/in/agripilot-ai-2421952ab/,3,SUCCESS,
67b86940e4b06e2290ada149,QUANTUM RAIDOTECH PRIVATE LIMITED,DIPP193118,RECOGNISED,U52290MH2024PTC420235,EarlyTraction,Nagpur,Maharashtra,Transportation & Storage,Passenger Transportation Services,http://raidobiketaxi.in,,,,OK,,,,0,ERROR,"Page.goto: net::ERR_NAME_NOT_RESOLVED at http://raidobiketaxi.in/
Call log:
  - navigating to ""http://raidobiketaxi.in/"", waiting until ""domcontentloaded""
"
67b761f6e4b06e2290ad1bee,TRYAKSH INNOVATIONS PRIVATE LIMITED,DIPP193008,RECOGNISED,U26514MH2025PTC439161,EarlyTraction,Nagpur,Maharashtra,Technology Hardware,Embedded,https://www.tryakshipl.com/,,,,OK,,,,1,SUCCESS,
67b7253ae4b06e2290aceb4c,INDS ELECTRICALS PRIVATE LIMITED,DIPP192985,RECOGNISED,U40106MH2020PTC337883,Validation,Nagpur,Maharashtra,Automotive,Electric Vehicles,https://www.indselectriclas.com,,,,OK,,,,0,ERROR,"Page.goto: net::ERR_NAME_NOT_RESOLVED at https://www.indselectriclas.com/
Call log:
  - navigating to ""https://www.indselectriclas.com/"", waiting until ""domcontentloaded""
"
67b5be6fe4b06e2290ac1eec,IOTISE PRIVATE LIMITED,DIPP192820,RECOGNISED,U72900MH2022PTC382427,Validation,Nagpur,Maharashtra,Agriculture,Food Processing,https://ssges.co.in,,,,OK,contact@ssges.co.in; info@ssges.co.in,+91 6470588235; +91 7440374808; +91 7647058823; +91 7866031709; +91 8823529411; +91 9270286518,,4,SUCCESS,
67b30b0ee4b02f3969107d32,FINOFINEX EXIM PRIVATE LIMITED,DIPP192509,RECOGNISED,U74901MH2024PTC430976,Prototype,Nagpur,Maharashtra,Education,Skill Development,https://www.exim.ifssgroup.in,,,,OK,exports@indianforcesecurityservices.in,+91 6774951917; +91 7496969728; +91 9326042739,,4,SUCCESS,
67add14ce4b0833282ef7d35,INDS AGRO INDUSTRY PRIVATE LIMITED,DIPP192133,RECOGNISED,U15200MH2022PTC395225,Validation,Nagpur,Maharashtra,Agriculture,Food Processing,https://INDS AGRO INDUSTRY PRIVATE LIMITED,,,,OK,,,,0,ERROR,"Page.goto: net::ERR_NAME_NOT_RESOLVED at https://INDS AGRO INDUSTRY PRIVATE LIMITED
Call log:
  - navigating to ""https://INDS AGRO INDUSTRY PRIVATE LIMITED"", waiting until ""domcontentloaded""
"
67ad954ce4b0833282ef543f,NEELANSH INFRA PROJECTS PRIVATE LIMITED,DIPP191147,RECOGNISED,U42209MH2024PTC437360,Validation,Nagpur,Maharashtra,Construction,Construction & Engineering,https://www.mca.gov.in/content/mca/global/en/mca/master-data/MDS/company-master-info.html,,,,OK,appl.helpdesk@mca.gov.in; cvo-mca@gov.in; minus@2x.png; plus@2x.png,+91 6109068273; +91 7110109340; +91 7146230280; +91 7679694561; +91 7754735508; +91 7796698925; +91 7830993708; +91 7845392263; +91 9582966893; +91 9594158241,https://www.linkedin.com/company/mca21india/,4,SUCCESS,
67ad89bbe4b045171969bc04,SKYREN BROADBAND SERVICES PRIVATE LIMITED,DIPP190038,RECOGNISED,U72900MH2022PTC394587,EarlyTraction,Nagpur,Maharashtra,Internet of Things,Others,https://NA,,,,OK,,,,0,ERROR,"Page.goto: net::ERR_NAME_NOT_RESOLVED at https://na/
Call log:
  - navigating to ""https://na/"", waiting until ""domcontentloaded""
"
67ac5bf5e4b04517196941f0,SYBOCIC REAL EASTATE PRIVATE LIMITED,DIPP191951,RECOGNISED,U41001MH2025PTC437615,Scaling,Nagpur,Maharashtra,Real Estate,Others,https://N/A,,,,OK,,,,0,ERROR,"Page.goto: net::ERR_NAME_NOT_RESOLVED at https://n/A
Call log:
  - navigating to ""https://n/A"", waiting until ""domcontentloaded""
"
67ab4183e4b0e8e31271f6f8,OMMAHADEV AYURVEDA AND PHARMA PRIVATE LIMITED,DIPP191894,RECOGNISED,U21001MH2024PTC431004,Validation,Nagpur,Maharashtra,Healthcare & Lifesciences,Pharmaceutical,https://NA,,,,OK,,,,0,ERROR,"Page.goto: net::ERR_NAME_NOT_RESOLVED at https://na/
Call log:
  - navigating to ""https://na/"", waiting until ""domcontentloaded""
"
67a6f250e4b0ba33679247d3,SHREEYA DEVANSHI INTERNATIONAL SPICE PRIVATE LIMITED,DIPP191521,RECOGNISED,U01284MH2024PTC433009,Validation,Nagpur,Maharashtra,Agriculture,Agri-Tech,https://agrawalspices.com/shreeya-devanshi-international-spice-private-limited/,,,,OK,,,,1,SUCCESS,
67a5fb1de4b0ba336791f5c5,BHAVNA INTERNATIONAL SPICE PRIVATE LIMITED,DIPP191485,RECOGNISED,U01284MH2024PTC432214,Prototype,Nagpur,Maharashtra,Agriculture,Agri-Tech,https://agrawalspices.com/,,,,OK,,,,1,SUCCESS,
67a43e61e4b0a671abf4be2b,SGUARD AUTOMATION PRIVATE LIMITED,DIPP191231,RECOGNISED,U34100MH2021PTC359457,EarlyTraction,Nagpur,Maharashtra,Technology Hardware,Manufacturing,https://SGUARD AUTOMATION PRIVATE LIMITED,,,,OK,,,,0,ERROR,"Page.goto: net::ERR_NAME_NOT_RESOLVED at https://SGUARD AUTOMATION PRIVATE LIMITED
Call log:
  - navigating to ""https://SGUARD AUTOMATION PRIVATE LIMITED"", waiting until ""domcontentloaded""
"
679e011ee4b0c8d671afa3a6,CONSO INNOVATIONS PRIVATE LIMITED,DIPP190736,RECOGNISED,U70200MH2025PTC438845,Prototype,Nagpur,Maharashtra,Finance Technology,Advisory,https://conso.in/,,,,OK,support@conso.in; you@email.com; your.name@gmail.com,+91 6794778202; +91 7122517513; +91 7161150855; +91 7770079928; +91 8000804852; +91 9479010837; +91 9585943740,,4,SUCCESS,
679de117e4b0c8d671af950f,RAJSHRI CONFETTI SKINCARE VENTURES PRIVATE LIMITED,DIPP190708,RECOGNISED,U46901MH2024PTC435007,Validation,Nagpur,Maharashtra,Retail,Others,https://www.confettibeauty.in,,,,OK,hello@confettibeauty.in,+91 6000038417; +91 6021982876; +91 6071965517; +91 6173804564; +91 6218902128; +91 6244097317; +91 6250223160; +91 6252122175; +91 6258542146; +91 6404170774; +91 6496855175; +91 6518388431; +91 6546217522; +91 6549260186; +91 6720122593; +91 6726057906; +91 6739281091; +91 6865364238; +91 6931656216; +91 6982806175; +91 6986917154; +91 7030324529; +91 7045055769; +91 7064644161; +91 7099888117; +91 7143149241; +91 7216104121; +91 7218584571; +91 7312632095; +91 7317522331; +91 7334018941; +91 7463147277; +91 7463147933; +91 7463196757; +91 7463197412; +91 7463198068; +91 7639995117; +91 7656679818; +91 7689113481; +91 7729591903; +91 7815111218; +91 7842893614; +91 7853621899; +91 7862915117; +91 7865371981; +91 7942701043; +91 7958823915; +91 7985705459; +91 7989715649; +91 7990699707; +91 7990701674; +91 7990706261; +91 7990707244; +91 7990708227; +91 7990709210; +91 7990709866; +91 7990710849; +91 7990711504; +91 7990713798; +91 7995331276; +91 8027111752; +91 8065799175; +91 8151469762; +91 8166098142; +91 8175223311; +91 8195415291; +91 8197272551; +91 8208493610; +91 8260046996; +91 8284997220; +91 8307606769; +91 8311158820; +91 8311584804; +91 8312102539; +91 8312715300; +91 8357773527; +91 8379317522; +91 8398483693; +91 8398831752; +91 8439319336; +91 8477732829; +91 8482211752; +91 8495826379; +91 8541757175; +91 8563610161; +91 8568980291; +91 8720567617; +91 8735101752; +91 8776789523; +91 8803884061; +91 8955226830; +91 8961817522; +91 9037423857; +91 9124863302; +91 9175223311; +91 9177767981; +91 9184746391; +91 9186493766; +91 9187731752; +91 9189407719; +91 9189562423; +91 9191483019; +91 9323255102; +91 9330524196; +91 9365715176; +91 9385084199; +91 9399336176; +91 9574117486; +91 9677130745; +91 9698598612; +91 9717522331; +91 9770491752; +91 9817522331; +91 9850721752; +91 9865252458; +91 9865535245; +91 9865566047; +91 9865611267; +91 9865665334; +91 9883717522; +91 9885017522; +91 9963896177; +91 9979901752; +91 9989544573; +91 9998389610,,3,SUCCESS,
679db6e4e4b0c8d671af7be0,DS CORRUPACK PRIVATE LIMITED,DIPP190679,RECOGNISED,U22203MH2024PTC431453,Prototype,Nagpur,Maharashtra,Professional & Commercial Services,Business Support Supplies,https://NA,,,,OK,,,,0,ERROR,"Page.goto: net::ERR_NAME_NOT_RESOLVED at https://na/
Call log:
  - navigating to ""https://na/"", waiting until ""domcontentloaded""
"
679b26eae4b01d22e013535b,KDKOLTE TASTY GO PRIVATE LIMITED,DIPP190396,RECOGNISED,U56290MH2024PTC428257,Prototype,Nagpur,Maharashtra,Food & Beverages,Food Technology/Food Delivery,https://NA,,,,OK,,,,0,ERROR,"Page.goto: net::ERR_NAME_NOT_RESOLVED at https://na/
Call log:
  - navigating to ""https://na/"", waiting until ""domcontentloaded""
"
679a0957e4b01d22e012cca0,BLUEWALL MARINE SERVICES PRIVATE LIMITED,DIPP190319,RECOGNISED,U45309MH2022PTC388539,Scaling,Nagpur,Maharashtra,Sports,Others,https://bluewallmarine.com,,,,OK,info@bluewallmarine.com,+91 6369830655; +91 7088803084; +91 7496969728; +91 8149069338; +91 9637669338,https://www.linkedin.com/in/bluewall-marine-services,4,SUCCESS,
6798a7e2e4b08d5f74b2d705,KRACK SHIELD PRIVATE LIMITED,DIPP190142,RECOGNISED,U46901PN2024PTC234372,EarlyTraction,Nagpur,Maharashtra,Chemicals,Commodity Chemicals,https://crackproof.in,,,,OK,,,,1,SUCCESS,
6794c53be4b08d5f74b20ea6,HYDRAULIX INDIA PRIVATE LIMITED,DIPP189883,RECOGNISED,U45309MH2022PTC395119,EarlyTraction,Nagpur,Maharashtra,Construction,New-age Construction Technologies,https://www.hydraulixindia.com,,,,OK,sales@hydraulixindia.com,+91 9195117442; +91 9511744247,,1,SUCCESS,
678f9a24e4b04104efa167ed,RISING STAR,DIPP194219,RECOGNISED,NG000010378,Validation,Nagpur,Maharashtra,Safety,Others,https://www.risingstarcng.com/hostpanel/login/webmail,,,,OK,,,,0,ERROR,"Page.goto: net::ERR_NAME_NOT_RESOLVED at https://www.risingstarcng.com/hostpanel/login/webmail
Call log:
  - navigating to ""https://www.risingstarcng.com/hostpanel/login/webmail"", waiting until ""domcontentloaded""
"
678e4ad0e4b04104efa12071,AGILE BEANS PRIVATE LIMITED,DIPP189222,RECOGNISED,U72900MH2017PTC294290,Validation,Nagpur,Maharashtra,AI,Others,https://saurabhparse@gmail.com,,,,OK,,+91 8369249702,,1,SUCCESS,
678e1740e4b04104efa1062f,R &amp; R HERBAL BIOCARE LLP,DIPP189166,RECOGNISED,AAY-6548,Validation,Nagpur,Maharashtra,Agriculture,Others,https://www.rrherbalbiocareservices.com,,,,OK,,,,0,ERROR,"Page.goto: net::ERR_NAME_NOT_RESOLVED at https://www.rrherbalbiocareservices.com/
Call log:
  - navigating to ""https://www.rrherbalbiocareservices.com/"", waiting until ""domcontentloaded""
"
678bf598e4b04104efa0b64a,SYNAPTRIX TECHNOLOGY PRIVATE LIMITED,DIPP189115,RECOGNISED,U62099MH2024PTC436872,Validation,Nagpur,Maharashtra,AI,Machine Learning,https://synaptrix.org,,,,OK,spin@synaptrix.org,+91 9385767150,,1,SUCCESS,
678b6319e4b04104efa089ef,VED SANJEEVANI PRIVATE LIMITED,DIPP189041,RECOGNISED,U47912PN2024PTC234517,Validation,Nagpur,Maharashtra,Healthcare & Lifesciences,Health & Wellness,https://vedsanjeevani.com,,,,OK,customercare@vedsanjeevani.com,+91 6008889717; +91 6033367850; +91 6076741035; +91 6081117254; +91 6110238761; +91 6111636907; +91 6157302737; +91 6174249711; +91 6182357236; +91 6186831711; +91 6190360824; +91 6191075167; +91 6232213951; +91 6233164363; +91 6248820269; +91 6269192178; +91 6357940509; +91 6425879333; +91 6429101784; +91 6452178428; +91 6453098435; +91 6496454569; +91 6511657411; +91 6518388431; +91 6530695617; +91 6538419181; +91 6552775987; +91 6626224682; +91 6630363588; +91 6653221384; +91 6766231699; +91 6861151784; +91 6862617549; +91 6866273331; +91 7038831962; +91 7060082977; +91 7071784282; +91 7094548178; +91 7117348240; +91 7130008178; +91 7149461181; +91 7168826561; +91 7192280178; +91 7281786081; +91 7331822333; +91 7340905042; +91 7349008551; +91 7350178428; +91 7375175252; +91 7380331784; +91 7404757322; +91 7417849089; +91 7430666254; +91 7498178428; +91 7498970345; +91 7529331784; +91 7565222917; +91 7567145654; +91 7573446053; +91 7754617842; +91 7763271711; +91 7777006188; +91 7827972612; +91 7828836612; +91 7830275020; +91 7955178428; +91 8022281570; +91 8071316070; +91 8103291784; +91 8112781284; +91 8116400881; +91 8152110025; +91 8154570168; +91 8186925571; +91 8228369574; +91 8229931252; +91 8239821784; +91 8242839431; +91 8243356511; +91 8248818936; +91 8374401917; +91 8445479217; +91 8476240367; +91 8526636373; +91 8553846127; +91 8555770612; +91 8627567933; +91 8746214864; +91 8778321784; +91 8845242881; +91 8894074801; +91 8911571784; +91 8951724117; +91 9019053446; +91 9065742364; +91 9098357730; +91 9161654817; +91 9193737527; +91 9208236496; +91 9231031178; +91 9233013521; +91 9236300175; +91 9337400145; +91 9445020958; +91 9454876585; +91 9517591110; +91 9562552051; +91 9599483217; +91 9607843137; +91 9614827282; +91 9670735148; +91 9678757953; +91 9678764933; +91 9698985617; +91 9731237478; +91 9745187667; +91 9746552881; +91 9750586178; +91 9788086878; +91 9889676999; +91 9902358987; +91 9919178428; +91 9921110605; +91 9947917842; +91 9961905317; +91 9965911784; +91 9994035167,https://www.linkedin.com/company/ved-sanjeevani/,3,SUCCESS,
6789ddf7e4b04104efa03015,VIRTUAL TRADE BALE HUB PRIVATE LIMITED,DIPP188882,RECOGNISED,U46109MH2024PTC426006,Validation,Nagpur,Maharashtra,Professional & Commercial Services,Others,https://www.balehub.link/,,,,OK,,,,0,ERROR,"Page.goto: net::ERR_NAME_NOT_RESOLVED at https://www.balehub.link/
Call log:
  - navigating to ""https://www.balehub.link/"", waiting until ""domcontentloaded""
"
67868481e4b04104ef9f9cbb,ADIVIDHYA CONSTRUCTION LLP,DIPP188665,RECOGNISED,ACD-5504,EarlyTraction,Nagpur,Maharashtra,Construction,Construction & Engineering,https://Not applicable,,,,OK,,,,0,ERROR,"Page.goto: net::ERR_NAME_NOT_RESOLVED at https://Not applicable
Call log:
  - navigating to ""https://Not applicable"", waiting until ""domcontentloaded""
"
6784b779e4b0086ce8e3c02b,SHRIPUNYA EPC PRIVATE LIMITED,DIPP188449,RECOGNISED,U71100MH2024PTC434890,Validation,Nagpur,Maharashtra,Computer Vision,Others,https://SHRIPUNYA EPC PRIVATE LIMITED,,,,OK,,,,0,ERROR,"Page.goto: net::ERR_NAME_NOT_RESOLVED at https://SHRIPUNYA EPC PRIVATE LIMITED
Call log:
  - navigating to ""https://SHRIPUNYA EPC PRIVATE LIMITED"", waiting until ""domcontentloaded""
"
67811886e4b0086ce8e3263a,SECYORO TECHNOLOGIES PRIVATE LIMITED,DIPP188309,RECOGNISED,U62099PN2024PTC234714,Prototype,Nagpur,Maharashtra,IT Services,IT Management,https://NA,,,,OK,,,,0,ERROR,"Page.goto: net::ERR_NAME_NOT_RESOLVED at https://na/
Call log:
  - navigating to ""https://na/"", waiting until ""domcontentloaded""
"
6780d106e4b0086ce8e30d7d,SHIVAANI HYGIENE PRIVATE LIMITED,DIPP188243,RECOGNISED,U17299MH2022PTC388446,Scaling,Nagpur,Maharashtra,Healthcare & Lifesciences,Health & Wellness,https://www.vaidyaindustries.in,,,,OK,,,,0,ERROR,"Page.goto: net::ERR_CERT_DATE_INVALID at https://www.vaidyaindustries.in/
Call log:
  - navigating to ""https://www.vaidyaindustries.in/"", waiting until ""domcontentloaded""
"
677e1adfe4b0086ce8e27d3e,VERDANT DYNAMICS LLP,DIPP184950,RECOGNISED,ACK-5648,Validation,Nagpur,Maharashtra,Indic Language Startups,E-Commerce,https://www.verdant.com,,,,OK,john@company.com; service@atom.com,+91 6000000000; +91 7531318071; +91 7764885790; +91 7817915094; +91 7827477273; +91 7866033056; +91 7866033058; +91 7999999999; +91 8000000000; +91 8188727791; +91 8272402215; +91 8475970044; +91 8999999999; +91 9000000000; +91 9846851798; +91 9922373970,https://www.linkedin.com/company/atomdotcom/; https://www.linkedin.com/in/bramu/; https://www.linkedin.com/in/darpanmunjal/; https://www.linkedin.com/in/grantpolachek/; https://www.linkedin.com/in/hosni-z-390a6854/,3,SUCCESS,
677bb3cbe4b0f84ff2b64b51,AMRIT OXIDANE PRIVATE LIMITED,DIPP187744,RECOGNISED,U33122MH2024PTC421552,EarlyTraction,Nagpur,Maharashtra,Green Technology,Clean Tech,https://0,,,,OK,,,,0,ERROR,"Page.goto: net::ERR_ADDRESS_INVALID at https://0.0.0.0/
Call log:
  - navigating to ""https://0.0.0.0/"", waiting until ""domcontentloaded""
"
6777e594e4b0f84ff2b5a3b3,SPACEVERSE TECHNOLOGIES PRIVATE LIMITED,DIPP187528,RECOGNISED,U30304MH2024PTC421143,Validation,Nagpur,Maharashtra,Aeronautics Aerospace & Defence,Space Technology,https://www.spaceverse.tech,,,,OK,info@spaceverse.tech,,,1,SUCCESS,
6772aa41e4b0e15a7fe636e7,RAGES FASHION HOUSE INDIA (OPC) PRIVATE LIMITED,DIPP187136,RECOGNISED,U14101MH2024OPC434947,Validation,Nagpur,Maharashtra,Fashion,Others,https://RAGES FASHION HOUSE INDIA (OPC) PRIVATE LIMITED,,,,OK,,,,0,ERROR,"Page.goto: net::ERR_NAME_NOT_RESOLVED at https://RAGES FASHION HOUSE INDIA (OPC) PRIVATE LIMITED
Call log:
  - navigating to ""https://RAGES FASHION HOUSE INDIA (OPC) PRIVATE LIMITED"", waiting until ""domcontentloaded""
"
6772969ce4b07f1a9aadafe5,FEATHERNINE GLOBAL VENTURES PRIVATE LIMITED,DIPP187122,RECOGNISED,U62099MH2024PTC418533,Prototype,Nagpur,Maharashtra,IT Services,IT Consulting,http://www.feathernine.com,,,,OK,info@feathernine.com,+91 6345654645; +91 6777062206; +91 6777062979; +91 6777067766; +91 9445199017,https://www.linkedin.com/company/feathernine-infotech/about/,4,SUCCESS,
67727e2be4b07634d0e57c46,MANDHANA'S RENEWBLEND MATERIAL LLP,DIPP187097,RECOGNISED,ACI-2415,Validation,Nagpur,Maharashtra,Construction,New-age Construction Technologies,https://www.madhana.com,,,,OK,,,,3,SUCCESS,
676fdae0e4b07634d0e5199f,SHREE COM OUTLET PRIVATE LIMITED,DIPP186975,RECOGNISED,U46632MH2024PTC425340,Validation,Nagpur,Maharashtra,Agriculture,Food Processing,https://www.scopl.com,,,,OK,,,,1,SUCCESS,
676e5706e4b02067edf175ac,SINDHAM ORGANIC AGROTECH PRIVATE LIMITED,DIPP186813,RECOGNISED,U01500MH2024PTC434199,Prototype,Nagpur,Maharashtra,Agriculture,Organic Agriculture,https://www.sindham.com,,,,OK,,,,1,SUCCESS,
676a8a55e4b04f27c1353297,SUGAT TRADERS PRIVATE LIMITED,DIPP186490,RECOGNISED,U94910PN2024PTC234548,EarlyTraction,Nagpur,Maharashtra,Retail,Others,https://sugatglobalcreations.com,,,,OK,,,,1,SUCCESS,
67654717e4b02edde77f4f1f,PURPOSE HEALTHCARE LABS PRIVATE LIMITED,DIPP186092,RECOGNISED,U11049MH2024PTC426250,Validation,Nagpur,Maharashtra,Healthcare & Lifesciences,Health & Wellness,https://PURPOSE HEALTHCARE LABS PRIVATE LIMITED,,,,OK,,,,0,ERROR,"Page.goto: net::ERR_NAME_NOT_RESOLVED at https://PURPOSE HEALTHCARE LABS PRIVATE LIMITED
Call log:
  - navigating to ""https://PURPOSE HEALTHCARE LABS PRIVATE LIMITED"", waiting until ""domcontentloaded""
"
6763c2d2e4b090dc29023e25,BHUMISAAR ENTERPRISES PRIVATE LIMITED,DIPP185931,RECOGNISED,U46909PN2024PTC236003,Prototype,Nagpur,Maharashtra,Agriculture,Agri-Tech,https://N/A,,,,OK,,,,0,ERROR,"Page.goto: net::ERR_NAME_NOT_RESOLVED at https://n/A
Call log:
  - navigating to ""https://n/A"", waiting until ""domcontentloaded""
"
67617738e4b035f7d75690aa,STEELCOOL COOLERS PRIVATE LIMITED,DIPP185780,RECOGNISED,U27501MH2024PTC424771,Validation,Nagpur,Maharashtra,Technology Hardware,Manufacturing,https://NA,,,,OK,,,,0,ERROR,"Page.goto: net::ERR_NAME_NOT_RESOLVED at https://na/
Call log:
  - navigating to ""https://na/"", waiting until ""domcontentloaded""
"
6761751fe4b035f7d7568fbe,ROSPAND GLOBAL TECHNO SERVICES PRIVATE LIMITED,DIPP185777,RECOGNISED,U01120MH2024PTC435564,Validation,Nagpur,Maharashtra,Agriculture,Organic Agriculture,https://rospand.com/,,,,OK,,,,0,ERROR,"Page.goto: net::ERR_NAME_NOT_RESOLVED at https://rospand.com/
Call log:
  - navigating to ""https://rospand.com/"", waiting until ""domcontentloaded""
"
67602abfe4b011954bce818d,AACHARYAUTPURE AGRI MULTI PRODUCTS LLP,DIPP185637,RECOGNISED,ACI-3949,Validation,Nagpur,Maharashtra,Agriculture,Agri-Tech,https://www.aacharyaseed.com,,,,OK,info@aacharyaseed.com,+91 6003413191; +91 6055465363; +91 6131611064; +91 6757376766; +91 6925993417; +91 7407010404; +91 7764999999; +91 8180843966,,3,SUCCESS,
675ad74be4b0e761d3171610,CARBON GREEN SOLUTION PRIVATE LIMITED,DIPP185311,RECOGNISED,U51909MH2022PTC380577,Validation,Nagpur,Maharashtra,Automotive,Electric Vehicles,https://na,,,,OK,,,,0,ERROR,"Page.goto: net::ERR_NAME_NOT_RESOLVED at https://na/
Call log:
  - navigating to ""https://na/"", waiting until ""domcontentloaded""
"
675ac758e4b0e761d3170f6b,DSPB SUPERFOODS PRIVATE LIMITED,DIPP185293,RECOGNISED,U47737MH2024PTC417909,Validation,Nagpur,Maharashtra,Food & Beverages,Food Processing,https://NA,,,,OK,,,,0,ERROR,"Page.goto: net::ERR_NAME_NOT_RESOLVED at https://na/
Call log:
  - navigating to ""https://na/"", waiting until ""domcontentloaded""
"
67594b0ce4b0e761d316bbf7,DRIPMONK TEXTILES (OPC) PRIVATE LIMITED,DIPP185137,RECOGNISED,U47711MH2024OPC434416,Validation,Nagpur,Maharashtra,Fashion,Apparel,https://www.thecompanycheck.com/company/dripmonk-textiles-opc-private-limited/U47711MH2024OPC434416,,,,OK,john@company.com; name@company.com; support@thecompanycheck.com,+91 7452302757; +91 7817915094; +91 7866008752; +91 8988943213; +91 9876543210; +91 9915764025,https://www.linkedin.com/company/the-company-check/,4,SUCCESS,
67582fdce4b0953e58b21e72,AAVRAJAN SERVICES PRIVATE LIMITED,DIPP185080,RECOGNISED,U66190MH2024PTC434787,Prototype,Nagpur,Maharashtra,Finance Technology,Foreign Exchange,https://moneykauf.com/home/,,,,OK,,,,0,ERROR,"Page.goto: net::ERR_CONNECTION_CLOSED at https://moneykauf.com/home/
Call log:
  - navigating to ""https://moneykauf.com/home/"", waiting until ""domcontentloaded""
"
6757def6e4b0953e58b1fb2e,DIGISHARP TECHNOSOFT LLP,DIPP184996,RECOGNISED,AAS-1997,Validation,Nagpur,Maharashtra,Technology Hardware,Manufacturing,https://digisharp.in/,,,,OK,,,,1,SUCCESS,
674ef698e4b0c0da2133db2c,SAMVAY KNOWLEDGE ENRICHMENT PRIVATE LIMITED,DIPP184446,RECOGNISED,U90003MH2024PTC425669,EarlyTraction,Nagpur,Maharashtra,Education,Others,https://samvay.co.in/,,,,OK,ictaasindia@gmail.com; samvay.kepl@gmail.com,+91 6409866009; +91 7330861720; +91 7496969728; +91 8130344716; +91 9604872040; +91 9972901344,https://www.linkedin.com/company/samvay-knowledge-enrichment-private-limited/?viewAsMember=true,4,SUCCESS,
674ef330e4b0c0da2133d9fc,CHA IMPEX LLP,DIPP184440,RECOGNISED,ACK-3835,Validation,Nagpur,Maharashtra,Healthcare & Lifesciences,Health & Wellness,https://na,,,,OK,,,,0,ERROR,"Page.goto: net::ERR_NAME_NOT_RESOLVED at https://na/
Call log:
  - navigating to ""https://na/"", waiting until ""domcontentloaded""
"
674b0057e4b0c0da2133050d,GAURAVI INTERNATIONAL PRIVATE LIMITED,DIPP184205,RECOGNISED,U10795MH2023PTC403375,Validation,Nagpur,Maharashtra,Food & Beverages,Food Processing,https://GAURAVI INTERNATIONAL PRIVATE LIMITED,,,,OK,,,,0,ERROR,"Page.goto: net::ERR_NAME_NOT_RESOLVED at https://GAURAVI INTERNATIONAL PRIVATE LIMITED
Call log:
  - navigating to ""https://GAURAVI INTERNATIONAL PRIVATE LIMITED"", waiting until ""domcontentloaded""
"
674aebe2e4b0c0da2132fe4d,BUSTBRAIN LABS (OPC) PRIVATE LIMITED,DIPP184190,RECOGNISED,U62013PN2024OPC235510,EarlyTraction,Nagpur,Maharashtra,Enterprise Software,Others,https://N/A,,,,OK,,,,0,ERROR,"Page.goto: net::ERR_NAME_NOT_RESOLVED at https://n/A
Call log:
  - navigating to ""https://n/A"", waiting until ""domcontentloaded""
"
6749a068e4b02d7a79000f6e,EFRGENZ PRIVATE LIMITED,DIPP184101,RECOGNISED,U35106MH2023PTC410135,Validation,Nagpur,Maharashtra,Technology Hardware,Manufacturing,https://NA,,,,OK,,,,0,ERROR,"Page.goto: net::ERR_NAME_NOT_RESOLVED at https://na/
Call log:
  - navigating to ""https://na/"", waiting until ""domcontentloaded""
"
67470827e4b079d818347f14,VECTORTEK LABS PRIVATE LIMITED,DIPP183850,RECOGNISED,U62013MH2024PTC433874,Validation,Nagpur,Maharashtra,IT Services,Application Development,https://NA,,,,OK,,,,0,ERROR,"Page.goto: net::ERR_NAME_NOT_RESOLVED at https://na/
Call log:
  - navigating to ""https://na/"", waiting until ""domcontentloaded""
"
6746f6cee4b002d32d805ce0,MINTBOX FINTECH PRIVATE LIMITED,DIPP183830,RECOGNISED,U66300MH2023PTC411808,EarlyTraction,Nagpur,Maharashtra,Finance Technology,Advisory,https://www.mintit.in,,,,OK,helpdesk@mintit.in,+91 6737547969; +91 8956915040,https://www.linkedin.com/company/mintit-in/,3,SUCCESS,
67458369e4b0dd5c705451b2,KARTEXIN TECHNOLOGIES PRIVATE LIMITED,DIPP183583,RECOGNISED,U82990MH2024PTC422361,Prototype,Nagpur,Maharashtra,Retail,Retail Technology,https://www.kartex.in,,,,OK,,+91 7447094640; +91 9125959112,,4,SUCCESS,
673f320ae4b038b18cd23af8,SHAHI RAJ DISPOSABLE LLP,DIPP183324,RECOGNISED,ACH-8414,Scaling,Nagpur,Maharashtra,Waste Management,Others,https://Shahiraj.com,,,,OK,info@shahiraj.com,+91 7817915094,https://www.linkedin.com/in/shabbirp,3,SUCCESS,
673b3beae4b061047b5e4c97,WISE-BESARV EV PRIVATE LIMITED,DIPP182972,RECOGNISED,U29109MH2024PTC420376,EarlyTraction,Nagpur,Maharashtra,Automotive,Electric Vehicles,https://www.wisebesarvev.com,,,,OK,,,,0,ERROR,"Page.goto: net::ERR_NAME_NOT_RESOLVED at https://www.wisebesarvev.com/
Call log:
  - navigating to ""https://www.wisebesarvev.com/"", waiting until ""domcontentloaded""
"
673b1118e4b061047b5e3a42,BETASYS AI PRIVATE LIMITED,DIPP182925,RECOGNISED,U62099MH2024PTC431926,EarlyTraction,Nagpur,Maharashtra,AI,NLP,https://www.betasys.ai,,,,OK,,,,1,SUCCESS,
673882dae4b061047b5dcff5,SHARIDHS TECH SOLUTIONS,DIPP183898,RECOGNISED,NG000010211,Prototype,Nagpur,Maharashtra,Professional & Commercial Services,Business Support Services,https://bighelpr.com,,,,OK,,,,0,ERROR,"Page.goto: net::ERR_NAME_NOT_RESOLVED at https://bighelpr.com/
Call log:
  - navigating to ""https://bighelpr.com/"", waiting until ""domcontentloaded""
"
673873ace4b061047b5dcb3a,WIT WEB INTEGRATED TECHNOLOGY PRIVATE LIMITED,DIPP182825,RECOGNISED,U62090MH2024PTC433634,Validation,Nagpur,Maharashtra,IT Services,Web Development,https://www.webintegratedtech.com/,,,,OK,,,,0,ERROR,"Page.goto: net::ERR_NAME_NOT_RESOLVED at https://www.webintegratedtech.com/
Call log:
  - navigating to ""https://www.webintegratedtech.com/"", waiting until ""domcontentloaded""
"
6735e900e4b061047b5d54b5,WATERSHOPY WORLDWIDE (OPC) PRIVATE LIMITED,DIPP182655,RECOGNISED,U29100MH2022OPC377226,EarlyTraction,Nagpur,Maharashtra,Marketing,Sales,https://www.watershopyworldwide.in,,,,OK,watershopyworldwide@gmail.com,+91 6358453032; +91 6923531812; +91 7341237236; +91 7732253523; +91 8747913852; +91 9049511311; +91 9100000000; +91 9170074798,,3,SUCCESS,
6734a7c9e4b061047b5d0cfd,SHUKL SOLUTIONS PRIVATE LIMITED,DIPP177647,RECOGNISED,U20233MH2024PTC426337,Validation,Nagpur,Maharashtra,Chemicals,Specialty Chemicals,https://www.brisklean.com/,,,,OK,59f3fdbcc4da44ab841236a7406e9b3b@sentry.wixpress.com; 605a7baede844d278b89dc95ae0a9123@sentry-next.wixpress.com; 78f7996315bc402f9dcb8a2f974b82d1@sentry.wixpress.com; 79baaa8e09c746d2b7401643b99792e0@sentry.wixpress.com; 8c4075d5481d476e945486754f783364@sentry.io; 8eb368c655b84e029ed79ad7a5c1718e@sentry.wixpress.com; 9a65e97ebe8141fca0c4fd686f70996b@sentry.wixpress.com,+91 6019426580; +91 6066350710; +91 6903223535; +91 7759755963; +91 7860094804; +91 8679959628; +91 9288338191; +91 9329754561,,1,SUCCESS,
6734a34fe4b061047b5d0abb,SHAVISWA FOUNDATION,DIPP182543,RECOGNISED,U88900PN2023NPL219151,Prototype,Nagpur,Maharashtra,Education,E-learning,https://www.thecompanycheck.com/company/shaviswa-foundation/U88900PN2023NPL219151,,,,OK,john@company.com; name@company.com; support@thecompanycheck.com,+91 7452302757; +91 7817915094; +91 7866008752; +91 8988943213; +91 9876543210; +91 9915764025,https://www.linkedin.com/company/the-company-check/,4,SUCCESS,
673433e1e4b01007c15537f1,PROJENSE SYSTEMS PRIVATE LIMITED,DIPP182438,RECOGNISED,U62099MH2023PTC411523,Validation,Nagpur,Maharashtra,Enterprise Software,ERP,https://projense.com/,,,,OK,contact@company.com; info@projense.com,+91 7033492823; +91 7598185548; +91 7817915094; +91 8064516129; +91 9048057243; +91 9438631325; +91 9677419355,https://www.linkedin.com/company/109019412/,4,SUCCESS,
6733028fe4b017491c4e9ddc,CLEOO COSMETICS PRIVATE LIMITED,DIPP182341,RECOGNISED,U20237MH2023PTC409694,Prototype,Nagpur,Maharashtra,Retail,Retail Technology,https://Home-Cleoo Cosmetic,,,,OK,,,,0,ERROR,"Page.goto: net::ERR_NAME_NOT_RESOLVED at https://Home-Cleoo Cosmetic
Call log:
  - navigating to ""https://Home-Cleoo Cosmetic"", waiting until ""domcontentloaded""
"
67319ae2e4b017491c4e47c8,PINAKRAJ CLASSICS PRIVATE LIMITED,DIPP182226,RECOGNISED,U47912PN2024PTC231795,Prototype,Nagpur,Maharashtra,Fashion,Apparel,https://NA,,,,OK,,,,0,ERROR,"Page.goto: net::ERR_NAME_NOT_RESOLVED at https://na/
Call log:
  - navigating to ""https://na/"", waiting until ""domcontentloaded""
"
672e0203e4b017491c4d81ab,SALAMRAMA TRADING (OPC) PRIVATE LIMITED,DIPP182110,RECOGNISED,U47912MH2024OPC428625,Validation,Nagpur,Maharashtra,Indic Language Startups,E-Commerce,https://www.salamrama.com,,,,OK,,,,1,SUCCESS,
6729e353e4b0a3f67b48e879,RVT PHARMA ENTERPRISES PRIVATE LIMITED,DIPP181778,RECOGNISED,U47720MH2023PTC415630,Prototype,Nagpur,Maharashtra,Marketing,Sales,https://NA,,,,OK,,,,0,ERROR,"Page.goto: net::ERR_NAME_NOT_RESOLVED at https://na/
Call log:
  - navigating to ""https://na/"", waiting until ""domcontentloaded""
"
6728baaee4b0a3f67b48b050,ATOM O' SPHERE RESEARCH & TECHNOLOGIES PRIVATE LIMITED,DIPP157898,RECOGNISED,U72900MH2022PTC377794,EarlyTraction,Nagpur,Maharashtra,Finance Technology,Others,https://atomosphere.in/,,,,OK,,+91 6400000000; +91 6992442339; +91 7866034929; +91 8916197268; +91 8928523923,,2,SUCCESS,
6725fcebe4b01514dfdc590a,CODEF SOLUTIONS PRIVATE LIMITED,DIPP181674,RECOGNISED,U52100MH2021PTC370851,Scaling,Nagpur,Maharashtra,Professional & Commercial Services,Professional Information Services,https://www.codefsolutions.com,,,,OK,info@codefsolutions.com,,,2,SUCCESS,
6721fa52e4b01514dfdbfc5c,A K SANTRA ASSOCIATE AND CONSULTANT PRIVATE LIMITED,DIPP181617,RECOGNISED,U82990MH2024PTC430821,Validation,Nagpur,Maharashtra,Safety,Others,https://Not Applicable,,,,OK,,,,0,ERROR,"Page.goto: net::ERR_NAME_NOT_RESOLVED at https://Not Applicable
Call log:
  - navigating to ""https://Not Applicable"", waiting until ""domcontentloaded""
"
671f179de4b0bbf338c3b531,SUSTAINSH BIOSOLUTIONS LLP,DIPP181217,RECOGNISED,ACI-5079,Validation,Nagpur,Maharashtra,Biotechnology,Others,https://NA,,,,OK,,,,0,ERROR,"Page.goto: net::ERR_NAME_NOT_RESOLVED at https://na/
Call log:
  - navigating to ""https://na/"", waiting until ""domcontentloaded""
"
671a1dabe4b03c19ec8d17c1,YOUNG CEO ENTERTAINMENT,DIPP181566,RECOGNISED,NG000010158,Validation,Nagpur,Maharashtra,Media & Entertainment,Entertainment,https://www.youngceoentertainment.com,,,,OK,connectwithus@youngceoentertainment.com,+91 7018293533; +91 7209058158; +91 8788969278,https://www.linkedin.com/in/deepesh-vanjani-b3a46018a/,2,SUCCESS,
67128f6ee4b00e6292704aef,SPECTRUM INVENTIVE DESIGNS PRIVATE LIMITED,DIPP180588,RECOGNISED,U18115MH2024PTC433731,Validation,Nagpur,Maharashtra,Textiles & Apparel,Others,https://SPECTRUM INVENTIVE DESIGNS PRIVATE LIMITED,,,,OK,,,,0,ERROR,"Page.goto: net::ERR_NAME_NOT_RESOLVED at https://SPECTRUM INVENTIVE DESIGNS PRIVATE LIMITED
Call log:
  - navigating to ""https://SPECTRUM INVENTIVE DESIGNS PRIVATE LIMITED"", waiting until ""domcontentloaded""
"
67128f65e4b00e6292704ad7,ASHISH GREEN ENERGY PRIVATE LIMITED,DIPP180583,RECOGNISED,U35105MH2023PTC401236,Validation,Nagpur,Maharashtra,Renewable Energy,Renewable Solar Energy,https://ASHISH GREEN ENERGY PRIVATE LIMITED,,,,OK,,,,0,ERROR,"Page.goto: net::ERR_NAME_NOT_RESOLVED at https://ASHISH GREEN ENERGY PRIVATE LIMITED
Call log:
  - navigating to ""https://ASHISH GREEN ENERGY PRIVATE LIMITED"", waiting until ""domcontentloaded""
"
67128f4be4b00e6292704aa6,ANAN VIRIYATECH PRIVATE LIMITED,DIPP180573,RECOGNISED,U35105MH2023PTC402390,Validation,Nagpur,Maharashtra,Renewable Energy,Renewable Solar Energy,https://ANAN VIRIYATECH PRIVATE LIMITED,,,,OK,,,,0,ERROR,"Page.goto: net::ERR_NAME_NOT_RESOLVED at https://ANAN VIRIYATECH PRIVATE LIMITED
Call log:
  - navigating to ""https://ANAN VIRIYATECH PRIVATE LIMITED"", waiting until ""domcontentloaded""
"
6710bc31e4b062d0389313d3,AMEC CODEX PRIVATE LIMITED,DIPP180377,RECOGNISED,U62091MH2024PTC425971,Validation,Nagpur,Maharashtra,IT Services,Others,https://dhoond.co,,,,OK,support@dhoond.co,+91 9102740274; +91 9112131415; +91 9610315981,https://www.linkedin.com/company/dhoond-co/,2,SUCCESS,
670f926ae4b09e4189b03f76,SNDT SERVICES PRIVATE LIMITED,DIPP180284,RECOGNISED,U74999MH2021PTC372711,EarlyTraction,Nagpur,Maharashtra,Construction,Others,https://sndtservices.com,,,,OK,nsndt.services@outlook.com; ratnesh@sndtservices.com; sndt.services@outlook.com,+91 7709868552; +91 7722000433,,4,SUCCESS,
670cf67be4b0b193604ee6f8,TECHDYNAMICS INNOVATIONS PRIVATE LIMITED,DIPP180071,RECOGNISED,U85490MH2024PTC426444,Validation,Nagpur,Maharashtra,Education,Skill Development,https://NA,,,,OK,,,,0,ERROR,"Page.goto: net::ERR_NAME_NOT_RESOLVED at https://na/
Call log:
  - navigating to ""https://na/"", waiting until ""domcontentloaded""
"
670bd9cee4b0bcb751c509f1,ANALOGLIFE PRIVATE LIMITED,DIPP180011,RECOGNISED,U32500MH2024PTC430394,EarlyTraction,Nagpur,Maharashtra,Healthcare & Lifesciences,Medical Devices Biomedical,https://www.Analoglifes.com,,,,OK,analoglifes@gmail.com,+91 6289308176; +91 6363636363; +91 6410256410; +91 6462692054; +91 6582278481; +91 6818181818; +91 6864988558; +91 7142857142; +91 7272727272; +91 7348272642; +91 7556675062; +91 7588243513; +91 7643639456; +91 7866035434; +91 7866035455; +91 7866035479; +91 8108108108; +91 8199999928; +91 8303249097; +91 8333333333; +91 8403361344; +91 8426395939; +91 8571428571; +91 8668708157; +91 8961038961; +91 8976067085; +91 9108280254; +91 9463722397,,3,SUCCESS,
6708bf3ee4b0913403d3e5b5,SANVIVIJAY MICROSERVICES ASSOCIATION,DIPP179907,RECOGNISED,U88900MH2024NPL422825,Validation,Nagpur,Maharashtra,Finance Technology,Personal Finance,https://www.sanvivijay.com,,,,OK,,,,0,ERROR,"Page.goto: net::ERR_NAME_NOT_RESOLVED at https://www.sanvivijay.com/
Call log:
  - navigating to ""https://www.sanvivijay.com/"", waiting until ""domcontentloaded""
"
67012b0ae4b0f06e1bb26435,NEXOR MINING PRIVATE LIMITED,DIPP179451,RECOGNISED,U07294MH2024PTC431411,EarlyTraction,Nagpur,Maharashtra,Professional & Commercial Services,Others,https://www.thecompanycheck.com/company/nexor-mining-private-limited/U07294MH2024PTC431411,,,,OK,john@company.com; name@company.com; support@thecompanycheck.com,+91 7452302757; +91 7817915094; +91 7866008752; +91 8988943213; +91 9876543210; +91 9915764025,https://www.linkedin.com/company/the-company-check/,4,SUCCESS,
66fe812de4b0f06e1bb18ba3,DRRV ADVANCED HEALTH PRIVATE LIMITED,DIPP179228,RECOGNISED,U86904MH2024PTC426110,Validation,Nagpur,Maharashtra,Healthcare & Lifesciences,Health & Wellness,https://DRRV ADVANCED HEALTH PRIVATE LIMITED,,,,OK,,,,0,ERROR,"Page.goto: net::ERR_NAME_NOT_RESOLVED at https://DRRV ADVANCED HEALTH PRIVATE LIMITED
Call log:
  - navigating to ""https://DRRV ADVANCED HEALTH PRIVATE LIMITED"", waiting until ""domcontentloaded""
"
66fa79b6e4b0f06e1bb05f10,ELITA VENTURES PRIVATE LIMITED,DIPP178932,RECOGNISED,U55101MH2024PTC431311,Prototype,Nagpur,Maharashtra,Agriculture,Organic Agriculture,https://NA,,,,OK,,,,0,ERROR,"Page.goto: net::ERR_NAME_NOT_RESOLVED at https://na/
Call log:
  - navigating to ""https://na/"", waiting until ""domcontentloaded""
"
66f7d9fee4b0e7dee436ac68,ARMISTICE DESTINATIONS PRIVATE LIMITED,DIPP178798,RECOGNISED,U74999MH2022PTC393722,Validation,Nagpur,Maharashtra,Travel & Tourism,Others,https://ARMISTICE DESTINATIONS PRIVATE LIMITED,,,,OK,,,,0,ERROR,"Page.goto: net::ERR_NAME_NOT_RESOLVED at https://ARMISTICE DESTINATIONS PRIVATE LIMITED
Call log:
  - navigating to ""https://ARMISTICE DESTINATIONS PRIVATE LIMITED"", waiting until ""domcontentloaded""
"
66f692e7e4b09affe3108a07,ALTERWORKS BIOLABS LLP,DIPP172885,RECOGNISED,ACF-5703,Validation,Nagpur,Maharashtra,Healthcare & Lifesciences,Biotechnology,https://null,,,,OK,,,,0,ERROR,"Page.goto: net::ERR_NAME_NOT_RESOLVED at https://null/
Call log:
  - navigating to ""https://null/"", waiting until ""domcontentloaded""
"
66f67e6be4b09ec5c50db567,PV-ENVIRO ENERGIES PRIVATE LIMITED,DIPP178700,RECOGNISED,U43222MH2023PTC414232,Validation,Nagpur,Maharashtra,Renewable Energy,Renewable Solar Energy,https://pvenviroenergies.com/,,,,OK,asset-2@4x.png; info@pvenviroenergies.com; kottenator@gmail.com; office@mdbootstrap.com; pvenviroenergies@gmail.com,+91 6666666667; +91 7327520079; +91 7738145541; +91 8782183645; +91 9007199254; +91 9085787888; +91 9172644409; +91 9191726444,https://www.linkedin.com/in/pv-enviro-energies-pvt-ltd,3,SUCCESS,
66f27f92e4b0799ff2783e8b,OMSHREE REALTORS NETWORK PRIVATE LIMITED,DIPP178361,RECOGNISED,U42909PN2023PTC225304,EarlyTraction,Nagpur,Maharashtra,Construction,Construction & Engineering,https://Roshanbhardwaj227@gmail.com,,,,OK,,+91 8369249702,,1,SUCCESS,
66f049c8e4b0f6c933094bed,YLALA SECURITY &amp; MANPOWER PRIVATE LIMITED,DIPP178129,RECOGNISED,U74904MH2024PTC426959,Validation,Nagpur,Maharashtra,Security Solutions,Others,https://www.ylalasecurityservices.com,,,,OK,,,,1,SUCCESS,
66ee9ab5e4b0f6c93308f4dd,VIDRAM INDUSTRIES PRIVATE LIMITED,DIPP178065,RECOGNISED,U28246MH2024PTC418220,Validation,Nagpur,Maharashtra,Automotive,"Auto, Truck & Motorcycle Parts",https://www.mca.gov.in/content/mca/global/en/mca/master-data/MDS/company-master-info.html,,,,OK,cvo-mca@gov.in; minus@2x.png; plus@2x.png,+91 6142450414; +91 6142455375; +91 6161495986; +91 6197668485; +91 6201397811; +91 6291132941; +91 6309571137; +91 6456921346; +91 6456928412; +91 6456934341; +91 6456937874; +91 6456938971; +91 6963278619; +91 6963304101; +91 7059418816; +91 7120350883; +91 7691866327; +91 7845392263; +91 7980100216; +91 9204416194,https://www.linkedin.com/company/mca21india/,4,SUCCESS,
66e9cd29e4b00aca7cb9e817,SALK AI PRIVATE LIMITED,DIPP177639,RECOGNISED,U62099MH2024PTC425737,EarlyTraction,Nagpur,Maharashtra,AI,Others,https://salk.ai,,,,OK,hello@salk.ai; you@company.com,+91 6385287834; +91 7938273211,,1,SUCCESS,
66e938a2e4b0ff83efe1f6dd,QWERTYABCD LABS PRIVATE LIMITED,DIPP177579,RECOGNISED,U72900PN2021PTC204527,EarlyTraction,Nagpur,Maharashtra,AI,Machine Learning,https://fabrichq.ai,,,,OK,data@fabrichq.ai; sales@fabrichq.ai; support@fabrichq.ai,+91 6100000000; +91 6200000000; +91 6341445918; +91 6900000000; +91 7000000000; +91 7241335952; +91 8200000000; +91 8300000000; +91 8500000000; +91 9000000000; +91 9099999999; +91 9199999999,https://www.linkedin.com/company/fabrichq/,3,SUCCESS,
66e7d889e4b0862aa0d08d31,AARVK INNOVATIVE &amp; TEXTILE INDUSTRIES PRIVATE LIMITED,DIPP177462,RECOGNISED,U14101MH2024PTC431230,Validation,Nagpur,Maharashtra,Textiles & Apparel,Others,https://AARVK INNOVATIVE &amp; TEXTILE INDUSTRIES PRIVATE LIMITED,,,,OK,,,,0,ERROR,"Page.goto: net::ERR_NAME_NOT_RESOLVED at https://AARVK INNOVATIVE &amp; TEXTILE INDUSTRIES PRIVATE LIMITED
Call log:
  - navigating to ""https://AARVK INNOVATIVE &amp; TEXTILE INDUSTRIES PRIVATE LIMITED"", waiting until ""domcontentloaded""
"
66e5b919e4b0aee6d0f10c39,GAGANTEJ AGRO &amp; ENERGY PRIVATE LIMITED,DIPP177430,RECOGNISED,U10790MH2024PTC430742,Validation,Nagpur,Maharashtra,Renewable Energy,Others,https://GAGANTEJ AGRO &amp; ENERGY PRIVATE LIMITED,,,,OK,,,,0,ERROR,"Page.goto: net::ERR_NAME_NOT_RESOLVED at https://GAGANTEJ AGRO &amp; ENERGY PRIVATE LIMITED
Call log:
  - navigating to ""https://GAGANTEJ AGRO &amp; ENERGY PRIVATE LIMITED"", waiting until ""domcontentloaded""
"
66e42d0ce4b0aee6d0f0b6d3,WAGH DEFENCE PRIVATE LIMITED,DIPP177315,RECOGNISED,U25200MH2024PTC428978,Validation,Nagpur,Maharashtra,Aeronautics Aerospace & Defence,Defence Equipment,https://waghdefence.com/,,,,OK,,,,0,ERROR,"Page.goto: net::ERR_NAME_NOT_RESOLVED at https://waghdefence.com/
Call log:
  - navigating to ""https://waghdefence.com/"", waiting until ""domcontentloaded""
"
66e00d84e4b0554f91179e37,MRO ENGINEERING AND SUPPLIES PRIVATE LIMITED,DIPP176890,RECOGNISED,U74999MH2017PTC290871,EarlyTraction,Nagpur,Maharashtra,Automotive,"Auto, Truck & Motorcycle Parts",https://industrialmro.com,,,,OK,,,,0,ERROR,"Page.goto: net::ERR_NAME_NOT_RESOLVED at https://industrialmro.com/
Call log:
  - navigating to ""https://industrialmro.com/"", waiting until ""domcontentloaded""
"
66d84082e4b0da161d5aae6d,QUINTESSENTIAL INFORMATICS SYSTEMS PRIVATE LIMITED,DIPP176365,RECOGNISED,U72900MH2021PTC357591,Validation,Nagpur,Maharashtra,IT Services,Product Development,https://QUINTESSENTIAL INFORMATICS SYSTEMS PRIVATE LIMITED,,,,OK,,,,0,ERROR,"Page.goto: net::ERR_NAME_NOT_RESOLVED at https://QUINTESSENTIAL INFORMATICS SYSTEMS PRIVATE LIMITED
Call log:
  - navigating to ""https://QUINTESSENTIAL INFORMATICS SYSTEMS PRIVATE LIMITED"", waiting until ""domcontentloaded""
"
66d80c2ee4b0da161d5a8b3e,UXVERSE PRIVATE LIMITED,DIPP176343,RECOGNISED,U74103MH2024PTC416952,EarlyTraction,Nagpur,Maharashtra,Textiles & Apparel,Apparel & Accessories,http://www.uxverse.co.in/,,,,OK,uxverseindia@gmail.com,+91 6031864309; +91 6155651859; +91 6168359295; +91 6175359858; +91 6181805614; +91 6203316012; +91 6206717535; +91 6258542146; +91 6272902047; +91 6305810049; +91 6338887817; +91 6361853792; +91 6452220091; +91 6452229598; +91 6453463478; +91 6477139885; +91 6478096175; +91 6501753598; +91 6515895839; +91 6516471099; +91 6518388431; +91 6531162662; +91 6570534740; +91 6570534773; +91 6570534805; +91 6570534838; +91 6616134454; +91 6665417535; +91 6811383713; +91 6925396141; +91 6991368604; +91 6991368932; +91 6991369259; +91 6991369587; +91 6991369915; +91 6991370242; +91 7061753598; +91 7144347267; +91 7174384263; +91 7209189334; +91 7217535985; +91 7272532802; +91 7301445359; +91 7380842017; +91 7417893426; +91 7419837776; +91 7420186296; +91 7420340961; +91 7420361146; +91 7420371632; +91 7420417507; +91 7420417573; +91 7420417638; +91 7420417704; +91 7420417769; +91 7478906057; +91 7481981804; +91 7495441753; +91 7535987934; +91 7539725751; +91 7539725999; +91 7539726597; +91 7545521753; +91 7560584324; +91 7596247576; +91 7654328517; +91 7708923822; +91 7710018090; +91 7718385017; +91 7723819450; +91 7723891956; +91 7724559549; +91 7724728002; +91 7726464297; +91 7727312926; +91 7727387360; +91 7736842491; +91 7743762104; +91 7743786451; +91 7840966980; +91 7841805921; +91 7860590411; +91 7872899175; +91 7927070947; +91 7929760129; +91 7957776246; +91 7958823915; +91 7963633897; +91 7964430191; +91 7971072480; +91 7971090694; +91 8012300175; +91 8023236313; +91 8032477104; +91 8072191753; +91 8075779525; +91 8075780180; +91 8075780508; +91 8075791649; +91 8075792960; +91 8075793615; +91 8075794271; +91 8075794926; +91 8075795254; +91 8075795581; +91 8075807050; +91 8075808033; +91 8075808361; +91 8075808688; +91 8142036187; +91 8167353275; +91 8167363856; +91 8193499175; +91 8213691175; +91 8244917535; +91 8293167896; +91 8297829417; +91 8328641753; +91 8406001283; +91 8417535985; +91 8442117535; +91 8451753598; +91 8484055331; +91 8484088099; +91 8484120867; +91 8484186403; +91 8484284707; +91 8484317475; +91 8484383011; +91 8484448547; +91 8484481315; +91 8484514083; +91 8484612387; +91 8484677923; +91 8484710691; +91 8484743459; +91 8526175359; +91 8589882331; +91 8610933440; +91 8610939699; +91 8698817763; +91 8722681753; +91 8753476351; +91 8896658677; +91 8923337488; +91 8949461753; +91 8959269732; +91 8959429411; +91 8959458869; +91 8959461884; +91 8959463620; +91 8959469977; +91 8962059175; +91 8966765175; +91 8971157717; +91 9048781390; +91 9051503100; +91 9051507491; +91 9055391772; +91 9108189152; +91 9131549985; +91 9131550640; +91 9131551624; +91 9131554573; +91 9131554900; +91 9135617535; +91 9137780293; +91 9155556213; +91 9311878856; +91 9382217535; +91 9423158411; +91 9423160410; +91 9503552175; +91 9549252120; +91 9608246220; +91 9627420680; +91 9629617535; +91 9664917535; +91 9668512175; +91 9685161196; +91 9738451126; +91 9747175359; +91 9749745955; +91 9757541772; +91 9830566332; +91 9837617504; +91 9989761945,,4,SUCCESS,
66d31f2fe4b0da161d5955ab,SKILLIFIED LLP,DIPP176039,RECOGNISED,ACI-3327,Prototype,Nagpur,Maharashtra,Toys and Games,Physical Toys and Games,https://www.skillified.in,,,,OK,,+91 6944116954; +91 6944116955,,1,SUCCESS,
66d2bffce4b0da161d592904,A.G.UPASE CIVIL CONSTRUCTION PRIVATE LIMITED,DIPP175944,RECOGNISED,U42900MH2024PTC425210,Validation,Nagpur,Maharashtra,Construction,Others,https://nill,,,,OK,,,,0,ERROR,"Page.goto: net::ERR_NAME_NOT_RESOLVED at https://nill/
Call log:
  - navigating to ""https://nill/"", waiting until ""domcontentloaded""
"
66d1c5dbe4b0da161d58ee32,SRIKALAHASTI FOOD PRODUCTS (OPC) PRIVATE LIMITED,DIPP175895,RECOGNISED,U10509MH2024OPC421390,Scaling,Nagpur,Maharashtra,Food & Beverages,Food Processing,https://srikalahastifoodproducts.com,,,,OK,,,,0,ERROR,"Page.goto: net::ERR_NAME_NOT_RESOLVED at https://srikalahastifoodproducts.com/
Call log:
  - navigating to ""https://srikalahastifoodproducts.com/"", waiting until ""domcontentloaded""
"
66d04ac4e4b0da161d5857e8,ULTRACHEM INFRA SOLUTIONS PRIVATE LIMITED,DIPP175694,RECOGNISED,U42909MH2024PTC426352,Validation,Nagpur,Maharashtra,Chemicals,Others,https://www.ultrachem.com,,,,OK,cropped-ultrachem_logo@2x-1.png; info@ultrachem.com; ultrachem_logo@2x.png,+91 7312242942; +91 7496969728; +91 8881902342,https://www.linkedin.com/company/ultra-chemical-inc-/,3,SUCCESS,
66cf5c05e4b0da161d582076,SUPERSHEET STEEL PROFILE PRIVATE LIMITED,DIPP175606,RECOGNISED,U74999MH2015PTC267833,Scaling,Nagpur,Maharashtra,Construction,Others,https://www.supersheet.in/,,,,OK,info@supersheet.biz; info@supersheet.in; inquiry@supersheet.biz; inquiry@supersheet.in,+91 6190496671; +91 7374794519; +91 7754301695; +91 7866036327; +91 8949208718; +91 9822362851,,4,SUCCESS,
66c9b84be4b0da161d570f62,MAKEFACE TECHNOLOGIES PRIVATE LIMITED,DIPP175241,RECOGNISED,U62099MH2024PTC426443,Prototype,Nagpur,Maharashtra,Social Network,Others,https://Pratikpetkar231@gmail.com,,,,OK,,+91 8369249702,,1,SUCCESS,
66c9ae6fe4b0da161d570cbe,EIROBAA ELECTRIC VEHICLES PRIVATE LIMITED,DIPP175231,RECOGNISED,U45100MH2024PTC430247,Validation,Nagpur,Maharashtra,Automotive,Electric Vehicles,https://eirobaa.com/,,,,OK,,,,0,ERROR,"Page.goto: net::ERR_NAME_NOT_RESOLVED at https://eirobaa.com/
Call log:
  - navigating to ""https://eirobaa.com/"", waiting until ""domcontentloaded""
"
66c728eae4b0da161d56951c,SUNMARC PAPER INDUSTRY PRIVATE LIMITED,DIPP174986,RECOGNISED,U21099MH2022PTC390906,Scaling,Nagpur,Maharashtra,Waste Management,Others,https://sunmarc.in/,,,,OK,info@industrial.com; nagpur@sunmarc.in,+91 6289295844; +91 6290887627; +91 6290889616; +91 6304011656; +91 6304071277; +91 6304072146; +91 6304072231; +91 6304138408; +91 6304139755; +91 6304794030; +91 6304794292; +91 6304796589; +91 6304797641; +91 6304797771; +91 6304810377; +91 6304810530; +91 6304810824; +91 6305576282; +91 6305576370; +91 6305585709; +91 6309930546; +91 6309930618; +91 6309931210; +91 6309931283; +91 6309998436; +91 6342198046; +91 6342198442; +91 6343636657; +91 6343817871; +91 6804764681; +91 7075195312; +91 7140373901; +91 7140373975; +91 7141991052; +91 7142055753; +91 7195659103; +91 7195659765; +91 7195666650; +91 7195671784; +91 7195682432; +91 7207918470; +91 7207939837; +91 7218252135; +91 7218265168; +91 8004567890; +91 8180305391; +91 8256371021; +91 8420964474; +91 8420965624; +91 8594811882; +91 9189565667; +91 9545862313,,3,SUCCESS,
66c589a7e4b0da161d5627fd,HYPROCON TECH SERVICES PRIVATE LIMITED,DIPP174800,RECOGNISED,U74910MH2022PTC388179,Validation,Nagpur,Maharashtra,House-Hold Services,Others,https://www.fiestaservices.co.in/,,,,OK,suppor@darzata.com; support@fiestaservices.co.in,+91 6111764667; +91 6116626045; +91 6227324606; +91 6237017646; +91 6241047071; +91 6305810049; +91 6319824176; +91 6361853792; +91 6390842759; +91 6484285868; +91 6501764667; +91 6516471099; +91 6518388431; +91 6531162662; +91 6565419176; +91 6598621877; +91 6665417646; +91 6724955567; +91 6925396141; +91 6969554657; +91 6978088507; +91 7012740209; +91 7017274501; +91 7086327931; +91 7127234808; +91 7151725183; +91 7211630321; +91 7217646673; +91 7261998935; +91 7272532802; +91 7278231764; +91 7360139101; +91 7433388230; +91 7560584324; +91 7639533759; +91 7639995117; +91 7654328517; +91 7655853621; +91 7718385017; +91 7725913939; +91 7777471217; +91 7847512670; +91 7872899176; +91 7929760129; +91 8167353275; +91 8169838945; +91 8193499176; +91 8202790837; +91 8251544750; +91 8293167896; +91 8357773527; +91 8386857717; +91 8409355587; +91 8432519798; +91 8451764667; +91 8486774591; +91 8517038710; +91 8526176466; +91 8646551764; +91 8869366487; +91 8923337488; +91 9049870044; +91 9135617646; +91 9174311926; +91 9197480517; +91 9241214176; +91 9326528454; +91 9326528520; +91 9326532681; +91 9326532747; +91 9382217646; +91 9435850561; +91 9503552176; +91 9549252120; +91 9557664817; +91 9622958968; +91 9664917646; +91 9685161196; +91 9688625990; +91 9695213571; +91 9769116972; +91 9972776617,,3,SUCCESS,
66c483bbe4b0da161d55f953,JIVICHEM SYNTHESIS PRIVATE LIMITED,DIPP174744,RECOGNISED,U20299PN2023PTC219164,Prototype,Nagpur,Maharashtra,Chemicals,Specialty Chemicals,https://www.Jivichem.com,,,,OK,,+91 7008394593; +91 7194244604; +91 7989307366; +91 9380863039,,4,SUCCESS,
66c3718ae4b0da161d55bda1,CLIDE CONSULTING (OPC) PRIVATE LIMITED,DIPP174673,RECOGNISED,U70200MH2024OPC419613,Prototype,Nagpur,Maharashtra,Safety,Others,https://clideg.clideanalyser.com,,,,OK,enquiry@clideg.com,+91 6250000000; +91 6474680450; +91 6536911441; +91 6753104074; +91 6874999999; +91 7101627342; +91 7122224488; +91 7247573041; +91 7504857190; +91 7703508649; +91 7812499999; +91 8439567818; +91 8600017966; +91 8806413922; +91 8898097446; +91 8907470703; +91 9208286830; +91 9250837053; +91 9425526460; +91 9859798829; +91 9939400809,https://www.linkedin.com/company/clideg/mycompany/?viewAsMember=true,4,SUCCESS,
66c04d84e4b0eebff778f4db,BIOCARE KMK PRIVATE LIMITED,DIPP174569,RECOGNISED,U46209MH2024PTC428619,Validation,Nagpur,Maharashtra,Agriculture,Others,https://www.biocare.com,,,,OK,,,,0,ERROR,"Page.goto: net::ERR_CERT_DATE_INVALID at https://www.biocare.com/
Call log:
  - navigating to ""https://www.biocare.com/"", waiting until ""domcontentloaded""
"
66bc4baae4b0e0a79682ddf1,ALLIOSTAAR TECHUB LLP,DIPP174261,RECOGNISED,AAO-0396,EarlyTraction,Nagpur,Maharashtra,IT Services,Others,https://ALLIOSTAAR TECHUB LLP,,,,OK,,,,0,ERROR,"Page.goto: net::ERR_NAME_NOT_RESOLVED at https://ALLIOSTAAR TECHUB LLP
Call log:
  - navigating to ""https://ALLIOSTAAR TECHUB LLP"", waiting until ""domcontentloaded""
"
66bb63e2e4b0e0a79682c0c1,SMARF INFORMATION SYSTEM PRIVATE LIMITED,DIPP174234,RECOGNISED,U62099MH2023PTC412608,Validation,Nagpur,Maharashtra,Professional & Commercial Services,Others,https://Glowme.app,,,,OK,,+91 9000064000; +91 9610624619,,1,SUCCESS,
66bb52e7e4b0e0a79682bd06,SHLOK REFVAN SERVICES PRIVATE LIMITED,DIPP174224,RECOGNISED,U74994MH2018PTC314840,Scaling,Nagpur,Maharashtra,Transportation & Storage,Others,https://SHLOK REFVAN SERVICES PRIVATE LIMITED,,,,OK,,,,0,ERROR,"Page.goto: net::ERR_NAME_NOT_RESOLVED at https://SHLOK REFVAN SERVICES PRIVATE LIMITED
Call log:
  - navigating to ""https://SHLOK REFVAN SERVICES PRIVATE LIMITED"", waiting until ""domcontentloaded""
"
66bafd39e4b0c0e46a15899d,INALTS FINSOLVE PRIVATE LIMITED,DIPP174143,RECOGNISED,U66190MH2024PTC420283,Validation,Nagpur,Maharashtra,Finance Technology,Others,https://www.inalts.com,,,,OK,,,,1,SUCCESS,
66b9f935e4b0b38a2e949805,MAHALLE INFRAVENTURES PRIVATE LIMITED,DIPP174086,RECOGNISED,U43900MH2023PTC408444,EarlyTraction,Nagpur,Maharashtra,Construction,Construction & Engineering,https://www.tofler.in/mahalle-infraventures-private-limited/company/U43900MH2023PTC408444,,,,OK,lexroc789@gmail.com; support@tofler.in,+91 6882704603; +91 7866036902; +91 8838473232; +91 9220373148,https://www.linkedin.com/company/tofler/,2,SUCCESS,
66b9d53be4b07afdd018981b,PROJCON - INCONTEXT ENGINEERING AND MANAGEMENT ADVISORS LLP,DIPP174055,RECOGNISED,AAY-7131,Validation,Nagpur,Maharashtra,Professional & Commercial Services,Business Support Services,https://www.theprojcon.com,,,,OK,projconllp@gmail.com,+91 7769069988; +91 7866036923; +91 7866036934; +91 7866036976; +91 7866036991; +91 9422307592,,4,SUCCESS,
66b86c7ee4b0c2c2d5d2a8c7,IYIYK TOY SOLUTIONS PRIVATE LIMITED,DIPP173995,RECOGNISED,U36999MH2023PTC397851,EarlyTraction,Nagpur,Maharashtra,Toys and Games,Physical Toys and Games,https://www.iyiyktoys.com,,,,OK,,,,0,ERROR,"Page.goto: net::ERR_NAME_NOT_RESOLVED at https://www.iyiyktoys.com/
Call log:
  - navigating to ""https://www.iyiyktoys.com/"", waiting until ""domcontentloaded""
"
66b7109be4b0c2c2d5d27409,SHUBHKARTIK VENTURES PRIVATE LIMITED,DIPP173920,RECOGNISED,U55200MH2022PTC378004,Validation,Nagpur,Maharashtra,Professional & Commercial Services,Others,https://shubhkartik.com,,,,OK,,,,1,SUCCESS,
66b1fa14e4b0ec4eca35f325,TRIRIK TECHNOLOGY (OPC) PRIVATE LIMITED,DIPP173525,RECOGNISED,U62013MH2023OPC412552,Prototype,Nagpur,Maharashtra,IT Services,Product Development,https://www.tririktechnology.com/,,,,OK,,,,0,ERROR,"Page.goto: net::ERR_NAME_NOT_RESOLVED at https://www.tririktechnology.com/
Call log:
  - navigating to ""https://www.tririktechnology.com/"", waiting until ""domcontentloaded""
"
66b064dfe4b07936b4731f8f,BIO SPECTRONICS PRIVATE LIMITED,DIPP173342,RECOGNISED,U51909MH2022PTC374856,EarlyTraction,Nagpur,Maharashtra,Healthcare & Lifesciences,Healthcare Technology,https://www.rknec.edu/,,,,OK,,+91 6051999836; +91 6579832212; +91 6854800920; +91 6854802299; +91 6854807243; +91 6861410726; +91 6883651659; +91 6883653197; +91 6883656450; +91 6883658131; +91 6883659180; +91 6883686093; +91 6883793942; +91 6883879240; +91 6883879434; +91 6883924542; +91 7023989966; +91 7130824629; +91 7228240702; +91 7866037085; +91 9182689576; +91 9211443076; +91 9607980531,,2,SUCCESS,
66accc11e4b07936b472a6bb,DRONOLOGY INNOVATIONS PRIVATE LIMITED,DIPP173223,RECOGNISED,U74999MH2022PTC391289,Prototype,Nagpur,Maharashtra,Aeronautics Aerospace & Defence,Drones,https://dronologyinnovations.com/,,,,OK,,,,1,SUCCESS,
66a8e24ce4b07936b471b5e9,KOYABIZZ VENTURES PRIVATE LIMITED,DIPP172946,RECOGNISED,U74999MH2020PTC348857,EarlyTraction,Nagpur,Maharashtra,Waste Management,Others,https://www.koyabizz.in,,,,OK,,,,0,ERROR,"Page.goto: net::ERR_NAME_NOT_RESOLVED at https://www.koyabizz.in/
Call log:
  - navigating to ""https://www.koyabizz.in/"", waiting until ""domcontentloaded""
"
66a87f92e4b07936b4717cbd,NANAK CONSTRUCTION,DIPP173522,RECOGNISED,NGP-13431/2013-14,Validation,Nagpur,Maharashtra,Chemicals,Commodity Chemicals,https://N/A,,,,OK,,,,0,ERROR,"Page.goto: net::ERR_NAME_NOT_RESOLVED at https://n/A
Call log:
  - navigating to ""https://n/A"", waiting until ""domcontentloaded""
"
66a78462e4b07936b4715a10,SPINOFF DIGITAL INDIA PRIVATE LIMITED,DIPP172811,RECOGNISED,U72900MH2017PTC297310,Scaling,Nagpur,Maharashtra,IT Services,Others,https://spinoffindia.com/,,,,OK,info@spinoffindia.com,+91 8956947646; +91 9834518425,https://www.linkedin.com/company/orangebitsindia,4,SUCCESS,
66a4c0b2e4b07936b470ea80,HERHUES ADORNMENT LLP,DIPP172693,RECOGNISED,ACH-3480,Validation,Nagpur,Maharashtra,Fashion,Jewellery,https://NA,,,,OK,,,,0,ERROR,"Page.goto: net::ERR_NAME_NOT_RESOLVED at https://na/
Call log:
  - navigating to ""https://na/"", waiting until ""domcontentloaded""
"
66a49576e4b07936b470de3c,INDINOM FOODS PRIVATE LIMITED,DIPP172673,RECOGNISED,U56100MH2024PTC424141,Scaling,Nagpur,Maharashtra,Food & Beverages,Food Technology/Food Delivery,https://indinomfoods.com/,,,,OK,,,,1,SUCCESS,
66a33cc1e4b07936b4709965,ICAD PUBLICATIONS PRIVATE LIMITED,DIPP172569,RECOGNISED,U22130MH2021PTC359776,Validation,Nagpur,Maharashtra,Education,Others,https://ICAD PUBLICATIONS PRIVATE LIMITED,,,,OK,,,,0,ERROR,"Page.goto: net::ERR_NAME_NOT_RESOLVED at https://ICAD PUBLICATIONS PRIVATE LIMITED
Call log:
  - navigating to ""https://ICAD PUBLICATIONS PRIVATE LIMITED"", waiting until ""domcontentloaded""
"
669e55bfe4b07936b46f7d35,SATTVA AGRO AND DAIRY FOODS EXIM PRIVATE LIMITED,DIPP171756,RECOGNISED,U01611MH2023PTC411141,Validation,Nagpur,Maharashtra,Agriculture,Food Processing,https://www.thecompanycheck.com/company/sattva-agro-and-dairy-foods-exim-private-limited/U01611MH2023PTC411141,,,,OK,john@company.com; name@company.com; support@thecompanycheck.com,+91 7452302757; +91 7817915094; +91 7866008752; +91 8988943213; +91 9876543210; +91 9915764025,https://www.linkedin.com/company/the-company-check/,4,SUCCESS,
669e55aee4b07936b46f7d2a,PIVOTNOW TECH SOLUTIONS PRIVATE LIMITED,DIPP171729,RECOGNISED,U62099PN2023PTC223620,EarlyTraction,Nagpur,Maharashtra,Finance Technology,Payment Platforms,https://www.raze.co.in/,,,,OK,,+91 7084989847; +91 7142857142; +91 7505076194; +91 7505076203; +91 8578643762,https://www.linkedin.com/company/razehq/,4,SUCCESS,
669e432ee4b07936b46f7444,CENTREXCEL BUSINESS SOLUTIONS PRIVATE LIMITED,DIPP170443,RECOGNISED,U62099PN2024PTC230327,Prototype,Nagpur,Maharashtra,IT Services,Application Development,https://NA,,,,OK,,,,0,ERROR,"Page.goto: net::ERR_NAME_NOT_RESOLVED at https://na/
Call log:
  - navigating to ""https://na/"", waiting until ""domcontentloaded""
"
669e3ae1e4b07936b46f6dbe,MKS DIGITECH LLP,DIPP172249,RECOGNISED,ACB-8979,Validation,Nagpur,Maharashtra,Enterprise Software,Collaboration,https://mksdigitech.com/,,,,OK,info@mksdigitech.com,,,3,SUCCESS,
669e3adae4b07936b46f6db7,MAHAKAL TRADEHUB PRIVATE LIMITED,DIPP167035,RECOGNISED,U46699MH2023PTC403919,Scaling,Nagpur,Maharashtra,Construction,Construction Materials,https://NA,,,,OK,,,,0,ERROR,"Page.goto: net::ERR_NAME_NOT_RESOLVED at https://na/
Call log:
  - navigating to ""https://na/"", waiting until ""domcontentloaded""
"
669e2502e4b07936b46f5e92,MD IT INFO PRIVATE LIMITED,DIPP172234,RECOGNISED,U72900MH2020PTC352563,Scaling,Nagpur,Maharashtra,IT Services,Application Development,https://mditinfo.com/,,,,OK,info@mditinfo.com,,https://www.linkedin.com/company/mditinfo/,3,SUCCESS,
669cc01ee4b07936b46efee7,GOPOOL SERVICES PRIVATE LIMITED,DIPP172170,RECOGNISED,U62012MH2024PTC427908,EarlyTraction,Nagpur,Maharashtra,Travel & Tourism,Experiential Travel,https://gopool.app,,,,OK,,,,0,ERROR,"Page.goto: net::ERR_CERT_COMMON_NAME_INVALID at https://gopool.app/
Call log:
  - navigating to ""https://gopool.app/"", waiting until ""domcontentloaded""
"
669a56a3e4b07936b46e74d1,ALTMED EDTECH PRIVATE LIMITED,DIPP172106,RECOGNISED,U85491MH2024PTC425606,EarlyTraction,Nagpur,Maharashtra,Education,E-learning,https://WWW.HOMEOED.IN,,,,OK,homeoedofficial@gmail.com,+91 6482083964; +91 6505390666; +91 6903798929; +91 6940782821; +91 6940825755; +91 6940841138; +91 6940844401; +91 6940844622; +91 7402241072; +91 7402284646; +91 7402285065; +91 7402302130; +91 8669595108; +91 9067713001; +91 9730587070,,3,SUCCESS,
669a3deae4b07936b46e64ba,NAG INFOTECHNOLOGIES PRIVATE LIMITED,DIPP172087,RECOGNISED,U62099MH2023PTC409742,Validation,Nagpur,Maharashtra,IT Services,Others,https://NAG INFOTECHNOLOGIES PRIVATE LIMITED,,,,OK,,,,0,ERROR,"Page.goto: net::ERR_NAME_NOT_RESOLVED at https://NAG INFOTECHNOLOGIES PRIVATE LIMITED
Call log:
  - navigating to ""https://NAG INFOTECHNOLOGIES PRIVATE LIMITED"", waiting until ""domcontentloaded""
"
669683cae4b07936b46d3504,PN POLYALLOY & METAL FINISHER (OPC) PRIVATE LIMITED,DIPP171867,RECOGNISED,U22209MH2024OPC428316,Validation,Nagpur,Maharashtra,Automotive,"Auto, Truck & Motorcycle Parts",https://PN POLYALLOY &amp; METAL FINISHER (OPC) PRIVATE LIMITED,,,,OK,,,,0,ERROR,"Page.goto: net::ERR_NAME_NOT_RESOLVED at https://PN POLYALLOY &amp; METAL FINISHER (OPC) PRIVATE LIMITED
Call log:
  - navigating to ""https://PN POLYALLOY &amp; METAL FINISHER (OPC) PRIVATE LIMITED"", waiting until ""domcontentloaded""
"
66964aefe4b07936b46d1b46,SWASTHAVYAS EMERGENCY LLP,DIPP171842,RECOGNISED,ACF-3321,Validation,Nagpur,Maharashtra,Healthcare & Lifesciences,Healthcare IT,https://ezambulance.vercel.app/,,,,OK,acme-1@2x.png; apex-1@2x.png; celestia-1@2x.png; echo-1@2x.png; lines@2x.png; pulse-1@2x.png; quantum-1@2x.png; rectangle-1-1@2x.png; rectangle-11@2x.png; rectangle-1@2x.png; screenshot-20240713-at-44106pm-1@2x.png,,,2,SUCCESS,
669606bce4b07936b46ce841,GEN XCELERATE EVENTS LLP,DIPP171771,RECOGNISED,ACG-9237,Prototype,Nagpur,Maharashtra,Events,Others,https://www.outoftheboxexpo.in,,,,OK,,,,0,ERROR,"Page.goto: net::ERR_NAME_NOT_RESOLVED at https://www.outoftheboxexpo.in/
Call log:
  - navigating to ""https://www.outoftheboxexpo.in/"", waiting until ""domcontentloaded""
"
66951718e4b07936b46ccdbf,DIALECTAI TECHNOLOGIES PRIVATE LIMITED,DIPP171745,RECOGNISED,U58201MH2023PTC407906,EarlyTraction,Nagpur,Maharashtra,AI,Machine Learning,https://www.dialectai.tech,,,,OK,info@dialectai.tech,+91 8275862068; +91 9028211048,https://www.linkedin.com/company/dialectai-technologies-private-limited,3,SUCCESS,
66935acee4b01cb6e0d00499,STHAYI INNOLUTIONS LLP,DIPP171636,RECOGNISED,ACG-7674,Validation,Nagpur,Maharashtra,Healthcare & Lifesciences,Medical Devices Biomedical,https://www.sthayi.in(not yet deployed),,,,OK,,,,0,ERROR,"Page.goto: net::ERR_NAME_NOT_RESOLVED at https://www.sthayi.in(not yet deployed)
Call log:
  - navigating to ""https://www.sthayi.in(not yet deployed)"", waiting until ""domcontentloaded""
"
669256d9e4b01cb6e0cfe8c7,GOLSTAR INDUSTRIES PRIVATE LIMITED,DIPP171598,RECOGNISED,U31900MH2022PTC391490,Validation,Nagpur,Maharashtra,Renewable Energy,Manufacture of Electrical Equipment,https://GOLSTAR INDUSTRIES PRIVATE LIMITED,,,,OK,,,,0,ERROR,"Page.goto: net::ERR_NAME_NOT_RESOLVED at https://GOLSTAR INDUSTRIES PRIVATE LIMITED
Call log:
  - navigating to ""https://GOLSTAR INDUSTRIES PRIVATE LIMITED"", waiting until ""domcontentloaded""
"
668fb1d9e4b014c9a9a290c4,CDBE TECHNOLOGIES PRIVATE LIMITED,DIPP171370,RECOGNISED,U62099MH2023PTC409819,EarlyTraction,Nagpur,Maharashtra,Enterprise Software,Collaboration,https://www.cube.ms/,,,,OK,hello@cube.ms; sales@cube.ms; support@cube.ms,+91 6223849372; +91 6428571428; +91 6504751772; +91 6643877480; +91 6655603618; +91 6668248947; +91 6805149316; +91 6805149326; +91 6805149335; +91 6805149377; +91 6805149378; +91 6805149395; +91 6824362521; +91 6920415224; +91 7000122070; +91 7009277343; +91 7580356365; +91 7753788515; +91 7866038206; +91 7866038210; +91 7866038228; +91 7866038229; +91 7866038246; +91 7866038248; +91 8019093932; +91 8032006920; +91 8305865705; +91 8333333333; +91 8410041841; +91 8659999966; +91 8660253882; +91 8806881908; +91 8919131164; +91 9000396728; +91 9100341796; +91 9191311641; +91 9208859938; +91 9333333333; +91 9804358522; +91 9807610511; +91 9821428571; +91 9998533725; +91 9999706745,https://www.linkedin.com/company/cube-ms/,4,SUCCESS,
668d538ae4b014c9a9a20575,ANAGHA-AJINKYA INDUSTRIES PRIVATE LIMITED,DIPP171203,RECOGNISED,U27200MH2024PTC427310,Validation,Nagpur,Maharashtra,Renewable Energy,Manufacture of Electrical Equipment,https://NA,,,,OK,,,,0,ERROR,"Page.goto: net::ERR_NAME_NOT_RESOLVED at https://na/
Call log:
  - navigating to ""https://na/"", waiting until ""domcontentloaded""
"
6687b77ae4b014c9a9a0e9a2,OXXYCAFE BHARAT PRIVATE LIMITED,DIPP170804,RECOGNISED,U96092MH2024PTC424401,EarlyTraction,Nagpur,Maharashtra,Pets & Animals,Others,https://NA,,,,OK,,,,0,ERROR,"Page.goto: net::ERR_NAME_NOT_RESOLVED at https://na/
Call log:
  - navigating to ""https://na/"", waiting until ""domcontentloaded""
"
668663dde4b014c9a9a09563,RUDRA TRANSBLUE PRIVATE LIMITED,DIPP170697,RECOGNISED,U52290MH2024PTC420116,Prototype,Nagpur,Maharashtra,Automotive,Others,https://rudratransblue.com/lander,,,,OK,,,,0,ERROR,"Page.goto: net::ERR_NAME_NOT_RESOLVED at https://rudratransblue.com/lander
Call log:
  - navigating to ""https://rudratransblue.com/lander"", waiting until ""domcontentloaded""
"
668648a3e4b014c9a9a087ac,INDIGROW AGROTECH PRIVATE LIMITED,DIPP170676,RECOGNISED,U15490MH2021PTC367672,EarlyTraction,Nagpur,Maharashtra,Agriculture,Agri-Tech,https://www.indigrow.in,,,,OK,info@indigrow.in,+91 6214203215; +91 6510289582; +91 7310056272; +91 7418490799; +91 7786060060; +91 8605915365,,4,SUCCESS,
6684fe7ee4b05ec08d227f00,PAKHMODE PREWORKS INDIA PRIVATE LIMITED,DIPP170552,RECOGNISED,U43900MH2023PTC410779,Prototype,Nagpur,Maharashtra,Construction,Others,https://www.preworks.in,,,,OK,,,,0,ERROR,"Page.goto: net::ERR_ABORTED at https://www.preworks.in/
Call log:
  - navigating to ""https://www.preworks.in/"", waiting until ""domcontentloaded""
"
6681a150e4b05a5f46de96bd,EDGYPIXELZ STUDIOS PRIVATE LIMITED,DIPP170299,RECOGNISED,U58203MH2024PTC419194,Validation,Nagpur,Maharashtra,Toys and Games,Virtual Games,https://lnkd.in/gR2S6V8m,,,,OK,,,,1,SUCCESS,
667d7c32e4b095452164ffce,TAPI TECHNOSERVES PRIVATE LIMITED,DIPP170056,RECOGNISED,U72900MH2022PTC395763,EarlyTraction,Nagpur,Maharashtra,AI,Others,https://tapitechnoserves.in,,,,OK,,,,0,ERROR,"Page.goto: net::ERR_CERT_COMMON_NAME_INVALID at https://tapitechnoserves.in/
Call log:
  - navigating to ""https://tapitechnoserves.in/"", waiting until ""domcontentloaded""
"
667be89ce4b03320a747dc69,PARENTING INNOVATIONS PRIVATE LIMITED,DIPP169866,RECOGNISED,U46909MH2024PTC419162,EarlyTraction,Nagpur,Maharashtra,Retail,Retail Technology,https://www.TwinsTribe.in,,,,OK,hello@twinstribe.in; nikita@twinstribe.in; ruchika@twinstribe.in,+91 6013199940; +91 6041817104; +91 6045327292; +91 6047637425; +91 6108645415; +91 6158381352; +91 6168581171; +91 6194765417; +91 6214064430; +91 6251393669; +91 6258542146; +91 6315591743; +91 6395042171; +91 6397103128; +91 6424464851; +91 6454108107; +91 6456668086; +91 6518388431; +91 6551355694; +91 6631537266; +91 6657995717; +91 6688185374; +91 6711581782; +91 6721898817; +91 6731047084; +91 6750664104; +91 6765387617; +91 6786317751; +91 6786327582; +91 6786789611; +91 6786796164; +91 6786802718; +91 6820874251; +91 6863980317; +91 6875092117; +91 6925396141; +91 6955317104; +91 6969171049; +91 6985596534; +91 6986766168; +91 7012034498; +91 7099584780; +91 7116186799; +91 7130178726; +91 7133432786; +91 7177913489; +91 7205651834; +91 7234107901; +91 7245089517; +91 7248205600; +91 7360369289; +91 7405117104; +91 7489271710; +91 7493609391; +91 7546221171; +91 7560227204; +91 7560584324; +91 7579931817; +91 7604824433; +91 7618966726; +91 7635801710; +91 7686254800; +91 7703006443; +91 7718385017; +91 7761329182; +91 7793644255; +91 7835217104; +91 7865533497; +91 7866038566; +91 7866038570; +91 7866038600; +91 7866038619; +91 7872899171; +91 7908974317; +91 7943367688; +91 7958823915; +91 7991970094; +91 8011827970; +91 8064323917; +91 8087773020; +91 8156410250; +91 8217104971; +91 8317104971; +91 8363567467; +91 8422581385; +91 8441846574; +91 8585525171; +91 8591329478; +91 8616875643; +91 8631488117; +91 8684966437; +91 8758171049; +91 8778985570; +91 8781998382; +91 8822641651; +91 8828889467; +91 8833082844; +91 8841861710; +91 8886121710; +91 8920744171; +91 9018436944; +91 9018447593; +91 9034039741; +91 9045487223; +91 9061710497; +91 9065975513; +91 9095878803; +91 9100958447; +91 9121741008; +91 9128854120; +91 9181696628; +91 9218682526; +91 9257285150; +91 9303911939; +91 9305435613; +91 9343462474; +91 9357984171; +91 9404671710; +91 9407496389; +91 9408162171; +91 9412722223; +91 9418650926; +91 9449634302; +91 9466161677; +91 9480014692; +91 9503552171; +91 9535800478; +91 9550217104; +91 9619727089; +91 9633941750; +91 9667862921; +91 9685161196; +91 9715228573; +91 9721571934; +91 9722597636; +91 9728509018; +91 9763671625; +91 9783131537; +91 9796423549; +91 9805390020; +91 9821664558; +91 9826422194; +91 9830527140; +91 9831973585; +91 9842867470; +91 9875259717; +91 9892911948; +91 9939339171; +91 9953764654,https://www.linkedin.com/in/nikitaagarwal04/; https://www.linkedin.com/in/ruchika-agrawal-b50661a/,3,SUCCESS,
66799cdce4b0ecbc9c2f6bb7,GROWLOGIC TECHNOLOGIES PRIVATE LIMITED,DIPP169672,RECOGNISED,U62013MH2024PTC421402,Validation,Nagpur,Maharashtra,IT Services,Others,https://growlogic.in/,,,,OK,,+91 6902341000; +91 8746033996,,1,SUCCESS,
66767993e4b0facc95a653dd,MRPRINT WORLD PRIVATE LIMITED,DIPP169483,RECOGNISED,U18115MH2024PTC422637,Prototype,Nagpur,Maharashtra,Professional & Commercial Services,Commercial Printing Services,https://NA,,,,OK,,,,0,ERROR,"Page.goto: net::ERR_NAME_NOT_RESOLVED at https://na/
Call log:
  - navigating to ""https://na/"", waiting until ""domcontentloaded""
"
6674162de4b0d5f6c8bc48b7,ORANGEBITS SOFTWARE TECHNOLOGIES (INDIA) PRIVATE LIMITED,DIPP169314,RECOGNISED,U72900MH2016PTC284215,Scaling,Nagpur,Maharashtra,IT Services,Others,https://www.orangebitsindia.com/,,,,OK,info@orangebitsindia.com,+91 6440743083; +91 7010940558; +91 7047857214; +91 8461538461; +91 8571428571; +91 8956947646; +91 9357144204,https://www.linkedin.com/company/orangebitsindia/; https://www.linkedin.com/in/abhijit-dehadrai-a3811816/; https://www.linkedin.com/in/dhwani-mehta-32663ba/; https://www.linkedin.com/in/divisha-vasani-566b19a3/; https://www.linkedin.com/in/nikunj-patriwala-4684b410b/; https://www.linkedin.com/in/parag-deote-1499b559/; https://www.linkedin.com/in/pratik-bhurake-1763401ab/; https://www.linkedin.com/in/rachana-m-53264817/; https://www.linkedin.com/in/rajesh-watkar-929043104/; https://www.linkedin.com/in/sachin-admane-38a15872/; https://www.linkedin.com/in/sachin-mahajan1986/; https://www.linkedin.com/in/sandeepdogra-uiuxdesign/,3,SUCCESS,
66717630e4b0d5f6c8bbc0e6,KHOJ COMMODITIES PRIVATE LIMITED,DIPP165368,RECOGNISED,U58191MH2024PTC420951,Scaling,Nagpur,Maharashtra,Agriculture,Agri-Tech,https://khoj.app/,,,,OK,hello@khoj.app,+91 7142857142; +91 8459714096; +91 9184597140,,2,SUCCESS,
66713509e4b09f055b632a46,PRANIL LOGISTICS PRIVATE LIMITED,DIPP169023,RECOGNISED,U52241MH2024PTC421993,Scaling,Nagpur,Maharashtra,Transportation & Storage,Freight & Logistics Services,http://Www.pranillogistics.com,,,,OK,sunilkumar@pranillogistics-com-541507.hostingersite.com; sunilkumar@pranilogistics.com; support@enovathemes.com,+91 7145632165; +91 7145634781; +91 7145634927; +91 7145635435; +91 7145642630; +91 7145642812; +91 7145642984; +91 7145643147; +91 7146248388; +91 7146248550; +91 7146248703; +91 7146248844; +91 7146249045; +91 7146249132; +91 7146249771; +91 7146249892; +91 7146250100; +91 7146250372; +91 7146250960; +91 7146251210; +91 7146468951; +91 7379622337; +91 7400742616; +91 7447094640; +91 8103982616; +91 8799383757; +91 8799418069; +91 8799455719; +91 9125959112,,3,SUCCESS,
667051f5e4b09f055b630fc8,MECHHELP PRIVATE LIMITED,DIPP168985,RECOGNISED,U45200MH2023PTC415401,EarlyTraction,Nagpur,Maharashtra,Automotive,Others,https://mechhelp.vercel.app/,,,,OK,,,,1,SUCCESS,
66701699e4b0bd5d3c2e602c,SRW WIRES &amp; CABLES PRIVATE LIMITED,DIPP168942,RECOGNISED,U27320MH2023PTC408448,Validation,Nagpur,Maharashtra,Technology Hardware,Manufacturing,http://www.srwwirescables.com,,,,OK,,,,0,ERROR,"Page.goto: net::ERR_NAME_NOT_RESOLVED at http://www.srwwirescables.com/
Call log:
  - navigating to ""http://www.srwwirescables.com/"", waiting until ""domcontentloaded""
"
666ad162e4b0bd5d3c2d8d35,TASKEASE MULTI SOLUTIONS PRIVATE LIMITED,DIPP168617,RECOGNISED,U46520MH2024PTC423260,Validation,Nagpur,Maharashtra,Security Solutions,Home Security solutions,https://TASKEASE MULTI SOLUTIONS PRIVATE LIMITED,,,,OK,,,,0,ERROR,"Page.goto: net::ERR_NAME_NOT_RESOLVED at https://TASKEASE MULTI SOLUTIONS PRIVATE LIMITED
Call log:
  - navigating to ""https://TASKEASE MULTI SOLUTIONS PRIVATE LIMITED"", waiting until ""domcontentloaded""
"
66698b63e4b0bd5d3c2d0056,ARCHIS HEALTH CARE PRIVATE LIMITED,DIPP168492,RECOGNISED,U51397MH2022PTC391259,Validation,Nagpur,Maharashtra,Healthcare & Lifesciences,Pharmaceutical,https://ARCHIS HEALTH CARE PRIVATE LIMITED,,,,OK,,,,0,ERROR,"Page.goto: net::ERR_NAME_NOT_RESOLVED at https://ARCHIS HEALTH CARE PRIVATE LIMITED
Call log:
  - navigating to ""https://ARCHIS HEALTH CARE PRIVATE LIMITED"", waiting until ""domcontentloaded""
"
6666d0bbe4b0bd5d3c2bdabd,THINKONIC SOFTWARE PRIVATE LIMITED,DIPP168196,RECOGNISED,U74999MH2017PTC295090,Scaling,Nagpur,Maharashtra,IT Services,Application Development,https://THINKONIC SOFTWARE PRIVATE LIMITED,,,,OK,,,,0,ERROR,"Page.goto: net::ERR_NAME_NOT_RESOLVED at https://THINKONIC SOFTWARE PRIVATE LIMITED
Call log:
  - navigating to ""https://THINKONIC SOFTWARE PRIVATE LIMITED"", waiting until ""domcontentloaded""
"
66632d3ce4b0c35880da94b9,PASHAAN TECHNOLOGIES PRIVATE LIMITED,DIPP168019,RECOGNISED,U74999MH2020PTC337557,EarlyTraction,Nagpur,Maharashtra,Aeronautics Aerospace & Defence,Drones,https://www.dreaminnovators.in,,,,OK,,,,0,ERROR,"Page.goto: net::ERR_NAME_NOT_RESOLVED at https://www.dreaminnovators.in/
Call log:
  - navigating to ""https://www.dreaminnovators.in/"", waiting until ""domcontentloaded""
"
6661bda5e4b064981a551eb6,AYURAFIT ORGANICS PRIVATE LIMITED,DIPP167865,RECOGNISED,U21001MH2024PTC420829,Validation,Nagpur,Maharashtra,Food & Beverages,Food Technology/Food Delivery,https://www.ayurafitorganisc.com,,,,OK,,,,0,ERROR,"Page.goto: net::ERR_NAME_NOT_RESOLVED at https://www.ayurafitorganisc.com/
Call log:
  - navigating to ""https://www.ayurafitorganisc.com/"", waiting until ""domcontentloaded""
"
6661b0d1e4b064981a551c44,STARTUPHUSTLER PRIVATE LIMITED,DIPP167853,RECOGNISED,U47219MH2023PTC411045,Scaling,Nagpur,Maharashtra,Food & Beverages,Food Technology/Food Delivery,https://www.pohewala.com,,,,OK,pohewalacare@gmail.com,+91 6303993361; +91 6313292354; +91 6668507901; +91 6867076458; +91 6933314920; +91 6960066389; +91 7891818947; +91 7936913385; +91 8599564173; +91 8888843354; +91 9552714131; +91 9923000480,,3,SUCCESS,
665963eee4b06e49b59f7dba,SHUBHAM SYNDICATE LLP,DIPP167219,RECOGNISED,AAG-5095,Scaling,Nagpur,Maharashtra,Chemicals,Specialty Chemicals,https://SHUBHAM SYNDICATE LLP,,,,OK,,,,0,ERROR,"Page.goto: net::ERR_NAME_NOT_RESOLVED at https://SHUBHAM SYNDICATE LLP
Call log:
  - navigating to ""https://SHUBHAM SYNDICATE LLP"", waiting until ""domcontentloaded""
"
66544fe8e4b0608c0b1876d7,ARJAVAM AEROSPACE (OPC) PRIVATE LIMITED,DIPP166803,RECOGNISED,U52230MH2024OPC424288,Validation,Nagpur,Maharashtra,Aeronautics Aerospace & Defence,Aviation & Others,https://arjavamaerospace.com/,,,,OK,filler@godaddy.com; flightops@arjavamaerospace.com; lemonad@jovanny.ru,+91 7806325757; +91 9077168477; +91 9199039992; +91 9903999262,,2,SUCCESS,
6651dd6be4b0608c0b181de1,AROTALK GLOBAL PRIVATE LIMITED,DIPP166733,RECOGNISED,U74999MH2018PTC311159,Scaling,Nagpur,Maharashtra,IT Services,IT Consulting,https://arotalk.com,,,,OK,info@arotalk.com,+91 6049727048; +91 7446820779; +91 7491293797; +91 7512659418; +91 8050875521; +91 8482841413; +91 9123359491; +91 9544249722; +91 9597080559,https://www.linkedin.com/company/arotalk,4,SUCCESS,
6651cc8ee4b0608c0b1818f3,BRAHMAVEDA AYURVED PRIVATE LIMITED,DIPP166718,RECOGNISED,U21003MH2024PTC421019,Validation,Nagpur,Maharashtra,Healthcare & Lifesciences,Health & Wellness,https://brahmaveda.com/,,,,OK,contact@brahmaveda.com,+91 6156382823; +91 7192114857; +91 7521639692,https://www.linkedin.com/in/brahnaveda-ayurved-private-limited-1866aa34b?lipi=urn%3Ali%3Apage%3Ad_flagship3_profile_view_base_contact_details%3BEhZN%2Frm9QuGLQLrTv7hWtQ%3D%3D,4,SUCCESS,
664de08de4b0608c0b1731e8,VLGS TECHNOLOGIES PRIVATE LIMITED,DIPP166432,RECOGNISED,U43122PN2024PTC230496,EarlyTraction,Nagpur,Maharashtra,Analytics,Data Science,https://NA,,,,OK,,,,0,ERROR,"Page.goto: net::ERR_NAME_NOT_RESOLVED at https://na/
Call log:
  - navigating to ""https://na/"", waiting until ""domcontentloaded""
"
664af693e4b0608c0b16a29e,COLLECTIVE PRAXIS DPM LLP,DIPP166101,RECOGNISED,ACG-5340,EarlyTraction,Nagpur,Maharashtra,Architecture Interior Design,Others,https://www.thecollectivepraxis.in,,,,OK,18d2f96d279149989b95faf0a4b41882@sentry-next.wixpress.com; 2062d0a4929b45348643784b5cb39c36@sentry.wixpress.com; 5d1795a2db124a268f1e1bd88f503500@sentry.wixpress.com; 605a7baede844d278b89dc95ae0a9123@sentry-next.wixpress.com; bfb679c754744c58a7374ee6e25cfc13@sentry.wixpress.com; example@mysite.com; studio@thecollectivepraxis.in,+91 6149744501; +91 6247622137; +91 6282146654; +91 6343436259; +91 6445767671; +91 6458600687; +91 6471433704; +91 6484266721; +91 6598737231; +91 6634156357; +91 6659822391; +91 6916996047; +91 7026258150; +91 7543859649; +91 7567492980; +91 7614871541; +91 7621047430; +91 7708333333; +91 7861223071; +91 7864981757; +91 7905138339; +91 7949561403; +91 8000247035; +91 8041007905; +91 8102766798; +91 8151079390; +91 8234210526; +91 8234306355; +91 8333333333; +91 8352774113; +91 8410672853; +91 8461538461; +91 8638833992; +91 8666666666; +91 8749999999; +91 8761595233; +91 8766839844; +91 8888770848; +91 8891833439; +91 8979166666; +91 9022974308; +91 9051383399; +91 9089433293; +91 9195185300; +91 9220917692; +91 9288537549; +91 9318219385; +91 9518530055; +91 9584980237; +91 9649122807; +91 9690239516; +91 9941995362; +91 9964391920,https://www.linkedin.com/company/collectivepraxis/,2,SUCCESS,
6648975ae4b0608c0b166dc5,RAJOLI ADVISORY SERVICES PRIVATE LIMITED,DIPP166047,RECOGNISED,U74999MH2018PTC317214,Scaling,Nagpur,Maharashtra,Professional & Commercial Services,Business Support Services,https://NO WEBSITE,,,,OK,,,,0,ERROR,"Page.goto: net::ERR_NAME_NOT_RESOLVED at https://NO WEBSITE
Call log:
  - navigating to ""https://NO WEBSITE"", waiting until ""domcontentloaded""
"
66477190e4b0608c0b164880,CORPOSENT PHARMACEUTICAL PRIVATE LIMITED,DIPP165962,RECOGNISED,U24239MH2023PTC396691,EarlyTraction,Nagpur,Maharashtra,Healthcare & Lifesciences,Pharmaceutical,https://www.corposent.com,,,,OK,,,,0,ERROR,"Page.goto: net::ERR_NAME_NOT_RESOLVED at https://www.corposent.com/
Call log:
  - navigating to ""https://www.corposent.com/"", waiting until ""domcontentloaded""
"
66435c05e4b0608c0b1595f5,MS. DVS MINING INFRA PRIVATE LIMITED,DIPP165640,RECOGNISED,U14200MH2022PTC383239,Prototype,Nagpur,Maharashtra,Renewable Energy,Others,https://info@dvsmining.com,,,,OK,,,,1,SUCCESS,
664349a3e4b08b3dcd0bb125,SIDRTREE AUTOMATION PRIVATE LIMITED,DIPP165618,RECOGNISED,U46593MH2023PTC398262,Scaling,Nagpur,Maharashtra,Chemicals,Others,https://WWW.SIDRTREE.COM,,,,OK,,,,0,ERROR,"Page.goto: net::ERR_CONNECTION_CLOSED at https://www.sidrtree.com/
Call log:
  - navigating to ""https://www.sidrtree.com/"", waiting until ""domcontentloaded""
"
6642404de4b02a1359266843,GUT-BUDDY HEALTHCARE SERVICES PRIVATE LIMITED,DIPP165536,RECOGNISED,U46497MH2023PTC407243,EarlyTraction,Nagpur,Maharashtra,Healthcare & Lifesciences,Health & Wellness,https://www.gut-buddy.com,,,,OK,,,,0,ERROR,"Page.goto: net::ERR_ABORTED at https://www.gut-buddy.com/
Call log:
  - navigating to ""https://www.gut-buddy.com/"", waiting until ""domcontentloaded""
"
66411010e4b02a1359262f6f,DATAVENTICS SOFTWARE SOLUTIONS PRIVATE LIMITED,DIPP165442,RECOGNISED,U62012MH2023PTC399827,Prototype,Nagpur,Maharashtra,IT Services,Product Development,https://www.dataventics.com,,,,OK,info@dataventics.com,+91 9270482746,https://www.linkedin.com/company/dataventics/,2,SUCCESS,
663b607de4b00265e00a49d0,OM PRECAST AND PROJECTS PRIVATE LIMITED,DIPP165045,RECOGNISED,U45400MH2022PTC385525,Validation,Nagpur,Maharashtra,Construction,Construction & Engineering,https://www.teamatharva.in,,,,OK,,,,1,SUCCESS,
663b5ac6e4b00265e00a45d1,DURA COMPOSITES PRIVATE LIMITED,DIPP165034,RECOGNISED,U25119MH2024PTC416941,Validation,Nagpur,Maharashtra,Construction,New-age Construction Technologies,https://www.duracomposites.com/,,,,OK,accounts@duracomposites.com; info@duracomposites.com,+91 6045224336; +91 6718070984; +91 6820484485; +91 6845288913; +91 7304921435; +91 7344201443; +91 7677423577; +91 7872338873; +91 7914659041; +91 7927948763; +91 7952153690; +91 7970437455; +91 7984060957; +91 8017448425; +91 8033881768; +91 8038804729; +91 8040665061; +91 8046660991; +91 8088151429; +91 8088856132; +91 8092353360; +91 8101244136; +91 8127294903; +91 8149602507; +91 8158809885; +91 8299511332; +91 8409090141; +91 8457003072; +91 8458417032; +91 8466012369; +91 8467236568; +91 8550741104; +91 8577269050; +91 8823269560; +91 8948996227; +91 9057916964; +91 9507014324; +91 9810949325; +91 9860808995,https://www.linkedin.com/company/dura-composites; https://www.linkedin.com/in/antony-theobold-bb91203b/; https://www.linkedin.com/in/dean-fuller-003b7a63/; https://www.linkedin.com/in/stuart-burns-2408789/; https://www.linkedin.com/in/tom-bowman-59b050161/,4,SUCCESS,
663b3d5de4b00265e00a37e2,MAHACHAI PRIVATE LIMITED,DIPP164996,RECOGNISED,U15134MH2020PTC342169,Validation,Nagpur,Maharashtra,Food & Beverages,Food Processing,https://www.mahachai.in/,,,,OK,info@mahachai.in,+91 7667492511; +91 7866039685; +91 7866039694; +91 7866039729; +91 8007885000; +91 8046658687; +91 8117863653; +91 8896605831,https://in.linkedin.com/company/maha-chai-india,3,SUCCESS,
663b2f41e4b00265e00a3310,TS SWITCH E-RIDE PRIVATE LIMITED,DIPP164988,RECOGNISED,U62013MH2024PTC417647,EarlyTraction,Nagpur,Maharashtra,Passenger Experience,Others,https://www.switcheride.com,,,,OK,,,,1,SUCCESS,
66373a21e4b0cdd2e3dde5da,UNIKISAN AGROTECH PRIVATE LIMITED,DIPP164773,RECOGNISED,U01114MH2024PTC424324,EarlyTraction,Nagpur,Maharashtra,Agriculture,Agri-Tech,https://www.unikisan.com,,,,OK,,+91 6252463331; +91 6422618488; +91 6564971199; +91 7075195312; +91 7494332021; +91 7496969728; +91 7573323346; +91 7687293411; +91 8180305391; +91 8256371021; +91 9545862313,,3,SUCCESS,
663610bce4b0cdd2e3ddce48,ASTROVERSE TECHNOLOGIES PRIVATE LIMITED,DIPP164723,RECOGNISED,U72900MH2022PTC377723,EarlyTraction,Nagpur,Maharashtra,AI,Machine Learning,https://www.melooha.com/,,,,OK,support@melooha.com,+91 6199998855; +91 6200027465; +91 6463635344; +91 7033901214; +91 7071067690; +91 7200000286; +91 7866040130; +91 7866040162; +91 7909611961; +91 7992401123; +91 7999725341; +91 7999916076; +91 8500099182; +91 8500414120; +91 8509800434; +91 8986663818; +91 9216266472; +91 9696361820; +91 9997558593; +91 9999992847,https://www.linkedin.com/company/melooha/; https://www.linkedin.com/company/melooha/?originalSubdomain=in,3,SUCCESS,
66349b85e4b0cdd2e3dd98a8,ROOTSECURED CONSULTANT PRIVATE LIMITED,DIPP164581,RECOGNISED,U62099PN2024PTC227663,Validation,Nagpur,Maharashtra,Security Solutions,Cyber Security,https://www.rootsecured.com/,,,,OK,connect@rootsecured.com; slakhpatani@gmail.com,+91 6313425541; +91 6313434338; +91 6776446782; +91 6935895335; +91 7909301741; +91 8981374626; +91 9179093017,https://www.linkedin.com/company/rootsecured7/posts/?feedView=all,4,SUCCESS,
66337a6fe4b0cdd2e3dd70d3,SACRET POWER TO-X PRIVATE LIMITED,DIPP164532,RECOGNISED,U40106PN2022PTC208153,Prototype,Nagpur,Maharashtra,Renewable Energy,Renewable Energy Solutions,https://sacretpowertox.com/,,,,OK,,,,0,ERROR,"Page.goto: net::ERR_NAME_NOT_RESOLVED at https://sacretpowertox.com/
Call log:
  - navigating to ""https://sacretpowertox.com/"", waiting until ""domcontentloaded""
"
663223cce4b0cdd2e3dd3251,KOLBA ORGANICS LLP,DIPP164433,RECOGNISED,ACE-2473,EarlyTraction,Nagpur,Maharashtra,Agriculture,Organic Agriculture,https://www.nativ.in,,,,OK,you@company.com,,,1,SUCCESS,
662f5cc1e4b0cdd2e3dca966,PROBUZ TECHNOLOGIES PRIVATE LIMITED,DIPP164164,RECOGNISED,U72200MH2021PTC361137,Scaling,Nagpur,Maharashtra,IT Services,IT Management,https://probuztech.in/,,,,OK,finance@probuztech.com; hr@probuztech.com; info@probuztech.com; jobs@probuz.co.in; support@probuztech.com,+91 7866040354; +91 7866040363; +91 7866040372; +91 7866040382; +91 7875006677; +91 8069061345; +91 9178085984,https://www.linkedin.com/company/probuz-technologies,4,SUCCESS,
662b9ac0e4b0cdd2e3dc3ad4,ECO-SPOON PRODUCTS PRIVATE LIMITED,DIPP164006,RECOGNISED,U17092MH2023PTC400656,Prototype,Nagpur,Maharashtra,Waste Management,Others,https://www.ecospoon.co.in,,,,OK,enquiry@ecospoon.co.in,+91 7489831001; +91 7496969728; +91 9174898310,,3,SUCCESS,
662b86d6e4b0cdd2e3dc34d4,GRITZEST TECHNOLOGIES PRIVATE LIMITED,DIPP163989,RECOGNISED,U63999PN2023PTC225302,Validation,Nagpur,Maharashtra,IT Services,Others,http://www.gritzest.com/,,,,OK,,+91 6321318423; +91 7003211169; +91 7209964578; +91 7245386807; +91 7549617605; +91 7581993319; +91 7647876628; +91 7755969133; +91 8671779182; +91 9736681135,https://linkedin.com/company/gritzest,4,SUCCESS,
662b62ede4b0cdd2e3dc2a1a,MAYTAS INFRAVENTURES PRIVATE LIMITED,DIPP163956,RECOGNISED,U45309MH2022PTC393704,Validation,Nagpur,Maharashtra,Construction,Homebuilding,https://www.mca.gov.in/content/mca/global/en/mca/master-data/MDS/company-master-info.html,,,,OK,appl.helpdesk@mca.gov.in; cvo-mca@gov.in; edit-tools@2x.png; minus@2x.png; plus@2x.png,+91 6109068273; +91 6142450414; +91 6142455375; +91 6161495986; +91 6197668485; +91 6201397811; +91 6291132941; +91 6309571137; +91 6456921346; +91 6456928412; +91 6456934341; +91 6456937874; +91 6456938971; +91 6963278619; +91 6963304101; +91 7059418816; +91 7110109340; +91 7120350883; +91 7146230280; +91 7679694561; +91 7691866327; +91 7754735508; +91 7796698925; +91 7830993708; +91 7845392263; +91 7980100216; +91 9204416194; +91 9582966893; +91 9594158241,https://www.linkedin.com/company/mca21india/,4,SUCCESS,
66279dafe4b0cdd2e3db8de3,VIDYA WAREHOUSING PRIVATE LIMITED,DIPP163641,RECOGNISED,U52109MH2024PTC417868,Validation,Nagpur,Maharashtra,Transportation & Storage,Others,https://NA,,,,OK,,,,0,ERROR,"Page.goto: net::ERR_NAME_NOT_RESOLVED at https://na/
Call log:
  - navigating to ""https://na/"", waiting until ""domcontentloaded""
"
66238b43e4b0cdd2e3daf70a,SIXTH SENSE HOSPITALITY SERVICES PRIVATELIMITED,DIPP163388,RECOGNISED,U55101MH2024PTC423300,Validation,Nagpur,Maharashtra,Travel & Tourism,Hospitality,https://SIXTH SENSE HOSPITALITY SERVICES PRIVATE LIMITED,,,,OK,,,,0,ERROR,"Page.goto: net::ERR_NAME_NOT_RESOLVED at https://SIXTH SENSE HOSPITALITY SERVICES PRIVATE LIMITED
Call log:
  - navigating to ""https://SIXTH SENSE HOSPITALITY SERVICES PRIVATE LIMITED"", waiting until ""domcontentloaded""
"
66237e18e4b0cdd2e3daf348,AMRUT JAL TECHNOLOGIES PRIVATE LIMITED,DIPP163380,RECOGNISED,U36000MH2024PTC417802,Scaling,Nagpur,Maharashtra,Waste Management,Others,https://ajtplnagpur.wixsite.com/amrut-jal-1,,,,OK,605a7baede844d278b89dc95ae0a9123@sentry-next.wixpress.com; 79baaa8e09c746d2b7401643b99792e0@sentry.wixpress.com; 8c4075d5481d476e945486754f783364@sentry.io; 8eb368c655b84e029ed79ad7a5c1718e@sentry.wixpress.com; 9a65e97ebe8141fca0c4fd686f70996b@sentry.wixpress.com; c183baa23371454f99f417f6616b724d@sentry.wixpress.com; dd0a55ccb8124b9c9d938e3acf41f8aa@sentry.wixpress.com,+91 6066350710; +91 6134799999; +91 7711511423; +91 7866040745; +91 7866040770; +91 8314026953; +91 8471656468; +91 9145528957; +91 9263648972; +91 9288338191,,2,SUCCESS,
66225a21e4b0cdd2e3dacbce,AGAPE SHIPPING AND LOGISTICS PRIVATE LIMITED,DIPP163327,RECOGNISED,U52292MH2024PTC419660,Validation,Nagpur,Maharashtra,Logistics,Others,https://agapeshipping.in/,,,,OK,,,,1,SUCCESS,
66221248e4b0cdd2e3dab3e5,PROLANCE FUTURE PRIVATE LIMITED,DIPP163280,RECOGNISED,U73200MH2024PTC423350,Validation,Nagpur,Maharashtra,Professional & Commercial Services,Others,https://olivedrab-peafowl-884744.hostingersite.com/,,,,OK,,,,0,ERROR,"Page.goto: net::ERR_HTTP2_PROTOCOL_ERROR at https://olivedrab-peafowl-884744.hostingersite.com/
Call log:
  - navigating to ""https://olivedrab-peafowl-884744.hostingersite.com/"", waiting until ""domcontentloaded""
"
661e4ebbe4b0d62d662d3682,HEALYANTRA MEDICAL TECHNOLOGIES PRIVATE LIMITED,DIPP162972,RECOGNISED,U32503MH2024PTC421938,Validation,Nagpur,Maharashtra,Healthcare & Lifesciences,Medical Devices Biomedical,https://www.healyantra.com,,,,OK,management@healyantra.com,+91 6261901512; +91 6489822280; +91 6666666667; +91 6804335328; +91 6832495847; +91 6864780939; +91 6898776991; +91 6898827143; +91 7062828592; +91 7104732387; +91 7315958467; +91 7496969728; +91 7866040932; +91 8097270636; +91 8787790847; +91 8963367888; +91 8999677979; +91 9512797861,https://www.linkedin.com/company/healyantra-pvt-ltd/?viewAsMember=true,4,SUCCESS,
661e4db7e4b0d62d662d3525,DE FAIR HOMES PRIVATE LIMITED,DIPP162909,RECOGNISED,U45309MH2021PTC364282,Scaling,Nagpur,Maharashtra,Construction,Construction & Engineering,https://NA,,,,OK,,,,0,ERROR,"Page.goto: net::ERR_NAME_NOT_RESOLVED at https://na/
Call log:
  - navigating to ""https://na/"", waiting until ""domcontentloaded""
"
661a68b9e4b0d62d662ca9de,DYNAGE TECH PRIVATE LIMITED,DIPP162685,RECOGNISED,U62099MH2023PTC399294,Scaling,Nagpur,Maharashtra,Technology Hardware,Electronics,https://www.dynagetech.com,,,,OK,info@dynagetech.com,+91 6346174717; +91 6750147791; +91 7297379035; +91 8884449217; +91 9823093455,,2,SUCCESS,
6616dcdfe4b04e0505d8726b,DIPVIJAY MULTY SERVICE,DIPP163627,RECOGNISED,NG000009761,Prototype,Nagpur,Maharashtra,Human Resources,Others,https://sauvijay@gmail.com,,,,OK,,+91 8369249702,,1,SUCCESS,
66151725e4b04e0505d811c7,UPCYCLE WASTE WISE PRIVATE LIMITED,DIPP162420,RECOGNISED,U22113MH2024PTC421821,Validation,Nagpur,Maharashtra,Automotive,Tires & Rubber Products,https://UPCYCLE WASTE WISE PRIVATE LIMITED,,,,OK,,,,0,ERROR,"Page.goto: net::ERR_NAME_NOT_RESOLVED at https://UPCYCLE WASTE WISE PRIVATE LIMITED
Call log:
  - navigating to ""https://UPCYCLE WASTE WISE PRIVATE LIMITED"", waiting until ""domcontentloaded""
"
66141ec7e4b018edf02b8538,BUDDHA COGNITIVE LAB PRIVATE LIMITED,DIPP162350,RECOGNISED,U62099MH2024PTC417114,Prototype,Nagpur,Maharashtra,IT Services,IT Consulting,http://www.hirebuddha.in/,,,,OK,,,,1,SUCCESS,
660d85f4e4b0cba5bc171f13,FINKEEP PRIVATE LIMITED,DIPP161959,RECOGNISED,U69201MH2023PTC401012,Validation,Nagpur,Maharashtra,Finance Technology,Accounting,https://www.finkeep.in,,,,OK,,+91 7817915094; +91 7866041913,,3,SUCCESS,
660d42cde4b0cba5bc170f0a,CHATRAPATIY IMPEX PHARMA INDIA PRIVATE LIMITED,DIPP161784,RECOGNISED,U21000MH2024PTC416467,Validation,Nagpur,Maharashtra,Healthcare & Lifesciences,Pharmaceutical,https://chatrapatiyimpex.com/,,,,OK,%20impexchatrapatiy@gmail.com; impexchatrapatiy@gmail.com,+91 9168252327; +91 9196041040,,3,SUCCESS,
65f955fbe4b07fb5e52f4844,SHUBH ADS PRIVATE LIMITED,DIPP160362,RECOGNISED,U28293MH2023PTC402337,Validation,Nagpur,Maharashtra,Renewable Energy,Manufacture of Machinery and Equipment,https://SHUBH ADS PRIVATE LIMITED,,,,OK,,,,0,ERROR,"Page.goto: net::ERR_NAME_NOT_RESOLVED at https://SHUBH ADS PRIVATE LIMITED
Call log:
  - navigating to ""https://SHUBH ADS PRIVATE LIMITED"", waiting until ""domcontentloaded""
"
65f3fedfe4b0d69ddd02a02e,SILCOSYS SOLUTIONS PRIVATE LIMITED,DIPP160052,RECOGNISED,U78100MH2023PTC414984,Validation,Nagpur,Maharashtra,IT Services,IT Consulting,https://www.silcosys.com,,,,OK,info@silcosys.com; kbhagat@silcosys.com,+91 6090225563; +91 6485959039; +91 7219120922; +91 7301587301; +91 8336252189; +91 8730158730; +91 9321670918,http://www.linkedin.com/company/101177333; https://www.linkedin.com/company/silcosys-solutions,3,SUCCESS,
65f2d42fe4b023ec3d75e5df,VEER INFOTECH PRIVATE LIMITED,DIPP160008,RECOGNISED,U72900MH2020PTC351617,EarlyTraction,Nagpur,Maharashtra,IT Services,Application Development,https://www.stcc-triage.com/partners,,,,OK,4@4x.png; 5@4x.png; info@bingli.us; info@fonemed.com; info@stcc-triage.com; presales@veerinfortech.com; user@domain.com,+91 6403300412; +91 6870026525; +91 6870040893; +91 6962599559; +91 6987469284; +91 7093142272; +91 7294425964; +91 7294429708; +91 7401542833; +91 7544767622; +91 7575383285; +91 7575383286; +91 7575383287; +91 7575383394; +91 7575383400; +91 7575383407; +91 7575389937; +91 7587279568; +91 7623911491; +91 7730681503; +91 7730683045; +91 7730683700; +91 7730684403; +91 7730685845; +91 7730688252; +91 7739541880; +91 7739541939; +91 7739543765; +91 7739544422; +91 7739544580; +91 7739547536; +91 7739547604; +91 7739548175; +91 7739548755; +91 7739549442; +91 7739550064; +91 7739550568; +91 7739550603; +91 7739551662; +91 7739552154; +91 7742769703; +91 7742769704; +91 7777786254; +91 7846588209; +91 7863847412; +91 7866042247; +91 7866042260; +91 7866042280; +91 8004750593; +91 8026003250; +91 8031003875; +91 8296943231; +91 8346862793; +91 8449547822; +91 8463101767; +91 8463105014; +91 8557474323; +91 8801374486; +91 8913606104; +91 9005278957; +91 9071581972; +91 9170931422; +91 9253526733; +91 9342718145; +91 9694323144; +91 9925473553,https://www.linkedin.com/company/schmitt-thompson-clinical-content/,3,SUCCESS,
65f18cd2e4b023ec3d7594ad,ENLIGHT ENGINEERING,DIPP161182,RECOGNISED,NG000008806,EarlyTraction,Nagpur,Maharashtra,Biotechnology,Others,https://www.kamwa.co.in/,,,,OK,,,,0,ERROR,"Page.goto: net::ERR_NAME_NOT_RESOLVED at https://www.kamwa.co.in/
Call log:
  - navigating to ""https://www.kamwa.co.in/"", waiting until ""domcontentloaded""
"
65e968a9e4b063fe21c6fd73,MEWAD TEXTILES PRIVATE LIMITED,DIPP159339,RECOGNISED,U46695MH2024PTC417383,Validation,Nagpur,Maharashtra,Textiles & Apparel,Others,https://www.com,,,,OK,,,,1,SUCCESS,
65e965f4e4b063fe21c6fbb5,ASG MAINTENANCE AND LAWN INNOVATION PRIVATE LIMITED,DIPP159337,RECOGNISED,U81300MH2023PTC401842,Validation,Nagpur,Maharashtra,Agriculture,Horticulture,https://ASG MAINTENANCE AND LAWN INNOVATION PRIVATE LIMITED,,,,OK,,,,0,ERROR,"Page.goto: net::ERR_NAME_NOT_RESOLVED at https://ASG MAINTENANCE AND LAWN INNOVATION PRIVATE LIMITED
Call log:
  - navigating to ""https://ASG MAINTENANCE AND LAWN INNOVATION PRIVATE LIMITED"", waiting until ""domcontentloaded""
"
65e94238e4b063fe21c6ec82,PHILONTHROPIC MULTIVENTURES PRIVATE LIMITED,DIPP159318,RECOGNISED,U96090MH2024PTC416466,Validation,Nagpur,Maharashtra,Agriculture,Food Processing,https://www.falconebiz.com/company/PHILONTHROPIC-MULTIVENTURES-PRIVATE-LIMITED-U96090MH2024PTC416466,,,,OK,info@arinesolutions.com; iventure555@gmail.com; sales@falconebiz.com; support@falconebiz.com,+91 7866042376; +91 7866042378; +91 8584866014; +91 8912620121; +91 9167789464; +91 9316375891; +91 9971990887,,4,SUCCESS,
65e6e910e4b063fe21c64e8a,FITROO CLOTHING PRIVATE LIMITED,DIPP160023,RECOGNISED,U14101MH2023PTC401816,Prototype,Nagpur,Maharashtra,Textiles & Apparel,Apparel & Accessories,http://www.fitrooclothing.com/,,,,OK,,,,0,ERROR,"Page.goto: net::ERR_NAME_NOT_RESOLVED at http://www.fitrooclothing.com/
Call log:
  - navigating to ""http://www.fitrooclothing.com/"", waiting until ""domcontentloaded""
"
65decceae4b0a5e1c011a608,SKYBLUE INFRA VENTURES LLP,DIPP158455,RECOGNISED,ACD-6757,Validation,Nagpur,Maharashtra,Real Estate,Housing,https://www.thecompanycheck.com/people/skyblue-infra-ventures-llp/ACD-6757,,,,OK,john@company.com; name@company.com; support@thecompanycheck.com,+91 7452302757; +91 7817915094; +91 7866008752; +91 8988943213; +91 9876543210; +91 9915764025,https://www.linkedin.com/company/the-company-check/,4,SUCCESS,
65ddb3e1e4b0c758a8852cb1,SOLITARY SPACES PRIVATE LIMITED,DIPP158349,RECOGNISED,U71100MH2024PTC417866,EarlyTraction,Nagpur,Maharashtra,Architecture Interior Design,Others,https://solitaryspaces.in,,,,OK,,,,1,SUCCESS,
65dd7902e4b0f8921ab260d4,BLEND EAT FOODS PRIVATE LIMITED,DIPP158302,RECOGNISED,U10795MH2023PTC407524,Validation,Nagpur,Maharashtra,Chemicals,Agricultural Chemicals,https://blendeatfoods.com,,,,OK,,,,0,ERROR,"Page.goto: net::ERR_SSL_PROTOCOL_ERROR at https://blendeatfoods.com/
Call log:
  - navigating to ""https://blendeatfoods.com/"", waiting until ""domcontentloaded""
"
65dc7f5fe4b06352cbf09f9e,DASHOFRUIT FOODS PRIVATE LIMITED,DIPP158268,RECOGNISED,U56102MH2023PTC408742,Prototype,Nagpur,Maharashtra,Food & Beverages,Others,http://www.dashofruit.com/,,,,OK,,,,0,ERROR,"Page.goto: net::ERR_NAME_NOT_RESOLVED at http://www.dashofruit.com/
Call log:
  - navigating to ""http://www.dashofruit.com/"", waiting until ""domcontentloaded""
"
65dc6eece4b06352cbf097cc,PUTHRAN HOSPITALITY PRIVATE LIMITED,DIPP158243,RECOGNISED,U55101MH2023PTC400569,Validation,Nagpur,Maharashtra,Food & Beverages,Microbrewery,https://www.google.com/search?q=PUTHRAN+HOSPITALITY+PRIVATE+LIMITED&amp;rlz=1C1ONGR_enIN1009IN1009&amp;oq=PUTHRAN+HOSPITALITY+PRIVATE+LIMITED&amp;gs_lcrp=EgZjaHJvbWUyBggAEEUYOTIGCAEQRRg80gEHNDg2ajBqN6gCALACAA&amp;sou,,,,OK,,,,1,SUCCESS,
65d9a661e4b06352cbefbdef,MAXELS TEKVENTURES PRIVATE LIMITED,DIPP158565,RECOGNISED,U74999MH2022PTC385365,Prototype,Nagpur,Maharashtra,Professional & Commercial Services,Others,https://maxelstek.com/,,,,OK,contact@maxelstek.com; headcoe@maxelstek.com,+91 7290857603; +91 7508360879; +91 8329675481; +91 8698563636,,4,SUCCESS,
65d868a7e4b06352cbef55d8,Kolbro Group Private Limited,DIPP158072,RECOGNISED,U74999MH2018PTC308003,EarlyTraction,Nagpur,Maharashtra,IT Services,Project Management,http://kolbrogroup.com,,,,OK,admin@kolbrogroup.com; kolbro.group@gmail.com,+91 6087745225; +91 7770085819; +91 9225220071; +91 9247287875,,3,SUCCESS,
65d59255e4b0ca4eefccd762,MOCBSZ PRIVATE LIMITED,DIPP157685,RECOGNISED,U39000MH2022PTC383447,Validation,Nagpur,Maharashtra,Agriculture,Agri-Tech,https://www.com,,,,OK,,,,1,SUCCESS,
65ccb007e4b0da2d9424e016,VIKRAMADITYA CTL PRIVATE LIMITED,DIPP153857,RECOGNISED,U43299MH2023PTC405641,Validation,Nagpur,Maharashtra,Construction,Construction & Engineering,https://www.VIKRAMADITYACTL.com,,,,OK,,,,0,ERROR,"Page.goto: net::ERR_NAME_NOT_RESOLVED at https://www.vikramadityactl.com/
Call log:
  - navigating to ""https://www.vikramadityactl.com/"", waiting until ""domcontentloaded""
"
65ccaf54e4b0da2d9424df65,ANTMORE LABS PRIVATE LIMITED,DIPP153805,RECOGNISED,U62099MH2023PTC412178,Validation,Nagpur,Maharashtra,IT Services,Others,https://www.thegoodgametheory.com/,,,,OK,contact@thegoodgametheory.com,+91 6747924833,https://www.linkedin.com/company/thegoodgametheory/,2,SUCCESS,
65ccae98e4b0da2d9424def1,TEKAS FOOTCARE PRIVATE LIMITED,DIPP153743,RECOGNISED,U15209MH2023PTC407803,EarlyTraction,Nagpur,Maharashtra,Healthcare & Lifesciences,Healthcare Services,https://tekasfootcare.com/,,,,OK,support@tekasfootcare.com,+91 6026801776; +91 6030622338; +91 6078637251; +91 6145573335; +91 6149256531; +91 6149737622; +91 6158539217; +91 6196321776; +91 6205717768; +91 6205950672; +91 6247829546; +91 6252154468; +91 6283470588; +91 6300643130; +91 6335163617; +91 6348407224; +91 6408879177; +91 6417970759; +91 6444548631; +91 6450663901; +91 6475179831; +91 6476694079; +91 6491783715; +91 6505217850; +91 6515213179; +91 6515710229; +91 6518388431; +91 6519687204; +91 6532421640; +91 6553588317; +91 6572900561; +91 6584082474; +91 6584115242; +91 6584118615; +91 6584148010; +91 6584180778; +91 6584213546; +91 6584246314; +91 6589155370; +91 6751517768; +91 6778092061; +91 6782543265; +91 6818181818; +91 6846965699; +91 6881220217; +91 6895412842; +91 6941177684; +91 6976717768; +91 7014143836; +91 7027814130; +91 7030683527; +91 7041776844; +91 7048955177; +91 7114257812; +91 7160521776; +91 7170852419; +91 7195983771; +91 7293813723; +91 7312824946; +91 7362215177; +91 7368993282; +91 7384445271; +91 7419118685; +91 7436286301; +91 7579967177; +91 7596469615; +91 7600701776; +91 7617242219; +91 7685210819; +91 7695502857; +91 7703917768; +91 7732318209; +91 7733312946; +91 7733424128; +91 7733641805; +91 7733738045; +91 7733739388; +91 7733740044; +91 7733740732; +91 7733741813; +91 7733742534; +91 7733743222; +91 7733743583; +91 7733743976; +91 7735902076; +91 7735947329; +91 7735952867; +91 7735955521; +91 7735958831; +91 7735963353; +91 7735971774; +91 7735983800; +91 7735989207; +91 7735993532; +91 7735996710; +91 7735999365; +91 7736003952; +91 7736008048; +91 7736143544; +91 7736154488; +91 7736159240; +91 7736163631; +91 7736167825; +91 7736174116; +91 7736285036; +91 7737522913; +91 7737523666; +91 7737523830; +91 7743385174; +91 7745432354; +91 7748218322; +91 7754842308; +91 7757022429; +91 7763488735; +91 7763493519; +91 7763497844; +91 7763497910; +91 7763498958; +91 7763503808; +91 7763504857; +91 7763510296; +91 7763510493; +91 7763523174; +91 7764774256; +91 7764776812; +91 7770167672; +91 7770167705; +91 7774752505; +91 7777300774; +91 7785644531; +91 7805895901; +91 7805901897; +91 7827503775; +91 7836835020; +91 7839077826; +91 7839130812; +91 7839845177; +91 7844409081; +91 7844422123; +91 7850489249; +91 7850507894; +91 7866042682; +91 7866042704; +91 7885838680; +91 7886132053; +91 7886612660; +91 7897393070; +91 7897407258; +91 7897836486; +91 7897841532; +91 7917974178; +91 7933710441; +91 7938821776; +91 7973917768; +91 8010665113; +91 8090172841; +91 8106021776; +91 8132857898; +91 8133087274; +91 8165817096; +91 8177308370; +91 8229631776; +91 8286236400; +91 8332240231; +91 8354812268; +91 8411776844; +91 8430170948; +91 8438644266; +91 8441248952; +91 8558128446; +91 8584147312; +91 8641776844; +91 8642944042; +91 8642976810; +91 8643009578; +91 8643042346; +91 8643075114; +91 8643107882; +91 8667671117; +91 8676657646; +91 8680070186; +91 8680641717; +91 8751131483; +91 8761726078; +91 8847684686; +91 8873959994; +91 8892822265; +91 8984590623; +91 8984590950; +91 8984591278; +91 8984591606; +91 8984591933; +91 8984592261; +91 8984592589; +91 8984592916; +91 8984593244; +91 8984593572; +91 8984593899; +91 8984594227; +91 8984594555; +91 8984594882; +91 8984770191; +91 8984770519; +91 8984770847; +91 8984771174; +91 8984771502; +91 8984771830; +91 8984772157; +91 8984772485; +91 8984772813; +91 8984773140; +91 8984773468; +91 8984773796; +91 8984774123; +91 8984774451; +91 9048012177; +91 9086327177; +91 9161375622; +91 9164334899; +91 9164335227; +91 9164335554; +91 9164335882; +91 9164336210; +91 9164336538; +91 9164337193; +91 9164337521; +91 9164337848; +91 9164338176; +91 9164338504; +91 9164338831; +91 9164520177; +91 9175630385; +91 9189452317; +91 9234791589; +91 9236867243; +91 9258340731; +91 9314730177; +91 9372996917; +91 9374934546; +91 9417751838; +91 9419394177; +91 9422377161; +91 9440333665; +91 9525487178; +91 9561065177; +91 9726955429; +91 9763734941; +91 9763738218; +91 9763741495; +91 9763744772; +91 9763748049; +91 9763751325; +91 9772859711; +91 9772860039; +91 9795158286; +91 9799456486; +91 9803244117; +91 9859414570; +91 9925516866; +91 9927642198,https://www.linkedin.com/company/tekas-footcare/,3,SUCCESS,
65cc512de4b0da2d94249fae,PACKWELL PACKAGING SOLUTIONS PRIVATE LIMITED,DIPP152269,RECOGNISED,U82920MH2023PTC409821,Validation,Nagpur,Maharashtra,Logistics,Others,https://www.packwellsolutions.com,,,,OK,info@packwellsolutins.com; info@packwellsolutions.com,+91 6563098279; +91 8571428571; +91 9131241352; +91 9158666881,,3,SUCCESS,
65cb6ce2e4b0da2d942484d0,ENERGY SETU LLP,DIPP152137,RECOGNISED,AAX-1190,Validation,Nagpur,Maharashtra,Green Technology,Clean Tech,https://energysetu.com/,,,,OK,,,,0,ERROR,"Page.goto: net::ERR_SSL_PROTOCOL_ERROR at https://energysetu.com/
Call log:
  - navigating to ""https://energysetu.com/"", waiting until ""domcontentloaded""
"
65cb0790e4b0cdd545785a82,PIAT LEARNINGS PRIVATE LIMITED,DIPP156866,RECOGNISED,U85499MH2023PTC414346,EarlyTraction,Nagpur,Maharashtra,Education,Coaching,https://piatinstitute.com/,,,,OK,,,,1,SUCCESS,
65ca0842e4b0cdd545780eca,SEVENCRAFT ARTS &amp; CREATIVES PRIVATE LIMITED,DIPP124119,RECOGNISED,U52602MH2019PTC327901,Scaling,Nagpur,Maharashtra,Art & Photography,Others,https://NA,,,,OK,,,,0,ERROR,"Page.goto: net::ERR_NAME_NOT_RESOLVED at https://na/
Call log:
  - navigating to ""https://na/"", waiting until ""domcontentloaded""
"
65c9e220e4b06b4534b66de1,WEATHERBLAZER INDIA PRIVATE LIMITED,DIPP156760,RECOGNISED,U43900MH2023PTC406326,Validation,Nagpur,Maharashtra,Other Specialty Retailers,Home Improvement Products & Services Retailers,https://weatherblazer.com/,,,,OK,info@weatherblazer.com; marketing@trailblazers.co.in; marketing@weatherblazer.com; your@email.com,+91 6112634302; +91 6453414550; +91 7781722764; +91 7817915094; +91 7848993597; +91 8202486232; +91 9196079400; +91 9607940070; +91 9697401274,https://www.linkedin.com/company/weatherblazerindia/,4,SUCCESS,
65c9b714e4b06b4534b64131,SHARANYA SOLAR PRIVATE LIMITED,DIPP156733,RECOGNISED,U40106MH2020PTC351764,Validation,Nagpur,Maharashtra,Renewable Energy,Renewable Energy Solutions,https://SHARANYA SOLAR PRIVATE LIMITED,,,,OK,,,,0,ERROR,"Page.goto: net::ERR_NAME_NOT_RESOLVED at https://SHARANYA SOLAR PRIVATE LIMITED
Call log:
  - navigating to ""https://SHARANYA SOLAR PRIVATE LIMITED"", waiting until ""domcontentloaded""
"
65bde2c1e4b0411b473ff724,METTA MONK PRIVATE LIMITED,DIPP155908,RECOGNISED,U46512MH2023PTC411436,Validation,Nagpur,Maharashtra,Technology Hardware,Manufacturing,https://METTA MONK PRIVATE LIMITED,,,,OK,,,,0,ERROR,"Page.goto: net::ERR_NAME_NOT_RESOLVED at https://METTA MONK PRIVATE LIMITED
Call log:
  - navigating to ""https://METTA MONK PRIVATE LIMITED"", waiting until ""domcontentloaded""
"
65b9e9e5e4b0d272d2882aad,GROWBEAN TECHNOLOGIES PVT LTD,DIPP156628,RECOGNISED,U42900MH2021PTC361954,EarlyTraction,Nagpur,Maharashtra,IT Services,Product Development,https://www.growbean.in,,,,OK,info@growbean.in,+91 7123193811; +91 8149040335,,4,SUCCESS,
65b7e9b3e4b0db6d377f85c6,SHUBHLAXMI MECHATRONICS PRIVATE LIMITED,DIPP155387,RECOGNISED,U29109PN2023PTC219465,Validation,Nagpur,Maharashtra,Technology Hardware,Electronics,https://www.smpl.ind.in,,,,OK,,,,0,ERROR,"Page.goto: net::ERR_NAME_NOT_RESOLVED at https://www.smpl.ind.in/
Call log:
  - navigating to ""https://www.smpl.ind.in/"", waiting until ""domcontentloaded""
"
65b67462e4b0db6d377ee464,Wayflow Technologies,DIPP156369,RECOGNISED,U62099MH2024PTC417093,Validation,Nagpur,Maharashtra,IT Services,Application Development,https://wayflowtechnologies.in/,,,,OK,,,,1,SUCCESS,
65b4db58e4b0db6d377e619f,SHRINA INDUSTRIES PRIVATE LIMITED,DIPP155223,RECOGNISED,U23921MH2023PTC413683,Validation,Nagpur,Maharashtra,Construction,Construction Materials,https://www.tofler.in/shrina-industries-private-limited/company/U23921MH2023PTC413683,,,,OK,harinarayang69@gmail.com; support@tofler.in,+91 6882704603,https://www.linkedin.com/company/tofler/,2,SUCCESS,
65b22a27e4b0db6d377d823f,NURAY LIFESCIENCES PRIVATE LIMITED,DIPP155058,RECOGNISED,U74120MH2015PTC270587,Scaling,Nagpur,Maharashtra,Healthcare & Lifesciences,Pharmaceutical,http://nuraylifesciences.com/,,,,OK,care@nuraylifesciences.com; care@rhexiahealthcare.com,+91 8080780516; +91 9730295550,,3,SUCCESS,
65b0a3d5e4b0dfd7729664cb,NITESH ASSOCIATES PRIVATE LIMITED,DIPP154905,RECOGNISED,U74999MH2022PTC386261,Validation,Nagpur,Maharashtra,Education,Others,https://www.niteshassociatespvtltd.com,,,,OK,,,,0,ERROR,"Page.goto: net::ERR_NAME_NOT_RESOLVED at https://www.niteshassociatespvtltd.com/
Call log:
  - navigating to ""https://www.niteshassociatespvtltd.com/"", waiting until ""domcontentloaded""
"
659fce1de4b07df9a32e515c,KUTUMBINFO PRIVATE LIMITED,DIPP153780,RECOGNISED,U72900MH2020PTC345468,Prototype,Nagpur,Maharashtra,IT Services,Product Development,https://www.kutumbinfo.com,,,,OK,connect@kutumbinfo.com; kkutumbinfo@gmail.com,+91 7817915094; +91 8956118607; +91 9189561186,https://www.linkedin.com/company/kutumb-info/,2,SUCCESS,
659fc84fe4b07df9a32e4e23,GURU DRASHTI LOGISTICS PRIVATE LIMITED,DIPP153767,RECOGNISED,U60210MH2022PTC393571,Validation,Nagpur,Maharashtra,Transportation & Storage,Freight & Logistics Services,https://gdlogistics.in/,,,,OK,info@gdlogistics.in; ngp@gdlogistics.in,+91 6704197820; +91 6704897501; +91 6705686062; +91 6705689168; +91 6705867155; +91 6714293417; +91 6714299114; +91 6795524824; +91 6795532384; +91 6795644922; +91 6795651138; +91 6795689881; +91 6795697061; +91 6795715783; +91 6795721480; +91 6795721547; +91 6795722153; +91 6795723275; +91 6795727680; +91 6795728018; +91 6795730235; +91 6795730823; +91 6795741140; +91 6795741264; +91 6795741401; +91 6799809063; +91 6799820374; +91 6799841553; +91 6802469717; +91 7211114597; +91 7211115304; +91 7246683036; +91 7252536511; +91 7323386150; +91 7375182646; +91 7375183900; +91 7391323942; +91 7391395191; +91 9399319239,,3,SUCCESS,
659fc1fbe4b07df9a32e49e8,CELECTRIC MOBILITY PRIVATE LIMITED,DIPP153757,RECOGNISED,U43219MH2023PTC399911,Validation,Nagpur,Maharashtra,Automotive,Others,https://celectricmobility.com/,,,,OK,dhruvs4949k@gmail.com; info@celectricmobility.com,+91 6155628073; +91 7396830857; +91 9193556136; +91 9355613613,,1,SUCCESS,
659fa0cfe4b07df9a32e2f22,TANWISH INSTITUTE OF HEALTH & WELLNESS PRIVATE LIMITED,DIPP153725,RECOGNISED,U85499MH2023PTC403144,Validation,Nagpur,Maharashtra,Healthcare & Lifesciences,Health & Wellness,https://institute.tanwishlife.com/,,,,OK,,,,0,ERROR,"Page.goto: net::ERR_CONNECTION_CLOSED at https://institute.tanwishlife.com/
Call log:
  - navigating to ""https://institute.tanwishlife.com/"", waiting until ""domcontentloaded""
"
6597fd77e4b02f5ddcd36e5a,TECHNODAY SOLUTIONS PRIVATE LIMITED,DIPP153341,RECOGNISED,U62099MH2023PTC411055,Validation,Nagpur,Maharashtra,IT Services,Project Management,https://technoday.in/,,,,OK,info@technoday.in,+91 9130053345; +91 9922223778,,4,SUCCESS,
65956b20e4b02fed18d27e1f,Pugarch Technology Private Limited,DIPP157116,RECOGNISED,U62013MH2023PTC416118,EarlyTraction,Nagpur,Maharashtra,AI,Machine Learning,https://www.pugarch.in,,,,OK,info@pugarch.in,+91 6158726901; +91 8180006916; +91 8947745519,https://www.linkedin.com/company/pugarch-technology-pvt-ltd/,4,SUCCESS,
658fd51be4b02fed18d15380,ASPIRELLA TECHNODOCS PRIVATE LIMITED,DIPP152828,RECOGNISED,U71100MH2023PTC400806,EarlyTraction,Nagpur,Maharashtra,Automotive,Others,https://aspirella.in/,,,,OK,,+91 7817915094,https://www.linkedin.com/company/aspirella-aas,2,SUCCESS,
658fd2b2e4b02fed18d152d1,P3S GLOBAL PRIVATE LIMITED,DIPP152826,RECOGNISED,U46901MH2023PTC405643,Validation,Nagpur,Maharashtra,Professional & Commercial Services,Business Support Services,https://www.falconebiz.com/company/P3-GLOBAL-SERVICES-PRIVATE-LIMITED-U74999JH2022PTC018728,,,,OK,info@arinesolutions.com; support@falconebiz.com; ushdost@gmail.com,+91 6245694806; +91 7866043352; +91 7866043355; +91 8390583115; +91 9167789464; +91 9971990887,,4,SUCCESS,
658bfbece4b02fed18d024f6,PARKESE LABS LLP,DIPP152496,RECOGNISED,ACD-3847,Validation,Nagpur,Maharashtra,Enterprise Software,Cloud,https://parkese.com/,,,,OK,care@parkese.com; jane@company.com,,,2,SUCCESS,
658b18fce4b079c35104b94b,MAHI GLOBAL VENTURES LLP,DIPP157027,RECOGNISED,ACB-0529,Prototype,Nagpur,Maharashtra,Construction,Construction & Engineering,https://l.wl.co/l?u=https://mahiglobalventures.com,,,,OK,,,,1,SUCCESS,
657af34de4b080816094a518,KIRTISAGAR IT SERVICES PRIVATE LIMITED,DIPP151896,RECOGNISED,U72900MH2018PTC307646,EarlyTraction,Nagpur,Maharashtra,IT Services,IT Consulting,http://www.kirtisagar.com/,,,,OK,you@company.com,,,1,SUCCESS,
6579e3c6e4b0846ec6788186,Sharesskills Infotech Private Limited,DIPP158425,RECOGNISED,U72900MH2022PTC388521,Validation,Nagpur,Maharashtra,Enterprise Software,ERP,https://sharesskills.com/,,,,OK,,,,0,ERROR,"Page.goto: net::ERR_NAME_NOT_RESOLVED at https://sharesskills.com/
Call log:
  - navigating to ""https://sharesskills.com/"", waiting until ""domcontentloaded""
"
6579c5d9e4b0846ec678798e,DNTCR TOBECONTINUED GAMES LLP,DIPP151837,RECOGNISED,ACD-4464,Prototype,Nagpur,Maharashtra,Toys and Games,Virtual Games,https://tobecontinuedgames.com,,,,OK,1eeb89147c984dc6bc3ffafd9e6cd089@sentry.wixpress.com; 605a7baede844d278b89dc95ae0a9123@sentry-next.wixpress.com; 8eb368c655b84e029ed79ad7a5c1718e@sentry.wixpress.com; bfb679c754744c58a7374ee6e25cfc13@sentry.wixpress.com,+91 6282146654; +91 6343436259; +91 6808334282; +91 6893330740; +91 7404138452; +91 7491042224; +91 7860422622; +91 7866043498; +91 8981429648; +91 9288338191; +91 9499998092; +91 9500007629; +91 9624838943,https://www.linkedin.com/company/reverbgamesstudio/,2,SUCCESS,
65788080e4b0b08e4574f0ed,EVALLO DIGITAL PRODUCTS PRIVATE LIMITED,DIPP151776,RECOGNISED,U62091MH2023PTC407818,EarlyTraction,Nagpur,Maharashtra,Enterprise Software,ERP,https://evallo.org/,,,,OK,sales@evallo.ai,+91 6209023663; +91 6371442209; +91 6372664461; +91 6375530103; +91 6377315515; +91 6436226844; +91 6436244698; +91 6436273355; +91 6436285577; +91 6974754969; +91 7047220436; +91 8286969572; +91 8633137425; +91 8670655599; +91 8693610101; +91 8910904642; +91 9254022747; +91 9333112449; +91 9437192637; +91 9471975453; +91 9527795637; +91 9611590627; +91 9917130304; +91 9958879579,https://www.linkedin.com/company/evallo-digital-products/,4,SUCCESS,
65743d79e4b0b08e4573de93,DONE MULTISERVICES PRIVATE LIMITED,DIPP151613,RECOGNISED,U90009MH2018PTC306688,Scaling,Nagpur,Maharashtra,Agriculture,Others,https://www.donemultiservicespvtltd.com,,,,OK,,,,0,ERROR,"Page.goto: net::ERR_NAME_NOT_RESOLVED at https://www.donemultiservicespvtltd.com/
Call log:
  - navigating to ""https://www.donemultiservicespvtltd.com/"", waiting until ""domcontentloaded""
"
6574220de4b0b08e4573d3a9,AMETRINE EDUREAL PRIVATE LIMITED,DIPP151606,RECOGNISED,U45209MH2019PTC327806,EarlyTraction,Nagpur,Maharashtra,Education,Skill Development,https://www.ametrine.com,,,,OK,,,,3,SUCCESS,
6572ed21e4b0b08e45738b17,MAGNUS FITNESS PRIVATE LIMITED,DIPP151555,RECOGNISED,U85300MH2021PTC365117,Validation,Nagpur,Maharashtra,Technology Hardware,Manufacturing,https://www.magnusfitnesspvtltd.com,,,,OK,,,,0,ERROR,"Page.goto: net::ERR_NAME_NOT_RESOLVED at https://www.magnusfitnesspvtltd.com/
Call log:
  - navigating to ""https://www.magnusfitnesspvtltd.com/"", waiting until ""domcontentloaded""
"
656d8496e4b0435f68ea2516,CIM MANAGEMENT INDIA PRIVATE LIMITED,DIPP151309,RECOGNISED,U85500MH2023PTC408563,Validation,Nagpur,Maharashtra,Education,Skill Development,https://www.cim-india.com,,,,OK,,,,0,ERROR,"Page.goto: net::ERR_NAME_NOT_RESOLVED at https://www.cim-india.com/
Call log:
  - navigating to ""https://www.cim-india.com/"", waiting until ""domcontentloaded""
"
656b116de4b0435f68e9de8e,BUILDSMORE PROPERTY CONSULTANTS PRIVATE LIMITED,DIPP151276,RECOGNISED,U68200MH2023PTC406689,Prototype,Nagpur,Maharashtra,Real Estate,Housing,https://www.buildsmore.in,,,,OK,,,,1,SUCCESS,
656af7dae4b0435f68e9d48a,PIKPURE,DIPP160237,RECOGNISED,U10795MH2023PTC402139,Prototype,Nagpur,Maharashtra,Agriculture,Agri-Tech,https://www.pikpure.in,,,,OK,care@pikpure.in,+91 6811682267; +91 7866043799; +91 7866043828; +91 7866043877,,4,SUCCESS,
65689f8ee4b0435f68e95f1e,LABINST TECHNOLOGIES PRIVATE LIMITED,DIPP151189,RECOGNISED,U46596MH2023PTC408643,Prototype,Nagpur,Maharashtra,Healthcare & Lifesciences,Healthcare Technology,https://www.labinst.in,,,,OK,info@labinst.in; labinsttechnologies@gmail.com,+91 6283388477; +91 7847245138; +91 8746908275; +91 8928559992; +91 9764797738,,3,SUCCESS,
65658a7ae4b0f1bb07750794,PUSHPANCHAL FOUNDATION,DIPP151050,RECOGNISED,U80904MH2021NPL370146,Validation,Nagpur,Maharashtra,Education,Skill Development,https://www.PUSHPANCHAL-FOUNDATION,,,,OK,,,,0,ERROR,"Page.goto: net::ERR_NAME_NOT_RESOLVED at https://www.pushpanchal-foundation/
Call log:
  - navigating to ""https://www.pushpanchal-foundation/"", waiting until ""domcontentloaded""
"
6541099be4b01077699f802e,Green Solutions Pest Control Services,DIPP150414,RECOGNISED,NG000005809,Prototype,Nagpur,Maharashtra,Professional & Commercial Services,Others,https://www.greesolutionspest.com,,,,OK,,,,0,ERROR,"Page.goto: net::ERR_NAME_NOT_RESOLVED at https://www.greesolutionspest.com/
Call log:
  - navigating to ""https://www.greesolutionspest.com/"", waiting until ""domcontentloaded""
"
653cad60e4b01077699eacbe,Hilux laboratories private limited,DIPP157408,RECOGNISED,U86905MH2023PTC404374,Prototype,Nagpur,Maharashtra,Healthcare & Lifesciences,Pharmaceutical,https://www.hiluxlaboratories.com,,,,OK,,,,0,ERROR,"Page.goto: net::ERR_NAME_NOT_RESOLVED at https://www.hiluxlaboratories.com/
Call log:
  - navigating to ""https://www.hiluxlaboratories.com/"", waiting until ""domcontentloaded""
"
652a29fbe4b0af4b35d84981,DIYOO AGRO FARMS INDIA PRIVATE LIMITED,DIPP149255,RECOGNISED,U01611MH2023PTC409826,Prototype,Nagpur,Maharashtra,Agriculture,Agri-Tech,https://diyooagro.com/,,,,OK,,,,0,ERROR,"Page.goto: net::ERR_NAME_NOT_RESOLVED at https://diyooagro.com/
Call log:
  - navigating to ""https://diyooagro.com/"", waiting until ""domcontentloaded""
"
65214938e4b0a788fc70faae,DIGI MAVENS LLP,DIPP151585,RECOGNISED,ACD-2355,EarlyTraction,Nagpur,Maharashtra,IT Services,IT Consulting,https://www.digimavens.in,,,,OK,,+91 6047193125; +91 6756184833; +91 7817915094; +91 7911380003; +91 9715858605,,1,SUCCESS,
651a72d9e4b0233263735a72,BENVIRA FORWARD ALGORITHMS PRIVATE LIMITED,DIPP147840,RECOGNISED,U72900MH2022PTC381966,EarlyTraction,Nagpur,Maharashtra,AI,Machine Learning,https://www.benvira.com,,,,OK,,,,1,SUCCESS,
651a6772e4b0233263735811,VP ECO TRADE LLP,DIPP147830,RECOGNISED,AAY-0414,Prototype,Nagpur,Maharashtra,Renewable Energy,Manufacture of Machinery and Equipment,https://vpecotrade.com/,,,,OK,,,,1,SUCCESS,
65182b8be4b0233263732742,GUARDINGER ADVANCED TECHNOLOGIES PRIVATELIMITED,DIPP148223,RECOGNISED,U62020MH2023PTC410650,Prototype,Nagpur,Maharashtra,Aeronautics Aerospace & Defence,Defence Equipment,https://www.guardinger.in,,,,OK,,+91 8052133728; +91 8115374622; +91 9889046006,,1,SUCCESS,
650c0ae2e4b0b4db2d71d410,HIXAA TECHNOLOGIES PRIVATE LIMITED,DIPP146933,RECOGNISED,U72200MH2021PTC365175,EarlyTraction,Nagpur,Maharashtra,Internet of Things,Others,https://www.hixaa.com,,,,OK,info@hixaa.com,+91 6267419594; +91 6299640986; +91 6548405725; +91 7496969728; +91 9372429144; +91 9860013298,http://linkedin.com/company/hixaa; https://www.linkedin.com/in/atulghumade/; https://www.linkedin.com/in/harish-zambani/,3,SUCCESS,
65018e4ee4b038ca50544260,GOSPHEL SHIELD LIFE SCIENCES PRIVATE LIMITED,DIPP146133,RECOGNISED,U21001MH2023PTC398184,Validation,Nagpur,Maharashtra,Healthcare & Lifesciences,Pharmaceutical,https://gosphel.com/,,,,OK,,,,0,ERROR,"Page.goto: net::ERR_NAME_NOT_RESOLVED at https://gosphel.com/
Call log:
  - navigating to ""https://gosphel.com/"", waiting until ""domcontentloaded""
"
64f844d0e4b00b8c0d98ee0f,RAPIDBULL FINSERVE SOLUTIONS PRIVATE LIMITED,DIPP146486,RECOGNISED,U66190PN2023PTC223406,Validation,Nagpur,Maharashtra,Professional & Commercial Services,Business Support Services,https://bankloanbazaar.in/,,,,OK,,,,0,ERROR,"Page.goto: net::ERR_NAME_NOT_RESOLVED at https://bankloanbazaar.in/
Call log:
  - navigating to ""https://bankloanbazaar.in/"", waiting until ""domcontentloaded""
"
64f5c951e4b02bcc4a00dc21,APTEC LEARNINGS PRIVATE LIMITED,DIPP145094,RECOGNISED,U85499MH2023PTC409417,Prototype,Nagpur,Maharashtra,Education,Others,https://www.mindmentors.in,,,,OK,,,,0,ERROR,"Page.goto: net::ERR_NAME_NOT_RESOLVED at https://www.mindmentors.in/
Call log:
  - navigating to ""https://www.mindmentors.in/"", waiting until ""domcontentloaded""
"
64f1c286e4b0c7662b3a2c49,TECHNOIS MEDIA MARKETING PRIVATE LIMITED,DIPP144571,RECOGNISED,U22219MH2022PTC377760,Validation,Nagpur,Maharashtra,Media & Entertainment,Social Media,https://nois-tech.com/,,,,OK,,,,1,SUCCESS,
64ddc7e3e4b0f4b8e269cba6,MSG SECURITY AND HOUSEKEEPING SERVICES PRIVATE LIMITED,DIPP143081,RECOGNISED,U93097MH2016PTC283113,Validation,Nagpur,Maharashtra,Human Resources,Recruitment Jobs,https://www.msgservices.in/,,,,OK,info@msgservices.in; sonalisdeti56@gmail.com,+91 7673681153; +91 7972830779; +91 9179728307,,4,SUCCESS,
64d77b2ce4b033b7ac84e836,OABCO INNOVATIONS PRIVATE LIMITED,DIPP142496,RECOGNISED,U62011MH2023PTC405323,Validation,Nagpur,Maharashtra,Enterprise Software,Cloud,https://oabco.in/,,,,OK,,,,1,SUCCESS,
64d75c66e4b033b7ac84df96,GRAMYA VENTURES PRIVATE LIMITED,DIPP142482,RECOGNISED,U01100MH2020PTC344822,EarlyTraction,Nagpur,Maharashtra,Agriculture,Agri-Tech,https://www.gramyaventures.com/,,,,OK,2062d0a4929b45348643784b5cb39c36@sentry.wixpress.com; 271e9fa3230b4eec94b02bf95780f5f2@sentry.wixpress.com; 460ff4620fa44cba8df530afde949785@sentry.wixpress.com; 605a7baede844d278b89dc95ae0a9123@sentry-next.wixpress.com; 79baaa8e09c746d2b7401643b99792e0@sentry.wixpress.com; 8c4075d5481d476e945486754f783364@sentry.io; 8eb368c655b84e029ed79ad7a5c1718e@sentry.wixpress.com; 9a65e97ebe8141fca0c4fd686f70996b@sentry.wixpress.com; ed436f5053144538958ad06a5005e99a@sentry.wixpress.com; gramyaventures@gmail.com; help@gramya.com; team@gramyaventures.com,+91 6280569476; +91 6700000762; +91 6946008684; +91 7009591593; +91 7818688888; +91 7821330871; +91 7861844726; +91 7863380171; +91 7931806204; +91 8635536689; +91 8839015188; +91 8999996185; +91 9000000953; +91 9000005722; +91 9009009009; +91 9288338191; +91 9794686808; +91 9899997711; +91 9900000095,https://www.linkedin.com/company/gramya-ventures-pvt-ltd/; https://www.linkedin.com/company/gramya-ventures-pvt-ltd/?originalSubdomain=in,2,SUCCESS,
64d38707e4b0328477b0fd9b,BIOWALL AGRIHEALTH PRIVATE LIMITED,DIPP142310,RECOGNISED,U01611MH2023PTC403655,Validation,Nagpur,Maharashtra,Agriculture,Horticulture,https://mitrasena.com,,,,OK,yourmitrasena@gmail.com,+91 7496969728; +91 7841438626; +91 7866044542; +91 7866044583; +91 7866044584; +91 7866044619; +91 7866044645; +91 7903488554; +91 8037879568; +91 8048441107; +91 8390701007; +91 8586469377; +91 9179190406; +91 9183907010; +91 9535849883; +91 9766136691,https://www.linkedin.com/company/yourmitrasena/; https://www.linkedin.com/in/krutika-jambhulkar-6a761a245/; https://www.linkedin.com/in/manohar-malani-94517162/; https://www.linkedin.com/in/pranay-supsande-9694822a6/; https://www.linkedin.com/in/shashanksomani/; https://www.linkedin.com/in/swati-gupta-6968bb26/; https://www.linkedin.com/in/vijaydhole/,4,SUCCESS,
64d1e3e5e4b0fe478f248efa,KORADI INFRA SERVICES SOLUTION PRIVATE LIMITED,DIPP141997,RECOGNISED,U46901PN2023PTC219093,Validation,Nagpur,Maharashtra,Construction,Others,https://www.koradiinfra.com/,,,,OK,info@koradiinfra.com; koradiinfra@gmail.com,+91 6365684083; +91 7075195312; +91 7496969728; +91 8180305391; +91 8256371021; +91 9199235275; +91 9529986169; +91 9545862313; +91 9923527560,,1,SUCCESS,
64d0cc46e4b0c4486e8b032e,BEDIENUNG SOLUTION PRIVATE LIMITED,DIPP141939,RECOGNISED,U33150MH2023PTC401502,Validation,Nagpur,Maharashtra,Agriculture,Agri-Tech,https://www.tractorseva.com,,,,OK,customercare@tractorseva.com,+91 7817915094; +91 9209392096,https://www.linkedin.com/company/tractor-seva/,3,SUCCESS,
64cf4f6ee4b0c4486e8ad0c5,ORIGIN FOOD AND AGROFX (OPC) PRIVATE LIMITED,DIPP141756,RECOGNISED,U10795MH2023OPC405004,Prototype,Nagpur,Maharashtra,Food & Beverages,Food Processing,https://theorigininternational.com/products/,,,,OK,,+91 7647058823; +91 7647058824; +91 8235294117; +91 8571428571; +91 8823529411; +91 9411764705; +91 9411764706,,1,SUCCESS,
64ccfd4de4b0c4486e8a8dfb,UNICIRCUIT ENGINEERING SERVICES LLP,DIPP141675,RECOGNISED,AAX-1820,Scaling,Nagpur,Maharashtra,Internet of Things,Others,https://unicircuites.com/,,,,OK,info@unicircuites.com; support@unicircuites.com,+91 6412800402; +91 6445362673; +91 7014145779; +91 7075195312; +91 7122996167; +91 7200710916; +91 7496969728; +91 7524160663; +91 7524160889; +91 7728216054; +91 7728261272; +91 7730805634; +91 7730806065; +91 7730807659; +91 7730810571; +91 7730810992; +91 7765900638; +91 7933719930; +91 8180305391; +91 8256371021; +91 9193594757; +91 9359475770; +91 9545862313; +91 9895761512,https://www.linkedin.com/in/unicircuites/,3,SUCCESS,
64cba4cfe4b0c4486e8a506c,OSK IT SOLUTIONS PRIVATE LIMITED,DIPP141604,RECOGNISED,U62099MH2023PTC406419,Prototype,Nagpur,Maharashtra,Marketing,Others,https://oskitsolutions.in,,,,OK,,,,1,SUCCESS,
64ca2f63e4b0c4486e8a0687,CUPDA PROJECT PRIVATE LIMITED,DIPP141338,RECOGNISED,U14201MH2023PTC403641,EarlyTraction,Nagpur,Maharashtra,Fashion,Apparel,https://www.thekapdaproject.com,,,,OK,0fd2930120484402ac9adfb9e05cacd5@o37417.ingest.sentry.io; 18d2f96d279149989b95faf0a4b41882@sentry-next.wixpress.com; 5d1795a2db124a268f1e1bd88f503500@sentry.wixpress.com; 605a7baede844d278b89dc95ae0a9123@sentry-next.wixpress.com; 78f7996315bc402f9dcb8a2f974b82d1@sentry.wixpress.com; 79baaa8e09c746d2b7401643b99792e0@sentry.wixpress.com; 8c4075d5481d476e945486754f783364@sentry.io; 8eb368c655b84e029ed79ad7a5c1718e@sentry.wixpress.com; 9a65e97ebe8141fca0c4fd686f70996b@sentry.wixpress.com; akshay.joshi@thekapdaproject.com; example@mysite.com; info@mysite.com,+91 6109430526; +91 6112342941; +91 6144104033; +91 6156603039; +91 6206785215; +91 6231268443; +91 6239189126; +91 6254882812; +91 6289131784; +91 6332388709; +91 6351351935; +91 6363636363; +91 6381788305; +91 6404254289; +91 6409999999; +91 6419977580; +91 6489709072; +91 6709670497; +91 6757013013; +91 6878223737; +91 6926426735; +91 6993503979; +91 7011551242; +91 7058823529; +91 7125000000; +91 7142857142; +91 7199812931; +91 7242642983; +91 7252381522; +91 7321629633; +91 7346890330; +91 7395237216; +91 7430955692; +91 7469085881; +91 7475585937; +91 7499389648; +91 7538520112; +91 7578844875; +91 7612576663; +91 7618569131; +91 7623400100; +91 7642733413; +91 7647058823; +91 7665003518; +91 7683715820; +91 7691720717; +91 7709809311; +91 7739277438; +91 7739277439; +91 7739277440; +91 7739277441; +91 7739277442; +91 7739277443; +91 7739277444; +91 7740272281; +91 7740272282; +91 7740272283; +91 7740272284; +91 7740272285; +91 7740272286; +91 7740272287; +91 7740272288; +91 7740272289; +91 7751464843; +91 7813858943; +91 7848384039; +91 7863592361; +91 7863595340; +91 7865266980; +91 7896440129; +91 7903149506; +91 7956869209; +91 7975380921; +91 7996794871; +91 8000488281; +91 8003897140; +91 8004450637; +91 8004450646; +91 8004450655; +91 8004450664; +91 8004499870; +91 8005334437; +91 8005334446; +91 8005334455; +91 8005334464; +91 8005334473; +91 8006783092; +91 8006783101; +91 8006783110; +91 8007533199; +91 8007804529; +91 8007804538; +91 8007804547; +91 8074335959; +91 8092176864; +91 8099173553; +91 8100690171; +91 8134643531; +91 8256121138; +91 8367397821; +91 8420569446; +91 8427630294; +91 8461538461; +91 8467823135; +91 8522568822; +91 8585918496; +91 8586514483; +91 8635536689; +91 8701544488; +91 8745278737; +91 8819314969; +91 8825756659; +91 8826513290; +91 8851540616; +91 8887377734; +91 8900513899; +91 8902887318; +91 8921176176; +91 8927227877; +91 8932806325; +91 8962450592; +91 9001592985; +91 9035685370; +91 9043274565; +91 9131597690; +91 9143788833; +91 9177098093; +91 9221350175; +91 9225048551; +91 9288162274; +91 9288338191; +91 9289104141; +91 9301204844; +91 9306804506; +91 9308252139; +91 9411764705; +91 9463025113; +91 9470411113; +91 9487524758; +91 9523189987; +91 9523791140; +91 9562988281; +91 9636251855; +91 9655079146; +91 9660954259; +91 9713717033; +91 9714673913; +91 9774966192; +91 9810355214; +91 9818857908; +91 9860305662; +91 9883976784; +91 9900000095; +91 9918750000; +91 9929374999; +91 9961431374; +91 9966380011; +91 9974819317; +91 9977430186; +91 9992748208; +91 9996717275; +91 9999415235; +91 9999724614,,2,SUCCESS,
64c4ee04e4b0c4486e891320,KIPONO TECHNOLOGY PRIVATE LIMITED,DIPP140965,RECOGNISED,U62099MH2023PTC405275,Validation,Nagpur,Maharashtra,Professional & Commercial Services,Professional Information Services,https://www.toptime.club/,,,,OK,,,,0,ERROR,"Page.goto: net::ERR_NAME_NOT_RESOLVED at https://www.toptime.club/
Call log:
  - navigating to ""https://www.toptime.club/"", waiting until ""domcontentloaded""
"
64c0bae8e4b0c4486e8874f5,Planet5E Wellness Pvt Ltd,DIPP140793,RECOGNISED,U69100MH2023PTC406592,EarlyTraction,Nagpur,Maharashtra,Healthcare & Lifesciences,Health & Wellness,https://www.planet5e.com,,,,OK,,,,0,ERROR,"Page.goto: net::ERR_NAME_NOT_RESOLVED at https://www.planet5e.com/
Call log:
  - navigating to ""https://www.planet5e.com/"", waiting until ""domcontentloaded""
"
64ba56ece4b0c4486e877330,PYTHON ANALYTICS PRIVATE LIMITED,DIPP139814,RECOGNISED,U62011MH2023PTC406786,Validation,Nagpur,Maharashtra,AI,Machine Learning,https://piai.online/,,,,OK,,,https://www.linkedin.com/company/%CF%80-ai/,2,SUCCESS,
64ba4b08e4b0c4486e876f84,RAVIKA ORGANIC PRIVATE LIMITED,DIPP139809,RECOGNISED,U01100MH2022PTC393561,Prototype,Nagpur,Maharashtra,Agriculture,Organic Agriculture,http://ravikaorganic.com,,,,OK,,,,0,ERROR,"Page.goto: net::ERR_NAME_NOT_RESOLVED at http://ravikaorganic.com/
Call log:
  - navigating to ""http://ravikaorganic.com/"", waiting until ""domcontentloaded""
"
64b7b879e4b0c4486e86e05f,PROCOHAT INNOVATIONS PRIVATE LIMITED,DIPP139438,RECOGNISED,U62099MH2023PTC400533,EarlyTraction,Nagpur,Maharashtra,Events,Event Management,https://procohat.com,,,,OK,,+91 7817915094; +91 9383927200,,1,SUCCESS,
64b1282ee4b0ca7b139a8d51,ARRISE BPO SOLUTIONS PRIVATE LIMITED,DIPP139667,RECOGNISED,U72100MH2019PTC325707,Scaling,Nagpur,Maharashtra,IT Services,BPO,https://www.arrisebpm.com,,,,OK,,,,1,SUCCESS,
64b0c853e4b0ca7b139a71f3,PHARMAREGTECH PRIVATE LIMITED,DIPP139030,RECOGNISED,U74999MH2021PTC355263,EarlyTraction,Nagpur,Maharashtra,Healthcare & Lifesciences,Pharmaceutical,https://www.qualitasglobus.com,,,,OK,,,,0,ERROR,"Page.goto: net::ERR_NAME_NOT_RESOLVED at https://www.qualitasglobus.com/
Call log:
  - navigating to ""https://www.qualitasglobus.com/"", waiting until ""domcontentloaded""
"
64ad58bee4b0ca7b1399e5bb,STARORIGIN PRIVATE LIMITED,DIPP139273,RECOGNISED,U21099MH2021PTC369343,Validation,Nagpur,Maharashtra,Professional & Commercial Services,Business Support Supplies,https://starorigin.in/,,,,OK,,+91 6470588235; +91 6509803921; +91 6627450980; +91 7058823529; +91 7176470588; +91 7803921568; +91 7817915094; +91 7843137254; +91 8470588235; +91 9019607843; +91 9183810840; +91 9215686274; +91 9411764705; +91 9490196078; +91 9607843137; +91 9803921568; +91 9882352941,,1,SUCCESS,
64ad22b4e4b0ca7b1399d402,212 BILTMORE HOSPITALITY PRIVATE LIMITED,DIPP138778,RECOGNISED,U55209MH2019PTC333604,Scaling,Nagpur,Maharashtra,Travel & Tourism,Hospitality,https://212biltmore.in/,,,,OK,,,,0,ERROR,"Page.goto: net::ERR_NAME_NOT_RESOLVED at https://212biltmore.in/
Call log:
  - navigating to ""https://212biltmore.in/"", waiting until ""domcontentloaded""
"
64a8286be4b06880ba8c7706,DGCT TECHNOLOGY PRIVATE LIMITED,DIPP138510,RECOGNISED,U72900MH2023PTC397425,Prototype,Nagpur,Maharashtra,IT Services,Project Management,https://www.dgcttech.com,,,,OK,,,,0,ERROR,"Page.goto: net::ERR_NAME_NOT_RESOLVED at https://www.dgcttech.com/
Call log:
  - navigating to ""https://www.dgcttech.com/"", waiting until ""domcontentloaded""
"
64a7da59e4b06880ba8c63fe,LUTEC INDIA IT SERVICES PRIVATE LIMITED,DIPP138472,RECOGNISED,U72900MH2021PTC369232,Validation,Nagpur,Maharashtra,IT Services,Product Development,https://www.lutecindia.com,,,,OK,2062d0a4929b45348643784b5cb39c36@sentry.wixpress.com; 605a7baede844d278b89dc95ae0a9123@sentry-next.wixpress.com; 79baaa8e09c746d2b7401643b99792e0@sentry.wixpress.com; 8eb368c655b84e029ed79ad7a5c1718e@sentry.wixpress.com; bfb679c754744c58a7374ee6e25cfc13@sentry.wixpress.com; contact@lutecindia.com; info@mysite.com,+91 6282146654; +91 6343436259; +91 6665784691; +91 7602445281; +91 7861931889; +91 7862699253; +91 7863848750; +91 7915658427; +91 8010844476; +91 8553904673; +91 8908210882; +91 9288338191; +91 9875071139,,3,SUCCESS,
64a3b26de4b0a5524e7d0781,SHREE MAHA GOMANTAK FOODS & BEVERAGES PRIVATE LIMITED,DIPP138089,RECOGNISED,U11041MH2023PTC399335,Validation,Nagpur,Maharashtra,Food & Beverages,Others,http://www.smgfoodsnbeverages.com/,,,,OK,,,,0,ERROR,"Page.goto: net::ERR_NAME_NOT_RESOLVED at http://www.smgfoodsnbeverages.com/
Call log:
  - navigating to ""http://www.smgfoodsnbeverages.com/"", waiting until ""domcontentloaded""
"
64a01c0be4b0a5524e7c459e,AMJ OVERSEAS EXIM PRIVATE LIMITED,DIPP137326,RECOGNISED,U23209MH2021PTC373008,EarlyTraction,Nagpur,Maharashtra,Green Technology,Clean Tech,https://amjoverseas.com/,,,,OK,,,,1,SUCCESS,
649ebdd2e4b0a5524e7bb5b5,SHREE LAXMI PHARMA,DIPP140689,RECOGNISED,NG000008445,Validation,Nagpur,Maharashtra,Healthcare & Lifesciences,Healthcare Services,https://shreelp.in/,,,,OK,,,,0,ERROR,"Page.goto: net::ERR_SSL_PROTOCOL_ERROR at https://shreelp.in/
Call log:
  - navigating to ""https://shreelp.in/"", waiting until ""domcontentloaded""
"
649d5d93e4b0a5524e7b3ef8,NESTA TOYS PRIVATE LIMITED,DIPP138516,RECOGNISED,U36999MH2022PTC393320,Scaling,Nagpur,Maharashtra,Toys and Games,Physical Toys and Games,https://nestatoys.in/,,,,OK,%c2%a0info@nestatoys.in; info@nestatoys.in,+91 6020473555; +91 6021616544; +91 6071776162; +91 6081117254; +91 6091776162; +91 6156115617; +91 6169186384; +91 6177616219; +91 6195905857; +91 6219025943; +91 6252571776; +91 6258542146; +91 6321971776; +91 6335739740; +91 6340159363; +91 6386485068; +91 6400000000; +91 6454514192; +91 6475581656; +91 6488215039; +91 6492103903; +91 6518388431; +91 6529739959; +91 6552336402; +91 6553449978; +91 6568613989; +91 6571340159; +91 6588556488; +91 6615214033; +91 6763021500; +91 6763060101; +91 6779177616; +91 6784591617; +91 6793917761; +91 6802822955; +91 6807709253; +91 6826124317; +91 6834467548; +91 7002810324; +91 7019124171; +91 7050517761; +91 7096262557; +91 7129617761; +91 7136529726; +91 7147098539; +91 7150892817; +91 7151943846; +91 7227491141; +91 7228315172; +91 7236924431; +91 7348153057; +91 7377534451; +91 7394421776; +91 7404771082; +91 7448465861; +91 7481776162; +91 7518102246; +91 7533053938; +91 7583464177; +91 7594283992; +91 7674142903; +91 7685526184; +91 7745377937; +91 7803865641; +91 7804295300; +91 7804770238; +91 7804818986; +91 7805050222; +91 7805943659; +91 7805947428; +91 7806350088; +91 7807140772; +91 7807261041; +91 7807302576; +91 7807498026; +91 7807689457; +91 7809171059; +91 7809172240; +91 7809817715; +91 7810209382; +91 7810244015; +91 7810290930; +91 7810689642; +91 7811555840; +91 7811609790; +91 7812366106; +91 7812469290; +91 7812570554; +91 7812640570; +91 7813328077; +91 7813436807; +91 7813512600; +91 7813648283; +91 7814231944; +91 7814252247; +91 7814599817; +91 7814809867; +91 7815034137; +91 7815998957; +91 7816309527; +91 7816342064; +91 7816932831; +91 7816938984; +91 7817042380; +91 7817079843; +91 7817082440; +91 7817111737; +91 7817600015; +91 7818652784; +91 7818707373; +91 7818799683; +91 7818841455; +91 7819278832; +91 7819306895; +91 7819573486; +91 7819715664; +91 7819783850; +91 7820328792; +91 7820426139; +91 7821021700; +91 7821126794; +91 7821177521; +91 7821485183; +91 7821497934; +91 7822048469; +91 7822228802; +91 7822380063; +91 7822748092; +91 7823624046; +91 7823660031; +91 7823870134; +91 7824199022; +91 7824565695; +91 7824589917; +91 7824618237; +91 7824926079; +91 7825620014; +91 7825783063; +91 7825861558; +91 7825890095; +91 7826238139; +91 7826365192; +91 7826735624; +91 7827602736; +91 7827649041; +91 7828105295; +91 7828346126; +91 7828663831; +91 7828909083; +91 7828935088; +91 7828956632; +91 7829118493; +91 7829159685; +91 7829197916; +91 7829227929; +91 7829683444; +91 7829939423; +91 7830489314; +91 7830625555; +91 7830884466; +91 7832588516; +91 7832692227; +91 7832786388; +91 7832814489; +91 7833065414; +91 7833104094; +91 7833310335; +91 7833427995; +91 7833543900; +91 7833620068; +91 7834045012; +91 7834357519; +91 7834528154; +91 7835745879; +91 7835854562; +91 7836107785; +91 7836488395; +91 7836670014; +91 7836673478; +91 7836702230; +91 7836714585; +91 7836996237; +91 7837019301; +91 7837605847; +91 7837865872; +91 7837874765; +91 7838075179; +91 7838203002; +91 7838368248; +91 7838485685; +91 7838531701; +91 7839057890; +91 7839245398; +91 7839395588; +91 7839600829; +91 7840262842; +91 7840354160; +91 7840399997; +91 7840407414; +91 7840479452; +91 7840992543; +91 7841064628; +91 7841157549; +91 7841253028; +91 7841301178; +91 7841805774; +91 7841875903; +91 7842945359; +91 7843105102; +91 7843890380; +91 7844590887; +91 7844635941; +91 7844792270; +91 7844806112; +91 7845057174; +91 7845154960; +91 7845192133; +91 7845633200; +91 7845926336; +91 7845957756; +91 7846499692; +91 7846525455; +91 7846533512; +91 7846542262; +91 7846561327; +91 7847040194; +91 7847214395; +91 7847287354; +91 7847294221; +91 7847822197; +91 7847970618; +91 7848095034; +91 7848472520; +91 7848630907; +91 7849193441; +91 7850421127; +91 7850489935; +91 7850497510; +91 7850505965; +91 7850541823; +91 7850779912; +91 7851272555; +91 7851367426; +91 7851370728; +91 7851423862; +91 7851648108; +91 7852054200; +91 7852154526; +91 7852192485; +91 7852303168; +91 7852628313; +91 7853120195; +91 7854051543; +91 7854887317; +91 7855092105; +91 7855194925; +91 7855541007; +91 7855550660; +91 7855805351; +91 7855806619; +91 7855956931; +91 7855976781; +91 7855983334; +91 7856063227; +91 7856137339; +91 7856322952; +91 7856435438; +91 7856563880; +91 7856690433; +91 7856731400; +91 7856893966; +91 7856896172; +91 7857362448; +91 7857365151; +91 7857365835; +91 7857373405; +91 7857511311; +91 7857530105; +91 7857697299; +91 7858138765; +91 7858262749; +91 7858269440; +91 7858295480; +91 7858440141; +91 7858547631; +91 7858624196; +91 7858635537; +91 7859050329; +91 7859104495; +91 7859107843; +91 7859144023; +91 7859163518; +91 7859258670; +91 7859405053; +91 7859419069; +91 7859427013; +91 7859492186; +91 7859524499; +91 7859927869; +91 7860039712; +91 7860052270; +91 7860214322; +91 7860305409; +91 7860353896; +91 7860518891; +91 7860702163; +91 7860929473; +91 7861145024; +91 7861161335; +91 7861171253; +91 7861261968; +91 7861688029; +91 7861690137; +91 7861715853; +91 7861740243; +91 7861855410; +91 7861940563; +91 7862542533; +91 7862638106; +91 7862684464; +91 7863036793; +91 7863613766; +91 7864114708; +91 7864546156; +91 7864571441; +91 7865300504; +91 7865934427; +91 7866045620; +91 7866045649; +91 7873664613; +91 7884755566; +91 7958823915; +91 7991459841; +91 7991931117; +91 8009348902; +91 8115917761; +91 8139540594; +91 8163248341; +91 8168158429; +91 8168821369; +91 8170055172; +91 8177421645; +91 8182729951; +91 8300207556; +91 8301812139; +91 8311990687; +91 8340283569; +91 8382303217; +91 8396688966; +91 8437607478; +91 8446177616; +91 8591731621; +91 8621671776; +91 8634123318; +91 8653107041; +91 8672899196; +91 8682306578; +91 8682313131; +91 8682434373; +91 8682929170; +91 8682952107; +91 8766243654; +91 8781045850; +91 8856762757; +91 8916763137; +91 9103923669; +91 9114453201; +91 9137875246; +91 9167631372; +91 9197019878; +91 9198974989; +91 9251579651; +91 9256039887; +91 9294988305; +91 9295951201; +91 9303010177; +91 9337400145; +91 9388811177; +91 9459718057; +91 9477733586; +91 9596630427; +91 9651251904; +91 9684331562; +91 9699250040; +91 9701987812; +91 9752750131; +91 9815915143; +91 9815992737; +91 9883566701; +91 9912341776; +91 9955879461; +91 9976472969; +91 9997558593,https://www.linkedin.com/in/neha-m-b527a215/; https://www.linkedin.com/in/neha-makdey-b527a215/,3,SUCCESS,
64859fa5e4b0bb8a940a6ad8,ELECRECO PRIVATE LIMITED,DIPP135868,RECOGNISED,U95111MH2023PTC404002,Prototype,Nagpur,Maharashtra,Waste Management,Others,https://www.elecreco.com,,,,OK,,,,0,ERROR,"Page.goto: net::ERR_NAME_NOT_RESOLVED at https://www.elecreco.com/
Call log:
  - navigating to ""https://www.elecreco.com/"", waiting until ""domcontentloaded""
"
6483527fe4b0bb8a940912a4,VALUEUP EDUCATION PRIVATE LIMITED,DIPP136254,RECOGNISED,U80903MH2021PTC374107,Validation,Nagpur,Maharashtra,Education,Skill Development,https://www.valueup.in/,,,,OK,valueup.edu@gmail.com,+91 7353656518; +91 9173536565,,1,SUCCESS,
647998eae4b0d597a0324e71,NORTHERN LIGHTANALYTICS PRIVATE LIMITED,DIPP134846,RECOGNISED,U62099MH2023PTC399162,Validation,Nagpur,Maharashtra,IT Services,Application Development,http://nlalab.com/,,,,OK,suman.sengupta@nlalab.com,+91 9422815542; +91 9503101087,,3,SUCCESS,
64784dd1e4b0d597a031e6ec,DYSMECH COMPETENCY SERVICES PRIVATE LIMITED,DIPP138198,RECOGNISED,U74999MH2017PTC295875,Validation,Nagpur,Maharashtra,IT Services,IT Consulting,https://dysmech.com/,,,,OK,,,,0,ERROR,"Page.goto: net::ERR_CONNECTION_REFUSED at https://dysmech.com/
Call log:
  - navigating to ""https://dysmech.com/"", waiting until ""domcontentloaded""
"
6474c2fbe4b0d597a030508f,DWELLSTAYS HOSPITALITY PRIVATE LIMITED,DIPP134341,RECOGNISED,U79900MH2023PTC402684,Validation,Nagpur,Maharashtra,Travel & Tourism,Hospitality,https://https//dwellStays.in/,,,,OK,,,,0,ERROR,"Page.goto: net::ERR_NAME_NOT_RESOLVED at https://https//dwellStays.in/
Call log:
  - navigating to ""https://https//dwellStays.in/"", waiting until ""domcontentloaded""
"
64743981e4b0c38c15a51e73,SEVENIMAGINE EDUCATION PRIVATE LIMITED,DIPP134493,RECOGNISED,U74999MH2020PTC337217,Validation,Nagpur,Maharashtra,Enterprise Software,Others,http://sevensquarelearning.com/,,,,OK,inquiries@sevensquarelearning.com; kartik@sevensquarelearning.com,+91 6406644174; +91 6943806934; +91 7000000000; +91 7188720516; +91 9173383725,,3,SUCCESS,
646c7dfae4b06265ab6382ef,ARTIGENCE HEALTHCARE SYSTEMS PRIVATE LIMITED,DIPP133697,RECOGNISED,U62099MH2023PTC398192,Validation,Nagpur,Maharashtra,Healthcare & Lifesciences,Healthcare IT,https://artigence.ai,,,,OK,contact@artigence.ai,+91 6942061128; +91 7484541312; +91 8084856650; +91 8365886411,https://www.linkedin.com/company/artigence-healthcare/,2,SUCCESS,
646454f4e4b025c6714497fa,EARTHX ENGINEERING PRIVATE LIMITED,DIPP133162,RECOGNISED,U45400MH2022PTC390244,Validation,Nagpur,Maharashtra,Technology Hardware,Others,http://sdstonesengineering.com/index.html,,,,OK,,,,1,SUCCESS,
6463e33be4b025c671449283,MSPS TRADELINKS LLP,DIPP131575,RECOGNISED,AAW-8319,Prototype,Nagpur,Maharashtra,Healthcare & Lifesciences,Pharmaceutical,https://www.mayacure.in,,,,OK,,,,0,ERROR,"Page.goto: net::ERR_NAME_NOT_RESOLVED at https://www.mayacure.in/
Call log:
  - navigating to ""https://www.mayacure.in/"", waiting until ""domcontentloaded""
"
64621d40e4b025c671443098,YOUTEEK E-RETAIL PRIVATE LIMITED,DIPP133745,RECOGNISED,U62099MH2023PTC400481,EarlyTraction,Nagpur,Maharashtra,Retail,Comparison Shopping,https://youteek.com/,,,,OK,contact@youteek.com,+91 6727161373; +91 7075195312; +91 7496969728; +91 8180305391; +91 8256371021; +91 9184466236; +91 9307787388; +91 9545862313,,3,SUCCESS,
645e3d87e4b025c671432c09,SHADER LABS PRIVATE LIMITED,DIPP134273,RECOGNISED,U85499PN2023PTC220410,EarlyTraction,Nagpur,Maharashtra,Education,Coaching,https://indiagamelab.com,,,,OK,,,,0,ERROR,"Page.goto: net::ERR_NAME_NOT_RESOLVED at https://indiagamelab.com/
Call log:
  - navigating to ""https://indiagamelab.com/"", waiting until ""domcontentloaded""
"
645d1544e4b037e48cd9163d,IMMVERSE INNOVATIONS PRIVATE LIMITED,DIPP131631,RECOGNISED,U62099MH2023PTC398179,Validation,Nagpur,Maharashtra,AI,Machine Learning,https://www.immverse.ai/,,,,OK,,,,1,SUCCESS,
645cc7dae4b0a7a488d03157,VICTOIN MULTISERVICES PRIVATE LIMITED,DIPP132815,RECOGNISED,U74904MH2023PTC400398,Prototype,Nagpur,Maharashtra,Others,Others,https://victoinmultiservices.com,,,,OK,,,,0,ERROR,"Page.goto: net::ERR_NAME_NOT_RESOLVED at https://victoinmultiservices.com/
Call log:
  - navigating to ""https://victoinmultiservices.com/"", waiting until ""domcontentloaded""
"
645b6de7e4b0912f1d822a27,SINFOLIX TECHNOLOGIES,DIPP132844,RECOGNISED,NG000008714,Prototype,Nagpur,Maharashtra,IT Services,IT Consulting,https://www.sinfolix.com/,,,,OK,,,,1,SUCCESS,
645b2957e4b0912f1d81fe17,AVSG SOLUTIONS (OPC) PRIVATE LIMITED,DIPP131742,RECOGNISED,U15490MH2022OPC382071,EarlyTraction,Nagpur,Maharashtra,Food & Beverages,Food Technology/Food Delivery,https://www.sitgri.com,,,,OK,,,,0,ERROR,"Page.goto: net::ERR_NAME_NOT_RESOLVED at https://www.sitgri.com/
Call log:
  - navigating to ""https://www.sitgri.com/"", waiting until ""domcontentloaded""
"
64548464e4b0af7362cb12c6,HEALYANTRA HEALTHCARE INNOVATIONS PRIVATE LIMITED,DIPP131278,RECOGNISED,U46596MH2023PTC399379,Validation,Nagpur,Maharashtra,Healthcare & Lifesciences,Medical Devices Biomedical,https://healyantra.com/,,,,OK,management@healyantra.com,+91 6235100441; +91 6261901512; +91 6607989742; +91 6666666667; +91 6898776991; +91 6898827143; +91 7062828592; +91 7104732387; +91 7315958467; +91 7496969728; +91 7866050407; +91 7933745416; +91 8097270636; +91 8787790847; +91 8963367888; +91 8999677979; +91 8999692021; +91 9512797861,https://www.linkedin.com/company/healyantra-pvt-ltd/?viewAsMember=true,4,SUCCESS,
644ffc8ce4b0f3925ea5ad1e,TEZKIRANA TECHNOLOGIES PRIVATE LIMITED,DIPP131011,RECOGNISED,U46909MH2023PTC400832,EarlyTraction,Nagpur,Maharashtra,Retail,Retail Technology,https://teznow.com,,,,OK,,+91 9000064000; +91 9610624619,,1,SUCCESS,
644ff402e4b0f3925ea5ac9c,PBRIDGE CONSULTANCY PRIVATE LIMITED,DIPP137163,RECOGNISED,U70200MH2023PTC398216,Validation,Nagpur,Maharashtra,Education,Coaching,https://pbridge.info/assistive-tech/,,,,OK,career@pbridge.info; careerm91@gmail.com; filler@godaddy.com; impallari@gmail.com; info@indiantypefoundry.com,+91 6818181818; +91 7749115241; +91 8162692847; +91 9198666718; +91 9866671876,,2,SUCCESS,
644d37bfe4b08c6e5d9ee6ee,SHASHTAV CHARGING BHARAT PRIVATE LIMITED,DIPP136499,RECOGNISED,U27900MH2023PTC401951,Scaling,Nagpur,Maharashtra,Automotive,Electric Vehicles,https://www.blu-e.in/,,,,OK,,,,0,ERROR,"Page.goto: net::ERR_NAME_NOT_RESOLVED at https://www.blu-e.in/
Call log:
  - navigating to ""https://www.blu-e.in/"", waiting until ""domcontentloaded""
"
6447fc6be4b0ae03c7510b48,CLIFTON BEVERAGES PRIVATE LIMITED,DIPP131916,RECOGNISED,U47222MH2023PTC401654,EarlyTraction,Nagpur,Maharashtra,Food & Beverages,Food Processing,https://www.cliftonbeverages.com,,,,OK,,,,0,ERROR,"Page.goto: net::ERR_NAME_NOT_RESOLVED at https://www.cliftonbeverages.com/
Call log:
  - navigating to ""https://www.cliftonbeverages.com/"", waiting until ""domcontentloaded""
"
64414cf8e4b06b54e65788ed,BLUEROCK ASSETS PRIVATE LIMITED,DIPP131255,RECOGNISED,U67100MH2021PTC363024,Validation,Nagpur,Maharashtra,Healthcare & Lifesciences,Healthcare Services,https://www.bluerockassets.com,,,,OK,,,,1,SUCCESS,
643f8db7e4b0077493993ce8,PRIME SERVICES PRIVATE LIMITED,DIPP130131,RECOGNISED,U74999MH2020PTC336694,Validation,Nagpur,Maharashtra,Finance Technology,Others,https://www.primeservicesindia.com/,,,,OK,,,,1,SUCCESS,
6438f5fce4b0ce1b91dc6f35,GBJ BUZZ PRIVATE LIMITED,DIPP131081,RECOGNISED,U72900MH2022PTC395840,EarlyTraction,Nagpur,Maharashtra,IT Services,Others,https://gbjbuzz.com/,,,,OK,team@gbjbuzz.com,+91 6512902031; +91 6892583463; +91 6921540554; +91 7020107390; +91 9275557707,https://www.linkedin.com/company/gbj-buzz/mycompany/,3,SUCCESS,
642ebacfe4b03b5271295e26,KALAPENTRY DESIGN STUDIO LLP,DIPP128449,RECOGNISED,ABZ-2473,Validation,Nagpur,Maharashtra,Architecture Interior Design,Others,https://www.itsthegaragesale.com,,,,OK,,,,0,ERROR,"Page.goto: net::ERR_NAME_NOT_RESOLVED at https://www.itsthegaragesale.com/
Call log:
  - navigating to ""https://www.itsthegaragesale.com/"", waiting until ""domcontentloaded""
"
642c0ba8e4b017331e5e2443,CASTING VECTORS LLP,DIPP130307,RECOGNISED,ACA-4010,Prototype,Nagpur,Maharashtra,AI,Others,https://www.linkedin.com/in/akshay-taiwade-95b96388,,,,OK,,,,1,SUCCESS,
64285363e4b070b7ef2de873,RYEA INDUSTRIES PRIVATE LIMITED,DIPP128180,RECOGNISED,U15400MH2020PTC344567,EarlyTraction,Nagpur,Maharashtra,Agriculture,Others,https://www.ryeaindustries.com,,,,OK,,,,0,ERROR,"Page.goto: net::ERR_NAME_NOT_RESOLVED at https://www.ryeaindustries.com/
Call log:
  - navigating to ""https://www.ryeaindustries.com/"", waiting until ""domcontentloaded""
"
64269d98e4b070b7ef2d8788,TRADEWISE INDIAN XPORTER PRIVATE LIMITED,DIPP128191,RECOGNISED,U52609MH2022PTC378551,EarlyTraction,Nagpur,Maharashtra,Transportation & Storage,Freight & Logistics Services,https://indianxporter.com/,,,,OK,admin@indianxporter.com; exports@indianxporter.com; info@indianxporter.com; john@company.com,+91 6780425028; +91 6780425031; +91 6780425032; +91 6800276353; +91 6804270945; +91 6804272182; +91 6804273384; +91 6804281452; +91 6804283666; +91 6804286925; +91 6804287912; +91 6804289260; +91 6804296922; +91 6804297710; +91 6804299382; +91 6804300322; +91 6804301362; +91 6804305507; +91 6804306407; +91 6804307811; +91 6804308783; +91 6804311200; +91 6804312958; +91 6804374298; +91 6804375156; +91 6804378388; +91 6804379414; +91 6804380339; +91 6804380906; +91 6804382288; +91 6804383726; +91 6804384402; +91 6804385735; +91 6804387106; +91 6804388360; +91 6804389089; +91 6804391971; +91 6804392532; +91 6804393225; +91 6804393788; +91 6804394389; +91 6804394847; +91 6804396633; +91 6804397015; +91 6804465492; +91 6804466074; +91 6804469799; +91 6804470445; +91 6804471002; +91 6804471504; +91 6804472005; +91 6804472446; +91 6804473056; +91 6804473479; +91 6804474206; +91 6804474597; +91 6804477972; +91 6804478439; +91 6804479296; +91 6804860844; +91 6813480720; +91 6820806759; +91 6821881160; +91 6821892204; +91 6821895647; +91 6821901103; +91 6821904220; +91 6821908259; +91 6821931074; +91 6821931336; +91 6821931508; +91 6821931857; +91 6821932160; +91 6821932428; +91 6821932693; +91 6821932890; +91 6821933329; +91 6821933502; +91 6821933680; +91 6821933914; +91 6821937408; +91 6821937677; +91 6821952467; +91 6821962890; +91 6821963046; +91 6821963320; +91 6821963489; +91 6821963645; +91 6821963898; +91 6821964720; +91 6821964881; +91 6821964992; +91 6821965734; +91 6821995866; +91 6821996309; +91 6821996446; +91 6821996989; +91 6821997151; +91 6821997289; +91 6821998973; +91 6821999420; +91 6822000492; +91 6822006423; +91 6822708437; +91 6822709091; +91 6822712133; +91 6822712931; +91 6822713963; +91 6822714643; +91 6822715995; +91 6822718967; +91 6822720544; +91 6822722585; +91 6822730882; +91 6822736499; +91 6823573782; +91 6823574875; +91 6823576683; +91 6823577594; +91 6823579915; +91 6823581363; +91 6823582927; +91 6823584172; +91 6823586000; +91 6823586856; +91 6823587635; +91 6823588641; +91 6823590894; +91 6823592333; +91 6823593275; +91 6919605052; +91 6919609595; +91 6919612302; +91 6919613480; +91 6919616510; +91 6919618510; +91 6919620196; +91 6919621149; +91 6919630681; +91 6919631262; +91 6919649155; +91 6919649548; +91 6919649785; +91 6919650892; +91 6919651142; +91 6919651350; +91 6919651927; +91 6919652651; +91 6919652977; +91 6919653238; +91 6919653520; +91 6919653809; +91 6919654126; +91 6919654732; +91 6919654991; +91 6951595430; +91 6951634367; +91 7817915094; +91 8668990861; +91 9186689908,https://www.linkedin.com/in/mukund-kadu/; https://www.linkedin.com/in/raj-bhargude-56a8bab9/,3,SUCCESS,
64251134e4b070b7ef2cdcdd,GramIQ,DIPP158964,RECOGNISED,U62099MH2024PTC416747,EarlyTraction,Nagpur,Maharashtra,Agriculture,Agri-Tech,https://gramiq.ai/,,,,OK,hello@gramiq.ai,+91 6157489921; +91 7817915094,https://gramiq.ai/about-us/www.linkedin.com/in/akankshaa-sharma; https://gramiq.ai/about-us/www.linkedin.com/in/nehagmoon; https://www.linkedin.com/company/gramiq/; https://www.linkedin.com/in/ayushmandesigner/; https://www.linkedin.com/in/kalpit-bhawalkar-26bb842a/; https://www.linkedin.com/in/nishant-burnase; https://www.linkedin.com/in/sachinfarfadpatil/; https://www.linkedin.com/in/shubham-m-singh-478a95213/; https://www.linkedin.com/in/sonam-p-50287b176/; https://www.linkedin.com/in/the-harsh-vardhan/,3,SUCCESS,
6423d1e9e4b070b7ef2c81ec,LBSSOFTECH PRIVATE LIMITED,DIPP127954,RECOGNISED,U72900MH2022PTC395251,EarlyTraction,Nagpur,Maharashtra,IT Services,Web Development,https://websathi.in/,,,,OK,,,,0,ERROR,"Page.goto: net::ERR_NAME_NOT_RESOLVED at https://websathi.in/
Call log:
  - navigating to ""https://websathi.in/"", waiting until ""domcontentloaded""
"
6422ccd7e4b070b7ef2c5d64,AGRILOGIQUE AGRI MANAGEMENT PRIVATE LIMITED,DIPP127814,RECOGNISED,U01110MH2023PTC397482,Validation,Nagpur,Maharashtra,Agriculture,Agri-Tech,https://www.agrilogique.in,,,,OK,info@agrilogique.com,+91 6116261525; +91 6813716286; +91 8357277221; +91 9051296308; +91 9070604960; +91 9172944663,,2,SUCCESS,
641dcdefe4b070b7ef2b2e6f,RIDAYAN CONSTRUCTIONS LLP,DIPP127417,RECOGNISED,ACA-1361,Prototype,Nagpur,Maharashtra,Construction,Construction & Engineering,https://ridayanconstructionsllp.co.in,,,,OK,,,,0,ERROR,"Page.goto: net::ERR_NAME_NOT_RESOLVED at https://ridayanconstructionsllp.co.in/
Call log:
  - navigating to ""https://ridayanconstructionsllp.co.in/"", waiting until ""domcontentloaded""
"
641d9d3be4b070b7ef2b166c,GREAMIO TECHNOLOGIES PRIVATE LIMITED,DIPP127453,RECOGNISED,U72200MH2021PTC371988,Validation,Nagpur,Maharashtra,IT Services,IT Management,https://greamio.com/,,,,OK,contact@greamio.com,,,1,SUCCESS,
641acb6ae4b070b7ef2a4ff1,DAIRYMANTRA PRIVATE LIMITED,DIPP127097,RECOGNISED,U72900MH2022PTC390839,Validation,Nagpur,Maharashtra,Agriculture,Dairy Farming,https://www.dairymantra.com,,,,OK,,,,1,SUCCESS,
6418618be4b070b7ef29e750,KHANIJZ TECHNOLOGIES PRIVATE LIMITED,DIPP126943,RECOGNISED,U72100MH2023PTC398135,Prototype,Nagpur,Maharashtra,IT Services,Others,https://www.khanijz.com,,,,OK,,,,1,SUCCESS,
640c6584e4b05275a6b420e3,CLEANLANE EQUIPMENTS AND SOLUTIONS PRIVATE LIMITED,DIPP133475,RECOGNISED,U29190MH2022PTC395682,Validation,Nagpur,Maharashtra,Waste Management,Others,https://www.cleanlaneequipments.com,,,,OK,,,,0,ERROR,"Page.goto: net::ERR_CONNECTION_REFUSED at https://www.cleanlaneequipments.com/
Call log:
  - navigating to ""https://www.cleanlaneequipments.com/"", waiting until ""domcontentloaded""
"
640c5ba5e4b05275a6b3f8ff,SWAGSTAY PRIVATE LIMITED,DIPP128561,RECOGNISED,U55209MP2020PTC054071,Scaling,Nagpur,Maharashtra,Travel & Tourism,Hospitality,https://swagstay.com/,,,,OK,,,,0,ERROR,"Page.goto: net::ERR_ABORTED at https://swagstay.com/
Call log:
  - navigating to ""https://swagstay.com/"", waiting until ""domcontentloaded""
"
640c5917e4b05275a6b3f202,SUVAN DIAMONDS INDIA PRIVATE LIMITED,DIPP127389,RECOGNISED,U36999MH2023PTC397705,Validation,Nagpur,Maharashtra,Fashion,Jewellery,https://www.suvandiamond.com,,,,OK,,,,0,ERROR,"Page.goto: net::ERR_NAME_NOT_RESOLVED at https://www.suvandiamond.com/
Call log:
  - navigating to ""https://www.suvandiamond.com/"", waiting until ""domcontentloaded""
"
6409b4f1e4b05275a6b34a8e,HABUILD HEALTHTECH PRIVATE LIMITED,DIPP125630,RECOGNISED,U85100MH2022PTC381385,EarlyTraction,Nagpur,Maharashtra,Healthcare & Lifesciences,Health & Wellness,https://www.habuild.in,,,,OK,yogaeveryday@habuild.in,+91 6018930144; +91 6166655242; +91 6682191963; +91 6724110182; +91 6739128743; +91 6813269456; +91 7126924545; +91 7729572870; +91 7866052511; +91 7969329699; +91 9199171621; +91 9794091458,https://www.linkedin.com/in/saurabhbothra,2,SUCCESS,
64079083e4b05275a6b30256,AAARNA THERAPEUTICS PRIVATE LIMITED,DIPP137911,RECOGNISED,U24230MH2021PTC368585,Validation,Nagpur,Maharashtra,Biotechnology,Others,https://www.aaarna.com,,,,OK,info@aaarna.com; user@domain.com,+91 6031001937; +91 6112956810; +91 6492946304; +91 6519174041; +91 6538037486; +91 6766867067; +91 6801339752; +91 6802300143; +91 6804850535; +91 6846034663; +91 7321428571; +91 7494145276; +91 7494146319; +91 7494175780; +91 7494176003; +91 7494181731; +91 7494326067; +91 7494384196; +91 7494389862; +91 7494389863; +91 7494399511; +91 7506901435; +91 7539385956; +91 7773334612; +91 7834645669; +91 7846588209; +91 7866052597; +91 8023001437; +91 8086522462; +91 8505358150; +91 8571428571; +91 8801374486; +91 8834951456; +91 8958063121; +91 9054054054; +91 9253526733; +91 9323593073; +91 9509803921; +91 9603100193; +91 9868511162,https://www.linkedin.com/company/aaarna-therapeutics,1,SUCCESS,
64019b2ee4b05275a6b0d726,TECHLEELA SOLUTIONS PRIVATE LIMITED,DIPP125260,RECOGNISED,U72900MH2021PTC354883,Prototype,Nagpur,Maharashtra,IT Services,Web Development,https://www.techleela.com,,,,OK,info@techleela.com,+91 7496969728,https://www.linkedin.com/company/77115203/admin/page-posts/published/,2,SUCCESS,
63ff28bbe4b07770d05f14ce,URECRUIT PRIVATE LIMITED,DIPP125195,RECOGNISED,U80904MH2022PTC384347,EarlyTraction,Nagpur,Maharashtra,Human Resources,Recruitment Jobs,https://www.urecruit.biz/,,,,OK,,,,0,ERROR,"Page.goto: net::ERR_HTTP_RESPONSE_CODE_FAILURE at https://www.urecruit.biz/
Call log:
  - navigating to ""https://www.urecruit.biz/"", waiting until ""domcontentloaded""
"
63fc48a8e4b0752eee0181e9,WORLDONE ENERGIES PRIVATE LIMITED,DIPP127998,RECOGNISED,U46909MH2021PTC368013,Scaling,Nagpur,Maharashtra,Renewable Energy,Renewable Solar Energy,https://www.worldoneenergies.com,,,,OK,info@domain.com; info@worldoneenergies.com; tahir.ali@worldoneenergies.com,+91 7507500000; +91 7556718824; +91 7556752914; +91 7556816781; +91 7556830020; +91 7727613786; +91 7862333881,https://www.linkedin.com/company/105758363/admin/dashboard/; https://www.linkedin.com/in/murtaza-kothawala,3,SUCCESS,
63f9bb9ae4b0752eee00cec1,SELF TECH SOLUTIONS PRIVATE LIMITED,DIPP124697,RECOGNISED,U72900MP2019PTC049443,Prototype,Nagpur,Maharashtra,IT Services,Application Development,https://selftech.in,,,,OK,,,,0,ERROR,"Page.goto: net::ERR_ABORTED at https://selftech.in/
Call log:
  - navigating to ""https://selftech.in/"", waiting until ""domcontentloaded""
"
63f4ea80e4b0752eedff9b90,GPAL INTERNATIONAL PRIVATE LIMITED,DIPP124679,RECOGNISED,U51909MH2022PTC394477,Prototype,Nagpur,Maharashtra,Agriculture,Agri-Tech,https://www.gpalinternatinal.com,,,,OK,,,,0,ERROR,"Page.goto: net::ERR_NAME_NOT_RESOLVED at https://www.gpalinternatinal.com/
Call log:
  - navigating to ""https://www.gpalinternatinal.com/"", waiting until ""domcontentloaded""
"
63ef5011e4b0e6f581be8955,Sanjivani Agro Machinery,DIPP124520,RECOGNISED,NG000005396,EarlyTraction,Nagpur,Maharashtra,Agriculture,Agri-Tech,https://www.sanjivanii.com,,,,OK,sales005.sam@gmail.com; your@email.com,+91 7219030002; +91 7219030009; +91 9172190300,https://www.linkedin.com/in/sanjivani-agro-machinery,4,SUCCESS,
63eb6068e4b082303da8dc3c,PETMARK MANUFACTURING AND SERVICES PRIVATE LIMITED,DIPP123413,RECOGNISED,U26990MH2022PTC394792,Prototype,Nagpur,Maharashtra,Pets & Animals,Others,https://trypetmark.web.app/,,,,OK,,,,1,SUCCESS,
63d6bbc3e4b0d237b25730a8,Renoplast India Private Limited,DIPP122154,RECOGNISED,U25209PN2021PTC205384,Validation,Nagpur,Maharashtra,Construction,Construction & Engineering,https://NA,,,,OK,,,,0,ERROR,"Page.goto: net::ERR_NAME_NOT_RESOLVED at https://na/
Call log:
  - navigating to ""https://na/"", waiting until ""domcontentloaded""
"
63d507a0e4b0d237b2570bbc,M K PERUMAL GLOBAL BUSINESS CONSULTANT PRIVATE LIMITED,DIPP129437,RECOGNISED,U74999MH2022PTC390277,Validation,Nagpur,Maharashtra,Professional & Commercial Services,Business Support Services,https://perucabs.com,,,,OK,,,,0,ERROR,"Page.goto: net::ERR_NAME_NOT_RESOLVED at https://perucabs.com/
Call log:
  - navigating to ""https://perucabs.com/"", waiting until ""domcontentloaded""
"
63cbb3abe4b03b5f8b44b0f0,SAVITAR AUTOMOTIVE PRIVATE LIMITED,DIPP132724,RECOGNISED,U50400MH2022PTC375167,Prototype,Nagpur,Maharashtra,Automotive,Auto & Truck Manufacturers,http://bikeecg.com/,,,,OK,,,,0,ERROR,"Page.goto: net::ERR_NAME_NOT_RESOLVED at http://bikeecg.com/
Call log:
  - navigating to ""http://bikeecg.com/"", waiting until ""domcontentloaded""
"
63c51b6fe4b0a39b8f00101c,REJOINDER PRIVATE LIMITED,DIPP132993,RECOGNISED,U29309MH2022PTC395640,Prototype,Nagpur,Maharashtra,Others,Others,https://sites.google.com/view/rejoinder/home?pli=1,,,,OK,,+91 6399999857; +91 6720579542; +91 6999999881; +91 7866053876; +91 8000000119; +91 8181818181; +91 8199999928; +91 8518518519; +91 8700000048; +91 8976067085,,1,SUCCESS,
63c5018be4b0a39b8f000727,AEROVANIA PRIVATE LIMITED,DIPP120102,RECOGNISED,U74999MH2022PTC382122,Prototype,Nagpur,Maharashtra,Aeronautics Aerospace & Defence,Drones,https://N/A,,,,OK,,,,0,ERROR,"Page.goto: net::ERR_NAME_NOT_RESOLVED at https://n/A
Call log:
  - navigating to ""https://n/A"", waiting until ""domcontentloaded""
"
63bcffebe4b08bd10c71a1d0,KAPISUT TEXTILES (OPC) PRIVATE LIMITED,DIPP119712,RECOGNISED,U17299MH2022OPC391435,Validation,Nagpur,Maharashtra,Textiles & Apparel,Apparel & Accessories,https://kapi.co.in/,,,,OK,,,,1,SUCCESS,
63b8299ce4b08bd10c70ab3b,SMILEBIRD HEALTHCARE PRIVATE LIMITED,DIPP119734,RECOGNISED,U86201GJ2023PTC141866,EarlyTraction,Nagpur,Maharashtra,Healthcare & Lifesciences,Health & Wellness,https://www.smilebirddental.com,,,,OK,hello@smilebird.com; hello@smilebirdhealth.com,,https://www.linkedin.com/company/smilebird/,2,SUCCESS,
63b2af80e4b0efec669ea8bb,LabTech Biosciences LLP,DIPP119783,RECOGNISED,ABB-8620,Validation,Nagpur,Maharashtra,Healthcare & Lifesciences,Medical Devices Biomedical,https://www.labtechbiosciences.com/,,,,OK,,,,1,SUCCESS,
63ae968be4b0efec669db949,XZENT SOLUTIONS PRIVATE LIMITED,DIPP144834,RECOGNISED,U62099MH2023PTC409457,Prototype,Nagpur,Maharashtra,Finance Technology,Trading,https://plankvision.com,,,,OK,sauravxzent@proton.me,+91 7817915094,https://www.linkedin.com/company/xzent-solutions-pvt-ltd/,4,SUCCESS,
63a1fdcfe4b0fcfedea40c1c,Xpand Life Private Limited,DIPP123100,RECOGNISED,U15205MH2022PTC395259,Validation,Nagpur,Maharashtra,Food & Beverages,Food Processing,https://www.licksters.com,,,,OK,2062d0a4929b45348643784b5cb39c36@sentry.wixpress.com; 271e9fa3230b4eec94b02bf95780f5f2@sentry.wixpress.com; 460ff4620fa44cba8df530afde949785@sentry.wixpress.com; 605a7baede844d278b89dc95ae0a9123@sentry-next.wixpress.com; 8c4075d5481d476e945486754f783364@sentry.io; 8eb368c655b84e029ed79ad7a5c1718e@sentry.wixpress.com; 9a65e97ebe8141fca0c4fd686f70996b@sentry.wixpress.com; c183baa23371454f99f417f6616b724d@sentry.wixpress.com; dd0a55ccb8124b9c9d938e3acf41f8aa@sentry.wixpress.com; ed436f5053144538958ad06a5005e99a@sentry.wixpress.com,+91 6000000000; +91 6012369999; +91 6500000000; +91 6700000762; +91 6714918886; +91 7000000000; +91 7356412895; +91 7599559548; +91 7863579028; +91 7863805089; +91 8000000000; +91 8400001525; +91 8800000000; +91 8999977111; +91 8999996185; +91 9000000953; +91 9022881230; +91 9229716761; +91 9288338191; +91 9699997901; +91 9886522139; +91 9899997711; +91 9900000095; +91 9999923706,,2,SUCCESS,
639c4aa9e4b0e7b413afe4ed,Vikramaaditya Vc Private Limited,DIPP118419,RECOGNISED,U85300MH2022PTC391655,Prototype,Nagpur,Maharashtra,Healthcare & Lifesciences,Healthcare Services,https://Vikramaaditya.com,,,,OK,,,,0,ERROR,"Page.goto: net::ERR_NAME_NOT_RESOLVED at https://vikramaaditya.com/
Call log:
  - navigating to ""https://vikramaaditya.com/"", waiting until ""domcontentloaded""
"
639b0d02e4b018c322adcb29,Aicd Infra Decor Llp,DIPP117657,RECOGNISED,AAR-0750,Prototype,Nagpur,Maharashtra,Construction,Others,https://buildanyhomes.com/,,,,OK,info@buildanyhomes.com,+91 7455145168; +91 7972821404; +91 8530075659; +91 9923944559,,2,SUCCESS,
63971368e4b018c322acb82d,FINDINGPI PRIVATE LIMITED,DIPP117047,RECOGNISED,U72900MH2022PTC374580,Prototype,Nagpur,Maharashtra,IT Services,IT Consulting,https://www.findingpi.com/,,,,OK,marketing@findingpi.com,+91 6468992000; +91 6906666669; +91 7099896186; +91 8450940001; +91 8457347592; +91 9096912359,https://www.linkedin.com/company/13411538/,3,SUCCESS,
63945cd9e4b018c322abde27,Vyuh Associates Private Limited,DIPP117355,RECOGNISED,U74999MH2022PTC376876,Prototype,Nagpur,Maharashtra,Human Resources,Others,https://www.vyuhjobs.com/,,,,OK,,,,1,SUCCESS,
63875eace4b0e15bb42395f1,SIMPLYDESI VENTURES PRIVATE LIMITED,DIPP115779,RECOGNISED,U74999MH2019PTC328297,Validation,Nagpur,Maharashtra,Social Network,Others,https://simplydesi.in/,,,,OK,feedback@simplydesi.in,+91 6700698565; +91 7037695484; +91 7496969728; +91 7866054873; +91 7866054880; +91 7866054881; +91 8080928266,,1,SUCCESS,
63872acee4b0beee02504bf2,Kraya Concepts Private Limited,DIPP116182,RECOGNISED,U72900MH2022PTC392229,Validation,Nagpur,Maharashtra,Enterprise Software,Cloud,https://www.kraya.co,,,,OK,sales@kraya.io,+91 7053907066,https://www.linkedin.com/company/kraya-india/,2,SUCCESS,
63863a25e4b0f9d1767d01d4,Matchedmee Enterprises Private Limited,DIPP122048,RECOGNISED,U18101MH2023PTC396877,Prototype,Nagpur,Maharashtra,Fashion,Apparel,http://www.matchedmee.com,,,,OK,,,,0,ERROR,"Page.goto: net::ERR_NAME_NOT_RESOLVED at http://www.matchedmee.com/
Call log:
  - navigating to ""http://www.matchedmee.com/"", waiting until ""domcontentloaded""
"
63822744e4b0bd09c7fcbbf3,Savycode Private Limited,DIPP117881,RECOGNISED,U72900MH2021PTC357707,Validation,Nagpur,Maharashtra,Healthcare & Lifesciences,Healthcare IT,https://www.babyverse.app/,,,,OK,appointments@savycode.com,+91 7496969728,https://www.linkedin.com/company/babyverse/,2,SUCCESS,
637b0f02e4b027ddb8e68433,Azlogics Private Limited,DIPP115210,RECOGNISED,U72900MH2021PTC362851,Validation,Nagpur,Maharashtra,IT Services,Product Development,https://www.rpacpc.com/,,,,OK,leads@rpacpc.com; sales@rpacpc.com,+91 6321909250; +91 6412281684; +91 6422549999; +91 7219739222; +91 7496969728; +91 7866055580; +91 8080204842; +91 9503474764,https://www.linkedin.com/company/rpacpc/,3,SUCCESS,
6379eb67e4b027ddb8e63424,Ingenuitive Private Limited,DIPP122306,RECOGNISED,U31904MH2022PTC395721,Validation,Nagpur,Maharashtra,Technology Hardware,Electronics,https://aac.ingenuitive.cc,,,,OK,,,,0,ERROR,"Page.goto: net::ERR_NAME_NOT_RESOLVED at https://aac.ingenuitive.cc/
Call log:
  - navigating to ""https://aac.ingenuitive.cc/"", waiting until ""domcontentloaded""
"
6378b39ae4b027ddb8e5b143,CYBERCORE DIGITAL PRIVATE LIMITED,DIPP145688,RECOGNISED,U72900MH2022PTC392018,Validation,Nagpur,Maharashtra,IT Services,Product Development,https://www.cybercore.in,,,,OK,,,,1,SUCCESS,
6378a4cfe4b027ddb8e5a742,Founders Innovation Private Limited,DIPP119858,RECOGNISED,U74110MH2021PTC369730,EarlyTraction,Nagpur,Maharashtra,IT Services,Web Development,https://iwearwhoopee.com/,,,,OK,,,,0,ERROR,"Page.goto: net::ERR_NAME_NOT_RESOLVED at https://iwearwhoopee.com/
Call log:
  - navigating to ""https://iwearwhoopee.com/"", waiting until ""domcontentloaded""
"
637892a1e4b027ddb8e59816,Mandarin Semiconductors Private Limited,DIPP115461,RECOGNISED,U32109MH2022PTC383145,Validation,Nagpur,Maharashtra,Technology Hardware,Semiconductor,https://www.mandarinsemiconductors.com,,,,OK,,,,0,ERROR,"Page.goto: net::ERR_NAME_NOT_RESOLVED at https://www.mandarinsemiconductors.com/
Call log:
  - navigating to ""https://www.mandarinsemiconductors.com/"", waiting until ""domcontentloaded""
"
6374df23e4b07b9d66d9cecf,Pertinent Healthcare Business Solutions Private Limited,DIPP114834,RECOGNISED,U74999MH2020PTC344991,Validation,Nagpur,Maharashtra,IT Services,BPO,http://www.pertinenthbs.com/,,,,OK,,,,0,ERROR,"Page.goto: net::ERR_NAME_NOT_RESOLVED at http://www.pertinenthbs.com/
Call log:
  - navigating to ""http://www.pertinenthbs.com/"", waiting until ""domcontentloaded""
"
636bcd03e4b0561227f0cd63,Medyard Trexim Private Limited,DIPP114256,RECOGNISED,U51909MH2022PTC390389,Prototype,Nagpur,Maharashtra,Marketing,Sales,https://www.medyardtrexim.com,,,,OK,,,,0,ERROR,"Page.goto: net::ERR_NAME_NOT_RESOLVED at https://www.medyardtrexim.com/
Call log:
  - navigating to ""https://www.medyardtrexim.com/"", waiting until ""domcontentloaded""
"
636b831de4b0561227f080c6,Gene Log Private Limited,DIPP114179,RECOGNISED,U72900MH2022PTC380788,Validation,Nagpur,Maharashtra,Social Network,Others,https://genelog.in/,,,,OK,,,,1,SUCCESS,
63675b5ce4b0995681990348,Idt Innovation Technologies Private Limited,DIPP114528,RECOGNISED,U72900MH2022PTC392797,Validation,Nagpur,Maharashtra,Internet of Things,Manufacturing & Warehouse,https://www.senselive.in,,,,OK,,,,1,SUCCESS,
6364e0f0e4b09956819838a1,Bintybyte Technologies Private Limited,DIPP114723,RECOGNISED,U72900PN2022PTC211162,EarlyTraction,Nagpur,Maharashtra,IT Services,IT Consulting,https://bintybyte.com/,,,,OK,info@bintybyte.com,,https://www.linkedin.com/company/bintybyte,3,SUCCESS,
63615343e4b061300b76eb4b,Allindian It Services Llp,DIPP115514,RECOGNISED,AAN-1384,Scaling,Nagpur,Maharashtra,IT Services,IT Consulting,https://allindianitservices.com,,,,OK,info@allindianitservices.com,+91 6866855788; +91 7218146352; +91 7264068025; +91 9922995268; +91 9922996184,https://www.linkedin.com/company/aiits-all-indian-it-services/,3,SUCCESS,
636125e0e4b061300b76d6d6,Creata Trexim Private Limited,DIPP114659,RECOGNISED,U36999MH2022PTC382298,Validation,Nagpur,Maharashtra,Art & Photography,Art,http://www.creatapoojaghar.com,,,,OK,sales@creatagroup.com,+91 6108537845; +91 6162776607; +91 6400311872; +91 6517866056; +91 6734696703; +91 6750190905; +91 7216556537; +91 7268342817; +91 7298943496; +91 7496969728; +91 7606098575; +91 7866056386; +91 7943625564; +91 7958937422; +91 8041279938; +91 8066520067; +91 8265276247; +91 8593432055; +91 8888166665; +91 8888344449; +91 9188881666; +91 9330617890; +91 9412655790; +91 9630015024; +91 9648511189; +91 9673865408; +91 9697205839; +91 9754388190; +91 9764461604,https://www.linkedin.com/company/26504155/admin/,3,SUCCESS,
635bb5abe4b0d54a1df34d56,Plastroots Waste Management &amp; Solutions Private Limited,DIPP113836,RECOGNISED,U37200MH2022PTC386705,EarlyTraction,Nagpur,Maharashtra,Waste Management,Others,https://plastroots.com/,,,,OK,careers@plastroots.com; info@plastroots.com,+91 7385837917; +91 7447586067; +91 8900938030; +91 9081929480,https://www.linkedin.com/company/plastroots-waste-management-solutions/?originalSubdomain=in,3,SUCCESS,
6350eb5fe4b0d54a1df04ac9,BIOEXCEL LIFESCIENCES AND RESEARCH LLP,DIPP141787,RECOGNISED,ABB-1229,Validation,Nagpur,Maharashtra,Healthcare & Lifesciences,Medical Devices Biomedical,https://www.bioexcelife.com,,,,OK,-bd@bioexcelife.com; -jaspalsingh@bioexcelife.com; bd@bioexcelife.com; jaspalsingh@bioexcelife.com,+91 6155261843; +91 6971984518; +91 6982334137; +91 8235294117; +91 9742291095,https://www.linkedin.com/company/bioexcelife/,3,SUCCESS,
634e7aa9e4b0d54a1def9e8b,Ek Katha Clothing Private Limited,DIPP112414,RECOGNISED,U18101MH2022PTC390214,EarlyTraction,Nagpur,Maharashtra,Fashion,Apparel,https://ekkathaclothing.com/,,,,OK,,,,1,SUCCESS,
63469a2ce4b0e5fd4de47308,Shopcard Business Promotion Private Limited,DIPP113255,RECOGNISED,U74999PN2022PTC213407,Prototype,Nagpur,Maharashtra,IT Services,Web Development,https://ShopCardd.com,,,,OK,info@shopcardd.com,+91 8855007022,,3,SUCCESS,
633c3712e4b0feee6e0b8768,MES-ONS INDIA PRIVATE LIMITED,DIPP144693,RECOGNISED,U28999MH2022PTC385018,Scaling,Nagpur,Maharashtra,Renewable Energy,Manufacture of Electrical Equipment,https://www.mesonswires.com,,,,OK,,,,0,ERROR,"Page.goto: net::ERR_NAME_NOT_RESOLVED at https://www.mesonswires.com/
Call log:
  - navigating to ""https://www.mesonswires.com/"", waiting until ""domcontentloaded""
"
632d4cd9e4b0eac4b9733205,Ecotrinity Automobiles Private Limited,DIPP110836,RECOGNISED,U34300MH2021PTC372564,Validation,Nagpur,Maharashtra,Automotive,Electric Vehicles,https://trinitymotorz.com/,,,,OK,,,,1,SUCCESS,
632562dee4b098e7a2c71a26,Anding Technology Private Limited,DIPP116077,RECOGNISED,U72900MH2022PTC375880,Prototype,Nagpur,Maharashtra,IT Services,Application Development,https://adatritech.com/,,,,OK,,+91 6666666667; +91 8568878849; +91 9643311490; +91 9980358548,,1,SUCCESS,
6321d10fe4b03afafff15590,Finasyst Tech Private Limited,DIPP110986,RECOGNISED,U72900MH2022PTC389728,Validation,Nagpur,Maharashtra,Agriculture,Agri-Tech,https://www.finasyst.in,,,,OK,info@finasyst.in,+91 6144366940; +91 6276611326; +91 6457455100; +91 6965843770; +91 7767424450; +91 9500829840,https://www.linkedin.com/company/finasyst/; https://www.linkedin.com/company/finasyst/about/,1,SUCCESS,
63200df3e4b071ab1c891888,olfamach engineering solutions pvt ltd,DIPP110728,RECOGNISED,U33301MH2020PTC337398,Validation,Nagpur,Maharashtra,Technology Hardware,Embedded,https://www.olfamach.com/,,,,OK,,,,1,SUCCESS,
63048912e4b080c62a85ab82,ZERODRAG TECHNOLOGIES PRIVATE LIMITED,DIPP108574,RECOGNISED,U29100MH2022PTC388953,EarlyTraction,Nagpur,Maharashtra,Aeronautics Aerospace & Defence,Drones,https://www.zerodrag.in,,,,OK,example@gmail.com; support@thedroneadda.in; support@thezerodrag.com,+91 6082165467; +91 6189373233; +91 6265276461; +91 6303830501; +91 6465951909; +91 6484427334; +91 6518388431; +91 6560600903; +91 6615124273; +91 6631537266; +91 6688801416; +91 6709686617; +91 6738645924; +91 6771965050; +91 6790384729; +91 6882751654; +91 6925396141; +91 6969165467; +91 6991943663; +91 7012391895; +91 7040987504; +91 7070021842; +91 7086327931; +91 7196991654; +91 7226464165; +91 7248205600; +91 7257886097; +91 7280524558; +91 7308526394; +91 7405116546; +91 7438181654; +91 7452300911; +91 7472668016; +91 7522520629; +91 7526004359; +91 7618966726; +91 7648756444; +91 7650678667; +91 7704606114; +91 7704622498; +91 7704632328; +91 7718385016; +91 7749659099; +91 7808387285; +91 7810319188; +91 7811441885; +91 7812426072; +91 7813038169; +91 7836864316; +91 7837375496; +91 7844675666; +91 7847058440; +91 7866057226; +91 7866057292; +91 7866057467; +91 7866057492; +91 7872899165; +91 7890307317; +91 7893671182; +91 7941697141; +91 7943037714; +91 8007827784; +91 8020833333; +91 8029123673; +91 8037512380; +91 8114320048; +91 8117326020; +91 8117327003; +91 8186169032; +91 8197936382; +91 8231119282; +91 8238009352; +91 8238012530; +91 8238016692; +91 8243637747; +91 8249716546; +91 8316546782; +91 8324805330; +91 8363567467; +91 8377758322; +91 8392458248; +91 8418528469; +91 8425461654; +91 8486774591; +91 8503261545; +91 8515329781; +91 8681551654; +91 8709673416; +91 8730931654; +91 8731526951; +91 8743271902; +91 8762958730; +91 8767991816; +91 8769857600; +91 8796758502; +91 8851321781; +91 8910556165; +91 9061654678; +91 9133501277; +91 9172238124; +91 9198217345; +91 9211225855; +91 9221509899; +91 9248009708; +91 9250685346; +91 9277809910; +91 9367774911; +91 9395657220; +91 9432116546; +91 9435850561; +91 9448653809; +91 9524492944; +91 9645568919; +91 9647738962; +91 9647769764; +91 9685161196; +91 9724214009; +91 9763671625; +91 9804147917; +91 9821734544; +91 9852831333; +91 9853969691; +91 9881062936; +91 9918836245; +91 9940416546; +91 9951681843; +91 9960134165; +91 9972249165; +91 9976639840,,4,SUCCESS,
62ff0f6ce4b0da9c23ed4f87,Sts360 Support Private Limited,DIPP108628,RECOGNISED,U72900MH2022PTC387852,Scaling,Nagpur,Maharashtra,IT Services,BPO,https://www.STS360 support.in,,,,OK,,,,0,ERROR,"Page.goto: net::ERR_NAME_NOT_RESOLVED at https://www.STS360 support.in
Call log:
  - navigating to ""https://www.STS360 support.in"", waiting until ""domcontentloaded""
"
62fced5ae4b0da9c23ec775a,Kanri Solutions Private Limited,DIPP110005,RECOGNISED,U74999MH2022PTC385044,Validation,Nagpur,Maharashtra,Enterprise Software,Collaboration,https://kanriai.com/,,,,OK,ruben.ghosh@gmail.com; support@kanriai.com,+91 6182985826; +91 6395824360; +91 6970958163; +91 7111846590; +91 7305741497; +91 7979960688; +91 8251378828; +91 9152049913; +91 9199870048; +91 9627887100; +91 9987004869,https://www.linkedin.com/company/kanri-solutions,2,SUCCESS,
62f4f229e4b02524d81b94f3,EXPEDIAN BUILTDESIGN PRIVATE LIMITED,DIPP108073,RECOGNISED,U74999MH2022PTC388352,Scaling,Nagpur,Maharashtra,Architecture Interior Design,Others,https://builtdesign.in/,,,,OK,,+91 6638974796; +91 7526571330; +91 7670806359; +91 8006352609; +91 8430588664; +91 9270935058; +91 9400707200,,4,SUCCESS,
62f0ec05e4b02524d81a6f2b,Amplecare Remedies Private Limited,DIPP116025,RECOGNISED,U51909PN2021PTC203182,EarlyTraction,Nagpur,Maharashtra,Healthcare & Lifesciences,Pharmaceutical,https://www.amplecareremedies.com,,,,OK,,,,0,ERROR,"Page.goto: net::ERR_NAME_NOT_RESOLVED at https://www.amplecareremedies.com/
Call log:
  - navigating to ""https://www.amplecareremedies.com/"", waiting until ""domcontentloaded""
"
62ecf924e4b02524d81934d7,PICONTEXT TECHNOLOGY PRIVATE LIMITED,DIPP130048,RECOGNISED,U74999MH2016PTC287340,Scaling,Nagpur,Maharashtra,Construction,Construction & Engineering,https://picontexttechnologyprivatelimited.nowfloats.com.,,,,OK,,,,1,SUCCESS,
62ecd177e4b02524d81921c0,Happico Foods Private Limited,DIPP110085,RECOGNISED,U15400MH2022PTC386840,EarlyTraction,Nagpur,Maharashtra,Food & Beverages,Food Processing,https://www.myhappico.com,,,,OK,,,,0,ERROR,"Page.goto: net::ERR_NAME_NOT_RESOLVED at https://www.myhappico.com/
Call log:
  - navigating to ""https://www.myhappico.com/"", waiting until ""domcontentloaded""
"
62ec999be4b02524d81908d4,NENIPRRA PRIVATE LIMITED,DIPP109215,RECOGNISED,U15490MH2022PTC385190,Prototype,Nagpur,Maharashtra,Food & Beverages,Food Processing,https://neniprra.com,,,,OK,,,,0,ERROR,"Page.goto: net::ERR_NAME_NOT_RESOLVED at https://neniprra.com/
Call log:
  - navigating to ""https://neniprra.com/"", waiting until ""domcontentloaded""
"
62eb624ae4b02524d818c0b4,Taigen Consulting Llp,DIPP106609,RECOGNISED,ABA-1599,Prototype,Nagpur,Maharashtra,IT Services,IT Consulting,https://www.taigen.in,,,,OK,sushant@taigen.in,+91 7588588949,,3,SUCCESS,
62e758a3e4b02524d8173264,Teamob Solutions Private Limited,DIPP123322,RECOGNISED,U72900MH2017PTC291758,Scaling,Nagpur,Maharashtra,IT Services,IT Consulting,https://www.teamob.co.in,,,,OK,,+91 6092589591; +91 7781722764; +91 7817915094,,1,SUCCESS,
62db9105e4b05e317519b221,Iwm Cyber Sec Private Limited,DIPP107861,RECOGNISED,U72900MH2021PTC359977,EarlyTraction,Nagpur,Maharashtra,Enterprise Software,Others,https://www.iwmcybersec.com,,,,OK,,,,1,SUCCESS,
62db8687e4b05e317519ac42,Sonexa Innovations Private Limited,DIPP106460,RECOGNISED,U29308MH2022PTC386863,EarlyTraction,Nagpur,Maharashtra,Green Technology,Clean Tech,https://www.galon.in,,,,OK,,,,0,ERROR,"Page.goto: net::ERR_NAME_NOT_RESOLVED at https://www.galon.in/
Call log:
  - navigating to ""https://www.galon.in/"", waiting until ""domcontentloaded""
"
62d82404e4b0840fb6bd6c9c,YUVATRENZ MARKETING PRIVATE LIMITED,DIPP139730,RECOGNISED,U18109MH2021PTC371708,EarlyTraction,Nagpur,Maharashtra,Textiles & Apparel,Apparel & Accessories,https://yuvatm.com,,,,OK,,,,0,ERROR,"Page.goto: net::ERR_NAME_NOT_RESOLVED at https://yuvatm.com/
Call log:
  - navigating to ""https://yuvatm.com/"", waiting until ""domcontentloaded""
"
62d6838ee4b0756f41449777,PRATIGRHAM SPORTS FOR ALL (OPC) PRIVATE LIMITED,DIPP129558,RECOGNISED,U74999MH2018OPC305722,Scaling,Nagpur,Maharashtra,Sports,Sports Promotion and Networking,https://www.pratigrham.com/,,,,OK,info@pratigrham.com,+91 7520395425; +91 7589738042; +91 7594989364; +91 7594989620; +91 7594989820; +91 7594989957; +91 7594990114; +91 7594990251; +91 7594990359; +91 7594990606; +91 7594990769; +91 7594990908; +91 7594991037; +91 7594991174; +91 7594991337; +91 7594991432; +91 7594991542; +91 7594991628; +91 7594991745; +91 7594992118; +91 9156620658,,4,SUCCESS,
62cc50cbe4b0d06e97b36e7a,Vidharbha Agro Engineering Solutions Private Limited,DIPP106918,RECOGNISED,U29100MH2021PTC354190,Validation,Nagpur,Maharashtra,Agriculture,Others,https://www.yantrashakti.in,,,,OK,,,,0,ERROR,"Page.goto: net::ERR_NAME_NOT_RESOLVED at https://www.yantrashakti.in/
Call log:
  - navigating to ""https://www.yantrashakti.in/"", waiting until ""domcontentloaded""
"
62c5c992e4b07b2cdee43e65,VARDHISHNU AGROPRODUCTS PRIVATE LIMITED,DIPP105166,RECOGNISED,U01110MH2022PTC375720,Validation,Nagpur,Maharashtra,Agriculture,Agri-Tech,https://Vardhishnuagro.in,,,,OK,,,,0,ERROR,"Page.goto: net::ERR_NAME_NOT_RESOLVED at https://vardhishnuagro.in/
Call log:
  - navigating to ""https://vardhishnuagro.in/"", waiting until ""domcontentloaded""
"
62c4137de4b07b2cdee35553,AMA VENTURES LLP,DIPP108737,RECOGNISED,ABB-4907,Prototype,Nagpur,Maharashtra,Automotive,Electric Vehicles,https://lightningz.in,,,,OK,,,,0,ERROR,"Page.goto: net::ERR_NAME_NOT_RESOLVED at https://lightningz.in/
Call log:
  - navigating to ""https://lightningz.in/"", waiting until ""domcontentloaded""
"
62c2a666e4b07b2cdee2ad77,KANAI SMART SYSTEMS PRIVATE LIMITED,DIPP107178,RECOGNISED,U72900MH2021PTC353312,Validation,Nagpur,Maharashtra,IT Services,Application Development,https://kanaisys.com,,,,OK,,,,1,SUCCESS,
62bff0d3e4b07b2cdee09942,Yorever Technovations Private Limited,DIPP121297,RECOGNISED,U52100MH2022PTC385874,Validation,Nagpur,Maharashtra,Chemicals,Others,https://yorever.com,,,,OK,,,,0,ERROR,"Page.goto: net::ERR_NAME_NOT_RESOLVED at https://yorever.com/
Call log:
  - navigating to ""https://yorever.com/"", waiting until ""domcontentloaded""
"
62a6d3f2e4b0a0b71410fe3c,PRIMEVEST WEALTH PRIVATE LIMITED,DIPP103567,RECOGNISED,U65999MH2022PTC383046,Validation,Nagpur,Maharashtra,Finance Technology,Advisory,https://www.primevestwealth.in/,,,,OK,info@primevestwealth.in,+91 6599233760; +91 6633258934; +91 7079972878; +91 7079972879; +91 7079973328; +91 7079973826; +91 7079975692; +91 7079975693; +91 7079990678; +91 7079990683; +91 7079990696; +91 7080028320; +91 7080028583; +91 7080734548; +91 7080734784; +91 7080742619; +91 7080805805; +91 7080812134; +91 7296596820; +91 7296632789; +91 7335657276; +91 7335660938; +91 7486882997; +91 7486884102; +91 7486890086; +91 7500000000; +91 8249263335; +91 9822464327,,3,SUCCESS,
62a5a4efe4b0a0b71410b5c1,NETPRET SOLUTIONS PRIVATE LIMITED,DIPP130569,RECOGNISED,U72300MH2015PTC267831,Prototype,Nagpur,Maharashtra,Telecommunication & Networking,Integrated communication services,http://www.netpret.in,,,,OK,info@netpret.in,,https://www.linkedin.com/in/kumar-doshi-7a4267280/,2,SUCCESS,
62a30160e4b0520246bf7176,Flying Hippo Media Private Limited,DIPP116371,RECOGNISED,U74999MH2020PTC344338,EarlyTraction,Nagpur,Maharashtra,Advertising,Others,https://www.flyinghippomedia.com,,,,OK,,,,0,ERROR,"Page.goto: net::ERR_SSL_PROTOCOL_ERROR at https://www.flyinghippomedia.com/
Call log:
  - navigating to ""https://www.flyinghippomedia.com/"", waiting until ""domcontentloaded""
"
6299e563e4b028cbac186f9e,ADMIRE TECH VISION LLP,DIPP102540,RECOGNISED,AAX-9606,Scaling,Nagpur,Maharashtra,Education,Skill Development,https://www.admiretechvision.com,,,,OK,0e6a29e4756740a8a63493e912ba2174@sentry.wixpress.com; 18d2f96d279149989b95faf0a4b41882@sentry-next.wixpress.com; 1eeb89147c984dc6bc3ffafd9e6cd089@sentry.wixpress.com; 2062d0a4929b45348643784b5cb39c36@sentry.wixpress.com; 271e9fa3230b4eec94b02bf95780f5f2@sentry.wixpress.com; 460ff4620fa44cba8df530afde949785@sentry.wixpress.com; 5d1795a2db124a268f1e1bd88f503500@sentry.wixpress.com; 605a7baede844d278b89dc95ae0a9123@sentry-next.wixpress.com; 88170cb0c9d64f94b5821ca7fd2d55a4@sentry-next.wixpress.com; 8c4075d5481d476e945486754f783364@sentry.io; 8eb368c655b84e029ed79ad7a5c1718e@sentry.wixpress.com; 98b21aa53d68482b8414e892d9af0e5f@sentry-next.wixpress.com; 9a65e97ebe8141fca0c4fd686f70996b@sentry.wixpress.com; baf30a2b91654c5a840931f0137bed30@sentry.wixpress.com; c183baa23371454f99f417f6616b724d@sentry.wixpress.com; dd0a55ccb8124b9c9d938e3acf41f8aa@sentry.wixpress.com; ed436f5053144538958ad06a5005e99a@sentry.wixpress.com; f36cc48fb72b4d298c835f2793cf3b84@sentry-next.wixpress.com; info@admiretechvision.com,+91 6066350710; +91 7528824071; +91 7862775429; +91 7865790266; +91 8197084861; +91 8329658368; +91 8719731149; +91 8805986771; +91 8914571958; +91 9127610058,https://in.linkedin.com/company/admiretechvision; https://www.linkedin.com/company/admiretechvision,3,SUCCESS,
62986513e4b028cbac181be7,ORANGECITY LYSEIS PRIVATE LIMITED,DIPP124528,RECOGNISED,U24290MH2022PTC383813,Validation,Nagpur,Maharashtra,Agriculture,Organic Agriculture,https://orangecitynaturals.com/,,,,OK,boindy@gmail.com; boindyinfo@gmail.com,+91 6050708235; +91 6051308123; +91 6052612005; +91 6061112302; +91 6062505573; +91 6070911015; +91 6157630236; +91 9028706363; +91 9028806161; +91 9075273212; +91 9190288061; +91 9874712464,,4,SUCCESS,
62909a84e4b028cbac15e8c3,JIVTODE E-RETAIL TRADE (OPC) PRIVATE LIMITED,DIPP102563,RECOGNISED,U51909MH2021OPC356676,Prototype,Nagpur,Maharashtra,Retail,Retail Technology,https://www.buyosooth.in,,,,OK,,,,0,ERROR,"Page.goto: net::ERR_NAME_NOT_RESOLVED at https://www.buyosooth.in/
Call log:
  - navigating to ""https://www.buyosooth.in/"", waiting until ""domcontentloaded""
"
628f3a3fe4b028cbac156050,SAFFONA HEALTHCARE PRIVATE LIMITED,DIPP124549,RECOGNISED,U85100MH2022PTC379535,Validation,Nagpur,Maharashtra,Healthcare & Lifesciences,Healthcare Services,http://www.saffonaphysiotherapy.in,,,,OK,,,,0,ERROR,"Page.goto: net::ERR_NAME_NOT_RESOLVED at http://www.saffonaphysiotherapy.in/
Call log:
  - navigating to ""http://www.saffonaphysiotherapy.in/"", waiting until ""domcontentloaded""
"
6287b5aae4b028cbac12e940,Urbane Corps Private Limited,DIPP120188,RECOGNISED,U74999MH2021PTC362172,Prototype,Nagpur,Maharashtra,Human Resources,Recruitment Jobs,https://www.urbanecorps.com,,,,OK,hr@urbanecorps.com,+91 6158325652; +91 7575672258; +91 7575690985; +91 7588870541; +91 7677012236; +91 9193099350; +91 9309935070,https://www.linkedin.com/company/urbane-corps-pvt-ltd/posts/?feedView=all,3,SUCCESS,
628483f5e4b028cbac11df7e,MIG-24 HEALTHCARE PRIVATE LIMITED,DIPP101532,RECOGNISED,U85300MH2021PTC374232,Validation,Nagpur,Maharashtra,Healthcare & Lifesciences,Health & Wellness,https://mig-24healthcare.com/,,,,OK,,,,0,ERROR,"Page.goto: net::ERR_NAME_NOT_RESOLVED at https://mig-24healthcare.com/
Call log:
  - navigating to ""https://mig-24healthcare.com/"", waiting until ""domcontentloaded""
"
62847c45e4b028cbac11dc20,ENABLE IT SOLUTIONS PRIVATE LIMITED,DIPP102195,RECOGNISED,U72300MH2014PTC256134,Scaling,Nagpur,Maharashtra,IT Services,IT Management,https://enitsol.com/,,,,OK,info@enitsol.com; sales@enitsol.com,+91 7123580057; +91 7866059300,http://www.linkedin.com/company/enable-it-solutions-pvt-ltd/,2,SUCCESS,
627f8c4ee4b028cbac1033f1,TECHNOSPECTRA EDTECH PRIVATE LIMITED,DIPP103284,RECOGNISED,U72900MH2022PTC381415,Validation,Nagpur,Maharashtra,Education,Education Technology,https://www.technospectra.com,,,,OK,,,,1,SUCCESS,
627e172fe4b028cbac0fdc65,INTELLIGENCE MANAGEMENT AND PLACEMENT CONSULTANCY (OPC) PRIVATE LIMITED,DIPP102695,RECOGNISED,U74999MH2021OPC371524,EarlyTraction,Nagpur,Maharashtra,Education,Education Technology,https://www.intelligencementor.com,,,,OK,,,,1,SUCCESS,
62737db8e4b028cbac0c515f,KAYA LAWATRE IMPEX PRIVATE LIMITED,DIPP100715,RECOGNISED,U51909MH2021PTC360569,EarlyTraction,Nagpur,Maharashtra,Indic Language Startups,E-Commerce,https://www.kayastore.co.in/,,,,OK,,,,0,ERROR,"Page.goto: net::ERR_NAME_NOT_RESOLVED at https://www.kayastore.co.in/
Call log:
  - navigating to ""https://www.kayastore.co.in/"", waiting until ""domcontentloaded""
"
62736321e4b028cbac0c4465,ENVISION VFX PRIVATE LIMITED,DIPP102674,RECOGNISED,U72500PN2022PTC210660,Validation,Nagpur,Maharashtra,Media & Entertainment,Digital Media,http://envisionvfx.in,,,,OK,info@envisionvfx.in,+91 6261686788; +91 6874378496; +91 6881019115; +91 6889945887; +91 6950401995; +91 7331218557; +91 7770493218; +91 8252952133; +91 8820153751; +91 9324858779; +91 9333503749; +91 9584825565,https://www.linkedin.com/company/envision-vfx/; https://www.linkedin.com/in/aditya-kulkarni-47a84420/; https://www.linkedin.com/in/akshaymadansure/; https://www.linkedin.com/in/aman-khan-818494154/; https://www.linkedin.com/in/anirudh55/; https://www.linkedin.com/in/kailas-huljute-5a810b3b/; https://www.linkedin.com/in/krishna-baraskar-994a836a/; https://www.linkedin.com/in/pankaj-ganatra-84393b12b/; https://www.linkedin.com/in/rajendra-maharana-2a35a3a/; https://www.linkedin.com/in/rohit-s-455730239/; https://www.linkedin.com/in/sagar-dabir-ba906b35/; https://www.linkedin.com/in/sameer-shaikh-195b82251/; https://www.linkedin.com/in/shrikant-mahadik-93684956/; https://www.linkedin.com/in/vikrant-jabde-61622993/,4,SUCCESS,
627279c4e4b028cbac0c2259,VASTUWISHWAS (OPC) PRIVATE LIMITED,DIPP101740,RECOGNISED,U70109MH2022OPC381108,Prototype,Nagpur,Maharashtra,Real Estate,Housing,https://www.vastuwishwas.com,,,,OK,,,,0,ERROR,"Page.goto: net::ERR_NAME_NOT_RESOLVED at https://www.vastuwishwas.com/
Call log:
  - navigating to ""https://www.vastuwishwas.com/"", waiting until ""domcontentloaded""
"
62691ea9e4b028cbac09677d,EDUCRON PRIVATE LIMITED,DIPP100924,RECOGNISED,U93000MH2018PTC315240,EarlyTraction,Nagpur,Maharashtra,Enterprise Software,Enterprise Mobility,https://educron.com/,,,,OK,info@educron.com,+91 7496969728; +91 7817915094; +91 9199609123; +91 9960912357,,2,SUCCESS,
6257b9bce4b00f07df351425,GRHAPA SERVICES & SOLUTIONS PRIVATE LIMITED,DIPP99404,RECOGNISED,U74995MH2017PTC302968,EarlyTraction,Nagpur,Maharashtra,Internet of Things,Others,http://olagate.app/,,,,OK,info@olagatetech.com,+91 7817915094; +91 8532319588; +91 9113568929,https://www.linkedin.com/company/olagateapp,2,SUCCESS,
625678d1e4b00f07df34aae0,NATRAJ BEVERAGES AND FOODS PRIVATE LIMITED,DIPP109478,RECOGNISED,U15549MH2021PTC370584,Validation,Nagpur,Maharashtra,Food & Beverages,Food Processing,https://NATRAJINDIA.IN,,,,OK,,,,0,ERROR,"Page.goto: net::ERR_NAME_NOT_RESOLVED at https://natrajindia.in/
Call log:
  - navigating to ""https://natrajindia.in/"", waiting until ""domcontentloaded""
"
624a9d30e4b0e4f8d2797e2d,MALU TECHNOLOGIES PRIVATE LIMITED,DIPP98631,RECOGNISED,U52339MH2020PTC350613,Prototype,Nagpur,Maharashtra,Marketing,Sales,https://www.frikly.in,,,,OK,info@frikly.com,+91 6530625703; +91 6831074792; +91 7817915094; +91 7866059761; +91 9213514183; +91 9876543210; +91 9922200895,https://www.linkedin.com/company/friklyindia/,2,SUCCESS,
6242fb68e4b0e4f8d277a395,TRIBUGS IN PRIVATE LIMITED,DIPP99711,RECOGNISED,U72900MH2021PTC369966,EarlyTraction,Nagpur,Maharashtra,IT Services,Web Development,https://www.tribugs.com/,,,,OK,,,,0,ERROR,"Page.goto: net::ERR_NAME_NOT_RESOLVED at https://www.tribugs.com/
Call log:
  - navigating to ""https://www.tribugs.com/"", waiting until ""domcontentloaded""
"
6235896ee4b0e4f8d273b000,SmartHire Consultant Private Limited,DIPP108487,RECOGNISED,U93090MH2022PTC375619,Prototype,Nagpur,Maharashtra,Human Resources,Others,http://smarthire.info/,,,,OK,,,,0,ERROR,"Page.goto: net::ERR_NAME_NOT_RESOLVED at http://smarthire.info/
Call log:
  - navigating to ""http://smarthire.info/"", waiting until ""domcontentloaded""
"
622efc5fe4b0e4f8d27164bf,PAW&TAILS SOLUTIONS PRIVATE LIMITED,DIPP138924,RECOGNISED,U52209MH2022PTC374888,EarlyTraction,Nagpur,Maharashtra,Pets & Animals,Others,https://www.dobbythechef.com,,,,OK,,,,0,ERROR,"Page.goto: net::ERR_NAME_NOT_RESOLVED at https://www.dobbythechef.com/
Call log:
  - navigating to ""https://www.dobbythechef.com/"", waiting until ""domcontentloaded""
"
622c5ac1e4b0e4f8d270893e,VALOREM CREATORS PRIVATE LIMITED,DIPP102856,RECOGNISED,U45201MH2019PTC323728,Validation,Nagpur,Maharashtra,Enterprise Software,Cloud,https://www.kraya.co,,,,OK,sales@kraya.io,+91 7053907066,https://www.linkedin.com/company/kraya-india/,2,SUCCESS,
6222f0c5e4b0e4f8d26d9b4d,ORANGELEAF SERVICES PRIVATE LIMITED,DIPP97388,RECOGNISED,U74999MH2018PTC306575,Validation,Nagpur,Maharashtra,Professional & Commercial Services,Business Support Services,https://www.nriway.com/,,,,OK,,,,0,ERROR,"Page.goto: net::ERR_ABORTED at https://www.nriway.com/
Call log:
  - navigating to ""https://www.nriway.com/"", waiting until ""domcontentloaded""
"
621f02c7e4b0e4f8d26c1946,NUBENO HEALTHCARE PRIVATE LIMITED,DIPP98609,RECOGNISED,U33309MH2018PTC316026,Scaling,Nagpur,Maharashtra,Healthcare & Lifesciences,Medical Devices Biomedical,https://www.nubeno.in/,,,,OK,exports@nubeno.in; info@nubeno.in; nusales@nubeno.in,+91 6088826907; +91 6088995099; +91 6088995212; +91 6112312545; +91 6112316493; +91 6177994863; +91 6177995022; +91 6191635746; +91 6191648425; +91 6195214482; +91 6195219412; +91 6195268123; +91 6195268610; +91 6743149330; +91 7283062233; +91 7283062889; +91 7283063017; +91 7283063187; +91 7386664351; +91 7386664615; +91 8348924875; +91 8988598549,,4,SUCCESS,
621df502e4b0e4f8d26bcc78,LOGIC INNOVATES PRIVATE LIMITED,DIPP105407,RECOGNISED,U72900MH2021PTC361891,Validation,Nagpur,Maharashtra,IT Services,Application Development,https://logicinnovates.com/,,,,OK,hr@selftech.in; info@logicinnovates.com,+91 6052023053; +91 6415462136; +91 6515710624; +91 6545705435; +91 7887998299; +91 8022023013; +91 8078826448; +91 8202312222; +91 9202301210; +91 9273257534,,3,SUCCESS,
6216329be4b0e4f8d2692919,CK SHARMA MOTORS PRIVATE LIMITED,DIPP97660,RECOGNISED,U35999MH2022PTC376614,Validation,Nagpur,Maharashtra,Automotive,Electric Vehicles,https://cksmotors.com,,,,OK,,,,3,SUCCESS,
620df3b5e4b0e4f8d2665a60,KRUSHNARPAN COMMERCIALS PRIVATE LIMITED,DIPP95277,RECOGNISED,U45309MH2021PTC370369,Validation,Nagpur,Maharashtra,Professional & Commercial Services,Business Support Supplies,https://www.kcplnagpur.com/#,,,,OK,,,,0,ERROR,"Page.goto: net::ERR_NAME_NOT_RESOLVED at https://www.kcplnagpur.com/#
Call log:
  - navigating to ""https://www.kcplnagpur.com/#"", waiting until ""domcontentloaded""
"
62050406e4b0e4f8d262aa97,Godbole (G) Naturals And Dairy Farms Llp,DIPP123530,RECOGNISED,AAV-3779,EarlyTraction,Nagpur,Maharashtra,Green Technology,Clean Tech,https://www.gnaturals.in,,,,OK,,,,0,ERROR,"Page.goto: net::ERR_NAME_NOT_RESOLVED at https://www.gnaturals.in/
Call log:
  - navigating to ""https://www.gnaturals.in/"", waiting until ""domcontentloaded""
"
62037567e4b0e4f8d261f3d0,RITESHRI UDYOG PRIVATE LIMITED,DIPP98285,RECOGNISED,U51909MH2020PTC343819,EarlyTraction,Nagpur,Maharashtra,Food & Beverages,Food Processing,https://riteshriudyog.com,,,,OK,,,,0,ERROR,"Page.goto: net::ERR_NAME_NOT_RESOLVED at https://riteshriudyog.com/
Call log:
  - navigating to ""https://riteshriudyog.com/"", waiting until ""domcontentloaded""
"
62036338e4b0e4f8d261eb7a,SONI PAINTS PRIVATE LIMITED,DIPP94702,RECOGNISED,U24222MH2020PTC338852,Validation,Nagpur,Maharashtra,Construction,Construction Materials,https://goodwillpaint.com/,,,,OK,,,,0,ERROR,"Page.goto: net::ERR_NAME_NOT_RESOLVED at https://goodwillpaint.com/
Call log:
  - navigating to ""https://goodwillpaint.com/"", waiting until ""domcontentloaded""
"
6200bc0ae4b0e4f8d26130c0,DUSKLINE INFRASTRUCTURES PRIVATE LIMITED,DIPP97219,RECOGNISED,U74999MH2015PTC263532,Scaling,Nagpur,Maharashtra,Construction,Construction & Engineering,https://www.duskline.in,,,,OK,,,,0,ERROR,"Page.goto: net::ERR_SSL_PROTOCOL_ERROR at https://www.duskline.in/
Call log:
  - navigating to ""https://www.duskline.in/"", waiting until ""domcontentloaded""
"
61fd00ede4b0e4f8d260030a,SAPTARANGA RESEARCH AND ORGANIC PRIVATE LIMITED,DIPP94678,RECOGNISED,U24304MH2021PTC371012,EarlyTraction,Nagpur,Maharashtra,Agriculture,Agri-Tech,https://sropl.com/,,,,OK,,+91 6077146383; +91 6290401804; +91 6351181268; +91 6666666667; +91 6698095737; +91 7496969728; +91 7866060166; +91 8568878849; +91 9422109528; +91 9623011699,,3,SUCCESS,
61fccfcce4b00f5d174bab27,SBJ COSMO HEALTHCARE PRIVATE LIMITED,DIPP96643,RECOGNISED,U24230MH2021PTC374180,Prototype,Nagpur,Maharashtra,Healthcare & Lifesciences,Health & Wellness,https://www.bellybuttonshaper.com,,,,OK,,+91 7075195312; +91 7496969728; +91 8180305391; +91 8256371021; +91 8841087395; +91 9545862313,,1,SUCCESS,
5e5fc4a5e4b0bf8415d14818,ECOMMASTERS GLOBAL SOLUTIONS LLP,DIPP94570,RECOGNISED,AAW-6754,EarlyTraction,Nagpur,Maharashtra,Marketing,Digital Marketing (SEO Automation),https://www.ecommasters.in/,,,,OK,,+91 8211846473,,1,SUCCESS,
61fb6558e4b00f5d174b3dbf,ADITHYAPOWER PRIVATE LIMITED,DIPP94752,RECOGNISED,U51900MH2016PTC286220,Scaling,Nagpur,Maharashtra,Construction,Construction & Engineering,https://www.adithyapower.in,,,,OK,,,,0,ERROR,"Page.goto: net::ERR_CERT_COMMON_NAME_INVALID at https://www.adithyapower.in/
Call log:
  - navigating to ""https://www.adithyapower.in/"", waiting until ""domcontentloaded""
"
61fa7957e4b00f5d174af5f5,SCRIPTANGLE PRIVATE LIMITED,DIPP95133,RECOGNISED,U72900MH2021PTC371621,Prototype,Nagpur,Maharashtra,IT Services,Web Development,https://script-angle.com,,,,OK,,,,0,ERROR,"Page.goto: net::ERR_NAME_NOT_RESOLVED at https://script-angle.com/
Call log:
  - navigating to ""https://script-angle.com/"", waiting until ""domcontentloaded""
"
61f8142de4b00f5d1749b651,Smartera Solutions Private Limited,DIPP106862,RECOGNISED,U30008MH2022PTC374751,Validation,Nagpur,Maharashtra,Internet of Things,Wearables,https://smartera.co.in/,,,,OK,,,,1,SUCCESS,
61f78e4fe4b0bc85704310b8,NAVYONI TECHNOLOGIES PRIVATE LIMITED,DIPP94691,RECOGNISED,U74999MH2021PTC372408,Validation,Nagpur,Maharashtra,Green Technology,Clean Tech,https://www.navyoni.com,,,,OK,,,,0,ERROR,"Page.goto: net::ERR_NAME_NOT_RESOLVED at https://www.navyoni.com/
Call log:
  - navigating to ""https://www.navyoni.com/"", waiting until ""domcontentloaded""
"
61f6a9e9e4b0bc857042b972,UFF FOODS PRIVATE LIMITED,DIPP94210,RECOGNISED,U74999MH2020PTC337971,Validation,Nagpur,Maharashtra,Food & Beverages,Food Technology/Food Delivery,https://www.uff-india.com,,,,OK,,,,0,ERROR,"Page.goto: net::ERR_NAME_NOT_RESOLVED at https://www.uff-india.com/
Call log:
  - navigating to ""https://www.uff-india.com/"", waiting until ""domcontentloaded""
"
61f13a73e4b020b2f88a6ac4,AFIFA CARE PRIVATE LIMITED,DIPP96878,RECOGNISED,U85120MH2021PTC370427,Validation,Nagpur,Maharashtra,Healthcare & Lifesciences,Healthcare Services,https://www.afifacare.com,,,,OK,,,,0,ERROR,"Page.goto: net::ERR_NAME_NOT_RESOLVED at https://www.afifacare.com/
Call log:
  - navigating to ""https://www.afifacare.com/"", waiting until ""domcontentloaded""
"
61e90e73e4b020b2f8868862,FOCUSMIND TECHNO HUB PRIVATE LIMITED,DIPP93234,RECOGNISED,U80903MH2021PTC362525,Validation,Nagpur,Maharashtra,Education,Education Technology,https://focusmindhub.com/,,,,OK,,,,1,SUCCESS,
61e04da4e4b020b2f8831689,KESHVAM INFRASOFT LLP,DIPP92923,RECOGNISED,AAZ-6790,Prototype,Nagpur,Maharashtra,IT Services,Project Management,http://www.keshavaminfrasoft.com/,,,,OK,,,,0,ERROR,"Page.goto: net::ERR_NAME_NOT_RESOLVED at http://www.keshavaminfrasoft.com/
Call log:
  - navigating to ""http://www.keshavaminfrasoft.com/"", waiting until ""domcontentloaded""
"
61e004f2e4b020b2f882fdde,KSHITIJ TELEMEDIA NETWORKS PRIVATE LIMITED,DIPP92958,RECOGNISED,U64200MH2021PTC373439,Validation,Nagpur,Maharashtra,Telecommunication & Networking,Integrated communication services,https://www.kshitijnetworks.com,,,,OK,,,,0,ERROR,"Page.goto: net::ERR_NAME_NOT_RESOLVED at https://www.kshitijnetworks.com/
Call log:
  - navigating to ""https://www.kshitijnetworks.com/"", waiting until ""domcontentloaded""
"
61d925d1e4b020b2f8805dad,CC PRECAST SOLUTIONS PRIVATE LIMITED,DIPP95169,RECOGNISED,U45203MH2021PTC372963,EarlyTraction,Nagpur,Maharashtra,Construction,New-age Construction Technologies,https://www.ccprecastsolutions.con,,,,OK,,,,0,ERROR,"Page.goto: net::ERR_NAME_NOT_RESOLVED at https://www.ccprecastsolutions.con/
Call log:
  - navigating to ""https://www.ccprecastsolutions.con/"", waiting until ""domcontentloaded""
"
61d552f5e4b020b2f87e6be4,SUEEALLY PRIVATE LIMITED,DIPP93409,RECOGNISED,U60230MH2021PTC373621,Prototype,Nagpur,Maharashtra,Transportation & Storage,Freight & Logistics Services,https://www.sueeally.com,,,,OK,rajesh@sueeallylogistics.com; sueeally@gmail.com,+91 6313007376; +91 6836607617; +91 8585980880,https://www.linkedin.com/in/sandip-hatwar-96b539180/; https://www.linkedin.com/in/sandip-hatwar-96b539180/?originalSubdomain=in,3,SUCCESS,
61d027dde4b020b2f87cd804,ACTRANS GLOBAL SERVICES PRIVATE LIMITED,DIPP92548,RECOGNISED,U62100MH2020PTC349982,Validation,Nagpur,Maharashtra,Transportation & Storage,Freight & Logistics Services,https://www.actrans.in/,,,,OK,csnagpur@actrans.in; support@actrans.in; walkaroo-logo-png@zeevector.png,+91 7105574720; +91 7184087717; +91 7866060783; +91 7866060811; +91 8949398653; +91 9156660748; +91 9175650199; +91 9190110362,https://www.linkedin.com/company/actrans-global-services/,3,SUCCESS,
61cb15e2e4b020b2f87b10b2,SUNSERG TECHNOLOGIES PRIVATE LIMITED,DIPP92238,RECOGNISED,U74999PN2021PTC204123,Validation,Nagpur,Maharashtra,Fashion,Fashion Technology,https://dotmystyle.com,,,,OK,support@dotmystyle.com,+91 6331557117; +91 6396558385; +91 6989667068; +91 7806228390; +91 7866060852; +91 9197203547; +91 9716969973,https://www.linkedin.com/company/dotmystyle/; https://www.linkedin.com/in/amitkma; https://www.linkedin.com/in/karishma1510/; https://www.linkedin.com/in/pratik-nandeshwar/,3,SUCCESS,
61c7398ae4b041b4edd521eb,INFINITE WELLNESS SOLUTIONS PRIVATE LIMITED,DIPP92438,RECOGNISED,U74999MH2021PTC357171,Validation,Nagpur,Maharashtra,Healthcare & Lifesciences,Health & Wellness,https://www.quickmedsrx.com,,,,OK,,+91 9186239562,https://www.linkedin.com/in/infinite-wellnessrx-284b3b233?utm_source=share_via&utm_content=profile&utm_medium=member_android,1,SUCCESS,
61c6d907e4b041b4edd51037,AARMART ECOMMERCE LLP,DIPP92070,RECOGNISED,AAG-0021,Validation,Nagpur,Maharashtra,Professional & Commercial Services,Business Support Services,https://www.aarmart.com/,,,,OK,,,,0,ERROR,"Page.goto: net::ERR_CERT_COMMON_NAME_INVALID at https://www.aarmart.com/
Call log:
  - navigating to ""https://www.aarmart.com/"", waiting until ""domcontentloaded""
"
61c03489e4b041b4edd31464,BILLEX PRIVATE LIMITED,DIPP99930,RECOGNISED,U74999MH2022PTC380837,Validation,Nagpur,Maharashtra,Finance Technology,Billing and Invoicing,https://billexinsights.com,,,,OK,,,,0,ERROR,"Page.goto: net::ERR_NAME_NOT_RESOLVED at https://billexinsights.com/
Call log:
  - navigating to ""https://billexinsights.com/"", waiting until ""domcontentloaded""
"
61bc2f2ce4b0c0c1be8a6695,TEQWORTH SOLUTIONS & SERVICES LLP,DIPP96213,RECOGNISED,AAR-3925,Scaling,Nagpur,Maharashtra,Professional & Commercial Services,Business Support Services,https://www.teqworth.com,,,,OK,ashutosh@tkgipl.com; info@teqworth.com,+91 6455233587; +91 7817915094; +91 9344178127,,3,SUCCESS,
61b2fba2e4b0b13f63e65a5e,GouriKripa Software Solutions,DIPP90966,RECOGNISED,NG000007093,EarlyTraction,Nagpur,Maharashtra,Others,Others,https://www.linkastro.com,,,,OK,,,,1,SUCCESS,
61b2e990e4b0b13f63e64b52,INFO ENERGY LLP,DIPP91649,RECOGNISED,AAX-2164,Validation,Nagpur,Maharashtra,Safety,Others,https://www.infoenergy.in,,,,OK,,,,0,ERROR,"Page.goto: net::ERR_SSL_PROTOCOL_ERROR at https://www.infoenergy.in/
Call log:
  - navigating to ""https://www.infoenergy.in/"", waiting until ""domcontentloaded""
"
61adb01be4b099c63b54485b,ADSUM HOSPITAL PRIVATE LIMITED,DIPP91650,RECOGNISED,U85100MH2018PTC307750,Validation,Nagpur,Maharashtra,Healthcare & Lifesciences,Health & Wellness,https://swasthyamhospital.com/,,,,OK,,,,1,SUCCESS,
61a9fad4e4b099c63b52aeb8,RENAISSANCE SUPERFOODS PRIVATE LIMITED,DIPP93056,RECOGNISED,U15400MH2021PTC372397,Validation,Nagpur,Maharashtra,Food & Beverages,Food Processing,https://renaissancesuperfoods.my.canva.site/,,,,OK,renaissancesuperfoods@gmail.com,+91 6000003814; +91 6000015735; +91 6000118255; +91 6000137329; +91 6000213623; +91 6000366210; +91 6000480651; +91 6000823974; +91 6025390625; +91 6041950000; +91 6091918945; +91 6100006103; +91 6194358377; +91 6194663553; +91 6199951171; +91 6200027465; +91 6203083046; +91 6203166167; +91 6298708712; +91 6400008201; +91 6421059047; +91 6473786897; +91 6482086181; +91 6499938964; +91 6500015258; +91 6583862304; +91 6659543611; +91 6668090830; +91 6699962615; +91 6700019836; +91 6700134277; +91 6701257619; +91 6731986999; +91 6800003051; +91 6899962425; +91 6899967193; +91 6900005340; +91 6900010108; +91 6900024414; +91 6999511718; +91 6999549865; +91 6999588012; +91 6999702453; +91 6999778747; +91 6999816894; +91 6999969482; +91 6999988555; +91 7000007629; +91 7000031471; +91 7000045776; +91 7000064849; +91 7000083923; +91 7000093460; +91 7000122070; +91 7000182867; +91 7000427246; +91 7000503540; +91 7000541687; +91 7000732421; +91 7084282460; +91 7099914550; +91 7142857142; +91 7299995422; +91 7318102751; +91 7321043160; +91 7341651916; +91 7365223993; +91 7369113696; +91 7370674070; +91 7399978637; +91 7417821969; +91 7440173064; +91 7501968520; +91 7516365165; +91 7562243376; +91 7599964141; +91 7607391618; +91 7623278533; +91 7623752720; +91 7647058823; +91 7699975967; +91 7700023651; +91 7745348845; +91 7988920986; +91 7999801635; +91 7999877929; +91 7999954223; +91 7999992370; +91 7999999523; +91 8000001907; +91 8000030517; +91 8000049591; +91 8000087738; +91 8000335693; +91 8000564575; +91 8000640869; +91 8001098632; +91 8080717408; +91 8099975585; +91 8100051879; +91 8101670968; +91 8122489763; +91 8170037014; +91 8200000524; +91 8236668143; +91 8236979003; +91 8255910631; +91 8265867986; +91 8282470702; +91 8367286640; +91 8399944305; +91 8399963378; +91 8430485315; +91 8490916594; +91 8500041961; +91 8509456610; +91 8517501208; +91 8599948883; +91 8600006103; +91 8600044250; +91 8611169678; +91 8699965476; +91 8700003027; +91 8739871362; +91 8750305175; +91 8811663675; +91 8837072754; +91 8927614051; +91 8952716875; +91 8985158190; +91 8999252319; +91 8999633789; +91 8999786376; +91 8999824523; +91 8999862670; +91 8999938964; +91 8999977111; +91 8999996185; +91 8999999761; +91 9000015258; +91 9000205993; +91 9000301361; +91 9000549316; +91 9081192016; +91 9099960327; +91 9100036621; +91 9180807174; +91 9194541483; +91 9199995994; +91 9200043678; +91 9239444994; +91 9239445217; +91 9290008544; +91 9299926757; +91 9300003051; +91 9339934861; +91 9400043487; +91 9448044791; +91 9460251823; +91 9478562369; +91 9499969482; +91 9500007629; +91 9519746006; +91 9599981307; +91 9599990844; +91 9600000381; +91 9600067138; +91 9724971097; +91 9728967377; +91 9745998382; +91 9764985869; +91 9799957275; +91 9890709194; +91 9899978637; +91 9900035858; +91 9932708740; +91 9945793475; +91 9953460693; +91 9980010986; +91 9985609612; +91 9989013672; +91 9990921020; +91 9992673397; +91 9993054866; +91 9993286132; +91 9993667602; +91 9993820190; +91 9994199275; +91 9994506835; +91 9994659423; +91 9994888305; +91 9995117187; +91 9995422363; +91 9995937347; +91 9996337890; +91 9996643066; +91 9997520446; +91 9997558593; +91 9997863769; +91 9998073577; +91 9998168945; +91 9998474121; +91 9998779296; +91 9999389648; +91 9999427795; +91 9999694824; +91 9999809265; +91 9999847412; +91 9999942779; +91 9999961853; +91 9999990463; +91 9999998452; +91 9999999873,https://www.linkedin.com/company/81780359/admin/,2,SUCCESS,
61a49f57e4b0cb4c4c11d621,KWIKZIP E-COMMERCE SERVICES PRIVATE LIMITED,DIPP90443,RECOGNISED,U63030MH2021PTC369145,Validation,Nagpur,Maharashtra,AI,Machine Learning,https://kwikcommerce.io//,,,,OK,,,,0,ERROR,"Page.goto: net::ERR_NAME_NOT_RESOLVED at https://kwikcommerce.io//
Call log:
  - navigating to ""https://kwikcommerce.io//"", waiting until ""domcontentloaded""
"
61a22adde4b0cb4c4c114bb8,STAFFEX CORPORATION PRIVATE LIMITED,DIPP92948,RECOGNISED,U74999MH2021PTC371609,Prototype,Nagpur,Maharashtra,Human Resources,Recruitment Jobs,https://www.staffex.in,,,,OK,,,,0,ERROR,"Page.goto: net::ERR_NAME_NOT_RESOLVED at https://www.staffex.in/
Call log:
  - navigating to ""https://www.staffex.in/"", waiting until ""domcontentloaded""
"
619d01b6e4b0cb4c4c0f8f55,FROLICBIT TECHNOLOGIES PRIVATE LIMITED,DIPP140281,RECOGNISED,U92490MH2019PTC320874,Scaling,Nagpur,Maharashtra,Social Network,Others,https://frolicbit.com/,,,,OK,,+91 6507543152; +91 7604265471,,2,SUCCESS,
6194c9e6e4b0cb4c4c0c0c7b,CRYSTAL FURNITECH PRIVATE LIMITED,DIPP90710,RECOGNISED,U36990MH2020PTC339228,Scaling,Nagpur,Maharashtra,Others,Others,https://www.crystalfurnitech.com/,,,,OK,sales@crystalfurnitech.com,+91 6098244353; +91 7030599919; +91 7135868848; +91 7136362101; +91 7176991645; +91 7496969728; +91 7636999999; +91 7792768421; +91 7836248796; +91 7866061516; +91 7866061594; +91 7866061704; +91 7935861476; +91 9137672922; +91 9170305999; +91 9191480645,https://www.linkedin.com/company/crystal-furnitech/; https://www.linkedin.com/in/ajit-bhartia-05461627/; https://www.linkedin.com/in/sandeep-arukia-0a314761/,3,SUCCESS,
617fda1be4b0cb4c4c06a3e8,ALTIOR HEALTHCARE (OPC) PRIVATE LIMITED,DIPP90309,RECOGNISED,U33119MH2021OPC368207,Validation,Nagpur,Maharashtra,Healthcare & Lifesciences,Others,https://www.sakshamlimbs.com,,,,OK,,,,0,ERROR,"Page.goto: net::ERR_NAME_NOT_RESOLVED at https://www.sakshamlimbs.com/
Call log:
  - navigating to ""https://www.sakshamlimbs.com/"", waiting until ""domcontentloaded""
"
617bb3d6e4b0cb4c4c05d68d,INDUSFUEL ENERGY INDIA PRIVATE LIMITED,DIPP89096,RECOGNISED,U50500MH2021PTC366619,Prototype,Nagpur,Maharashtra,Non- Renewable Energy,Oil Related Services and Equipment,https://www.indusfuelenergy.com/,,,,OK,,,,0,ERROR,"Page.goto: net::ERR_NAME_NOT_RESOLVED at https://www.indusfuelenergy.com/
Call log:
  - navigating to ""https://www.indusfuelenergy.com/"", waiting until ""domcontentloaded""
"
617a97f4e4b0cb4c4c0584ad,RIVESHH CG HEALTHCARE PRIVATE LIMITED,DIPP92167,RECOGNISED,U85300MH2020PTC341604,Validation,Nagpur,Maharashtra,Healthcare & Lifesciences,Healthcare Services,https://www.curediab.com,,,,OK,,,,1,SUCCESS,
61798eabe4b0cb4c4c052b35,VISIONMONKS PRIVATE LIMITED,DIPP108356,RECOGNISED,U72900MH2021PTC370747,Prototype,Nagpur,Maharashtra,Travel & Tourism,Hospitality,https://MYRESORTS.in,,,,OK,,,,3,SUCCESS,
61793e67e4b0cb4c4c050599,CHOIRA MUSICTECH PRIVATE LIMITED,DIPP93888,RECOGNISED,U92419MH2021PTC368370,Prototype,Nagpur,Maharashtra,IT Services,Web Development,https://www.choira.io,,,,OK,,,,0,ERROR,"Page.goto: net::ERR_ABORTED at https://www.choira.io/
Call log:
  - navigating to ""https://www.choira.io/"", waiting until ""domcontentloaded""
"
6176859de4b0324c10f3ef41,AURIGA AI SOLUTIONS PRIVATE LIMITED,DIPP90529,RECOGNISED,U72900MH2021PTC365727,Prototype,Nagpur,Maharashtra,AI,Machine Learning,https://auriga.ai,,,,OK,,,https://linkedin.com/company/efty,3,SUCCESS,
61615fffe4b07efc0a4d722c,GAGS INDIA PRIVATE LIMITED,DIPP89865,RECOGNISED,U74999MH2021PTC368867,Scaling,Nagpur,Maharashtra,Others,Others,http://www.gags9.in/app/,,,,OK,,,,0,ERROR,"Page.goto: net::ERR_NAME_NOT_RESOLVED at http://www.gags9.in/app/
Call log:
  - navigating to ""http://www.gags9.in/app/"", waiting until ""domcontentloaded""
"
615c982fe4b08fb41b685967,COSMIC LIVING (OPC) PRIVATE LIMITED,DIPP103275,RECOGNISED,U24299PN2021OPC203620,Prototype,Nagpur,Maharashtra,Retail,Others,https://www.rawandessentials.com/,,,,OK,,,,0,ERROR,"Page.goto: net::ERR_NAME_NOT_RESOLVED at https://www.rawandessentials.com/
Call log:
  - navigating to ""https://www.rawandessentials.com/"", waiting until ""domcontentloaded""
"
615c2180e4b08fb41b68048e,HUMORS TECH PRIVATE LIMITED,DIPP99906,RECOGNISED,U85300MH2021PTC367420,Validation,Nagpur,Maharashtra,Healthcare & Lifesciences,Medical Devices Biomedical,https://www.humorstech.com/,,,,OK,connect@respyr.in,+91 6156117460; +91 7171829647; +91 8296380628,,2,SUCCESS,
61532e1fe4b0f21b6c4a57a3,AINOCULAR TECHNOLOGIES PRIVATE LIMITED,DIPP87970,RECOGNISED,U72900MH2019PTC318920,EarlyTraction,Nagpur,Maharashtra,AI,Machine Learning,https://www.ainocular.com,,,,OK,bhairavmehta@ainocular.com; contactus@ainocular.co.in; vaibhav@ainocular.com,,,3,SUCCESS,
6151a1e4e4b05667f1175a1f,HUMEN EDUTECH LLP,DIPP87827,RECOGNISED,AAY-0739,EarlyTraction,Nagpur,Maharashtra,Education,Skill Development,https://www.humen.us,,,,OK,,,,0,ERROR,"Page.goto: net::ERR_CONNECTION_REFUSED at https://www.humen.us/
Call log:
  - navigating to ""https://www.humen.us/"", waiting until ""domcontentloaded""
"
614eede2e4b05667f1168708,FolksTrot Jobs LLP,DIPP130666,RECOGNISED,AAX-7495,Validation,Nagpur,Maharashtra,Enterprise Software,Cloud,https://folkstrot.com,,,,OK,support@folkstrot.com; you@company.com,,,1,SUCCESS,
613ef370e4b0f62f93108ed2,ALL GAS SOLUTIONS INFRA PRIVATE LIMITED,DIPP107075,RECOGNISED,U11100MH2014PTC256067,Scaling,Nagpur,Maharashtra,Non- Renewable Energy,Oil & Gas Exploration and Production,https://drive.google.com/file/d/191lB9bpJ0Eo6I2wrl04ybRdxLL0AO950/view?usp=sharing,,,,OK,,,,1,SUCCESS,
6138ac90e4b0f62f930f1258,BHUSHILP MINES AND MINERALS PRIVATE LIMITED,DIPP89892,RECOGNISED,U14294MH2020PTC339928,Prototype,Nagpur,Maharashtra,Others,Others,https://www.bhushilp.com,,,,OK,hr@bhushilp.com; info@bhushilp.com,+91 9404650863,https://www.linkedin.com/company/bhushilp-mines-minenrals-pvt-ltd/,2,SUCCESS,
61361748e4b0f62f930d951a,LETS UNBOUND EDUCATION TECHNOLOGY PRIVATE LIMITED,DIPP87351,RECOGNISED,U80902MH2021PTC357793,Validation,Nagpur,Maharashtra,Education,E-learning,https://www.letsunbound.com,,,,OK,18d2f96d279149989b95faf0a4b41882@sentry-next.wixpress.com; 2062d0a4929b45348643784b5cb39c36@sentry.wixpress.com; 271e9fa3230b4eec94b02bf95780f5f2@sentry.wixpress.com; 460ff4620fa44cba8df530afde949785@sentry.wixpress.com; 5d1795a2db124a268f1e1bd88f503500@sentry.wixpress.com; 605a7baede844d278b89dc95ae0a9123@sentry-next.wixpress.com; 78f7996315bc402f9dcb8a2f974b82d1@sentry.wixpress.com; 79baaa8e09c746d2b7401643b99792e0@sentry.wixpress.com; 88170cb0c9d64f94b5821ca7fd2d55a4@sentry-next.wixpress.com; 8c4075d5481d476e945486754f783364@sentry.io; 8eb368c655b84e029ed79ad7a5c1718e@sentry.wixpress.com; 9a65e97ebe8141fca0c4fd686f70996b@sentry.wixpress.com; contact@letsunbound.com; ed436f5053144538958ad06a5005e99a@sentry.wixpress.com,+91 6006942531; +91 6011233288; +91 6011352539; +91 6012854003; +91 6019829593; +91 6026058631; +91 6034422198; +91 6063565340; +91 6102477386; +91 6121986518; +91 6122357333; +91 6124270684; +91 6152101534; +91 6152655209; +91 6170852735; +91 6179909979; +91 6203613281; +91 6209430694; +91 6214665285; +91 6229151291; +91 6231907199; +91 6240991046; +91 6249554606; +91 6249847412; +91 6263276930; +91 6266025641; +91 6273040771; +91 6274083807; +91 6277765186; +91 6284153005; +91 6290056830; +91 6300929764; +91 6303814708; +91 6305454603; +91 6314825705; +91 6336517444; +91 6338515600; +91 6348013877; +91 6358344126; +91 6370119453; +91 6382140140; +91 6409952780; +91 6451768344; +91 6465322404; +91 6500840101; +91 6511627906; +91 6523224043; +91 6545265457; +91 6548132282; +91 6576901491; +91 6630549495; +91 6639255347; +91 6641712883; +91 6643575032; +91 6647891950; +91 6653886535; +91 6660985302; +91 6665205559; +91 6666717529; +91 6666870117; +91 6677524429; +91 6692637645; +91 6701388888; +91 6704207049; +91 6707119411; +91 6711159509; +91 6715503334; +91 6724351050; +91 6743990637; +91 6748182122; +91 6757492016; +91 6820107966; +91 6837332955; +91 6857093655; +91 6868361534; +91 6876769534; +91 6880810014; +91 6913487349; +91 6942748670; +91 6953200039; +91 6975785773; +91 6980106913; +91 7001047299; +91 7022683761; +91 7028000097; +91 7031249988; +91 7032528000; +91 7066509673; +91 7093596059; +91 7102345865; +91 7108528592; +91 7115352195; +91 7131967304; +91 7202388754; +91 7208195422; +91 7231333939; +91 7267565604; +91 7282750522; +91 7317569536; +91 7318856801; +91 7324615599; +91 7338787435; +91 7376696270; +91 7440365428; +91 7474482353; +91 7487747708; +91 7499999996; +91 7500000000; +91 7506112469; +91 7547652633; +91 7554016195; +91 7579666768; +91 7592733553; +91 7592733554; +91 7626377569; +91 7629536574; +91 7639160156; +91 7678634591; +91 7685916570; +91 7692046203; +91 7692307692; +91 7706380950; +91 7707103408; +91 7718366039; +91 7731529464; +91 7750800353; +91 7766763881; +91 7781170542; +91 7785161081; +91 7785398107; +91 7791419471; +91 7811680118; +91 7814778683; +91 7817307752; +91 7824955926; +91 7848535661; +91 7865808486; +91 7865931105; +91 7866027951; +91 7866239762; +91 7890200605; +91 7893994048; +91 7894957213; +91 7902537226; +91 7916949350; +91 7952902140; +91 7988250247; +91 7989203362; +91 8006726590; +91 8020160198; +91 8020225139; +91 8035290285; +91 8043477289; +91 8044471014; +91 8059474364; +91 8113495589; +91 8126488185; +91 8144517026; +91 8148048937; +91 8176518642; +91 8181818181; +91 8187865069; +91 8196642429; +91 8212881257; +91 8229166666; +91 8231240262; +91 8237179487; +91 8245349385; +91 8248784933; +91 8252755041; +91 8256358324; +91 8284023668; +91 8296348475; +91 8298527194; +91 8299020193; +91 8302858159; +91 8310204646; +91 8322525024; +91 8329999999; +91 8333396911; +91 8333605286; +91 8333740234; +91 8334350585; +91 8336640316; +91 8343634116; +91 8370153675; +91 8390910468; +91 8395269778; +91 8423739629; +91 8428893691; +91 8431406991; +91 8435058594; +91 8435325088; +91 8436632550; +91 8440085271; +91 8450931550; +91 8461538461; +91 8486666683; +91 8489738689; +91 8495002696; +91 8504381101; +91 8535767788; +91 8546414784; +91 8552517361; +91 8561219972; +91 8564440099; +91 8565715253; +91 8566083684; +91 8584883407; +91 8602171016; +91 8607444092; +91 8611096770; +91 8611450195; +91 8665828039; +91 8669462139; +91 8701171875; +91 8731960720; +91 8750000000; +91 8793328510; +91 8805008840; +91 8825651760; +91 8833904515; +91 8860942361; +91 8899755501; +91 8902952326; +91 8917157255; +91 8923381673; +91 8940418816; +91 8962088253; +91 8974358974; +91 8979721440; +91 9009009009; +91 9019704907; +91 9019785192; +91 9032334562; +91 9048579267; +91 9065000000; +91 9066239261; +91 9071712404; +91 9078369140; +91 9084805245; +91 9090909090; +91 9103693354; +91 9135156678; +91 9135333245; +91 9157293157; +91 9158163265; +91 9159291854; +91 9171597633; +91 9181044536; +91 9200000000; +91 9303336048; +91 9306035905; +91 9325161349; +91 9329901801; +91 9339853300; +91 9340277777; +91 9342695767; +91 9360553346; +91 9409179687; +91 9412785881; +91 9421386718; +91 9444434740; +91 9448986684; +91 9460784313; +91 9462487712; +91 9466874860; +91 9493995108; +91 9500451062; +91 9529148555; +91 9537278709; +91 9542218486; +91 9556689053; +91 9572727365; +91 9591076808; +91 9627455444; +91 9629745483; +91 9632824290; +91 9652633666; +91 9661071361; +91 9667389842; +91 9675827026; +91 9700195312; +91 9739583333; +91 9739871459; +91 9763854503; +91 9787533017; +91 9791793823; +91 9792083755; +91 9812238865; +91 9817907943; +91 9818124254; +91 9836342848; +91 9866539904; +91 9877428117; +91 9885204081; +91 9901888004; +91 9902500516; +91 9902889498; +91 9902910665; +91 9923733984; +91 9932798332; +91 9943061639; +91 9944623251; +91 9947967529; +91 9952121434; +91 9972526910; +91 9977033328; +91 9983533099; +91 9993736788; +91 9995117187; +91 9998872763; +91 9999309824; +91 9999569122; +91 9999971147; +91 9999999997,https://www.linkedin.com/company/lets-unbound/posts/?feedView=all,3,SUCCESS,
61359e31e4b0f62f930c449c,JAYSIS GREEN ENERGY INFRA PRIVATE LIMITED,DIPP89829,RECOGNISED,U40106MH2021PTC362931,Scaling,Nagpur,Maharashtra,Renewable Energy,Renewable Solar Energy,https://jaysis.ai/,,,,OK,,,,0,ERROR,"Page.goto: net::ERR_NAME_NOT_RESOLVED at https://jaysis.ai/
Call log:
  - navigating to ""https://jaysis.ai/"", waiting until ""domcontentloaded""
"
6133788be4b0f62f930a38fc,PATHFINDER SKILLS INDIA PRIVATE LIMITED,DIPP87183,RECOGNISED,U74999MH2016PTC287882,Scaling,Nagpur,Maharashtra,Education,Skill Development,https://pathfinderfoundation.in//,,,,OK,,,,1,SUCCESS,
613104d7e4b0f62f9306b8c9,JANVRY STUDIO PRIVATE LIMITED,DIPP101056,RECOGNISED,U72200MH2021PTC366601,Prototype,Nagpur,Maharashtra,AR VR (Augmented + Virtual Reality),Others,https://janvry.com/,,,,OK,contact@janvry.com; contact@janvrystudio.com,+91 7233684614; +91 8459280071,https://www.linkedin.com/company/janvrystudio; https://www.linkedin.com/in/hrithik-raj000/; https://www.linkedin.com/in/kingofpain/; https://www.linkedin.com/in/sigfriedsiedentopf/; https://www.linkedin.com/in/yashbhalkar/,3,SUCCESS,
6128cddbe4b0f62f92fca71d,THIRTY MORE CHRONICLE PRIVATE LIMITED,DIPP95383,RECOGNISED,U74999MH2021PTC366341,EarlyTraction,Nagpur,Maharashtra,Social Network,Others,https://Fostrreads.com,,,,OK,,,,0,ERROR,"Page.goto: net::ERR_NAME_NOT_RESOLVED at https://fostrreads.com/
Call log:
  - navigating to ""https://fostrreads.com/"", waiting until ""domcontentloaded""
"
611e1290e4b0aee5cebab396,FIDROO CORPORATIONS PRIVATE LIMITED,DIPP86771,RECOGNISED,U55101MH2021PTC365854,Prototype,Nagpur,Maharashtra,Food & Beverages,Food Technology/Food Delivery,https://www.fidroo.com,,,,OK,,,,0,ERROR,"Page.goto: net::ERR_NAME_NOT_RESOLVED at https://www.fidroo.com/
Call log:
  - navigating to ""https://www.fidroo.com/"", waiting until ""domcontentloaded""
"
611d068ce4b0aee5ceba2386,K-LINQ HOSMED (OPC) PRIVATE LIMITED,DIPP96908,RECOGNISED,U85190MH2020OPC344466,Scaling,Nagpur,Maharashtra,Healthcare & Lifesciences,Healthcare Services,https://drive.google.com/file/d/1ZjGOyspqm9w2F_OoR_NNBTTKuk9rQ011/view,,,,OK,,,,1,SUCCESS,
61175323e4b0aee5ceb61974,PAYIFY TECHNOLOGIES PRIVATE LIMITED,DIPP85277,RECOGNISED,U72900MH2021PTC364491,Validation,Nagpur,Maharashtra,Finance Technology,Personal Finance,https://www.payify.in,,,,OK,,,,0,ERROR,"Page.goto: net::ERR_NAME_NOT_RESOLVED at https://www.payify.in/
Call log:
  - navigating to ""https://www.payify.in/"", waiting until ""domcontentloaded""
"
61126aeae4b0aee5ceb2ac8f,MAXTRACT ENGINEERS PRIVATE LIMITED,DIPP86450,RECOGNISED,U74999MH2017PTC292952,Scaling,Nagpur,Maharashtra,Construction,Construction & Engineering,https://www.maxtract.in,,,,OK,,,,0,ERROR,"Page.goto: net::ERR_NAME_NOT_RESOLVED at https://www.maxtract.in/
Call log:
  - navigating to ""https://www.maxtract.in/"", waiting until ""domcontentloaded""
"
610cc12fe4b0aee5ceaf6162,ZOOM RENEWABLES PRIVATE LIMITED,DIPP84616,RECOGNISED,U52609MH2017PTC303237,Scaling,Nagpur,Maharashtra,Renewable Energy,Manufacture of Machinery and Equipment,https://www.zoomsolar.in,,,,OK,info@zoomsolar.in,+91 6000000000; +91 6004943847; +91 6010018587; +91 6017999999; +91 6029739379; +91 6043169277; +91 6052589416; +91 6085812933; +91 6087036132; +91 6090698242; +91 6099999999; +91 6101036071; +91 6110204458; +91 6116999999; +91 6117690950; +91 6122718332; +91 6130267027; +91 6139554828; +91 6145899999; +91 6159820249; +91 6161694526; +91 6175782855; +91 6180836632; +91 6181640625; +91 6185277824; +91 6200096819; +91 6200599999; +91 6203613281; +91 6211984753; +91 6248299999; +91 6249779999; +91 6257324218; +91 6259765625; +91 6288000000; +91 6289959999; +91 6298599243; +91 6300000000; +91 6301999999; +91 6308746337; +91 6312294527; +91 6320953369; +91 6324043273; +91 6344635039; +91 6350999999; +91 6353704333; +91 6357383728; +91 6360931396; +91 6368255615; +91 6400000000; +91 6400384902; +91 6400680541; +91 6422716081; +91 6431274414; +91 6439072489; +91 6456879999; +91 6465415954; +91 6468622460; +91 6494099999; +91 6494140625; +91 6495361328; +91 6499999999; +91 6512081623; +91 6517999999; +91 6519999999; +91 6527392864; +91 6529572247; +91 6529998779; +91 6547410488; +91 6583004593; +91 6586825847; +91 6587748527; +91 6606445312; +91 6613170057; +91 6620483398; +91 6623110771; +91 6636020187; +91 6645507812; +91 6647770628; +91 6650000000; +91 6659108251; +91 6694335937; +91 6700000000; +91 6706800000; +91 6713161468; +91 6723632812; +91 6724999999; +91 6725252270; +91 6731944795; +91 6733398437; +91 6737060546; +91 6767940521; +91 6779500000; +91 6786459088; +91 6791810989; +91 6794738769; +91 6803817749; +91 6818847656; +91 6826518326; +91 6830599999; +91 6839999999; +91 6847922948; +91 6852999999; +91 6868377216; +91 6876361720; +91 6904545649; +91 6912054338; +91 6953659999; +91 6967309999; +91 6977025270; +91 6984156593; +91 6985473632; +91 6999600000; +91 6999999998; +91 6999999999; +91 7000000000; +91 7000000318; +91 7007598876; +91 7016968727; +91 7017999999; +91 7025500000; +91 7031598091; +91 7031817436; +91 7040710449; +91 7051639556; +91 7053025658; +91 7065429999; +91 7069050000; +91 7072858810; +91 7075195312; +91 7089999999; +91 7099609375; +91 7101875471; +91 7105427357; +91 7136788005; +91 7150878906; +91 7162046432; +91 7171154215; +91 7180143562; +91 7181701660; +91 7194824218; +91 7200000000; +91 7207603454; +91 7234916687; +91 7239999999; +91 7244000000; +91 7253341674; +91 7255474328; +91 7275957614; +91 7284841053; +91 7288436740; +91 7290600000; +91 7293724492; +91 7294921875; +91 7319335937; +91 7324999999; +91 7327869999; +91 7349777221; +91 7351160000; +91 7352981567; +91 7357177613; +91 7357999999; +91 7363000000; +91 7364527593; +91 7365664461; +91 7368011474; +91 7384643554; +91 7397576002; +91 7398633798; +91 7409029999; +91 7412794872; +91 7430000305; +91 7434844970; +91 7444150000; +91 7445000000; +91 7446729999; +91 7480792067; +91 7487560000; +91 7490950000; +91 7493934631; +91 7496969728; +91 7528797141; +91 7537689208; +91 7539730072; +91 7562999999; +91 7574462890; +91 7594943372; +91 7597751617; +91 7598838806; +91 7614439999; +91 7623000000; +91 7623769999; +91 7629995346; +91 7636394500; +91 7655124664; +91 7666960000; +91 7673609582; +91 7689328193; +91 7701263427; +91 7706699999; +91 7707438827; +91 7711017131; +91 7711166694; +91 7715392112; +91 7739257812; +91 7740478515; +91 7745999999; +91 7749647200; +91 7752075195; +91 7753903865; +91 7760000000; +91 7766999999; +91 7776047571; +91 7776848077; +91 7781890518; +91 7796168327; +91 7799128626; +91 7808899999; +91 7813509999; +91 7815970093; +91 7826096154; +91 7862657010; +91 7877589999; +91 7896330000; +91 7900000000; +91 7901499373; +91 7909029999; +91 7917847633; +91 7919921875; +91 7922650792; +91 7931900000; +91 7934649999; +91 7935899999; +91 7938803434; +91 7947340607; +91 7949999999; +91 7976939999; +91 7990608941; +91 7999999999; +91 8000000000; +91 8000000003; +91 8013367652; +91 8020000000; +91 8020739999; +91 8024902343; +91 8032949999; +91 8039209842; +91 8049250729; +91 8054199218; +91 8071599999; +91 8105241693; +91 8134120000; +91 8142089843; +91 8159179687; +91 8159863636; +91 8167811334; +91 8180305391; +91 8184000000; +91 8188499999; +91 8193359375; +91 8196900000; +91 8198242187; +91 8198777474; +91 8203811645; +91 8227071762; +91 8237011283; +91 8255467154; +91 8256371021; +91 8271284103; +91 8286977699; +91 8289589881; +91 8290000000; +91 8290743827; +91 8299000000; +91 8299033399; +91 8300099999; +91 8323145620; +91 8332859999; +91 8335999999; +91 8342590332; +91 8361122608; +91 8369307731; +91 8373699188; +91 8380319488; +91 8383054733; +91 8389999999; +91 8402773726; +91 8409423828; +91 8421709430; +91 8434200286; +91 8446500000; +91 8467395673; +91 8470000000; +91 8470500000; +91 8477859497; +91 8481445312; +91 8491821289; +91 8493652343; +91 8526512829; +91 8536789999; +91 8552000000; +91 8560000000; +91 8563613891; +91 8572978125; +91 8581542968; +91 8581657409; +91 8593387603; +91 8601470000; +91 8610466718; +91 8633153035; +91 8642692565; +91 8649699999; +91 8654785156; +91 8662109375; +91 8666954040; +91 8673017621; +91 8675249999; +91 8706825459; +91 8741640057; +91 8743765354; +91 8751178672; +91 8758354187; +91 8784713745; +91 8791503906; +91 8814261183; +91 8832702636; +91 8833007812; +91 8833305356; +91 8851289749; +91 8852272033; +91 8855581283; +91 8861312866; +91 8866999999; +91 8882980346; +91 8904535770; +91 8920985006; +91 8930664062; +91 8961180000; +91 8969726562; +91 8976440429; +91 8979674126; +91 8990143619; +91 8999930000; +91 8999999955; +91 8999999999; +91 9000000000; +91 9000000006; +91 9013700559; +91 9015908239; +91 9016500000; +91 9025579999; +91 9026576309; +91 9027709960; +91 9030025005; +91 9078607844; +91 9086532592; +91 9093000000; +91 9097889252; +91 9110012054; +91 9113486856; +91 9120000000; +91 9128631316; +91 9134999999; +91 9173583984; +91 9173630000; +91 9204444885; +91 9205999999; +91 9226837158; +91 9228515625; +91 9229669570; +91 9258196844; +91 9275102615; +91 9285399019; +91 9291381835; +91 9293556213; +91 9317402839; +91 9320515613; +91 9340612888; +91 9367980000; +91 9369320273; +91 9374237060; +91 9389092922; +91 9415399999; +91 9417199999; +91 9424357116; +91 9431699267; +91 9450035095; +91 9467539371; +91 9489135742; +91 9490711092; +91 9499999999; +91 9507799999; +91 9518508847; +91 9519653320; +91 9520100000; +91 9541015625; +91 9545862313; +91 9582557797; +91 9594535194; +91 9599822331; +91 9612711616; +91 9613418579; +91 9618103174; +91 9618949890; +91 9633369445; +91 9635300000; +91 9638093868; +91 9640567693; +91 9653255144; +91 9678862094; +91 9679133277; +91 9679999999; +91 9689999999; +91 9693151292; +91 9697000000; +91 9699999999; +91 9714646037; +91 9727955330; +91 9733045115; +91 9733300000; +91 9768485426; +91 9771309853; +91 9790499999; +91 9797757267; +91 9807050000; +91 9808198511; +91 9824674725; +91 9845808148; +91 9848114384; +91 9862389999; +91 9872961780; +91 9874364137; +91 9882400035; +91 9889999998; +91 9903152103; +91 9909050529; +91 9911575317; +91 9917933968; +91 9927240423; +91 9934516381; +91 9935302734; +91 9947509765; +91 9949649414; +91 9951205609; +91 9963238239; +91 9970721546; +91 9977569580; +91 9980000000; +91 9982849203; +91 9984779606; +91 9989158823; +91 9989515345; +91 9989999999; +91 9990000000; +91 9991658842; +91 9993556230; +91 9995492544; +91 9995883626; +91 9996674887; +91 9997726263; +91 9997899067; +91 9998001385; +91 9998536168; +91 9998653765; +91 9999249325; +91 9999264218; +91 9999367332; +91 9999410283; +91 9999610281; +91 9999641886; +91 9999763531; +91 9999830713; +91 9999863575; +91 9999870124; +91 9999897774; +91 9999908322; +91 9999912154; +91 9999912944; +91 9999931254; +91 9999941792; +91 9999942076; +91 9999963256; +91 9999966846; +91 9999969628; +91 9999974294; +91 9999981764; +91 9999982151; +91 9999985515; +91 9999986576; +91 9999987565; +91 9999988853; +91 9999990313; +91 9999990671; +91 9999992110; +91 9999992388; +91 9999992860; +91 9999995365; +91 9999995559; +91 9999996358; +91 9999997116; +91 9999997228; +91 9999997584; +91 9999997826; +91 9999998921; +91 9999999058; +91 9999999935,,3,SUCCESS,
60fbff68e4b0ad9f401203c0,SOL HR SERVICES (OPC) PRIVATE LIMITED,DIPP180934,RECOGNISED,U74140MH2021OPC360763,Validation,Nagpur,Maharashtra,Others,Others,https://ksamudre@gmail.com,,,,OK,,+91 8369249702,,1,SUCCESS,
60fbb722e4b0ad9f4011e9ab,VEIN HEALTHCARE PRIVATE LIMITED,DIPP83785,RECOGNISED,U93090MH2017PTC300568,EarlyTraction,Nagpur,Maharashtra,Healthcare & Lifesciences,Healthcare Services,http://veinhealthcarelab.com/,,,,OK,info@veinhealthcarelab.com,+91 7350012241,https://www.linkedin.com/company/vein-healthcare-lab-pvt-ltd/,4,SUCCESS,
60e5ec18e4b08b6a354eab4d,SIGMATRONICS INNOVATION PRIVATE LIMITED,DIPP90571,RECOGNISED,U72900MH2021PTC362954,EarlyTraction,Nagpur,Maharashtra,Technology Hardware,Electronics,https://www.sigmatronics.co.in,,,,OK,info@sigmatronics.co.in; learnings@sigmatronics.ai; you@company.com,+91 7579386839; +91 8770660439; +91 9389950473; +91 9813580295; +91 9890455177,,3,SUCCESS,
60e3f015e4b0a8de6fd7c853,Solocl Technologies Private Limited,DIPP115880,RECOGNISED,U72900MH2021PTC362640,Validation,Nagpur,Maharashtra,AI,Machine Learning,https://www.solocl.com,,,,OK,,,,1,SUCCESS,
60e3aae5e4b0a8de6fd7b8ac,VEE VIRTUAL FARMS PRIVATE LIMITED,DIPP83384,RECOGNISED,U70109MH2021PTC363013,Validation,Nagpur,Maharashtra,Agriculture,Agri-Tech,https://www.virtualfarmapp.com,,,,OK,,,,0,ERROR,"Page.goto: net::ERR_NAME_NOT_RESOLVED at https://www.virtualfarmapp.com/
Call log:
  - navigating to ""https://www.virtualfarmapp.com/"", waiting until ""domcontentloaded""
"
60dff71ce4b0a8de6fd6c932,Medicamentaid Private Limited,DIPP111144,RECOGNISED,U52520MH2021PTC359482,Prototype,Nagpur,Maharashtra,Healthcare & Lifesciences,Pharmaceutical,https://medicamentaid.Com,,,,OK,,,,0,ERROR,"Page.goto: net::ERR_NAME_NOT_RESOLVED at https://medicamentaid.com/
Call log:
  - navigating to ""https://medicamentaid.com/"", waiting until ""domcontentloaded""
"
5b11126ee4b03c10743a8f8e,SOMEBUDDY TECHNOLOGIES LLP,DIPP81895,RECOGNISED,AAJ-8105,Validation,Nagpur,Maharashtra,Construction,New-age Construction Technologies,https://kreativbricks.com,,,,OK,,,,0,ERROR,"Page.goto: net::ERR_NAME_NOT_RESOLVED at https://kreativbricks.com/
Call log:
  - navigating to ""https://kreativbricks.com/"", waiting until ""domcontentloaded""
"
60cb5ae1e4b0c2645185d0e0,EKIBEKI INDIA PRIVATE LIMITED,DIPP135409,RECOGNISED,U93000MH2019PTC321217,Scaling,Nagpur,Maharashtra,Social Impact,Others,http://ekibeki.com/,,,,OK,info@ekibeki.com,+91 6036071501; +91 6043657753; +91 6106341775; +91 6132146590; +91 6165525014; +91 6165525342; +91 6165525670; +91 6165525997; +91 6170318051; +91 6228845457; +91 6233333871; +91 6240210056; +91 6258542146; +91 6282459017; +91 6302161775; +91 6311775577; +91 6354661056; +91 6404559184; +91 6404559216; +91 6404559249; +91 6404559282; +91 6404559347; +91 6404577730; +91 6455011775; +91 6495358179; +91 6497242130; +91 6518388431; +91 6544032712; +91 6548945177; +91 6619478917; +91 6661721068; +91 6694214876; +91 6705562947; +91 6718054510; +91 6727044177; +91 6774541775; +91 6790665728; +91 6849025117; +91 6853269617; +91 6858356770; +91 6872658739; +91 6917755778; +91 7004281110; +91 7004287205; +91 7020964845; +91 7027214379; +91 7043717755; +91 7065517755; +91 7075117933; +91 7077853990; +91 7092198581; +91 7101575139; +91 7106414069; +91 7119417755; +91 7130092806; +91 7130122723; +91 7130122756; +91 7130122789; +91 7130122821; +91 7151775577; +91 7171361017; +91 7177557781; +91 7239177557; +91 7241182139; +91 7258039897; +91 7287544617; +91 7309021913; +91 7309021946; +91 7309021978; +91 7317755778; +91 7342138178; +91 7365117192; +91 7421781775; +91 7431329177; +91 7482036641; +91 7485513785; +91 7502626517; +91 7566193353; +91 7593984962; +91 7597594177; +91 7642501775; +91 7673709177; +91 7674773307; +91 7686254800; +91 7714409677; +91 7717755778; +91 7733811689; +91 7756350769; +91 7756391996; +91 7756418488; +91 7756433473; +91 7756463212; +91 7758229138; +91 7758242788; +91 7759809151; +91 7761611934; +91 7782950841; +91 7790894624; +91 7825095869; +91 7846114475; +91 7854109413; +91 7930817755; +91 7935188424; +91 7953548214; +91 7953583210; +91 7958823915; +91 7992823806; +91 8017117755; +91 8040117755; +91 8046553735; +91 8052177557; +91 8062901775; +91 8075112670; +91 8097115963; +91 8097723103; +91 8099088586; +91 8105455838; +91 8152054696; +91 8160217755; +91 8165565653; +91 8174442689; +91 8177557781; +91 8205964124; +91 8205964157; +91 8205964189; +91 8205964222; +91 8205964288; +91 8219134616; +91 8224732479; +91 8279102001; +91 8288491981; +91 8324113137; +91 8348098045; +91 8350291535; +91 8424023710; +91 8434990705; +91 8450553493; +91 8473177557; +91 8483246440; +91 8486112954; +91 8486116886; +91 8486117214; +91 8506172887; +91 8541775577; +91 8589085892; +91 8593480124; +91 8598888614; +91 8607930390; +91 8660533795; +91 8695665944; +91 8698268965; +91 8885365686; +91 8933081775; +91 8941616627; +91 8941618462; +91 8951112017; +91 8956117755; +91 8956925339; +91 9029313658; +91 9056085770; +91 9078964715; +91 9088847177; +91 9176171201; +91 9179142177; +91 9210166739; +91 9237753102; +91 9240552485; +91 9245409595; +91 9316590017; +91 9382716049; +91 9388177557; +91 9419402177; +91 9430446401; +91 9447964076; +91 9456380220; +91 9472912500; +91 9529831503; +91 9595330481; +91 9604221348; +91 9634859299; +91 9665442661; +91 9751484101; +91 9751775577; +91 9758841988; +91 9782092205; +91 9820232515; +91 9830550755; +91 9871775577; +91 9890761156; +91 9890920409,,2,SUCCESS,
60c989bee4b01e72abcf5fa4,INTELLERO TECHNOLOGY AND MANAGEMENT SOLUTIONS PRIVATE LIMITED,DIPP84845,RECOGNISED,U72900MH2021PTC359304,EarlyTraction,Nagpur,Maharashtra,IT Services,IT Management,https://htp://intellero.com/,,,,OK,,,,0,ERROR,"Page.goto: net::ERR_NAME_NOT_RESOLVED at https://htp//intellero.com/
Call log:
  - navigating to ""https://htp//intellero.com/"", waiting until ""domcontentloaded""
"
60c8378fe4b027c65da238ec,GOLDENVOWS SERVICES PRIVATE LIMITED,DIPP91515,RECOGNISED,U92490MH2021PTC355329,Validation,Nagpur,Maharashtra,Events,Others,https://www.goldenvows.com,,,,OK,,,,0,ERROR,"Page.goto: net::ERR_NAME_NOT_RESOLVED at https://www.goldenvows.com/
Call log:
  - navigating to ""https://www.goldenvows.com/"", waiting until ""domcontentloaded""
"
60c35c22e4b027c65d9e9c70,ABBTAS BOILERS PRIVATE LIMITED,DIPP98885,RECOGNISED,U11200MH2020PTC342407,Validation,Nagpur,Maharashtra,Technology Hardware,Manufacturing,https://www.abbtasboilers.com,,,,OK,sales@abbtasboilers.com,+91 9199756103; +91 9975610308,,3,SUCCESS,
60c35853e4b027c65d9e9933,NSMentors Private Limited,DIPP81519,RECOGNISED,U72900MH2020PTC342676,Validation,Nagpur,Maharashtra,Education,Education Technology,https://www.nsmentors.com,,,,OK,admin@nsmentors.com; hello@nsmentors.com,+91 7556208051; +91 7637343465; +91 7795147833; +91 7891475048; +91 9195030050; +91 9503005060,https://in.linkedin.com/in/satishmanelu; https://in.linkedin.com/in/sj-saurabh-joshi; https://www.linkedin.com/in/pratigya-thakur,3,SUCCESS,
60c08446e4b027c65d9d0e79,MINDZCLOUD TECHNOLOGIES PRIVATE LIMITED,DIPP82252,RECOGNISED,U74999MH2016PTC284274,Validation,Nagpur,Maharashtra,Education,E-learning,https://www.mindzcloud.com,,,,OK,contact@mindzcloud.com; contact@oceanthemes.net; engitech@mail.com; engitech@oceanthemes.net,+91 6181805146; +91 6580282276; +91 7496969728; +91 7866063273; +91 7866063354; +91 7957986407; +91 8455830248,https://www.linkedin.com/company/mindzcloud-technologies/,4,SUCCESS,
60bf3fd8e4b027c65d9c14b1,ARVIND TECHNO EQUIPMENTS,DIPP94724,RECOGNISED,NG000006603,Prototype,Nagpur,Maharashtra,Education,Education Technology,http://www.arvindtech.net,,,,OK,,,,0,ERROR,"Page.goto: net::ERR_NAME_NOT_RESOLVED at http://www.arvindtech.net/
Call log:
  - navigating to ""http://www.arvindtech.net/"", waiting until ""domcontentloaded""
"
60be305ee4b027c65d9b02d0,MODCAVE SHELTER TECH PRIVATE LIMITED,DIPP81275,RECOGNISED,U45200MH2021PTC354523,Validation,Nagpur,Maharashtra,Construction,New-age Construction Technologies,https://modcave.in/,,,,OK,,,,0,ERROR,"Page.goto: net::ERR_NAME_NOT_RESOLVED at https://modcave.in/
Call log:
  - navigating to ""https://modcave.in/"", waiting until ""domcontentloaded""
"
60b4c2c9e4b003351f32cf2f,ACREDIT TECHNOLOGY PRIVATE LIMITED,DIPP94267,RECOGNISED,U72200MH2019PTC327249,Validation,Nagpur,Maharashtra,Finance Technology,Accounting,https://www.tezbooks.com,,,,OK,,,,0,ERROR,"Page.goto: net::ERR_NAME_NOT_RESOLVED at https://www.tezbooks.com/
Call log:
  - navigating to ""https://www.tezbooks.com/"", waiting until ""domcontentloaded""
"
60af5ff7e4b0a22670e856e0,DAAARTS INCORP PRIVATE LIMITED,DIPP86135,RECOGNISED,U51909MH2017PTC298442,Validation,Nagpur,Maharashtra,Renewable Energy,Manufacture of Electrical Equipment,https://www.daaarts.in,,,,OK,,,,1,SUCCESS,
60a9f10fe4b0e73e1e61d199,AVADHOOT URJA ABHIYAN LLP,DIPP81004,RECOGNISED,AAI-5280,Scaling,Nagpur,Maharashtra,Renewable Energy,Manufacture of Electrical Equipment,https://www.aua-l.com,,,,OK,,,,0,ERROR,"Page.goto: net::ERR_NAME_NOT_RESOLVED at https://www.aua-l.com/
Call log:
  - navigating to ""https://www.aua-l.com/"", waiting until ""domcontentloaded""
"
60a8c126e4b0e73e1e6129c0,LOMES ENTERTAINMENTS PRIVATE LIMITED,DIPP81718,RECOGNISED,U74999MH2020PTC345107,Validation,Nagpur,Maharashtra,Media & Entertainment,Entertainment,https://www.lomesindia.com,,,,OK,,,,1,SUCCESS,
609bbd13e4b04486ed6ed2ab,BATBIRD TECHNOLOGY SERVICES PRIVATE LIMITED,DIPP80207,RECOGNISED,U72900MH2021PTC357214,Validation,Nagpur,Maharashtra,IT Services,Application Development,http://Batbird.in,,,,OK,,,,0,ERROR,"Page.goto: net::ERR_NAME_NOT_RESOLVED at http://batbird.in/
Call log:
  - navigating to ""http://batbird.in/"", waiting until ""domcontentloaded""
"
609b5457e4b04486ed6e9af7,INFINIITE INSTITUTE OF TECHNICAL EDUCATION (OPC) PRIVATE LIMITED,DIPP131819,RECOGNISED,U72900MH2020OPC348639,Prototype,Nagpur,Maharashtra,Education,Skill Development,https://www.iite.co.in/,,,,OK,support@iite.co.in,+91 7770041166,,3,SUCCESS,
6096d112e4b04486ed6d58b2,JEEVASATVAM FARM FRESH & SOLUTIONS PRIVATE LIMITED,DIPP80176,RECOGNISED,U01409PN2020PTC194452,Validation,Nagpur,Maharashtra,Agriculture,Agri-Tech,http://jeevasatvamfarmfresh.com/index.html,,,,OK,care@jeevasatvamfarmfresh.com,+91 6515244882; +91 7119435050; +91 9011034788; +91 9765884277,https://www.linkedin.com/company/jeevasatvam-farm-fresh-solutions-private-limited,2,SUCCESS,
608b7406e4b0d06491db4755,VYANKATESH MEDICARE PRIVATE LIMITED,DIPP79397,RECOGNISED,U24290MH2021PTC359502,Prototype,Nagpur,Maharashtra,Others,Others,https://Www.VyankateshMedicare.com,,,,OK,gaurang.gd@gmail.com; info@vyankatesmedicare.com,+91 9765224555; +91 9975702658,,3,SUCCESS,
60851f85e4b0d2ddc90bf75e,BONDRE GREEN ENERGY PRIVATE LIMITED INDIA,DIPP80652,RECOGNISED,U40106PN2021PTC200448,Prototype,Nagpur,Maharashtra,Renewable Energy,Renewable Energy Solutions,https://www.bondregroups.com/,,,,OK,,,,0,ERROR,"Page.goto: net::ERR_NAME_NOT_RESOLVED at https://www.bondregroups.com/
Call log:
  - navigating to ""https://www.bondregroups.com/"", waiting until ""domcontentloaded""
"
60797fabe4b0d2ddc907e908,DIASPORA INNOVATIONS PRIVATE LIMITED,DIPP81318,RECOGNISED,U80100MH2019PTC332271,EarlyTraction,Nagpur,Maharashtra,Education,Education Technology,https://www.therightgate.com/,,,,OK,,,,0,ERROR,"Page.goto: net::ERR_NAME_NOT_RESOLVED at https://www.therightgate.com/
Call log:
  - navigating to ""https://www.therightgate.com/"", waiting until ""domcontentloaded""
"
60767796e4b0d2ddc906831d,DATALYTICS TECHNOLOGIES PRIVATE LIMITED,DIPP78678,RECOGNISED,U72900MH2020PTC347137,Validation,Nagpur,Maharashtra,Analytics,Business Intelligence,https://www.datalytics.co.in,,,,OK,,,,0,ERROR,"Page.goto: net::ERR_NAME_NOT_RESOLVED at https://www.datalytics.co.in/
Call log:
  - navigating to ""https://www.datalytics.co.in/"", waiting until ""domcontentloaded""
"
60740a52e4b0d2ddc9053ede,GOBASKET AGROTECH PRIVATE LIMITED,DIPP78462,RECOGNISED,U01110MH2021PTC355864,Scaling,Nagpur,Maharashtra,Agriculture,Agri-Tech,https://gobasket.org,,,,OK,,,,0,ERROR,"Page.goto: net::ERR_NAME_NOT_RESOLVED at https://gobasket.org/
Call log:
  - navigating to ""https://gobasket.org/"", waiting until ""domcontentloaded""
"
6073e23de4b0d2ddc90527bf,RecordMetrics LLP,DIPP108396,RECOGNISED,AAW-3915,Validation,Nagpur,Maharashtra,IT Services,IT Consulting,https://recordmetrics.com,,,,OK,haweli@recordmetrics.com,+91 8975832022,https://in.linkedin.com/company/recordmetrics,3,SUCCESS,
5e22764ee4b0978ef9bec6e4,PARODY STUDIOS PRIVATE LIMITED,DIPP78540,RECOGNISED,U72900MH2020PTC352137,EarlyTraction,Nagpur,Maharashtra,AR VR (Augmented + Virtual Reality),Others,https://parodystudios.in,,,,OK,18d2f96d279149989b95faf0a4b41882@sentry-next.wixpress.com; 5d1795a2db124a268f1e1bd88f503500@sentry.wixpress.com; 605a7baede844d278b89dc95ae0a9123@sentry-next.wixpress.com; connect@parodystudios.in,+91 6013454861; +91 6054895914; +91 6070446355; +91 6074218749; +91 6093750000; +91 6094674556; +91 6121621205; +91 6126482213; +91 6139088729; +91 6167785911; +91 6196026406; +91 6196067965; +91 6212989868; +91 6213588283; +91 6214347450; +91 6216366565; +91 6225655513; +91 6226079216; +91 6235437414; +91 6261025067; +91 6306408821; +91 6309286347; +91 6311322661; +91 6348314606; +91 6357615895; +91 6363636363; +91 6488825923; +91 6491228070; +91 6498712217; +91 6516044531; +91 6541095890; +91 6542332741; +91 6558011559; +91 6561871765; +91 6565266309; +91 6566309353; +91 6570575249; +91 6570799167; +91 6581430003; +91 6607431340; +91 6623363338; +91 6644880174; +91 6665074284; +91 6665746835; +91 6697472841; +91 6698253833; +91 6710276583; +91 6726544760; +91 6768429622; +91 6816115477; +91 6831787027; +91 6852159469; +91 6857128280; +91 6857142857; +91 6873877132; +91 6908180083; +91 6926877470; +91 6931407939; +91 6935229067; +91 6957652322; +91 6979166666; +91 6991707177; +91 6993070489; +91 7018469656; +91 7035573122; +91 7055335968; +91 7091294602; +91 7094926350; +91 7107093184; +91 7109536893; +91 7116347066; +91 7118802619; +91 7155170393; +91 7176386449; +91 7198344476; +91 7199999999; +91 7202154626; +91 7206745483; +91 7211791831; +91 7217623123; +91 7217676918; +91 7230046947; +91 7257286110; +91 7287657357; +91 7339537141; +91 7383467471; +91 7383769682; +91 7392553613; +91 7394642003; +91 7485607741; +91 7506072464; +91 7518220176; +91 7518673280; +91 7520802218; +91 7543281121; +91 7563043963; +91 7565160511; +91 7593784293; +91 7608358653; +91 7637560268; +91 7639462617; +91 7641341090; +91 7658475286; +91 7664855041; +91 7672016562; +91 7685080796; +91 7687884537; +91 7691539805; +91 7697941587; +91 7704650126; +91 7713248638; +91 7751555947; +91 7758284600; +91 7760122757; +91 7821755639; +91 7822325964; +91 7834549878; +91 7864488053; +91 7935460043; +91 7991554069; +91 8005398324; +91 8006495162; +91 8012823206; +91 8014354066; +91 8032534795; +91 8041599965; +91 8076416337; +91 8079831649; +91 8092662310; +91 8102766798; +91 8102766799; +91 8103072450; +91 8103347034; +91 8177649587; +91 8187464709; +91 8188767032; +91 8189415041; +91 8215403882; +91 8223724474; +91 8231726730; +91 8233213621; +91 8234833365; +91 8241617609; +91 8241858346; +91 8244095086; +91 8251953125; +91 8253889014; +91 8255649801; +91 8265986661; +91 8269337785; +91 8298084492; +91 8300618651; +91 8307291666; +91 8323567708; +91 8324607329; +91 8328838871; +91 8342464164; +91 8353096179; +91 8364439614; +91 8384520884; +91 8390804597; +91 8401315774; +91 8402623713; +91 8409020989; +91 8446601941; +91 8460977388; +91 8461538461; +91 8470900170; +91 8498023715; +91 8547486033; +91 8554360812; +91 8560285528; +91 8604707039; +91 8606811505; +91 8623124448; +91 8656716417; +91 8689285573; +91 8697444127; +91 8742697485; +91 8778362552; +91 8791371158; +91 8828124999; +91 8832756673; +91 8837410320; +91 8839541547; +91 8839690584; +91 8847184986; +91 8852605122; +91 8867605833; +91 8872870025; +91 8875351452; +91 8877097402; +91 8910168125; +91 8975772453; +91 8982735440; +91 8989428796; +91 9011014215; +91 9011857707; +91 9023621246; +91 9029120626; +91 9091018433; +91 9096137152; +91 9100790513; +91 9182312252; +91 9190638302; +91 9193772293; +91 9212758112; +91 9249011857; +91 9252153057; +91 9288338191; +91 9337944664; +91 9341580742; +91 9356464071; +91 9358060157; +91 9359163872; +91 9362171349; +91 9373047109; +91 9380203515; +91 9421860885; +91 9422492401; +91 9431592738; +91 9446525719; +91 9510869565; +91 9556474814; +91 9568738776; +91 9600777451; +91 9607843137; +91 9614183310; +91 9625393194; +91 9627329192; +91 9640361416; +91 9640957446; +91 9681336559; +91 9694704409; +91 9702380952; +91 9733999172; +91 9747536156; +91 9762845849; +91 9793814432; +91 9798437404; +91 9826786305; +91 9830853272; +91 9890148988; +91 9896036999; +91 9943436635; +91 9968830471; +91 9973690910; +91 9977802441; +91 9990196569,,1,SUCCESS,
6071f298e4b0d2ddc90427db,PROCOHAT TECHNOLOGIES PRIVATE LIMITED,DIPP97433,RECOGNISED,U74994MH2019PTC320255,EarlyTraction,Nagpur,Maharashtra,IT Services,Application Development,https://procohat.com,,,,OK,,+91 7817915094; +91 9383927200,,1,SUCCESS,
60717b4ce4b0d2ddc903f05b,AICPE EDUCATIONAL SERVICES PRIVATE LIMITED,DIPP78749,RECOGNISED,U80904MH2018PTC308606,EarlyTraction,Nagpur,Maharashtra,Education,Skill Development,https://www.aicpeindia.ac.in/,,,,OK,,,,1,SUCCESS,
606c5dafe4b0d2ddc9013f90,Ploceus Studio Llp,DIPP118950,RECOGNISED,AAV-4516,Validation,Nagpur,Maharashtra,Architecture Interior Design,Others,https://www.ploceusstudio.com,,,,OK,deepaknimje@ploceusstudio.com,+91 7496969728; +91 7774052415; +91 9173877884,https://www.linkedin.com/in/interior-designer-ploceus-studio-llp/,2,SUCCESS,
606820d4e4b03f92cbd3c145,EVEN HEALTHCARE PRIVATE LIMITED,DIPP78019,RECOGNISED,U85300MH2020PTC345050,Prototype,Nagpur,Maharashtra,Healthcare & Lifesciences,Healthcare Services,https://www.evenhealthcare.com/,,,,OK,,,,0,ERROR,"Page.goto: net::ERR_NAME_NOT_RESOLVED at https://www.evenhealthcare.com/
Call log:
  - navigating to ""https://www.evenhealthcare.com/"", waiting until ""domcontentloaded""
"
606196dde4b03f92cbd07b01,ADWARB LOGISTICS SERVICES (OPC) PRIVATE LIMITED,DIPP92657,RECOGNISED,U60300MH2018OPC318344,Validation,Nagpur,Maharashtra,Transportation & Storage,Freight & Logistics Services,https://aachalgroup.co.in,,,,OK,,,,0,ERROR,"Page.goto: net::ERR_NAME_NOT_RESOLVED at https://aachalgroup.co.in/
Call log:
  - navigating to ""https://aachalgroup.co.in/"", waiting until ""domcontentloaded""
"
60600651e4b03f92cbcff1a6,TECHWALNUT INNOVATIONS LLP,DIPP146041,RECOGNISED,AAM-5306,EarlyTraction,Nagpur,Maharashtra,Internet of Things,Others,https://www.techwalnut.com,,,,OK,support@techwalnut.co.in,+91 7507218111,,3,SUCCESS,
6058a445e4b03f92cbcc4e13,MEMOYO ANIMATION PRIVATE LIMITED,DIPP86965,RECOGNISED,U72900MH2021PTC354341,Prototype,Nagpur,Maharashtra,Animation,Others,https://memoyoanimations.com/,,,,OK,,+91 7030906035; +91 9170309060; +91 9191195199; +91 9333496093,https://www.linkedin.com/company/memoyo-animation/?originalSubdomain=in; https://www.linkedin.com/in/prathmmesh-gc-chourasiya-9519791aa/; https://www.linkedin.com/in/yogendraa-pal-18a356207/,2,SUCCESS,
6055a9a7e4b03f92cbcb3cf2,CROPDATA TECHNOLOGY PRIVATE LIMITED,DIPP77048,RECOGNISED,U72900MH2016PTC273618,Scaling,Nagpur,Maharashtra,Agriculture,Agri-Tech,https://www.cropdata.in,,,,OK,info@cropdata.in,+91 6432566055; +91 7122249901,https://www.linkedin.com/company/cropdata,3,SUCCESS,
605221fee4b03f92cbc93648,ALERA CONSULTING SERVICES PRIVATE LIMITED,DIPP99057,RECOGNISED,U72900MH2021PTC355519,Prototype,Nagpur,Maharashtra,IT Services,IT Consulting,https://www.alera.in,,,,OK,info@alera.in,+91 7760817051; +91 8636799999; +91 8884479999; +91 9766616244; +91 9994189999,,3,SUCCESS,
604e100de4b03f92cbc75ad7,COGNIZANCE IT SOLUTIONS PRIVATE LIMITED,DIPP80156,RECOGNISED,U72900UP2020PTC135114,EarlyTraction,Nagpur,Maharashtra,IT Services,IT Consulting,https://www.cognizance.co.in,,,,OK,,,,1,SUCCESS,
603634dae4b087332c693e1d,AUR Consultant,DIPP78499,RECOGNISED,NG000003283,EarlyTraction,Nagpur,Maharashtra,Professional & Commercial Services,Business Support Supplies,https://www.aurconsultant.com,,,,OK,connect@aurconsultant.com,+91 6795434487; +91 7496969728; +91 7866064906; +91 7866064918; +91 8446511155,https://www.linkedin.com/company/aur-consultant/?trk=top_nav_home,3,SUCCESS,
602e78dae4b017a8daec865b,Saur Neer Technologies,DIPP75616,RECOGNISED,NG000006411,Validation,Nagpur,Maharashtra,Green Technology,Clean Tech,https://www.saurneer.in,,,,OK,,,,0,ERROR,"Page.goto: net::ERR_NAME_NOT_RESOLVED at https://www.saurneer.in/
Call log:
  - navigating to ""https://www.saurneer.in/"", waiting until ""domcontentloaded""
"
602a469ce4b07bc22e791a8f,RAYCURA MEDICAL TECHNOLOGIES PRIVATE LIMITED,DIPP76255,RECOGNISED,U33309MH2021PTC353794,Prototype,Nagpur,Maharashtra,Healthcare & Lifesciences,Medical Devices Biomedical,https://www.raycura.com,,,,OK,mail@raycura.com,+91 7028264636; +91 9876543210,https://www.linkedin.com/company/raycura-medical-technologies/about/,1,SUCCESS,
602795c1e4b07bc22e783697,SAI BIOSYSTEMS PRIVATE LIMITED,DIPP76374,RECOGNISED,U74999MH2015PTC269925,Scaling,Nagpur,Maharashtra,Biotechnology,Others,https://www.saibiosystems.com,,,,OK,,,,0,ERROR,"Page.goto: net::ERR_NAME_NOT_RESOLVED at https://www.saibiosystems.com/
Call log:
  - navigating to ""https://www.saibiosystems.com/"", waiting until ""domcontentloaded""
"
602620fde4b07bc22e77a3bb,GoodFaith Pharma IMPEX,DIPP75458,RECOGNISED,MH20E0083084,Scaling,Nagpur,Maharashtra,Healthcare & Lifesciences,Pharmaceutical,https://www.goodfaithexim.com,,,,OK,,,,1,SUCCESS,
6024d5d5e4b07bc22e770e5a,INTELLECTUAL COOLIE LLP,DIPP78558,RECOGNISED,AAV-8291,EarlyTraction,Nagpur,Maharashtra,Professional & Commercial Services,Business Support Supplies,http://intellectualcoolie.com/index.html,,,,OK,ip@intellectualcoolie.com,+91 7385059396; +91 7620148328; +91 8096796533; +91 8693494945; +91 9763893150,https://www.linkedin.com/company/30259535/admin/,2,SUCCESS,
6023e2f8e4b07bc22e76c563,CLIDE MANAGEMENT CONSULTANCY PRIVATE LIMITED,DIPP75591,RECOGNISED,U74999MH2012PTC229470,Validation,Nagpur,Maharashtra,Safety,Others,https://clideg.clideoffice.com/,,,,OK,,,,0,ERROR,"Page.goto: net::ERR_NAME_NOT_RESOLVED at https://clideg.clideoffice.com/
Call log:
  - navigating to ""https://clideg.clideoffice.com/"", waiting until ""domcontentloaded""
"
6020f58be4b07bbc25b9555c,QURIOO EDUSOLUTIONS PRIVATE LIMITED,DIPP75568,RECOGNISED,U80900MH2020PTC349706,EarlyTraction,Nagpur,Maharashtra,Education,E-learning,https://www.qurioo.com,,,,OK,,,,1,SUCCESS,
601cee52e4b07bbc25b7fe16,AMIGOESTECH LLP,DIPP74728,RECOGNISED,AAT-9621,EarlyTraction,Nagpur,Maharashtra,IT Services,Product Development,http://www.amigoestech.com/,,,,OK,,,,1,SUCCESS,
600bd9dce4b06d1acbcb3e2b,MOTORODI AUTOMOBILE SERVICES PRIVATE LIMITED,DIPP74361,RECOGNISED,U50100MH2016PTC288952,EarlyTraction,Nagpur,Maharashtra,Automotive,Others,https://www.motorodi.com,,,,OK,,,,0,ERROR,"Page.goto: net::ERR_NAME_NOT_RESOLVED at https://www.motorodi.com/
Call log:
  - navigating to ""https://www.motorodi.com/"", waiting until ""domcontentloaded""
"
600a9f3be4b0c081f74bd44c,WAGEV ELECTRIC VEHICLES MANUFACTURING PRIVATE LIMITED,DIPP73905,RECOGNISED,U34300MH2020PTC347772,Prototype,Nagpur,Maharashtra,Automotive,Others,https://wag-ev.com/,,,,OK,,,,0,ERROR,"Page.goto: net::ERR_NAME_NOT_RESOLVED at https://wag-ev.com/
Call log:
  - navigating to ""https://wag-ev.com/"", waiting until ""domcontentloaded""
"
600a8769e4b0c081f74bc7e7,OCRE8 TECHNOLOGIES PRIVATE LIMITED ,DIPP75887,RECOGNISED,U74999MH2020PTC352437,Prototype,Nagpur,Maharashtra,Social Network,Others,https://www.ocre8technologies.com,,,,OK,,,,0,ERROR,"Page.goto: net::ERR_NAME_NOT_RESOLVED at https://www.ocre8technologies.com/
Call log:
  - navigating to ""https://www.ocre8technologies.com/"", waiting until ""domcontentloaded""
"
6007f60de4b0c081f74aa17f,LOGROW TECHNOLOGIES LLP,DIPP74127,RECOGNISED,AAT-8025,Prototype,Nagpur,Maharashtra,Retail,Social Commerce,https://www.logrow.in,,,,OK,78win.love@gmail.com; 78winlove@gmail.com,+91 7817915094,,1,SUCCESS,
6007e561e4b0c081f74a9b81,CESMEC PRIVATE LIMITED,DIPP73701,RECOGNISED,U45309MH2016PTC284547,Prototype,Nagpur,Maharashtra,Construction,New-age Construction Technologies,https://www.cesmecindia.com,,,,OK,,,,0,ERROR,"Page.goto: net::ERR_CERT_COMMON_NAME_INVALID at https://www.cesmecindia.com/
Call log:
  - navigating to ""https://www.cesmecindia.com/"", waiting until ""domcontentloaded""
"
6007d9a4e4b0c081f74a975f,NEXT TRACK ENGINEERING PRIVATE LIMITED,DIPP74034,RECOGNISED,U74994MH2018PTC318408,Prototype,Nagpur,Maharashtra,Others,Others,https://nextrack.in/,,,,OK,,,,0,ERROR,"Page.goto: net::ERR_NAME_NOT_RESOLVED at https://nextrack.in/
Call log:
  - navigating to ""https://nextrack.in/"", waiting until ""domcontentloaded""
"
6007d4d3e4b0c081f74a959c,PRIMUS SAM PRIVATE LIMITED,DIPP74859,RECOGNISED,U10300MH2020PTC349694,EarlyTraction,Nagpur,Maharashtra,Professional & Commercial Services,Business Support Services,https://www.primuslab.in,,,,OK,commercial@primuslab.in,+91 7127962019; +91 7844291414; +91 8195914097; +91 9171235168,https://www.linkedin.com/company/primus-sam-pvt-ltd/,3,SUCCESS,
6007bd31e4b0c081f74a8d92,DIAGNO ON MEDICAL &amp; DIAGNOSTICS SERVICESINDIA PRIVATE LIMITED,DIPP73711,RECOGNISED,U85100PN2020PTC192637,Prototype,Nagpur,Maharashtra,Healthcare & Lifesciences,Healthcare Technology,https://www.diagnoon.com,,,,OK,,,,0,ERROR,"Page.goto: net::ERR_NAME_NOT_RESOLVED at https://www.diagnoon.com/
Call log:
  - navigating to ""https://www.diagnoon.com/"", waiting until ""domcontentloaded""
"
60045f0be4b0c081f7499b8a,NATTY & CANNY PRIVATE LIMITED,DIPP77914,RECOGNISED,U17110MH2020PTC343497,EarlyTraction,Nagpur,Maharashtra,Retail,Retail Technology,https://www.walkingwardrobe.in,,,,OK,,,,0,ERROR,"Page.goto: net::ERR_NAME_NOT_RESOLVED at https://www.walkingwardrobe.in/
Call log:
  - navigating to ""https://www.walkingwardrobe.in/"", waiting until ""domcontentloaded""
"
60003617e4b0c081f7481081,STREAMFIX BUSINESS MANAGEMENT PRIVATE LIMITED,DIPP74862,RECOGNISED,U74140MH2020PTC352201,EarlyTraction,Nagpur,Maharashtra,Human Resources,Others,https://www.streamfix.in,,,,OK,,,,1,SUCCESS,
5b1e42e9e4b04f0864e1b102,CONFEDERATION OF INDIAN INNOVATORS AND INCUBATORS,DIPP74822,RECOGNISED,U80902MH2020NPL348385,EarlyTraction,Nagpur,Maharashtra,Social Network,Others,https://ciii.in,,,,OK,contact@ciii.in,+91 6122633421,https://www.linkedin.com/company/ciii,3,SUCCESS,
5fffeaaee4b0c081f747f58e,TRAWORK LLP,DIPP74175,RECOGNISED,AAS-1447,Prototype,Nagpur,Maharashtra,Travel & Tourism,Facility Management,https://www.trawork.in/,,,,OK,,+91 9514831394,,1,SUCCESS,
5ffc64d5e4b0c081f746c63e,MAXVOLT SOLAR PRIVATE LIMITED,DIPP73793,RECOGNISED,U74999MH2018PTC315266,Validation,Nagpur,Maharashtra,Renewable Energy,Renewable Solar Energy,https://WWW.MAXVOLTSOLAR.COM,,,,OK,enquiry@maxvoltsolar.com; info@maxvoltsolar.com; sales@maxvoltsolar.com,+91 7001075253; +91 7231764500; +91 7496969728; +91 9196578880,,4,SUCCESS,
5ff865c9e4b0c081f7458eff,STUDILY LEARNING TECHNOLOGIES PRIVATE LIMITED,DIPP78675,RECOGNISED,U80902PN2021PTC200224,Validation,Nagpur,Maharashtra,Education,Education Technology,https://studily.xyz,,,,OK,,,,1,SUCCESS,
5ff57d7de4b072ce66417874,PRAGAMANA PRIVATE LIMITED,DIPP78670,RECOGNISED,U72900MH2020PTC352656,Validation,Nagpur,Maharashtra,Enterprise Software,Cloud,https://www.pragamana.com/,,,,OK,sales@pragamana.com,+91 6557245755; +91 7164335027; +91 7254831982; +91 8232883201; +91 9368660789; +91 9850004148,https://www.linkedin.com/company/pragamana/,4,SUCCESS,
5ff2e370e4b072ce6640bcea,BIOS INNOVATIVE HEALTHCARE SOLUTIONS PRIVATE LIMITED,DIPP73002,RECOGNISED,U72501MH2019PTC320086,Validation,Nagpur,Maharashtra,Healthcare & Lifesciences,Others,http://biosinnovations.com/,,,,OK,,,,0,ERROR,"Page.goto: net::ERR_NAME_NOT_RESOLVED at http://biosinnovations.com/
Call log:
  - navigating to ""http://biosinnovations.com/"", waiting until ""domcontentloaded""
"
5fec4f4fe4b072ce663ecd90,GREENCROPAGROTECH PRIVATE LIMITED,DIPP73888,RECOGNISED,U01100MH2020PTC342410,Prototype,Nagpur,Maharashtra,Marketing,Sales,https://WWW.GCAPVT.COM,,,,OK,,+91 9000064000; +91 9610624619,,1,SUCCESS,
5fe8cb30e4b0db7e4f388358,WEREHAB TECHNOLOGIES PRIVATE LIMITED,DIPP77623,RECOGNISED,U85300MH2020PTC351417,Prototype,Nagpur,Maharashtra,Healthcare & Lifesciences,Healthcare Services,https://www.werehabtech.com/,,,,OK,,,,0,ERROR,"Page.goto: net::ERR_NAME_NOT_RESOLVED at https://www.werehabtech.com/
Call log:
  - navigating to ""https://www.werehabtech.com/"", waiting until ""domcontentloaded""
"
5fe350c9e4b0db7e4f369c6e,DDAARC PICKUP SERVICES PRIVATE LIMITED,DIPP89366,RECOGNISED,U64203MH2021PTC362366,Prototype,Nagpur,Maharashtra,Logistics,Others,https://www.apoux.com,,,,OK,,,,0,ERROR,"Page.goto: net::ERR_NAME_NOT_RESOLVED at https://www.apoux.com/
Call log:
  - navigating to ""https://www.apoux.com/"", waiting until ""domcontentloaded""
"
5fe18b0ee4b0db7e4f35cfaa,Radium Technologies,DIPP72493,RECOGNISED,NG000006190,Prototype,Nagpur,Maharashtra,Technology Hardware,Electronics,https://www.radiumtechnologies.in,,,,OK,,,,0,ERROR,"Page.goto: net::ERR_NAME_NOT_RESOLVED at https://www.radiumtechnologies.in/
Call log:
  - navigating to ""https://www.radiumtechnologies.in/"", waiting until ""domcontentloaded""
"
5fe0d5d7e4b0db7e4f3587db,Eliot Technologies ,DIPP72789,RECOGNISED,NG000005917,Prototype,Nagpur,Maharashtra,Technology Hardware,Electronics,https://www.eliottechnologies.com,,,,OK,,+91 7817915094,,1,SUCCESS,
5fd89203e4b0776e0c55a715,KREO CAPITAL PRIVATE LIMITED,DIPP72226,RECOGNISED,U65999MH2018PTC307425,Prototype,Nagpur,Maharashtra,Finance Technology,Advisory,https://kreocapital.com/,,,,OK,info@kreocapital.com,+91 6694083291; +91 7122997550; +91 7122997551; +91 7460977096; +91 7703491474; +91 7867581047; +91 8695025239; +91 8920450239,https://www.linkedin.com/company/kreo-capital-private-limited/,3,SUCCESS,
5fcf4886e4b03d376f005727,DARKROOM POETS EDUTECH PRIVATE LIMITED,DIPP71913,RECOGNISED,U80903PN2020PTC190630,Validation,Nagpur,Maharashtra,Education,E-learning,https://www.unboxingart.in/,,,,OK,wweeiihhuuaanngg@gmail.com,+91 7020595787,https://www.linkedin.com/company/unboxing-art/,1,SUCCESS,
5fc1de15e4b016b44cb3de01,GoBasket Agrotech Private Limited,DIPP78462,RECOGNISED,,Scaling,Nagpur,Maharashtra,Agriculture,Agri-Tech,https://gobasket.org,,,,OK,,,,0,ERROR,"Page.goto: net::ERR_NAME_NOT_RESOLVED at https://gobasket.org/
Call log:
  - navigating to ""https://gobasket.org/"", waiting until ""domcontentloaded""
"
5fbe1f81e4b016b44cb2aae4,Oyster Technocon,DIPP113091,RECOGNISED,27AAHFO1666K1ZW,Validation,Nagpur,Maharashtra,Agriculture,Food Processing,https://oystertechnocon.com,,,,OK,,,,0,ERROR,"Page.goto: net::ERR_NAME_NOT_RESOLVED at https://oystertechnocon.com/
Call log:
  - navigating to ""https://oystertechnocon.com/"", waiting until ""domcontentloaded""
"
5fb8bac0e4b0dca0779d0c9c,PRECISURG PRIVATE LIMITED,DIPP71450,RECOGNISED,U33119PN2019PTC185636,Validation,Nagpur,Maharashtra,Healthcare & Lifesciences,Biotechnology,https://precisurg.co.in,,,,OK,,,,0,ERROR,"Page.goto: net::ERR_NAME_NOT_RESOLVED at https://precisurg.co.in/
Call log:
  - navigating to ""https://precisurg.co.in/"", waiting until ""domcontentloaded""
"
5fb29bd8e4b01f96edfb30dd,Movench,DIPP71419,RECOGNISED,U74999MH2020PTC350165,EarlyTraction,Nagpur,Maharashtra,Human Resources,Talent Management,https://www.movench.com,,,,OK,,,,0,ERROR,"Page.goto: net::ERR_NAME_NOT_RESOLVED at https://www.movench.com/
Call log:
  - navigating to ""https://www.movench.com/"", waiting until ""domcontentloaded""
"
5f9690b1e4b073af970419b9,SHAKTIMAAN SOLAR LLP,DIPP70809,RECOGNISED,AAT-2533,Scaling,Nagpur,Maharashtra,Renewable Energy,Renewable Solar Energy,https://www.shaktimaansolar.com,,,,OK,,,,0,ERROR,"Page.goto: net::ERR_NAME_NOT_RESOLVED at https://www.shaktimaansolar.com/
Call log:
  - navigating to ""https://www.shaktimaansolar.com/"", waiting until ""domcontentloaded""
"
5bc02588e4b0456dd53c90ab,1DOSE LLP,DIPP71090,RECOGNISED,AAT-8967,Prototype,Nagpur,Maharashtra,Healthcare & Lifesciences,Health & Wellness,https://www.1dose.in,,,,OK,,,,1,SUCCESS,
5f81a13ae4b0cbc0da80ff14,BINGE ARTISAN HANDCRAFTED CHOCOLATE LLP,DIPP71872,RECOGNISED,AAU-0074,Prototype,Nagpur,Maharashtra,Food & Beverages,Food Processing,https://www.thebinge.in/,,,,OK,info@thebinge.in,+91 6354280989; +91 7890314934; +91 8080450126; +91 9084036003; +91 9180804501; +91 9199999999; +91 9814804515,,3,SUCCESS,
5f7ef2bfe4b0cbc0da807afa,TNB FOODS PRIVATE LIMITED,DIPP69853,RECOGNISED,U51909MH2020PTC347034,Validation,Nagpur,Maharashtra,Other Specialty Retailers,Home Improvement Products & Services Retailers,https://www.thenaturesbowl.com,,,,OK,,,,0,ERROR,"Page.goto: net::ERR_NAME_NOT_RESOLVED at https://www.thenaturesbowl.com/
Call log:
  - navigating to ""https://www.thenaturesbowl.com/"", waiting until ""domcontentloaded""
"
5f7dfd9fe4b0cbc0da80518f,AARSHIV SOLAR ENERGY AND IT SOLUTIONS PRIVATE LIMITED,DIPP69792,RECOGNISED,U74999MH2019PTC322833,EarlyTraction,Nagpur,Maharashtra,Renewable Energy,Renewable Solar Energy,https://www.aarshiv.com,,,,OK,enquiry@aarshiv.com,+91 9130344284,,3,SUCCESS,
5f72daf8e4b0cbc0da7e0a98,YOUBOTICS INNOVATIONS PRIVATE LIMITED,DIPP69114,RECOGNISED,U72900MH2020PTC345875,EarlyTraction,Nagpur,Maharashtra,AI,NLP,https://www.youbotics.in,,,,OK,,,,0,ERROR,"Page.goto: net::ERR_NAME_NOT_RESOLVED at https://www.youbotics.in/
Call log:
  - navigating to ""https://www.youbotics.in/"", waiting until ""domcontentloaded""
"
5f6dd7d0e4b063729925e487,GIRLSCRIPT TECHNOLOGIES PRIVATE LIMITED,DIPP68833,RECOGNISED,U80900PN2020PTC191349,EarlyTraction,Nagpur,Maharashtra,Education,E-learning,https://gsyay.com,,,,OK,,,,0,ERROR,"Page.goto: net::ERR_NAME_NOT_RESOLVED at https://gsyay.com/
Call log:
  - navigating to ""https://gsyay.com/"", waiting until ""domcontentloaded""
"
5f6d8e3fe4b063729925bc71,RIDDHIMANN TECHNOLOGIES PRIVATE LIMITED,DIPP68793,RECOGNISED,U93000MH2020PTC341386,Validation,Nagpur,Maharashtra,Fashion,Jewellery,https://mysoniji.com/,,,,OK,,,,0,ERROR,"Page.goto: net::ERR_NAME_NOT_RESOLVED at https://mysoniji.com/
Call log:
  - navigating to ""https://mysoniji.com/"", waiting until ""domcontentloaded""
"
5f6af778e4b063729925337c,MEGA PETROLEUMS LLP,DIPP68621,RECOGNISED,AAT-6934,Prototype,Nagpur,Maharashtra,Non- Renewable Energy,Oil & Gas Transportation Services,http://megapetroleums.in.net/,,,,OK,,,,0,ERROR,"Page.goto: net::ERR_NAME_NOT_RESOLVED at http://megapetroleums.in.net/
Call log:
  - navigating to ""http://megapetroleums.in.net/"", waiting until ""domcontentloaded""
"
5f69f154e4b063729924f2e1,SKT WEB THEMES PRIVATE LIMITED,DIPP68592,RECOGNISED,U74900MH2018PTC308230,Scaling,Nagpur,Maharashtra,IT Services,Web Development,https://www.sktthemes.org,,,,OK,support@sktthemes.com,+91 7817915094; +91 7866065988; +91 7866066003,,3,SUCCESS,
5f60c621e4b094dd1b6727d6,MACHLAB-DSB ELEVATOR AND ELECTRICAL/ELEC TRONICS MANUFACTURING LLP,DIPP129387,RECOGNISED,AAT-5912,Validation,Nagpur,Maharashtra,Technology Hardware,Electronics,http://machlabdsb.com/,,,,OK,info@machlabdsb.com; technical@machlabdsb.com,+91 6184627737,https://www.linkedin.com/company/machlab-dsb/,4,SUCCESS,
5f5c7f41e4b094dd1b664d8c,UCOB100 BIOENERGY PRIVATE LIMITED,DIPP67782,RECOGNISED,U24111MH2020PTC337311,EarlyTraction,Nagpur,Maharashtra,Renewable Energy,Renewable Energy Solutions,http://ucob100.com/,,,,OK,,,,0,ERROR,"Page.goto: net::ERR_NAME_NOT_RESOLVED at http://ucob100.com/
Call log:
  - navigating to ""http://ucob100.com/"", waiting until ""domcontentloaded""
"
5f4396d1e4b07b91e4409601,ACES ECOSPHERE LLP,DIPP66314,RECOGNISED,AAT-2211,Validation,Nagpur,Maharashtra,Healthcare & Lifesciences,Health & Wellness,http://www.arogyasewa.in/,,,,OK,,,,1,SUCCESS,
5f378719e4b0b0f1fd25a1dc,AMPHAN TECHNOLOGIES PRIVATE LIMITED,DIPP65700,RECOGNISED,U01100MH2020PTC343292,Scaling,Nagpur,Maharashtra,Agriculture,Agri-Tech,http://neovantium.com,,,,OK,,,,0,ERROR,"Page.goto: net::ERR_NAME_NOT_RESOLVED at http://neovantium.com/
Call log:
  - navigating to ""http://neovantium.com/"", waiting until ""domcontentloaded""
"
5b14f13de4b03c10743ae53f,SHREEM INFRATECH ,DIPP87577,RECOGNISED,NG000006688,EarlyTraction,Nagpur,Maharashtra,Construction,Construction & Engineering,https://www.shreeminfratech.com/,,,,OK,shreeminfratech2019@gmail.com,+91 8275872003; +91 9194033939; +91 9403393985; +91 9561012365; +91 9834721253,,3,SUCCESS,
5f312089e4b0703cc734112a,CANVASS CLINICAL RESEARCH SERVICES PRIVATE LIMITED,DIPP67109,RECOGNISED,U73100MH2019PTC321831,Scaling,Nagpur,Maharashtra,Healthcare & Lifesciences,Healthcare Services,http://ccrsindia.com/,,,,OK,info@ccrsindia.com,+91 7496969728; +91 7620962348; +91 8208448630; +91 8741828345; +91 9240069474,https://www.linkedin.com/in/vijaya-bhakte-26ab791b/,2,SUCCESS,
5f19573be4b061073958ca5b,Smart Touch Services,DIPP64143,RECOGNISED,NG000005655,EarlyTraction,Nagpur,Maharashtra,House-Hold Services,Home Care,http://www.smarttouchservices.com,,,,OK,info@smarttouchservices.com,,,2,SUCCESS,
5f117719e4b08a4759a57da0,SAZO MANAGEMENT PRIVATE LIMITED,DIPP63754,RECOGNISED,U74900PN2020PTC191402,EarlyTraction,Nagpur,Maharashtra,Human Resources,Skills Assessment,http://www.sazompl.in,,,,OK,,,,0,ERROR,"Page.goto: net::ERR_NAME_NOT_RESOLVED at http://www.sazompl.in/
Call log:
  - navigating to ""http://www.sazompl.in/"", waiting until ""domcontentloaded""
"
5f102716e4b08a4759a550d8,JOBARA FOODS PRIVATE LIMITED,DIPP63676,RECOGNISED,U85320MH2019PTC335001,Validation,Nagpur,Maharashtra,Food & Beverages,Food Processing,https://www.therightfood.in,,,,OK,,,,1,SUCCESS,
5f0094e2e4b022bc24f9d2f8,XPRENZA ROBOTICS PRIVATE LIMITED,DIPP62963,RECOGNISED,U72200MH2020PTC340706,Prototype,Nagpur,Maharashtra,Robotics,Robotics Application,https://www.xprenza.com/,,,,OK,,,,0,ERROR,"Page.goto: net::ERR_NAME_NOT_RESOLVED at https://www.xprenza.com/
Call log:
  - navigating to ""https://www.xprenza.com/"", waiting until ""domcontentloaded""
"
5efdcdc5e4b022bc24f96134,FULZ TECHNOLOGIES PRIVATE LIMITED,DIPP62862,RECOGNISED,U74999MH2016PTC280290,EarlyTraction,Nagpur,Maharashtra,Analytics,Big Data,https://fulztech.com,,,,OK,contact@fulztech.com,+91 6524513776; +91 6925983838; +91 6925984449; +91 6935027604; +91 7451713242; +91 7940099999; +91 8131563205; +91 9588619967,https://in.linkedin.com/company/fulz-technologies,4,SUCCESS,
5ef46af4e4b022bc24f7a833,Cojag Smart Technology Private Limited,DIPP111832,RECOGNISED,U72900MH2016PTC287828,Scaling,Nagpur,Maharashtra,Others,Others,http://cojagtech.com/,,,,OK,47036cojagtech@gmail.comsend; cojagtech@gmail.com,+91 7223215503; +91 7410747036; +91 9174107470,https://www.linkedin.com/company/cojag/mycompany/,3,SUCCESS,
5ef30287e4b054aba4c150b3,DICUL AM PRIVATE LIMITED,DIPP62337,RECOGNISED,U33111PN2020PTC191269,EarlyTraction,Nagpur,Maharashtra,Healthcare & Lifesciences,Medical Devices Biomedical,https://lucidimplants.com/,,,,OK,cases@lucidimplants.com; contactus@lucidimplants.com; info@lucidimplants.com,+91 6629347090; +91 7979531874; +91 8819450438; +91 9145533483; +91 9199230809; +91 9923080976,https://www.linkedin.com/company/lucidimplants/,4,SUCCESS,
5eef704be4b0935c8cebfcac,BRAINIEST DIGITAL PLATFORM PRIVATE LIMITED,DIPP62204,RECOGNISED,U72900MH2020PTC340358,Prototype,Nagpur,Maharashtra,Education,E-learning,https://www.brainyguru.in,,,,OK,,,,0,ERROR,"Page.goto: net::ERR_NAME_NOT_RESOLVED at https://www.brainyguru.in/
Call log:
  - navigating to ""https://www.brainyguru.in/"", waiting until ""domcontentloaded""
"
5eeb1b93e4b0fd41a3a5ab4f,Nidhi Play System Private Limited,DIPP108967,RECOGNISED,U29299MH2019PTC324814,Scaling,Nagpur,Maharashtra,Toys and Games,Physical Toys and Games,https://www.nidhiplaysystem.com,,,,OK,info@nidhiplaysystem.com,+91 7942641626; +91 8030795330; +91 8030829630; +91 8030978030; +91 8031066388; +91 8031129112; +91 8493631252; +91 8493943296; +91 8496134073; +91 8497357513; +91 8497858464; +91 8501449388; +91 8517718569; +91 8518167319; +91 8594432507; +91 8594546898; +91 8595662768; +91 8595669234,,2,SUCCESS,
5ed5033be4b054cc0b12de03,FALCONEX SHIPPING AND LOGISTIX SOLUTIONS LLP,DIPP74800,RECOGNISED,AAV-2500,Scaling,Nagpur,Maharashtra,Logistics,Others,https://www.falconexlogistix.com,,,,OK,,,,0,ERROR,"Page.goto: net::ERR_CERT_DATE_INVALID at https://www.falconexlogistix.com/
Call log:
  - navigating to ""https://www.falconexlogistix.com/"", waiting until ""domcontentloaded""
"
5eccdb90e4b054cc0b11ece7,ISORROPIA STRUCTURES PRIVATE LIMITED,DIPP60720,RECOGNISED,U74999MH2018PTC308922,EarlyTraction,Nagpur,Maharashtra,Architecture Interior Design,Others,https://www.isorropia.in,,,,OK,isorropiagroup@gmail.com; jessica@admin.com; mark@admin.com; natasha@admin.com; support@validtheme.com,+91 6182273143; +91 7949690104; +91 8283914408; +91 8600017999; +91 8649499949; +91 9822722717,,3,SUCCESS,
5ec79036e4b03e7099593836,SAMVARU TECHNOSOL LLP,DIPP66317,RECOGNISED,AAP-6904,Prototype,Nagpur,Maharashtra,Healthcare & Lifesciences,Healthcare IT,https://www.quotemysurgery.com,,,,OK,,,,0,ERROR,"Page.goto: net::ERR_NAME_NOT_RESOLVED at https://www.quotemysurgery.com/
Call log:
  - navigating to ""https://www.quotemysurgery.com/"", waiting until ""domcontentloaded""
"
5ec28254e4b072672dd93675,HEALTHCOCO TECHNOLOGIES PRIVATE LIMITED,DIPP60499,RECOGNISED,U72900MH2015PTC264915,EarlyTraction,Nagpur,Maharashtra,Healthcare & Lifesciences,Healthcare Technology,https://www.healthcoco.com,,,,OK,,,,1,SUCCESS,
5ec24963e4b072672dd92c9d,ASN WASTE MANAGEMENT SERVICES PRIVATE LIMITED,DIPP60608,RECOGNISED,U93090MH2018PTC310837,Validation,Nagpur,Maharashtra,Green Technology,Waste Management,https://asn-waste-management-pvt-ltd.business.site/,,,,OK,,,,1,SUCCESS,
5ec00b7ae4b072672dd90446,ADITI GREENTECH INDIA PRIVATE LIMITED,DIPP60376,RECOGNISED,U29309MH2020PTC337380,Prototype,Nagpur,Maharashtra,Agriculture,Food Processing,https://www.adititech.in,,,,OK,,,,0,ERROR,"Page.goto: net::ERR_NAME_NOT_RESOLVED at https://www.adititech.in/
Call log:
  - navigating to ""https://www.adititech.in/"", waiting until ""domcontentloaded""
"
5ebe9f97e4b092c4326099b3,DHRUV DAGA PROFESSIONAL LEARNING PRIVATELIMITED,DIPP60345,RECOGNISED,U80902MH2019PTC333657,EarlyTraction,Nagpur,Maharashtra,Education,E-learning,https://www.dhruvdaga.in,,,,OK,,,,0,ERROR,"Page.goto: net::ERR_NAME_NOT_RESOLVED at https://www.dhruvdaga.in/
Call log:
  - navigating to ""https://www.dhruvdaga.in/"", waiting until ""domcontentloaded""
"
5ebc18d1e4b03b2ccef3a7b0,CURO BIOSCIENCES PRIVATE LIMITED,DIPP70563,RECOGNISED,U85300MH2019PTC329302,EarlyTraction,Nagpur,Maharashtra,Healthcare & Lifesciences,Biotechnology,https://www.erlysign.com,,,,OK,ellipse-141@2x-scaled.png; inquiry@erlysign.com; mask-group-140@2x-300x199.png; mask-group-140@2x.png; mask-group-141@2x-300x199.png; mask-group-141@2x.png; mask-group-142@2x-300x199.png; mask-group-142@2x.png; mask-group-143@2x-300x199.png; mask-group-143@2x.png; mask-group-4@2x-1024x699.png; mask-group-4@2x-300x205.png; mask-group-4@2x-768x524.png; mask-group-4@2x.png,+91 6078431372; +91 6441608386; +91 7454743788; +91 7455663321; +91 7464338222; +91 7866066894; +91 7866066918; +91 7866066939; +91 8823529411; +91 9545718785; +91 9960000688,https://www.linkedin.com/in/aparna-nair-phd-10807026/; https://www.linkedin.com/in/deeksha-shakya-418469216/; https://www.linkedin.com/in/deovrat-begde-36966b14/; https://www.linkedin.com/in/sharvari-kshirsagar-7235a7211/; https://www.linkedin.com/in/sheetal-dongarwar-336ba0270/; https://www.linkedin.com/in/shubhendrasingh1/,3,SUCCESS,
5eae75cfe4b03286995c1ba6,INDICUS SERVICES PRIVATE LIMITED,DIPP93351,RECOGNISED,U74999MH2019PTC327253,Scaling,Nagpur,Maharashtra,House-Hold Services,Laundry,https://www.laundryezy.in/,,,,OK,care@laundryezy.in,+91 7066209007,https://www.linkedin.com/in/laundry-ezy,3,SUCCESS,
5e9d4b9fe4b0363cb632e0cf,IDEAS2GOAL TECHNOLOGIES PRIVATE LIMITED,DIPP59267,RECOGNISED,U72900MH2020PTC339641,Validation,Nagpur,Maharashtra,Computer Vision,Others,https://www.ideas2goal.com,,,,OK,,+91 6060606060; +91 6155396568; +91 7666522869; +91 8007057000; +91 8586830148; +91 9151890279,https://www.linkedin.com/company/ideas2goal-technologies-pvt-ltd/mycompany/,4,SUCCESS,
5e9c5c20e4b0363cb632cdc9,ALORB TECHNOLOGIES PRIVATE LIMITED,DIPP59008,RECOGNISED,U72200MH2017PTC295246,Validation,Nagpur,Maharashtra,Internet of Things,Smart Home,https://Www.alorbtech.com,,,,OK,,,,0,ERROR,"Page.goto: net::ERR_CERT_COMMON_NAME_INVALID at https://www.alorbtech.com/
Call log:
  - navigating to ""https://www.alorbtech.com/"", waiting until ""domcontentloaded""
"
5e957056e4b0363cb6319ec3,LOGICUNLOCK SOLUTION LLP,DIPP58698,RECOGNISED,AAO-3073,EarlyTraction,Nagpur,Maharashtra,Human Resources,Skills Assessment,https://WWW.LOGICUNLOCK.COM,,,,OK,contact@logicunlock.com,,https://www.linkedin.com/company/logicunlock-solutions-llp/?originalSubdomain=in,4,SUCCESS,
5e954b47e4b0363cb6319962,DHARKAR ONLINE SERVICES (OPC) PRIVATE LIMITED,DIPP58690,RECOGNISED,U74994MH2018OPC312482,Validation,Nagpur,Maharashtra,Agriculture,Agri-Tech,https://www.tomatino.in,,,,OK,,,,0,ERROR,"Page.goto: net::ERR_NAME_NOT_RESOLVED at https://www.tomatino.in/
Call log:
  - navigating to ""https://www.tomatino.in/"", waiting until ""domcontentloaded""
"
5e91465ce4b0363cb6312211,BEETROOT AGRO (OPC) PRIVATE LIMITED,DIPP60696,RECOGNISED,U01100MH2019OPC331096,Prototype,Nagpur,Maharashtra,Marketing,Sales,http://www.beetrootagro.com/,,,,OK,,,,0,ERROR,"Page.goto: net::ERR_NAME_NOT_RESOLVED at http://www.beetrootagro.com/
Call log:
  - navigating to ""http://www.beetrootagro.com/"", waiting until ""domcontentloaded""
"
5e908bb4e4b0363cb6311d0a,TULJAI LABPOINT PRIVATE LIMITED,DIPP58566,RECOGNISED,U74999PN2017PTC171045,EarlyTraction,Nagpur,Maharashtra,Healthcare & Lifesciences,Medical Devices Biomedical,https://tuljaihealthcare.com,,,,OK,,,,0,ERROR,"Page.goto: net::ERR_NAME_NOT_RESOLVED at https://tuljaihealthcare.com/
Call log:
  - navigating to ""https://tuljaihealthcare.com/"", waiting until ""domcontentloaded""
"
5e89f4a8e4b055bfaeaafa54,EUTRONIX TECHNOLOGIES PRIVATE LIMITED,DIPP58288,RECOGNISED,U74999MH2018PTC306906,Prototype,Nagpur,Maharashtra,Internet of Things,Manufacturing & Warehouse,https://www.eutronix.in,,,,OK,,,,0,ERROR,"Page.goto: net::ERR_NAME_NOT_RESOLVED at https://www.eutronix.in/
Call log:
  - navigating to ""https://www.eutronix.in/"", waiting until ""domcontentloaded""
"
5e84906fe4b055bfaeaabbff,ALGORO RESEARCH CONSULTANTS PRIVATE LIMITED,DIPP58098,RECOGNISED,U74999MH2016PTC285065,Scaling,Nagpur,Maharashtra,Marketing,Market Research,https://www.algororeports.com,,,,OK,,,,1,SUCCESS,
5e8077b6e4b055bfaeaa5216,IDEAL MOCKUPS PRIVATE LIMITED,DIPP57912,RECOGNISED,U74120MH2011PTC219323,Scaling,Nagpur,Maharashtra,Design,Industrial Design,https://www.idealmockups.com,,,,OK,info@idealmockups.com,+91 6182530005; +91 8072587377; +91 8867891678; +91 9884144341,,3,SUCCESS,
5e7ca52de4b055bfaeaa11dd,BUGFREE SOLUTION PRIVATE LIMITED,DIPP57693,RECOGNISED,U72900MH2016PTC284352,Scaling,Nagpur,Maharashtra,IT Services,Application Development,https://bugfreesolution.com,,,,OK,hr@bugfreesolution.com; info@bugfreesolution.com,+91 7496969728; +91 7644962203; +91 7777990010,,3,SUCCESS,
5e6f456ae4b0bf8415d24332,TITANDLT IT SOLUTIONS PRIVATE LIMITED,DIPP57175,RECOGNISED,U72900MH2019PTC330518,Validation,Nagpur,Maharashtra,IT Services,Product Development,https://www.titandlt.co,,,,OK,,,,0,ERROR,"Page.goto: net::ERR_NAME_NOT_RESOLVED at https://www.titandlt.co/
Call log:
  - navigating to ""https://www.titandlt.co/"", waiting until ""domcontentloaded""
"
5e675014e4b0bf8415d1c9fc,SHOONYATVAM FOUNDATION,DIPP142530,RECOGNISED,U85300MH2022NPL378741,Validation,Nagpur,Maharashtra,Social Impact,NGO,https://www.shoonyatvam.org,,,,OK,,,,0,ERROR,"Page.goto: net::ERR_NAME_NOT_RESOLVED at https://www.shoonyatvam.org/
Call log:
  - navigating to ""https://www.shoonyatvam.org/"", waiting until ""domcontentloaded""
"
5e5e5324e4b0bf8415d12e40,BINJA TECH PRIVATE LIMITED,DIPP56452,RECOGNISED,U72900MH2020PTC335415,Validation,Nagpur,Maharashtra,IT Services,Application Development,https://www.binjatech.com,,,,OK,,,,0,ERROR,"Page.goto: net::ERR_NAME_NOT_RESOLVED at https://www.binjatech.com/
Call log:
  - navigating to ""https://www.binjatech.com/"", waiting until ""domcontentloaded""
"
5e5cad0ee4b0bf8415d101a7,IRS TECHNOLOGIES PRIVATE LIMITED,DIPP56339,RECOGNISED,U72900MH2020PTC338220,EarlyTraction,Nagpur,Maharashtra,IT Services,Product Development,https://www.irstechnologies.com,,,,OK,hr@irstechnologies.com; info@irstechnologies.com,+91 6000061035; +91 8000488281; +91 9999389648,,3,SUCCESS,
5e5b4454e4b0bf8415d0ee6c,ADVERTRICSSOFT IT SYSTEMS PRIVATE LIMITED,DIPP56273,RECOGNISED,U72200MH2016PTC282283,Scaling,Nagpur,Maharashtra,IT Services,IT Consulting,http://advertricssoft.com,,,,OK,contact@advertdigital.com,+91 6081876436; +91 7072437092; +91 7137396403; +91 8329056596; +91 8357298654,,3,SUCCESS,
5e579330e4b0bf8415d0b267,RUSHTHAW MEDIA LLP,DIPP56305,RECOGNISED,AAS-0203,Validation,Nagpur,Maharashtra,Marketing,Digital Marketing (SEO Automation),https://rushthaw.com,,,,OK,,+91 7817915094,,3,SUCCESS,
5e56b1d8e4b0bf8415d0a568,GLANCIEL INFOTECH PRIVATE LIMITED,DIPP56078,RECOGNISED,U74990MH2018PTC313736,Scaling,Nagpur,Maharashtra,IT Services,Product Development,https://www.glancielinfotech.com,,,,OK,,,,0,ERROR,"Page.goto: net::ERR_NAME_NOT_RESOLVED at https://www.glancielinfotech.com/
Call log:
  - navigating to ""https://www.glancielinfotech.com/"", waiting until ""domcontentloaded""
"
5e552f60e4b0bf8415d08424,Bava Travel Point Private Limited,DIPP56001,RECOGNISED,U63040MH2019PTC327766,EarlyTraction,Nagpur,Maharashtra,Travel & Tourism,Facility Management,https://btpbuses.com,,,,OK,info@btpbuses.com,+91 6743781430; +91 7126663779; +91 7249769599; +91 7276830837; +91 7620151515; +91 7887875786; +91 8002090999; +91 8065927754; +91 8788345415; +91 8888858362; +91 9881373713; +91 9881376413; +91 9890127869; +91 9890900918,,3,SUCCESS,
5e54abcae4b0bf8415d06fe2,Y.O. EDUTECH SOLUTIONS PRIVATE LIMITED,DIPP55949,RECOGNISED,U74999MH2015PTC262606,Scaling,Nagpur,Maharashtra,Education,E-learning,https://www.fhconline.in,,,,OK,admin78win@gmail.com; nhacai78win@gmail.com,+91 7817915094; +91 8497858998,,1,SUCCESS,
5e521a2de4b0bf8415d01d4d,STEM LEARNING SOLUTIONS PRIVATE LIMITED,DIPP55839,RECOGNISED,U80302MH2019PTC330888,EarlyTraction,Nagpur,Maharashtra,Education,Education Technology,https://mystemzone.com,,,,OK,,,,0,ERROR,"Page.goto: net::ERR_NAME_NOT_RESOLVED at https://mystemzone.com/
Call log:
  - navigating to ""https://mystemzone.com/"", waiting until ""domcontentloaded""
"
5e4537bde4b0bf8415cf2b7c,BETTER ROBOTICS PRIVATE LIMITED,DIPP55220,RECOGNISED,U29306MH2019PTC333752,Prototype,Nagpur,Maharashtra,Robotics,Robotics Application,https://www.betterrobotics.in,,,,OK,,,,0,ERROR,"Page.goto: net::ERR_CONNECTION_REFUSED at https://www.betterrobotics.in/
Call log:
  - navigating to ""https://www.betterrobotics.in/"", waiting until ""domcontentloaded""
"
5e41368ce4b0bf34fcfb2162,Connected Kisan,DIPP114666,RECOGNISED,ABC-3406,Validation,Nagpur,Maharashtra,Agriculture,Agri-Tech,https://www.connectedkisan.com/,,,,OK,support@connectedkisan.com,,,2,SUCCESS,
5e3a58dee4b0bf34fcfa7a6a,NATIVCHEFS FOOD PRIVATE LIMITED,DIPP54623,RECOGNISED,U93020MH2020PTC337128,EarlyTraction,Nagpur,Maharashtra,Food & Beverages,Food Processing,https://www.nativchefs.com,,,,OK,info@nativchefs.com,+91 6812553705; +91 6980633470; +91 7866068155; +91 8368643823; +91 8830355387; +91 8849080556; +91 9188303553; +91 9322882787,,2,SUCCESS,
5e3928b6e4b0bf34fcfa6486,TECHMENTOR IOT SOLUTIONS (OPC) PRIVATE LIMITED,DIPP54546,RECOGNISED,U72900MH2018OPC317963,Validation,Nagpur,Maharashtra,IT Services,IT Management,https://tmiotsolutions.com,,,,OK,,,,1,SUCCESS,
5e368763e4b0bf34fcfa2522,ANTMAN CONSULTANTS AND LOGISTICS PRIVATELIMITED,DIPP54394,RECOGNISED,U74990MH2018PTC313763,EarlyTraction,Nagpur,Maharashtra,Agriculture,Agri-Tech,https://www.coldstoragetoday.com,,,,OK,,,,0,ERROR,"Page.goto: net::ERR_NAME_NOT_RESOLVED at https://www.coldstoragetoday.com/
Call log:
  - navigating to ""https://www.coldstoragetoday.com/"", waiting until ""domcontentloaded""
"
5e355cfae4b0bf34fcfa1766,ALLIANCE TECHNOLOGIST,DIPP54359,RECOGNISED,NG000005498,Scaling,Nagpur,Maharashtra,Technology Hardware,Manufacturing,https://www.alliancetechnologist.com,,,,OK,,,,0,ERROR,"Page.goto: net::ERR_NAME_NOT_RESOLVED at https://www.alliancetechnologist.com/
Call log:
  - navigating to ""https://www.alliancetechnologist.com/"", waiting until ""domcontentloaded""
"
5e2e909ae4b06a21cadbbc90,KRISH INFOTECH SYSTEMS PRIVATE LIMITED,DIPP53980,RECOGNISED,U72900MH2016PTC272134,Scaling,Nagpur,Maharashtra,IT Services,Application Development,https://www.krishinfotech.net,,,,OK,,,,0,ERROR,"Page.goto: net::ERR_CERT_COMMON_NAME_INVALID at https://www.krishinfotech.net/
Call log:
  - navigating to ""https://www.krishinfotech.net/"", waiting until ""domcontentloaded""
"
5afe988ae4b0874abc768f33,POCKETLY INFOTECH PRIVATE LIMITED,DIPP53938,RECOGNISED,U72900MH2019PTC333380,EarlyTraction,Nagpur,Maharashtra,Finance Technology,Personal Finance,https://www.pocketly.in,,,,OK,abc@gmail.com; care@support.pocketly.in,+91 8008898941; +91 8904051555; +91 9876543210,https://www.linkedin.com/company/pocketly/,4,SUCCESS,
5e2aff50e4b0978ef9bf70dd,VILLARBAN RETAIL AND WHOLESALE HUB PRIVATE LIMITED,DIPP53841,RECOGNISED,U74999MH2018PTC314496,EarlyTraction,Nagpur,Maharashtra,Agriculture,Agri-Tech,https://www.villarban.com,,,,OK,,,,0,ERROR,"Page.goto: net::ERR_NAME_NOT_RESOLVED at https://www.villarban.com/
Call log:
  - navigating to ""https://www.villarban.com/"", waiting until ""domcontentloaded""
"
5e25bbace4b0978ef9bf0332,AUR INNOVATIONS PRIVATE LIMITED,DIPP91843,RECOGNISED,U33125PN2020PTC196022,Prototype,Nagpur,Maharashtra,Healthcare & Lifesciences,Medical Devices Biomedical,https://www.Hippojaws.com,,,,OK,,,,0,ERROR,"Page.goto: net::ERR_NAME_NOT_RESOLVED at https://www.hippojaws.com/
Call log:
  - navigating to ""https://www.hippojaws.com/"", waiting until ""domcontentloaded""
"
5e1f2908e4b04bc11ece1bae,INFOXTER,DIPP53446,RECOGNISED,NG000004849,Validation,Nagpur,Maharashtra,IT Services,Application Development,https://www.prepark.com,,,,OK,,+91 9000064000; +91 9610624619,,1,SUCCESS,
5e1c6802e4b04bc11ecd65e2,WATTFIN VENTURES PRIVATE LIMITED,DIPP53239,RECOGNISED,U74999MH2019PTC324312,EarlyTraction,Nagpur,Maharashtra,Renewable Energy,Renewable Solar Energy,https://www.atant.in,,,,OK,,,,0,ERROR,"Page.goto: net::ERR_NAME_NOT_RESOLVED at https://www.atant.in/
Call log:
  - navigating to ""https://www.atant.in/"", waiting until ""domcontentloaded""
"
5e1b0a61e4b0cb88a1d4cf50,ATHARVASHREE INFRAVENTURES PRIVATE LIMITED,DIPP77621,RECOGNISED,U70101MH2016PTC280857,Prototype,Nagpur,Maharashtra,Construction,Construction & Engineering,https://www.atharvashree.co.in,,,,OK,,,,0,ERROR,"Page.goto: net::ERR_NAME_NOT_RESOLVED at https://www.atharvashree.co.in/
Call log:
  - navigating to ""https://www.atharvashree.co.in/"", waiting until ""domcontentloaded""
"
5e16e533e4b0d77eb7499c7f,VINUSHKA SOLUTIONS PRIVATE LIMITED,DIPP52989,RECOGNISED,U01110MH2019PTC323050,EarlyTraction,Nagpur,Maharashtra,Agriculture,Agri-Tech,https://www.krushikendra.com,,,,OK,suchita@shreegroup.com,+91 7141546729; +91 7275904857; +91 7515276680; +91 7536998158; +91 7606165583; +91 7866068477; +91 7866068530; +91 7866068574; +91 7918612751; +91 8223281686; +91 8280364486; +91 8409606294; +91 9267259822; +91 9515644298; +91 9623477888; +91 9748448341; +91 9813053790,,4,SUCCESS,
5e0f0757e4b09d3f89a22f5f,ARTISTTER NETWORK PRIVATE LIMITED,DIPP52521,RECOGNISED,U92490MH2018PTC305628,Validation,Nagpur,Maharashtra,Art & Photography,Art,https://www.artistter.com/,,,,OK,,+91 7718403500,,3,SUCCESS,
5e094611e4b098d21eef48ae,ECOBUGY LOGISTICS SOLUTION LLP,DIPP52207,RECOGNISED,AAQ-6662,EarlyTraction,Nagpur,Maharashtra,Transportation & Storage,Freight & Logistics Services,http://ecobugy.com,,,,OK,,,,0,ERROR,"Page.goto: net::ERR_NAME_NOT_RESOLVED at http://ecobugy.com/
Call log:
  - navigating to ""http://ecobugy.com/"", waiting until ""domcontentloaded""
"
5e06fa15e4b098d21eeeeb08,QUSYS VENTURES PRIVATE LIMITED,DIPP52107,RECOGNISED,U93090MH2019PTC332252,EarlyTraction,Nagpur,Maharashtra,Healthcare & Lifesciences,Healthcare IT,https://www.IndiaOPD.com,,,,OK,,+91 6220878749; +91 7829799575; +91 8698118614; +91 9511676799,https://www.linkedin.com/company/28764663/admin/,3,SUCCESS,
5e05fb71e4b098d21eee94b0,RMR ENVITECH PRIVATE LIMITED,DIPP101907,RECOGNISED,U74900MH2014PTC258148,Scaling,Nagpur,Maharashtra,Green Technology,Others,http://www.rmrenvitech.com/,,,,OK,,,,0,ERROR,"Page.goto: net::ERR_NAME_NOT_RESOLVED at http://www.rmrenvitech.com/
Call log:
  - navigating to ""http://www.rmrenvitech.com/"", waiting until ""domcontentloaded""
"
5e04619ce4b02f31768f7359,6SIMPLEX SOFTWARE SOLUTIONS PRIVATE LIMITED,DIPP51896,RECOGNISED,U72400MH2012PTC225999,Scaling,Nagpur,Maharashtra,IT Services,Product Development,https://www.6simplex.co.in,,,,OK,butler@6simplex.co.in,+91 6540899999; +91 7797085556; +91 9193707882; +91 9292999999; +91 9370788264; +91 9832111972,,3,SUCCESS,
5e01b4a7e4b02f31768e74dd,WEKIRANA TECHNOLOGIES PRIVATE LIMITED,DIPP51843,RECOGNISED,U93090MH2019PTC332485,EarlyTraction,Nagpur,Maharashtra,Retail,Comparison Shopping,https://www.wekirana.com,,,,OK,,,,3,SUCCESS,
5dfaf5fae4b026527442c4c5,DRISHTEE FEEDS AND NUTRITION PRIVATE LIMITED,DIPP51285,RECOGNISED,U74999MH2018PTC314582,Scaling,Nagpur,Maharashtra,Agriculture,Animal Husbandry,https://www.drishteefeeds.com,,,,OK,,,,0,ERROR,"Page.goto: net::ERR_NAME_NOT_RESOLVED at https://www.drishteefeeds.com/
Call log:
  - navigating to ""https://www.drishteefeeds.com/"", waiting until ""domcontentloaded""
"
5df1fdace4b0ff6c7d9c46ce,Shailee Enterprises,DIPP51898,RECOGNISED,NG000005581,Validation,Nagpur,Maharashtra,Green Technology,Clean Tech,https://www.prismwhiteled.com,,,,OK,,,,1,SUCCESS,
5dea033fe4b04e0095275d82,KKE CHEMICALS PRIVATE LIMITED,DIPP50449,RECOGNISED,U24233MH2012PTC230331,Scaling,Nagpur,Maharashtra,Chemicals,Commodity Chemicals,https://www.kkeautocare.com,,,,OK,,,,0,ERROR,"Page.goto: net::ERR_NAME_NOT_RESOLVED at https://www.kkeautocare.com/
Call log:
  - navigating to ""https://www.kkeautocare.com/"", waiting until ""domcontentloaded""
"
5de9f822e4b04e0095275bed,ALABSO CIRCLE PRIVATE LIMITED,DIPP50443,RECOGNISED,U74999MH2018PTC314410,EarlyTraction,Nagpur,Maharashtra,Sports,Sports Promotion and Networking,https://www.timetherace.com,,,,OK,support@alabso.com; support@timetherace.com,+91 7386996224,https://www.linkedin.com/company/14640242/admin/feed/posts/,4,SUCCESS,
5de752e7e4b0d785f84261d4,VEDICORGO LLP,DIPP50313,RECOGNISED,AAJ-1014,EarlyTraction,Nagpur,Maharashtra,Chemicals,Specialty Chemicals,https://vedicorgo.co.in,,,,OK,,,,1,SUCCESS,
5de4cdb8e4b0d785f8423b6c,EZEELO CONSUMER SERVICES PRIVATE LIMITED,DIPP50183,RECOGNISED,U51909MH2017PTC295646,Validation,Nagpur,Maharashtra,Retail,Retail Technology,http://www.ezeelo.com/,,,,OK,,,,3,SUCCESS,
5de4a797e4b0d785f8423573,WISEMINDZ VENTURES PRIVATE LIMITED,DIPP51085,RECOGNISED,U80102MH2017PTC298992,Scaling,Nagpur,Maharashtra,Education,Education Technology,https://wisemindz.com/,,,,OK,info@wisemindz.com,+91 6035256971; +91 6040639559; +91 6040639637; +91 6055110546; +91 6076842328; +91 6076892464; +91 6079389442; +91 6079393408; +91 6079399995; +91 6080369047; +91 6097700711; +91 6098452097; +91 7866069337; +91 7866069338; +91 8178660693,,2,SUCCESS,
5dd7d5c2e4b0b6d6d946c372,GREEN LIFE SOLUTIONS PRIVATE LIMITED,DIPP49580,RECOGNISED,U31900MH2012PTC230401,Scaling,Nagpur,Maharashtra,Renewable Energy,Renewable Solar Energy,https://www.greenlifesolution.in/,,,,OK,,,,0,ERROR,"Page.goto: net::ERR_ABORTED at https://www.greenlifesolution.in/
Call log:
  - navigating to ""https://www.greenlifesolution.in/"", waiting until ""domcontentloaded""
"
5dd3dbb2e4b0d37703edee7e,BALPANDE INDUSTRIES PRIVATE LIMITED,DIPP78906,RECOGNISED,U28100MH2019PTC328508,Prototype,Nagpur,Maharashtra,Chemicals,Diversified Chemicals,https://www.balpandeindustries.com/,,,,OK,balpandeindustries@gmail.com; rahul@balpandeindustries.com,+91 7498336490; +91 8220502473; +91 8490165902; +91 8594863728,,4,SUCCESS,
5dce3e4fe4b0d37703ed9228,INOUVELLE VENTURES PRIVATE LIMITED,DIPP49111,RECOGNISED,U72900MH2017PTC295209,Prototype,Nagpur,Maharashtra,IT Services,Product Development,https://www.inouvelle.com,,,,OK,info@inouvelle.com,+91 9511734182,,2,SUCCESS,
5dccbd5ce4b0d37703ed78ff,CLOUDEXIS TECHNOLOGIES PRIVATE LIMITED,DIPP75172,RECOGNISED,U72900MH2018PTC313253,EarlyTraction,Nagpur,Maharashtra,IT Services,Product Development,https://www.cloudexisindia.com,,,,OK,hr@cloudexisindia.com; info@cloudexisindia.com,+91 6000061035; +91 8000488281; +91 9999389648,,3,SUCCESS,
5dcab061e4b0be63b6d6c17b,TAGSCOLLECTIVE INDIA PRIVATE LIMITED,DIPP67882,RECOGNISED,U80902MH2019PTC324383,EarlyTraction,Nagpur,Maharashtra,IT Services,Web Development,https://WWW.ourbix.COM,,,,OK,,,,0,ERROR,"Page.goto: net::ERR_NAME_NOT_RESOLVED at https://www.ourbix.com/
Call log:
  - navigating to ""https://www.ourbix.com/"", waiting until ""domcontentloaded""
"
5dc41628e4b0437dbc4869e9,YOUBOTICS SOFTWARE PRIVATE LIMITED,DIPP48734,RECOGNISED,U72900MH2019PTC331866,Validation,Nagpur,Maharashtra,AI,Machine Learning,https://youbotics.ai/,,,,OK,,,,0,ERROR,"Page.goto: net::ERR_NAME_NOT_RESOLVED at https://youbotics.ai/
Call log:
  - navigating to ""https://youbotics.ai/"", waiting until ""domcontentloaded""
"
5db052c6e4b08fc2aba5c7aa,NITESCO FACILITY SERVICES PRIVATE LIMITED,DIPP47966,RECOGNISED,U74999MH2019PTC328862,Validation,Nagpur,Maharashtra,Professional & Commercial Services,Business Support Services,http://nitesco.in/,,,,OK,,,,0,ERROR,"Page.goto: net::ERR_NAME_NOT_RESOLVED at http://nitesco.in/
Call log:
  - navigating to ""http://nitesco.in/"", waiting until ""domcontentloaded""
"
5da5bf01e4b0fdee1a8d4e87,NECO DESERT TECH DEFENCE PRIVATE LIMITED,DIPP47546,RECOGNISED,U74990MH2016PTC273774,Prototype,Nagpur,Maharashtra,Aeronautics Aerospace & Defence,Drones,https://www.necodefence.com,,,,OK,,,,0,ERROR,"Page.goto: net::ERR_ABORTED at https://www.necodefence.com/
Call log:
  - navigating to ""https://www.necodefence.com/"", waiting until ""domcontentloaded""
"
5d976a1ae4b05eaf4e0d708a,VIPRUSH TECHNOLOGIES (OPC) PRIVATE LIMITED,DIPP47096,RECOGNISED,U74999PN2017OPC171650,Validation,Nagpur,Maharashtra,Technology Hardware,Electronics,https://viprushtech.in,,,,OK,support@viprushtech.in,+91 7496969728; +91 7817915094; +91 8173902717; +91 8275744483,https://www.linkedin.com/company/viprushtech/,4,SUCCESS,
5d91c452e4b05eaf4e0d1466,UAWING AERIAL SOLUTIONS PRIVATE LIMITED,DIPP46873,RECOGNISED,U74999MH2019PTC330524,EarlyTraction,Nagpur,Maharashtra,Professional & Commercial Services,Business Support Services,https://www.uawing.com,,,,OK,,,,3,SUCCESS,
5d8b49b9e4b05eaf4e0caf03,RUDRA SPECTRA PRIVATE LIMITED,DIPP46490,RECOGNISED,U74999MH2019PTC330948,Prototype,Nagpur,Maharashtra,IT Services,Project Management,https://www.rudraspectra.com,,,,OK,,,,0,ERROR,"Page.goto: net::ERR_NAME_NOT_RESOLVED at https://www.rudraspectra.com/
Call log:
  - navigating to ""https://www.rudraspectra.com/"", waiting until ""domcontentloaded""
"
5d89b1d5e4b05eaf4e0c8bee,MEDPRAX BIOTECHNOLOGIES PRIVATE LIMITED,DIPP46359,RECOGNISED,U93090MH2019PTC330141,EarlyTraction,Nagpur,Maharashtra,IT Services,Product Development,https://medprax.in,,,,OK,support@medprax.in,+91 7268102541; +91 7866069846; +91 9890939678,,3,SUCCESS,
5d85c758e4b05eaf4e0c5867,ANOMA GREENS PRIVATE LIMITED,DIPP46178,RECOGNISED,U93090PN2018PTC179717,Validation,Nagpur,Maharashtra,Transportation & Storage,Passenger Transportation Services,https://anoma.in,,,,OK,,,,1,SUCCESS,
5d7aac4ee4b0fad8ed6c6866,LENERGY MOBILITY PRIVATE LIMITED,DIPP45576,RECOGNISED,U80301MH2019PTC329155,EarlyTraction,Nagpur,Maharashtra,Education,Skill Development,https://lenergymobility.com,,,,OK,,,,0,ERROR,"Page.goto: net::ERR_NAME_NOT_RESOLVED at https://lenergymobility.com/
Call log:
  - navigating to ""https://lenergymobility.com/"", waiting until ""domcontentloaded""
"
5d764292e4b0fad8ed6c0f3c,ONEMENU TECHNOLOGIES PRIVATE LIMITED,DIPP45303,RECOGNISED,U72900MH2019PTC324490,EarlyTraction,Nagpur,Maharashtra,IT Services,Product Development,https://www.onnbikes.com,,,,OK,info@onnbikes.com,+91 6155671761; +91 7817915094; +91 8432780780; +91 9184327807,,3,SUCCESS,
5d690201e4b0f86f4a0e21c2,RNR DATALEX PRIVATE LIMITED,DIPP44517,RECOGNISED,U72400MH2011PTC217724,EarlyTraction,Nagpur,Maharashtra,IT Services,Product Development,https://www.rnrdatalex.com,,,,OK,disha@flerimo.com; info@apexsoftnet.com; info@rnrdatalex.com; info@rnrinnotech.com; nikhil@bizplugins.in,+91 7122980222; +91 7507509080; +91 9186009962; +91 9970495151; +91 9970709624,https://in.linkedin.com/company/rnr-datalex,3,SUCCESS,
5d61e836e4b01629f4ac0460,MARGMAKER SOLUTIONS PRIVATE LIMITED,DIPP43943,RECOGNISED,U72200KA2013PTC069553,Validation,Nagpur,Maharashtra,IT Services,Application Development,https://www.margmaker.com,,,,OK,info@margmaker.com,+91 9273920109; +91 9595628648,https://www.linkedin.com/company/margmaker-solutions-private-limited,3,SUCCESS,
5d5e4ecee4b01629f4abbe26,LAXMI IRON & STEEL INDUSTRIES (NAGPUR) PRIVATE LIMITED,DIPP43730,RECOGNISED,U27310MH2016PTC273066,Prototype,Nagpur,Maharashtra,Agriculture,Food Processing,https://WWW.LAXMIIND.COM,,,,OK,rahul@laxmiind.com; rgagrawal9@gmail.com,+91 6079474509; +91 6857986108; +91 6872916566; +91 7028011520; +91 7178022411; +91 7466585939; +91 7496969728; +91 7507668457; +91 9195037508; +91 9414014934; +91 9503750899; +91 9975050899,,4,SUCCESS,
5d53b427e4b0d334677f2828,ASW TECHNOLOGIES PRIVATE LIMITED,DIPP72146,RECOGNISED,U72900MH2017PTC298350,Validation,Nagpur,Maharashtra,IT Services,IT Management,https://www.aswtech.in,,,,OK,info@aswtech.in,+91 7573132132; +91 7817915094; +91 8111100000; +91 8788207761; +91 8892041797; +91 9370671697,,3,SUCCESS,
5d4c64e4e4b0d334677ea070,DECONT ONLINE SERVICE PRIVATE LIMITED,DIPP42750,RECOGNISED,U52190MH2019PTC326880,Scaling,Nagpur,Maharashtra,Retail,Social Commerce,https://www.decont.in,,,,OK,name@business.com,+91 7000000000; +91 9284320472; +91 9876543210,https://in.linkedin.com/company/decontnow,3,SUCCESS,
5d4bc685e4b0d334677e8125,3NOT ROBOTICS PRIVATE LIMITED,DIPP42690,RECOGNISED,U29309MH2019PTC328836,Validation,Nagpur,Maharashtra,Robotics,Robotics Technology,https://www.3notrobotics.in,,,,OK,,,,0,ERROR,"Page.goto: net::ERR_NAME_NOT_RESOLVED at https://www.3notrobotics.in/
Call log:
  - navigating to ""https://www.3notrobotics.in/"", waiting until ""domcontentloaded""
"
5d498543e4b0d334677e2b7c,CLIMIC HEALTH PRIVATE LIMITED,DIPP42615,RECOGNISED,U85100MH2015PTC260818,EarlyTraction,Nagpur,Maharashtra,Healthcare & Lifesciences,Health & Wellness,https://www.cureveda.com,,,,OK,info@cureveda.com,+91 6052370555; +91 6081117254; +91 6168581178; +91 6176884051; +91 6178858371; +91 6258542146; +91 6300887613; +91 6301283451; +91 6301305078; +91 6301311959; +91 6310265815; +91 6314599711; +91 6315396547; +91 6319297987; +91 6319346811; +91 6319429714; +91 6320925700; +91 6326899179; +91 6326955540; +91 6337357414; +91 6339748168; +91 6341463414; +91 6365743639; +91 6375178333; +91 6375294894; +91 6390749814; +91 6390749913; +91 6390751060; +91 6390755876; +91 6390755942; +91 6390755975; +91 6398778081; +91 6445221717; +91 6445230004; +91 6455384105; +91 6474633017; +91 6518388431; +91 6583399875; +91 6585365853; +91 6638770956; +91 6684501201; +91 6707317073; +91 6773242921; +91 6789287982; +91 6811766830; +91 6820400561; +91 6850397509; +91 6879465518; +91 6944575815; +91 6944943669; +91 6944943702; +91 6944943734; +91 6944943767; +91 6944943800; +91 6944943865; +91 6944943964; +91 6944944259; +91 6944944291; +91 6944944390; +91 6944946290; +91 6944946552; +91 6944946749; +91 6944946782; +91 6944946815; +91 6944946880; +91 6944946978; +91 6944947470; +91 6944948092; +91 6944948289; +91 6944948453; +91 6944948650; +91 6944949534; +91 6944949829; +91 6944950517; +91 6944950550; +91 6944950583; +91 6944950616; +91 6944950747; +91 6944950911; +91 6944950976; +91 6944951173; +91 6944951238; +91 6944951271; +91 6954342285; +91 6956071977; +91 6967457513; +91 6973024927; +91 6974313201; +91 6974327423; +91 7009300348; +91 7010570286; +91 7016318402; +91 7020370362; +91 7040701825; +91 7061711617; +91 7068610035; +91 7077066407; +91 7077325275; +91 7085371883; +91 7115112874; +91 7115118542; +91 7115118968; +91 7152828088; +91 7153820959; +91 7158521261; +91 7161589268; +91 7164944613; +91 7171856728; +91 7177913489; +91 7178333565; +91 7182277902; +91 7182278524; +91 7214816540; +91 7220345569; +91 7257060475; +91 7259987885; +91 7275488870; +91 7423510577; +91 7498798289; +91 7498893316; +91 7502045642; +91 7523713712; +91 7523713843; +91 7578365788; +91 7578368409; +91 7578370080; +91 7645618222; +91 7645650990; +91 7647034834; +91 7670904178; +91 7723553521; +91 7755248102; +91 7804878048; +91 7852078914; +91 7866070530; +91 7866070531; +91 7866070575; +91 7866070606; +91 7891600007; +91 7958823915; +91 8008167517; +91 8025222098; +91 8027018511; +91 8053412396; +91 8245442769; +91 8330938521; +91 8359926174; +91 8365208375; +91 8429772472; +91 8517833356; +91 8543754929; +91 8599762621; +91 8602119363; +91 8612917833; +91 8700635117; +91 8712521783; +91 8769459560; +91 8786825262; +91 8921267332; +91 8929125294; +91 8940146734; +91 9024390243; +91 9084130427; +91 9097028895; +91 9097214768; +91 9117833356; +91 9177026606; +91 9177220266; +91 9184120666; +91 9188727338; +91 9224933422; +91 9246731310; +91 9337400145; +91 9367423549; +91 9418871783; +91 9449251178; +91 9512195121; +91 9538411115; +91 9540033131; +91 9540121604; +91 9542682926; +91 9625098317; +91 9691997997; +91 9724146695; +91 9756097560; +91 9794548178; +91 9834047404; +91 9869688631; +91 9869701739; +91 9869780382; +91 9869783659; +91 9869803319; +91 9869836087; +91 9869859025; +91 9869868855; +91 9869911454; +91 9869927838; +91 9869963883; +91 9869970436; +91 9869983543; +91 9870035972; +91 9870068740; +91 9870078571; +91 9870081847; +91 9870091678; +91 9870101508; +91 9870114615; +91 9937156178; +91 9987381783,,3,SUCCESS,
5d498456e4b0d334677e2b77,TABXO LABS LLP,DIPP42614,RECOGNISED,AAO-3963,Prototype,Nagpur,Maharashtra,Technology Hardware,Electronics,https://www.tabxolabs.com,,,,OK,,,,0,ERROR,"Page.goto: net::ERR_NAME_NOT_RESOLVED at https://www.tabxolabs.com/
Call log:
  - navigating to ""https://www.tabxolabs.com/"", waiting until ""domcontentloaded""
"
5d4960fce4b0d334677e2554,GREENGRID RENEWABLES PRIVATE LIMITED,DIPP94072,RECOGNISED,U74999MH2019PTC326145,Prototype,Nagpur,Maharashtra,Green Technology,Waste Management,https://www.greengrid.in,,,,OK,,,,1,SUCCESS,
5d3ab10ee4b03beb13607abb,SAFEGUARD DETECTIVE & MANPOWER SOLUTIONS PRIVATE LIMITED,DIPP41905,RECOGNISED,U74120MH2015PTC270419,EarlyTraction,Nagpur,Maharashtra,Safety,Personal Security,https://www.safeguardindia.in,,,,OK,,,,0,ERROR,"Page.goto: net::ERR_NAME_NOT_RESOLVED at https://www.safeguardindia.in/
Call log:
  - navigating to ""https://www.safeguardindia.in/"", waiting until ""domcontentloaded""
"
5d2ef942e4b03beb135eeac5,OKO ICARE SOLUTIONS PRIVATE LIMITED,DIPP47640,RECOGNISED,U33309PN2019PTC185610,Prototype,Nagpur,Maharashtra,Healthcare & Lifesciences,Medical Devices Biomedical,https://okoicaresolutions.com/,,,,OK,info@okoicaresolutions.com; okoicaresolutions@gmail.com,+91 6277447580; +91 6384158047; +91 7046408441; +91 7866070741; +91 7928385222; +91 8087645687; +91 9399068782; +91 9488057965,https://www.linkedin.com/company/oko-icare-solutions-private-limited/,3,SUCCESS,
5d2b1af2e4b03beb135df995,NSEMBLE TECHNOLOGIES PRIVATE LIMITED,DIPP41093,RECOGNISED,U72501MH2019PTC325600,Validation,Nagpur,Maharashtra,AI,Machine Learning,https://nsemble.ai,,,,OK,,+91 7000000000; +91 8500000000,,1,SUCCESS,
5d2724b2e4b0ac4d036f36da,RNR INNOTECH PRIVATE LIMITED,DIPP40931,RECOGNISED,U72200MH2017PTC300334,EarlyTraction,Nagpur,Maharashtra,Enterprise Software,ERP,https://www.rnrinnotech.com,,,,OK,,,,0,ERROR,"Page.goto: net::ERR_CERT_COMMON_NAME_INVALID at https://www.rnrinnotech.com/
Call log:
  - navigating to ""https://www.rnrinnotech.com/"", waiting until ""domcontentloaded""
"
5d2339ede4b0ac4d036e98dd,TLM INSIDE SALES SUPPORT PRIVATE LIMITED,DIPP40686,RECOGNISED,U93000MH2018PTC317392,EarlyTraction,Nagpur,Maharashtra,Marketing,Market Research,https://www.tlminsidesales.com,,,,OK,info@tlminsidesales.com; philip.b@techinsider.com,+91 6834281586; +91 6834286490; +91 6834365443; +91 7097042192; +91 7122985758; +91 7696012469; +91 7738754862; +91 7774967733; +91 7866070827; +91 7866070843; +91 7866070863; +91 7866070881; +91 8660974147; +91 9939576066; +91 9955358111,https://www.linkedin.com/company/the-lead-market; https://www.linkedin.com/company/the-lead-market/; https://www.linkedin.com/in/adv-abhay-balkrishna-patil-56451b2b/; https://www.linkedin.com/in/amol-damke-b06276185/; https://www.linkedin.com/in/chetan-gumgaonkar-mba-50870a18a/; https://www.linkedin.com/in/harshal-deshmukh-799981b1/; https://www.linkedin.com/in/kamlesh-patil-715864119/; https://www.linkedin.com/in/nayan-pounikar-55819a1a0/; https://www.linkedin.com/in/swati-nandagawali-45640316a/; https://www.linkedin.com/in/vanashri-bilwane-496a0b142/; https://www.linkedin.com/in/vivek-patil-52381916/,4,SUCCESS,
5d23268be4b0ac4d036e9519,LOCKENE PRIVATE LIMITED,DIPP40672,RECOGNISED,U74999MH2016PTC288741,EarlyTraction,Nagpur,Maharashtra,Security Solutions,Home Security solutions,https://WWW.LOCKENE.IN,,,,OK,,,,0,ERROR,"Page.goto: net::ERR_CERT_DATE_INVALID at https://www.lockene.in/
Call log:
  - navigating to ""https://www.lockene.in/"", waiting until ""domcontentloaded""
"
5d22da94e4b0ac4d036e7831,PARABOLIC SYSTEMS PRIVATE LIMITED,DIPP40678,RECOGNISED,U74999MH2018PTC318888,EarlyTraction,Nagpur,Maharashtra,IT Services,IT Consulting,https://parabolicsystems.in,,,,OK,,+91 7424216245; +91 7494332021; +91 7509230423; +91 7817915094,,2,SUCCESS,
5d1da061e4b0659b5266f718,Mobicore Infotech Software And Energy Pvt. Ltd.,DIPP40322,RECOGNISED,,Validation,Nagpur,Maharashtra,Internet of Things,Smart Home,https://www.mobiiot.in,,,,OK,contact@mobiiot.in,+91 9370479078,https://www.linkedin.com/company/mobicore/,3,SUCCESS,
5d1c8156e4b0659b5266d0a6,KODEBIN SOLUTIONS PRIVATE LIMITED,DIPP40790,RECOGNISED,U74999MH2019PTC320347,EarlyTraction,Nagpur,Maharashtra,Enterprise Software,ERP,https://www.societynotebook.com,,,,OK,,+91 8275290978; +91 9273920109; +91 9285705938; +91 9595628648,,3,SUCCESS,
5d15c3ece4b0659b5265b973,KICKTOWN SPORTS PRIVATE LIMITED,DIPP40001,RECOGNISED,U92419MH2018PTC312572,Validation,Nagpur,Maharashtra,Sports,Sports Promotion and Networking,http://kicktown.in,,,,OK,,,,0,ERROR,"Page.goto: net::ERR_NAME_NOT_RESOLVED at http://kicktown.in/
Call log:
  - navigating to ""http://kicktown.in/"", waiting until ""domcontentloaded""
"
5d0b56e5e4b0659b526492fe,A-1 SOLUTIONS,DIPP39675,RECOGNISED,4.65E+12,EarlyTraction,Nagpur,Maharashtra,Human Resources,Recruitment Jobs,https://a1solutions.co.in,,,,OK,,,,1,SUCCESS,
5d029d1be4b08f8b1a9b7e7f,TRACKULA SERVICES PRIVATE LIMITED,DIPP39315,RECOGNISED,U74900MH2016PTC273359,EarlyTraction,Nagpur,Maharashtra,Internet of Things,Wearables,https://dhundhoo.com/,,,,OK,sales@dhundhoo.com; support@dhundhoo.com; you@company.com,+91 6008802922; +91 6015841151; +91 6315499167; +91 7032769347; +91 7330776253; +91 8652811631; +91 9154148536; +91 9173307762; +91 9389950473,https://www.linkedin.com/company/13210931/,3,SUCCESS,
5cfa4bd7e4b08f8b1a9a357c,PHOENIX LUMINARIES PRIVATE LIMITED,DIPP38942,RECOGNISED,U31908MH2012PTC232383,Scaling,Nagpur,Maharashtra,Renewable Energy,Renewable Solar Energy,https://www.phoenixlightings.com,,,,OK,,,,1,SUCCESS,
5cf6a3a2e4b08f8b1a99aea2,YUA TECH PRIVATE LIMITED,DIPP38776,RECOGNISED,U70109MH2019PTC325666,Validation,Nagpur,Maharashtra,Real Estate,Coworking Spaces,https://www.Caffice.Space,,,,OK,,,,0,ERROR,"Page.goto: net::ERR_NAME_NOT_RESOLVED at https://www.caffice.space/
Call log:
  - navigating to ""https://www.caffice.space/"", waiting until ""domcontentloaded""
"
5cec1342e4b08f8b1a97e397,PLUSNEED SOLUTIONS PRIVATE LIMITED,DIPP38386,RECOGNISED,U93010MH2018PTC304261,Validation,Nagpur,Maharashtra,Enterprise Software,Enterprise Mobility,https://www.plusneed.com,,,,OK,,,,1,SUCCESS,
5ce77f8ee4b08f8b1a9713ce,FIGON BIOTECH PRIVATE LIMITED,DIPP38237,RECOGNISED,U24290MH2018PTC318799,Prototype,Nagpur,Maharashtra,Agriculture,Organic Agriculture,https://figonbiotech.com/,,,,OK,contact@mysite.com; figonbiotech@gmail.com,+91 6474983264; +91 7667940245; +91 7866071321; +91 7866071344; +91 7866071367; +91 8421594010,https://www.linkedin.com/company/figonbiotech/,3,SUCCESS,
5cdad530e4b08f8b1a95db39,ADITYA BIOINNOVATION PRIVATE LIMITED,DIPP37857,RECOGNISED,U74999MH2017PTC299532,Validation,Nagpur,Maharashtra,Agriculture,Organic Agriculture,https://www.adityabioinnovation.com,,,,OK,,,,0,ERROR,"Page.goto: net::ERR_NAME_NOT_RESOLVED at https://www.adityabioinnovation.com/
Call log:
  - navigating to ""https://www.adityabioinnovation.com/"", waiting until ""domcontentloaded""
"
5cdaa557e4b08f8b1a95b7d1,BLUEWINGS INDUSTRIES INDIA PRIVATE LIMITED,DIPP37844,RECOGNISED,U51909MH2019PTC325315,EarlyTraction,Nagpur,Maharashtra,Technology Hardware,Electronics,https://www.bluewingsindustries.com,,,,OK,,,,0,ERROR,"Page.goto: net::ERR_NAME_NOT_RESOLVED at https://www.bluewingsindustries.com/
Call log:
  - navigating to ""https://www.bluewingsindustries.com/"", waiting until ""domcontentloaded""
"
5cd9d0a6e4b0131805166808,WACATION ON WHEELS PRIVATE LIMITED,DIPP37817,RECOGNISED,U74999MH2018PTC306238,EarlyTraction,Nagpur,Maharashtra,Travel & Tourism,Experiential Travel,https://www.wacationonwheels.com,,,,OK,info@wacationonwheels.com,+91 7817915094; +91 8380866111; +91 9328726627; +91 9328729915; +91 9371715724; +91 9371718598; +91 9371723336; +91 9371727056; +91 9371730493; +91 9371732415; +91 9371734059; +91 9371736348; +91 9371738324; +91 9371739688; +91 9371745027; +91 9371746967; +91 9371749999; +91 9371751612; +91 9371753689; +91 9371755574; +91 9371758519; +91 9371766470; +91 9371768095,,3,SUCCESS,
5cd55b22e4b02c48cff3f79b,PRANAM CREATIVE SOLUTIONS PRIVATE LIMITED,DIPP37683,RECOGNISED,U93000MH2015PTC271503,EarlyTraction,Nagpur,Maharashtra,Healthcare & Lifesciences,Healthcare IT,http://smartcarehis.com,,,,OK,info@gloitel.in; info@prannix.com; info@shelvestech.com; info@smartcarehis.com; info@srujanadigital.com; support001@smartcarehis.com,+91 9175404022; +91 9404022226; +91 9766396603; +91 9899730901; +91 9972040404,,3,SUCCESS,
5cd17c62e4b08536635353e8,APPYNITTY COMMUNICATIONS PRIVATE LIMITED,DIPP37537,RECOGNISED,U72900MH2017PTC295123,EarlyTraction,Nagpur,Maharashtra,IT Services,Product Development,https://www.appynitty.com,,,,OK,,,,0,ERROR,"Page.goto: net::ERR_CONNECTION_RESET at https://www.appynitty.com/
Call log:
  - navigating to ""https://www.appynitty.com/"", waiting until ""domcontentloaded""
"
5cd14c49e4b085366353507b,TECHNOSOFT INTEGRATED SOLUTIONS PRIVATE LIMITED,DIPP37518,RECOGNISED,U74999MH2015PTC262247,Validation,Nagpur,Maharashtra,Healthcare & Lifesciences,Healthcare IT,https://www.tisplautomation.com,,,,OK,,,,0,ERROR,"Page.goto: net::ERR_NAME_NOT_RESOLVED at https://www.tisplautomation.com/
Call log:
  - navigating to ""https://www.tisplautomation.com/"", waiting until ""domcontentloaded""
"
5cc8b906e4b085366351f0b7,HOORA TECHNOLOGIES PRIVATE LIMITED,DIPP37233,RECOGNISED,U50400MH2019PTC321924,EarlyTraction,Nagpur,Maharashtra,House-Hold Services,Home Care,https://hoora.in/,,,,OK,support@hoora.in,+91 6322096491; +91 7307992744; +91 7350982181; +91 7496969728; +91 7815259506; +91 7817915094; +91 8477537880; +91 9173509821; +91 9259324384; +91 9663374748,https://in.linkedin.com/company/hoorait,2,SUCCESS,
5cbed069e4b053289c5d68ce,WEBCUITS TECHNOLOGY PRIVATE LIMITED,DIPP37025,RECOGNISED,U72900MH2017PTC290013,EarlyTraction,Nagpur,Maharashtra,Enterprise Software,Cloud,https://www.webcuits.com,,,,OK,contact@webcuits.com; webcuitss@gmail.com,+91 6831493427; +91 7128579405; +91 7290630905; +91 7600730609,,3,SUCCESS,
5cb44915e4b06ea4141392b1,IWORKSTATION CONSULTANCY (OPC) PRIVATE LIMITED,DIPP36688,RECOGNISED,U74999MH2019OPC323465,Validation,Nagpur,Maharashtra,Education,Education Technology,https://theiworkstation.wixsite.com/iworkstation,,,,OK,,+91 7109331113,,1,SUCCESS,
5ca1d903e4b0d381ea045ca4,ROMINENCE BUILDERS PRIVATE LIMITED,DIPP36006,RECOGNISED,U45309MH2017PTC294211,Validation,Nagpur,Maharashtra,Construction,New-age Construction Technologies,https://rominence.in,,,,OK,,,,0,ERROR,"Page.goto: net::ERR_NAME_NOT_RESOLVED at https://rominence.in/
Call log:
  - navigating to ""https://rominence.in/"", waiting until ""domcontentloaded""
"
5ca1ad56e4b0d381ea045367,TAXOLAWGY ONLINE SERVICES PRIVATE LIMITED,DIPP36371,RECOGNISED,U74999MH2019PTC323289,Prototype,Nagpur,Maharashtra,Professional & Commercial Services,Business Support Services,https://www.talentplace.ai,,,,OK,amara.j@email.com; carlos.r@email.com; james.wilson@email.com; mei.chen@email.com; raj.patel@email.com; sarah.mitchell@email.com,+91 6451029626; +91 6747992916; +91 6999999999; +91 7168997323; +91 7749591882; +91 7999999999; +91 8000000000; +91 8042249330; +91 8310026761; +91 8449866194; +91 8732520070; +91 8915501338; +91 8970373357; +91 9577506690,,1,SUCCESS,
5c962eebe4b00fb091d8d5e6,WINDELITE UAV SYSTEMS PRIVATE LIMITED,DIPP35574,RECOGNISED,U93020MH2018PTC309350,Prototype,Nagpur,Maharashtra,Aeronautics Aerospace & Defence,Drones,https://www.windelite.com,,,,OK,info@windelite.com,+91 6502902176; +91 7148458697; +91 7776918322; +91 8942551440; +91 9477221284,,4,SUCCESS,
5c855bc3e4b0563d5c60578d,ROBOPOINTS INFOTECH PRIVATE LIMITED,DIPP63811,RECOGNISED,U72100MH2019PTC321114,Prototype,Nagpur,Maharashtra,Robotics,Robotics Technology,https://WWW.ROBOPOINTS.COM,,,,OK,,,,3,SUCCESS,
5c829d75e4b0563d5c5f8a44,PEARL COMMERZ PRIVATE LIMITED,DIPP34452,RECOGNISED,U74999MH2017PTC299510,Scaling,Nagpur,Maharashtra,Agriculture,Organic Agriculture,https://www.pearlcommerz.com,,,,OK,,,,0,ERROR,"Page.goto: net::ERR_NAME_NOT_RESOLVED at https://www.pearlcommerz.com/
Call log:
  - navigating to ""https://www.pearlcommerz.com/"", waiting until ""domcontentloaded""
"
5c797342e4b0563d5c5c90e6,ECOSYSTEMS TECHNOLOGIES SERVICES PRIVATE LIMITED,DIPP34086,RECOGNISED,U31908MH2011PTC223198,EarlyTraction,Nagpur,Maharashtra,Renewable Energy,Renewable Solar Energy,https://www.facebook.com/ETSPL,,,,OK,,+91 6000420250; +91 6099208193; +91 6130110011; +91 6135574225; +91 6142513554; +91 6255842631; +91 6330857723; +91 6352496593; +91 6358554866; +91 6631866272; +91 6678357668; +91 6711899791; +91 6714166179; +91 6785249324; +91 7030656707; +91 7037037037; +91 7039442064; +91 7453653934; +91 7453657267; +91 7454127267; +91 7454130600; +91 7454773934; +91 7454777267; +91 7454993934; +91 7454997267; +91 7455713934; +91 7455717267; +91 7475203563; +91 7482505444; +91 7513618122; +91 7542933446; +91 7589868261; +91 7589871594; +91 7589884927; +91 7589891594; +91 7589901594; +91 7589904927; +91 7615631101; +91 7615983027; +91 7659574468; +91 7673419496; +91 7673419513; +91 7717590211; +91 7790668222; +91 7790669555; +91 7791345197; +91 7795307040; +91 7854731565; +91 7865841572; +91 7866072001; +91 7866072003; +91 7866072004; +91 7866072046; +91 7866072047; +91 7866072048; +91 7870404992; +91 7880592650; +91 7902299539; +91 7972761549; +91 7989141896; +91 8010824525; +91 8017491191; +91 8024670410; +91 8133423921; +91 8136769143; +91 8321475982; +91 8666666666; +91 8695089364; +91 8730025470; +91 8928768326; +91 8978768321; +91 8997797200; +91 8997912317; +91 9085634592; +91 9178820089; +91 9244496822; +91 9386447262; +91 9406587649; +91 9652475070; +91 9703687583; +91 9726933639; +91 9803480261; +91 9859403337; +91 9943402919; +91 9947189371; +91 9994525426,,2,SUCCESS,
5c76b52fe4b0ba900e1378e3,INSPILEARN EDUCATION PRIVATE LIMITED,DIPP39038,RECOGNISED,U80904MH2015PTC270564,Scaling,Nagpur,Maharashtra,Education,E-learning,https://www.scholr.com,,,,OK,info@scholr.com,+91 6458621516; +91 6461234567; +91 6655552230; +91 8920586893; +91 9000244140; +91 9999976158,,3,SUCCESS,
5c70fad9e4b0ba900e11deba,GENEXT GENOMICS PRIVATE LIMITED,DIPP33684,RECOGNISED,U73100MH2011PTC212683,Validation,Nagpur,Maharashtra,Healthcare & Lifesciences,Biotechnology,https://www.gng.asia,,,,OK,,,,0,ERROR,"Page.goto: net::ERR_NAME_NOT_RESOLVED at https://www.gng.asia/
Call log:
  - navigating to ""https://www.gng.asia/"", waiting until ""domcontentloaded""
"
5c6eb6dce4b0ba900e119bf3,TECHNOTE SOFTWARE SOLUTION PRIVATE LIMITED,DIPP33564,RECOGNISED,U72900MH2014PTC256641,Validation,Nagpur,Maharashtra,IT Services,IT Consulting,http://technotesoftware.in/,,,,OK,,,,0,ERROR,"Page.goto: net::ERR_NAME_NOT_RESOLVED at http://technotesoftware.in/
Call log:
  - navigating to ""http://technotesoftware.in/"", waiting until ""domcontentloaded""
"
5c67e844e4b0ba900e0fdd82,FINRAJA CONSULTANCY PRIVATE LIMITED,DIPP33240,RECOGNISED,U74999MH2019PTC321195,Prototype,Nagpur,Maharashtra,Finance Technology,Advisory,https://www.finraja.com,,,,OK,consult.finraja@gmail.com; office@finraja.com,+91 7122461971; +91 7433106227; +91 7496969728; +91 7653837335; +91 8891173097; +91 9028491504; +91 9193731147; +91 9373114747; +91 9506305585,https://linkedin.com/in/finraja-consultancy-29217a191; https://www.linkedin.com/company/76547502/admin/dashboard/; https://www.linkedin.com/company/finraja-consultancy-pvt-ltd/; https://www.linkedin.com/in/cs-rachana-daga-3b1a93280/,3,SUCCESS,
59fd5f7de4b0f281b9ab8ffc,SUMEL RESEARCH AND DEVELOPMENT PRIVATE LIMITED,DIPP33228,RECOGNISED,U72900MH2019PTC318969,Validation,Nagpur,Maharashtra,Technology Hardware,Electronics,https://www.pye.tech,,,,OK,contact@pye.tech,+91 8332147368,https://www.linkedin.com/company/pye-technologies-india/?viewAsMember=true; https://www.linkedin.com/in/mukul-pande-70069023/; https://www.linkedin.com/in/sumeet-gattewar,2,SUCCESS,
5c6268b6e4b0ba900e0eb1bc,ASIMEET INNOVATIONS (OPC) PRIVATE LIMITED,DIPP32980,RECOGNISED,U72900MH2017OPC301204,Prototype,Nagpur,Maharashtra,IT Services,Application Development,http://www.asimeet.com,,,,OK,,,,0,ERROR,"Page.goto: net::ERR_CERT_COMMON_NAME_INVALID at http://www.asimeet.com/
Call log:
  - navigating to ""http://www.asimeet.com/"", waiting until ""domcontentloaded""
"
5c431a67e4b0ba900e0751a0,SUNKRANTI ENERGY PRIVATE LIMITED,DIPP32015,RECOGNISED,U74999MH2015PTC263594,EarlyTraction,Nagpur,Maharashtra,Renewable Energy,Renewable Solar Energy,http://www.sunkrantienergy.com/,,,,OK,info@sunkrantienergy.com,+91 7410597916; +91 8274498315; +91 9924453526,,3,SUCCESS,
5c38ead2e4b0ba900e06259a,KISLAY VEGGIFARM PRIVATE LIMITED,DIPP31715,RECOGNISED,U15130MH2018PTC309042,EarlyTraction,Nagpur,Maharashtra,Agriculture,Agri-Tech,https://kislay.in,,,,OK,support@kislay.in,+91 6654718271,,3,SUCCESS,
5c3577c1e4b0ba900e05bd74,DHATVIK INDIA PRIVATE LIMITED,DIPP58820,RECOGNISED,U74999MH2019OPC319145,Scaling,Nagpur,Maharashtra,Technology Hardware,Manufacturing,https://www.dhatvik.in,,,,OK,pragya@dhatvik.in; purchase@dhatvik.in; sales@dhatvik.in; shikha@dhatvik.in; shubham@dhatvik.in; vtripathi@dhatvik.in,+91 6100218360; +91 7020991698; +91 7816443830; +91 9195038135; +91 9437016312; +91 9503813599,,2,SUCCESS,
5c3318ade4b0ba900e0531c4,EZYSPIT SOLUTIONS PRIVATE LIMITED,DIPP31491,RECOGNISED,U24100MH2019PTC318997,EarlyTraction,Nagpur,Maharashtra,Healthcare & Lifesciences,Health & Wellness,https://ezyspit.in/,,,,OK,office@ezyspit.in,+91 6123400344; +91 9699306223,https://www.linkedin.com/company/ezyspit/,4,SUCCESS,
5c26ff9de4b0bd844e94500a,ALTIN STRATEGIST ENDEAVOUR PRIVATE LIMITED,DIPP31133,RECOGNISED,U22100PN2018PTC177930,Prototype,Nagpur,Maharashtra,Finance Technology,Business Finance,https://www.altinsyndicate.com,,,,OK,,,,0,ERROR,"Page.goto: net::ERR_NAME_NOT_RESOLVED at https://www.altinsyndicate.com/
Call log:
  - navigating to ""https://www.altinsyndicate.com/"", waiting until ""domcontentloaded""
"
5c1cdb36e4b0193484575e28,VSAR TECHNOLOGIES PRIVATE LIMITED,DIPP30846,RECOGNISED,U63000MH2015PTC268826,Scaling,Nagpur,Maharashtra,Travel & Tourism,Ticketing,https://wtfares.com,,,,OK,holidays@wtfares.com,+91 7547375305; +91 7547375630; +91 7563779467; +91 9168831888; +91 9168846444,,1,SUCCESS,
5c04e3e8e4b00d1aae21092a,TRUNK LORD TECHNOLOGIES PRIVATE LIMITED,DIPP30276,RECOGNISED,U74999MH2018PTC316725,Prototype,Nagpur,Maharashtra,Internet of Things,Smart Home,https://www.trunklord.com,,,,OK,,,,1,SUCCESS,
5b051dcee4b0a9285b5ba7cc,PIPELINE FNB PRIVATE LIMITED,DIPP29793,RECOGNISED,U74999MH2016PTC285400,Validation,Nagpur,Maharashtra,Food & Beverages,Restaurants,https://www.pipelinefnb.com,,,,OK,,,,0,ERROR,"Page.goto: net::ERR_NAME_NOT_RESOLVED at https://www.pipelinefnb.com/
Call log:
  - navigating to ""https://www.pipelinefnb.com/"", waiting until ""domcontentloaded""
"
5bd6ad6ce4b0d01c027e4630,NU OSSA MEDIQUIP PRIVATE LIMITED,DIPP51687,RECOGNISED,U24302MH2018PTC306488,EarlyTraction,Nagpur,Maharashtra,Healthcare & Lifesciences,Medical Devices Biomedical,https://www.nuossa.com,,,,OK,,,,0,ERROR,"Page.goto: net::ERR_CONNECTION_REFUSED at https://www.nuossa.com/
Call log:
  - navigating to ""https://www.nuossa.com/"", waiting until ""domcontentloaded""
"
5bd5909be4b0d01c027e4259,VASUDHA WOODLESS CREMATION FOUNDATION,DIPP29069,RECOGNISED,U85100MH2016NPL284602,Validation,Nagpur,Maharashtra,Green Technology,Clean Tech,https://www.vasudhawoodlesscremationfoundation.com,,,,OK,,,,0,ERROR,"Page.goto: net::ERR_NAME_NOT_RESOLVED at https://www.vasudhawoodlesscremationfoundation.com/
Call log:
  - navigating to ""https://www.vasudhawoodlesscremationfoundation.com/"", waiting until ""domcontentloaded""
"
5bd374ace4b0d01c027e3c35,SNUGTECH SERVICES PRIVATE LIMITED,DIPP29046,RECOGNISED,U74999MH2016PTC285874,Scaling,Nagpur,Maharashtra,Security Solutions,Home Security solutions,https://www.snugtechservices.com,,,,OK,,,,0,ERROR,"Page.goto: net::ERR_NAME_NOT_RESOLVED at https://www.snugtechservices.com/
Call log:
  - navigating to ""https://www.snugtechservices.com/"", waiting until ""domcontentloaded""
"
5bd2feebe4b07b870d94ab7f,LUCRA INFRA PRIVATE LIMITED,DIPP29030,RECOGNISED,U74999MH2017PTC297273,EarlyTraction,Nagpur,Maharashtra,Renewable Energy,Renewable Solar Energy,https://www.lucrainfra.com,,,,OK,info@lucrainfra.com,+91 7817915094; +91 7866073223; +91 7866073238,,2,SUCCESS,
5bc98de9e4b0a0446f01be91,EVENTUATE INNOVATIONS PRIVATE LIMITED,DIPP51474,RECOGNISED,U74999MH2016PTC284318,Validation,Nagpur,Maharashtra,Healthcare & Lifesciences,Biotechnology,https://ezyspit.in/,,,,OK,office@ezyspit.in,+91 6123400344; +91 9699306223,https://www.linkedin.com/company/ezyspit/,4,SUCCESS,
5bc8b5d4e4b0a0446f01bc9c,ZEONE TECHNOLOGIES (OPC) PRIVATE LIMITED,DIPP28753,RECOGNISED,U74999MH2018OPC306584,Validation,Nagpur,Maharashtra,Green Technology,Clean Tech,https://www.zeone.co.in,,,,OK,,,,0,ERROR,"Page.goto: net::ERR_NAME_NOT_RESOLVED at https://www.zeone.co.in/
Call log:
  - navigating to ""https://www.zeone.co.in/"", waiting until ""domcontentloaded""
"
5bc3a7bfe4b0c21ec4fe1543,ZEROJHANJHAT ACCOMODATION SERVICES PRIVATE LIMITED,DIPP35082,RECOGNISED,U74999MH2017PTC299048,EarlyTraction,Nagpur,Maharashtra,Real Estate,Housing,https://www.zerojhanjhat.com,,,,OK,,,,0,ERROR,"Page.goto: net::ERR_SSL_PROTOCOL_ERROR at https://www.zerojhanjhat.com/
Call log:
  - navigating to ""https://www.zerojhanjhat.com/"", waiting until ""domcontentloaded""
"
5bc0a4f7e4b06d749dec7bb1,LEHONN TECHNOLOGY PRIVATE LIMITED,DIPP41221,RECOGNISED,U31900MH2018PTC312729,EarlyTraction,Nagpur,Maharashtra,Internet of Things,Manufacturing & Warehouse,http://lehonn.com/,,,,OK,info@lehonn.com,+91 6883889381; +91 6883889427; +91 7496969728; +91 8814270724; +91 9621860272,https://in.linkedin.com/company/lehonn-technology,4,SUCCESS,
5bbf5f2ae4b05ba69a5da594,MANCORP INNOVATION LABS PRIVATE LIMITED,DIPP63877,RECOGNISED,U74994MH2018PTC308819,Prototype,Nagpur,Maharashtra,AI,Machine Learning,https://www.mancorpinc.com,,,,OK,,,,1,SUCCESS,
5bbc8cace4b05ba69a5d8cf2,FITART HEALTH AND WELLNESS PRIVATE LIMITED,DIPP28475,RECOGNISED,U74999MH2018PTC312698,Validation,Nagpur,Maharashtra,Healthcare & Lifesciences,Healthcare IT,https://www.fitart.in,,,,OK,fitartngp@gmail.com,+91 6445467066; +91 6927763273; +91 7793010618; +91 7889583940; +91 8007055055; +91 8216247648; +91 9919868669; +91 9921352976; +91 9921499738; +91 9921582806; +91 9981188305; +91 9981196918,https://in.linkedin.com/company/fitart-the-fitness-app; https://www.linkedin.com/company/qode-themes/,2,SUCCESS,
5bb62e95e4b0c1558cd1b4ff,NUWAY INNOVATIONS PRIVATE LIMITED,DIPP29983,RECOGNISED,U74999MH2017PTC296266,Validation,Nagpur,Maharashtra,Security Solutions,Home Security solutions,https://www.arvis.co,,,,OK,,+91 9000064000; +91 9610624619,,1,SUCCESS,
5bb48b78e4b0410db0ca9c68,OVIE CREATIVES PRIVATE LIMITED,DIPP53548,RECOGNISED,U93090MH2018PTC304723,Prototype,Nagpur,Maharashtra,Advertising,AdTech,https://www.oviecreatives.com,,,,OK,info@oviecreatives.com,+91 7218508424; +91 9145507220,https://in.linkedin.com/company/oviecreatives; https://in.linkedin.com/in/anjoredixit; https://www.linkedin.com/in/pratikmalpe; https://www.linkedin.com/in/sachin-bhusari-21a5271ab; https://www.linkedin.com/in/swapnil-domade-34b891141,2,SUCCESS,
5bb08cf0e4b0410db0ca79ca,BLACK LEAF WASTE MANAGEMENT PRIVATE LIMITED,DIPP9828,RECOGNISED,U74999MH2017PTC299691,Prototype,Nagpur,Maharashtra,Green Technology,Waste Management,https://www.scrapee.in,,,,OK,,,,0,ERROR,"Page.goto: net::ERR_NAME_NOT_RESOLVED at https://www.scrapee.in/
Call log:
  - navigating to ""https://www.scrapee.in/"", waiting until ""domcontentloaded""
"
5bb04a9ae4b0410db0ca4acc,GENXCODERS PRIVATE LIMITED,DIPP12965,RECOGNISED,U72900MH2017PTC291786,EarlyTraction,Nagpur,Maharashtra,IT Services,IT Management,https://www.gxcpl.com,,,,OK,hr@gxcpl.com; pr@gxcpl.com; sales@gxcpl.com; support@gxcpl.com,+91 6693000035; +91 7875844369; +91 8000010808; +91 8793064369; +91 8983044369; +91 9187930643; +91 9188052473; +91 9189830443,https://in.linkedin.com/company/gxcplofficial,3,SUCCESS,
5bafbc0be4b0410db0ca4245,BLUESKY AMIDA PRIVATE LIMITED,DIPP17673,RECOGNISED,U72900MH2017PTC294931,EarlyTraction,Nagpur,Maharashtra,IT Services,Project Management,https://www.blueskyamida.com,,,,OK,ashish@blueskyamida.in; care.blueskyamida@gmail.com; chetan@blueskyamida.in; suppot@gmail.com,+91 7117817162; +91 7117818220; +91 8805519551; +91 9175769992,https://in.linkedin.com/company/bluesky-amida-private-limited,4,SUCCESS,
5baf9f1fe4b0410db0ca2c68,ELDRIDGE ENTERPRISES PRIVATE LIMITED,DIPP14524,RECOGNISED,U72900MH2017PTC296467,Validation,Nagpur,Maharashtra,Human Resources,Recruitment Jobs,https://www.labourmandi.com,,,,OK,,+91 7360317361,,1,SUCCESS,
5baf8ab7e4b0410db0ca275d,FINEFFI ENERGY SOLUTIONS PRIVATE LIMITED,DIPP19854,RECOGNISED,U93000MH2016PTC282646,EarlyTraction,Nagpur,Maharashtra,Green Technology,Clean Tech,https://www.fineffi.com,,,,OK,fineffi.cominfo@fineffi.com; info@fineffi.com,+91 9051891126; +91 9198348973; +91 9823071702; +91 9834897366,https://www.linkedin.com/company/fineffi/?originalSubdomain=in,3,SUCCESS,
5baf89a0e4b0410db0ca26a4,CARDION TECHNOLOGIES PRIVATE LIMITED,DIPP19753,RECOGNISED,U72100MH2018PTC304752,Prototype,Nagpur,Maharashtra,Enterprise Software,Location Based,http://cardiontechnologies.com/,,,,OK,,+91 6346708582,,1,SUCCESS,
5baf3faae4b0410db0c9fc39,MANDARIN FOOD & SERVICES PRIVATE LIMITED,DIPP22326,RECOGNISED,U15122MH2015PTC266961,EarlyTraction,Nagpur,Maharashtra,Food & Beverages,Food Processing,https://www.orangenorange.com,,,,OK,info@orangenorange.com,+91 7276458171; +91 7805710349; +91 7866073993; +91 7866074007; +91 7866074020; +91 8858420567; +91 9923001231,,3,SUCCESS,
5baef206e4b0410db0c9dea0,HARBOR VISION PRIVATE LIMITED,DIPP27724,RECOGNISED,U72900MH2018PTC309351,Validation,Nagpur,Maharashtra,Healthcare & Lifesciences,Healthcare Technology,https://harborvision.in,,,,OK,,,,0,ERROR,"Page.goto: net::ERR_NAME_NOT_RESOLVED at https://harborvision.in/
Call log:
  - navigating to ""https://harborvision.in/"", waiting until ""domcontentloaded""
"
5baa20f8e4b0a878322e9fdc,HIPLOGIK APP SOLUTIONS PRIVATE LIMITED,DIPP28030,RECOGNISED,U72200MH2015PTC267083,EarlyTraction,Nagpur,Maharashtra,IT Services,Product Development,https://flyingpenguins.in,,,,OK,webmaster@flyingpenguins.in,,,1,SUCCESS,
5ba254aae4b05f0501954fba,SAMVID INTERNATIONAL PRIVATE LIMITED,DIPP25439,RECOGNISED,U51909MH2014PTC257027,EarlyTraction,Nagpur,Maharashtra,Healthcare & Lifesciences,Health & Wellness,https://www.samvidinternational.com,,,,OK,,,,0,ERROR,"Page.goto: net::ERR_NAME_NOT_RESOLVED at https://www.samvidinternational.com/
Call log:
  - navigating to ""https://www.samvidinternational.com/"", waiting until ""domcontentloaded""
"
5ba0c0f1e4b05f050191bbae,CONTIGUVENZAA PRIVATE LIMITED,DIPP25725,RECOGNISED,U74999MH2018PTC311484,Prototype,Nagpur,Maharashtra,IT Services,Product Development,https://www.contiguvenzaa.com,,,,OK,careers@contiguvenzaa.com; info@contiguvenzaa.com,+91 9272819194,https://www.linkedin.com/company/contiguvenzaa/,3,SUCCESS,
5ba0b717e4b05f050191b8f0,YOUBOTICS,DIPP22794,RECOGNISED,NG000003820,Validation,Nagpur,Maharashtra,AI,Machine Learning,https://www.youbotics.ai,,,,OK,,,,0,ERROR,"Page.goto: net::ERR_NAME_NOT_RESOLVED at https://www.youbotics.ai/
Call log:
  - navigating to ""https://www.youbotics.ai/"", waiting until ""domcontentloaded""
"
5b9b9ddbe4b0669127466103,INTEGRATED QUALITY ENGINEERING SOLUTIONS PRIVATE LIMITED,DIPP6278,RECOGNISED,U45400MH2014PTC256225,Scaling,Nagpur,Maharashtra,Professional & Commercial Services,Environmental Services & Equipment,https://www.iqes.in,,,,OK,,+91 6399999857; +91 6999999881; +91 7122229981; +91 7334890816; +91 7866074162; +91 7866074185; +91 7875133001; +91 8000000119; +91 8199999928; +91 8700000048; +91 8976067085,,2,SUCCESS,
5b81aecce4b0637a70120a23,ASTROVIS TEXTILE SERVICES PRIVATE LIMITED,DIPP27035,RECOGNISED,U74999MH2018PTC310888,EarlyTraction,Nagpur,Maharashtra,Textiles & Apparel,Apparel & Accessories,https://www.astrovis.org,,,,OK,,,,0,ERROR,"Page.goto: net::ERR_NAME_NOT_RESOLVED at https://www.astrovis.org/
Call log:
  - navigating to ""https://www.astrovis.org/"", waiting until ""domcontentloaded""
"
5b7e4931e4b0637a70120024,MEDVANCE RESEARCH PRIVATE LIMITED,DIPP24718,RECOGNISED,U24100MH2013PTC243392,Prototype,Nagpur,Maharashtra,Healthcare & Lifesciences,Healthcare Technology,https://www.medvanceresearch.com,,,,OK,ali.burhanuddin@medvanceresearch.com; you@company.com,,https://linkedin.com/company/medvance-research,2,SUCCESS,
5b7d7212e4b0637a7011f79c,MOONY MONK DESIGN STUDIO PRIVATE LIMITED,DIPP23669,RECOGNISED,U74999MH2017PTC295081,EarlyTraction,Nagpur,Maharashtra,Fashion,Apparel,https://WWW.MOONYMONK.COM,,,,OK,,,,0,ERROR,"Page.goto: net::ERR_NAME_NOT_RESOLVED at https://www.moonymonk.com/
Call log:
  - navigating to ""https://www.moonymonk.com/"", waiting until ""domcontentloaded""
"
5b7d4955e4b0637a7011ea3c,COMMUNIXLAB PRIVATE LIMITED,DIPP21235,RECOGNISED,U72900MH2018PTC309167,EarlyTraction,Nagpur,Maharashtra,Marketing,Digital Marketing (SEO Automation),https://communixlab.com/,,,,OK,,,,0,ERROR,"Page.goto: net::ERR_NAME_NOT_RESOLVED at https://communixlab.com/
Call log:
  - navigating to ""https://communixlab.com/"", waiting until ""domcontentloaded""
"
5b7d42c7e4b0637a7011e40d,ECOLOGIQUE SCIENCE TECHNIK (INDIA) PRIVATE LIMITED,DIPP19928,RECOGNISED,U90001MH2014PTC252878,EarlyTraction,Nagpur,Maharashtra,Green Technology,Waste Management,https://www.estpl.co.in,,,,OK,director@estpl.co.in; ecologiqueindia@gmail.com; info@kiranaclub.com,+91 9146211713; +91 9975050506,,4,SUCCESS,
5b7d3f0de4b0637a7011e014,TECHNOVENTOR INNOVATIONS PRIVATE LIMITED,DIPP19195,RECOGNISED,U74999MH2016PTC286421,Scaling,Nagpur,Maharashtra,Education,Skill Development,https://www.technoventor.com,,,,OK,18d2f96d279149989b95faf0a4b41882@sentry-next.wixpress.com; 2062d0a4929b45348643784b5cb39c36@sentry.wixpress.com; 271e9fa3230b4eec94b02bf95780f5f2@sentry.wixpress.com; 460ff4620fa44cba8df530afde949785@sentry.wixpress.com; 5d1795a2db124a268f1e1bd88f503500@sentry.wixpress.com; 605a7baede844d278b89dc95ae0a9123@sentry-next.wixpress.com; 79baaa8e09c746d2b7401643b99792e0@sentry.wixpress.com; 8c4075d5481d476e945486754f783364@sentry.io; 8eb368c655b84e029ed79ad7a5c1718e@sentry.wixpress.com; 9a65e97ebe8141fca0c4fd686f70996b@sentry.wixpress.com; cd64ba1f47df485bba2b0076c0dd3b25@sentry.wixpress.com; ed436f5053144538958ad06a5005e99a@sentry.wixpress.com; sales@technoventor.com; service@technoventor.com,+91 6041881078; +91 6048295136; +91 6066350710; +91 6134901917; +91 6153846153; +91 6273184488; +91 6587064704; +91 6856449489; +91 6923795685; +91 6940632234; +91 6950509561; +91 6957468783; +91 7058488077; +91 7108997724; +91 7117415998; +91 7125834273; +91 7125834274; +91 7125834275; +91 7125834276; +91 7125834277; +91 7125834278; +91 7125834280; +91 7125834281; +91 7125834283; +91 7125834288; +91 7125834289; +91 7125834290; +91 7127464731; +91 7348972997; +91 7358068272; +91 7358068273; +91 7358068274; +91 7358068275; +91 7358068277; +91 7358068278; +91 7358068280; +91 7358068281; +91 7358068282; +91 7358068283; +91 7358068284; +91 7358068285; +91 7358068288; +91 7358068289; +91 7362572043; +91 7362572044; +91 7362572045; +91 7362572046; +91 7362572047; +91 7362572048; +91 7362572049; +91 7692307692; +91 7861410280; +91 8000488281; +91 8004300720; +91 8015810224; +91 8156777248; +91 8180551421; +91 8188446855; +91 8489155298; +91 8505521176; +91 8678998001; +91 8724547492; +91 8828294964; +91 8874007835; +91 8915417468; +91 8947368421; +91 8956149914; +91 8999023437; +91 9193379907; +91 9221585882; +91 9230601820; +91 9288338191; +91 9492807490; +91 9649122807; +91 9679410985; +91 9707559990; +91 9764029097; +91 9985697927; +91 9993568561,https://www.linkedin.com/company/technoventor/posts/?feedView=all,1,SUCCESS,
5b62dba7e4b070f883426b7e,PHOTRONIX LED LIGHTS PRIVATE LIMITED,DIPP25901,RECOGNISED,U31907MH2017PTC297766,Validation,Nagpur,Maharashtra,Technology Hardware,Electronics,https://www.photronixled.com,,,,OK,,,,0,ERROR,"Page.goto: net::ERR_NAME_NOT_RESOLVED at https://www.photronixled.com/
Call log:
  - navigating to ""https://www.photronixled.com/"", waiting until ""domcontentloaded""
"
5b2cb286e4b04f0864e58ebc,Webcuits IT And Media Solutions,DIPP22892,RECOGNISED,NG000000835,EarlyTraction,Nagpur,Maharashtra,IT Services,Application Development,https://www.webcuits.com/,,,,OK,contact@webcuits.com; webcuitss@gmail.com,+91 6831493427; +91 7128579405; +91 7290630905; +91 7600730609,,3,SUCCESS,
5b2ca677e4b04f0864e58e93,GHIYA TECHNOLOGIES PRIVATE LIMITED,DIPP7320,RECOGNISED,U29309MH2017PTC292472,Validation,Nagpur,Maharashtra,Internet of Things,Wearables,https://www.gem.technology,,,,OK,,,,1,SUCCESS,
5b1637e6e4b04e859d296d27,KALINDI VENTURES,DIPP25008,RECOGNISED,NG000004065,EarlyTraction,Nagpur,Maharashtra,Food & Beverages,Food Processing,https://www.CalvayFood.com,,,,OK,,,,0,ERROR,"Page.goto: net::ERR_NAME_NOT_RESOLVED at https://www.calvayfood.com/
Call log:
  - navigating to ""https://www.calvayfood.com/"", waiting until ""domcontentloaded""
"
5ae94d97e4b0eb115ecf4f80,DYGN MEDIA LLP,DIPP21984,RECOGNISED,AAK-8036,Scaling,Nagpur,Maharashtra,Advertising,AdTech,https://dygnmedia.com,,,,OK,,,,1,SUCCESS,
5ad9a1cee4b04f23ea904e1b,UNISIS TECHGLOBE SERVICES PRIVATE LIMITED,DIPP20217,RECOGNISED,U74999MH2017PTC290282,Prototype,Nagpur,Maharashtra,IT Services,IT Consulting,https://www.unisis.in,,,,OK,info@unisis.in,+91 6194233089; +91 6555362444; +91 6767831135; +91 6913996957; +91 7410039909; +91 7497226495; +91 7737754769; +91 8331401232; +91 8718584533; +91 8806831587; +91 8862093437; +91 8909409388; +91 9224652457; +91 9766629356,,3,SUCCESS,
5acaff98e4b0c13abcef2985,GRAPE FOODTECH PRIVATE LIMITED,DIPP12189,RECOGNISED,U15125MH2017PTC294791,Validation,Nagpur,Maharashtra,Food & Beverages,Food Processing,https://www.grapecorp.in,,,,OK,,,,0,ERROR,"Page.goto: net::ERR_NAME_NOT_RESOLVED at https://www.grapecorp.in/
Call log:
  - navigating to ""https://www.grapecorp.in/"", waiting until ""domcontentloaded""
"
5aca6132e4b0c13abcef287b,AIRAVAT CORPORATE SERVICES PRIVATE LIMITED,DIPP18491,RECOGNISED,U72100MH2015PTC267581,Scaling,Nagpur,Maharashtra,Internet of Things,Wearables,https://www.airavatcs.in,,,,OK,,,,0,ERROR,"Page.goto: net::ERR_NAME_NOT_RESOLVED at https://www.airavatcs.in/
Call log:
  - navigating to ""https://www.airavatcs.in/"", waiting until ""domcontentloaded""
"
5ac0c31fe4b026aa2861d930,HOARDKINGS PRIVATE LIMITED,DIPP19357,RECOGNISED,U93000PN2018PTC175739,Prototype,Nagpur,Maharashtra,Advertising,Online Classified,https://www.hoardking.com,,,,OK,,,,0,ERROR,"Page.goto: net::ERR_NAME_NOT_RESOLVED at https://www.hoardking.com/
Call log:
  - navigating to ""https://www.hoardking.com/"", waiting until ""domcontentloaded""
"
5abf7661e4b026aa2861d742,VRIDDH PATH TRAVELLING ASSISTANCE PRIVATE LIMITED,DIPP17898,RECOGNISED,U63030MH2018PTC303743,Validation,Nagpur,Maharashtra,Travel & Tourism,Facility Management,https://www.cabnotels.com,,,,OK,,,,0,ERROR,"Page.goto: net::ERR_NAME_NOT_RESOLVED at https://www.cabnotels.com/
Call log:
  - navigating to ""https://www.cabnotels.com/"", waiting until ""domcontentloaded""
"
5abe3d5fe4b026aa2861a9c3,GODIGILER INDIA WEB SOLUTIONS PRIVATE LIMITED,DIPP16281,RECOGNISED,U74999PN2017PTC171945,Validation,Nagpur,Maharashtra,IT Services,Web Development,https://www.rhenopharm.com,,,,OK,info@rhenopharm.com,,,1,ERROR,'contact-form-7%20id=76%20title=Appointment%20Form' does not appear to be an IPv4 or IPv6 address
5abe3c6be4b026aa2861a846,FIREBLAZE TECHNOLOGIES PRIVATE LIMITED,DIPP11317,RECOGNISED,U74999MH2017PTC301338,Scaling,Nagpur,Maharashtra,Education,Skill Development,https://fireblazeaischool.in,,,,OK,,,,1,SUCCESS,
5abe3999e4b026aa2861a458,MILLENNIA AHEAD TECHNOLOGIES PRIVATE LIMITED,DIPP10497,RECOGNISED,U74999MH2017PTC295541,EarlyTraction,Nagpur,Maharashtra,Enterprise Software,ERP,https://millenniaaheadtechnologies.com/,,,,OK,,,,0,ERROR,"Page.goto: net::ERR_CONNECTION_REFUSED at https://millenniaaheadtechnologies.com/
Call log:
  - navigating to ""https://millenniaaheadtechnologies.com/"", waiting until ""domcontentloaded""
"
5abe1d34e4b026aa28618a23,AERIZONE CREATIVE LABS PRIVATE LIMITED,DIPP5041,RECOGNISED,U74999MH2017PTC290931,EarlyTraction,Nagpur,Maharashtra,Aeronautics Aerospace & Defence,Drones,https://www.aerizone.com,,,,OK,info@aerizone.com,+91 6095883868; +91 6806984156; +91 7375411463; +91 7375425408; +91 7375432481; +91 7375433576; +91 7379745763; +91 7379757001; +91 7379823981; +91 7496969728; +91 7507611116; +91 8600988609; +91 8735912125; +91 9382856514; +91 9392605899; +91 9392605960; +91 9392608672; +91 9392609037; +91 9427061508; +91 9427062094,https://www.linkedin.com/company/aerizone/,3,SUCCESS,
5aa3b9b0e4b0cd7639f25170,CROWDERA VENTURES PRIVATE LIMITED,DIPP9678,RECOGNISED,U93000MH2014PTC256887,Scaling,Nagpur,Maharashtra,Finance Technology,Crowdfunding,https://gocrowdera.com/,,,,OK,,,,1,SUCCESS,
5aa01fc6e4b0cd7639f24df4,PAIR CREATIONS PRIVATE LIMITED,DIPP17150,RECOGNISED,U74999MH2017PTC298599,Validation,Nagpur,Maharashtra,Design,Industrial Design,http://paircreations.com,,,,OK,info@paircreations.com; mike.rubin74@gmail.com; shivamwarthi@paircreations.com,+91 6113859941; +91 7453899979; +91 7571093904; +91 8149124714; +91 8149280664; +91 8149293900; +91 8337920222; +91 8638592111; +91 9360412700; +91 9360498388; +91 9360605515; +91 9360634638; +91 9360637166; +91 9361432778; +91 9366568938; +91 9368919583; +91 9369010913; +91 9369036981; +91 9374525008; +91 9374530128; +91 9374533733; +91 9374599666; +91 9374631102; +91 9374681830; +91 9375632568; +91 9375649830; +91 9375671321; +91 9375815359; +91 9444548738,https://www.linkedin.com/in/michaelrubin74/; https://www.linkedin.com/in/shivamwarthi/,2,SUCCESS,
5a968aede4b031c425983da0,MAKXENIA ENGINEERING RESOURCE PRIVATE LIMITED,DIPP40259,RECOGNISED,U74999MH2017PTC293747,Scaling,Nagpur,Maharashtra,Robotics,Robotics Technology,https://www.makxenia.com,,,,OK,,,,1,SUCCESS,
5a87e081e4b075325d8bd6f9,SALASAR ECOMMERCE TOTAL SOLUTIONS PRIVATE LIMITED,DIPP3434,RECOGNISED,U72900MH2014PTC255630,EarlyTraction,Nagpur,Maharashtra,,,https://arenasoftwares.com,,,,OK,hr@arenasoftwares.com; support@arenasoftwares.com,+91 6591039341; +91 8087191823,https://www.linkedin.com/company/14621707,4,SUCCESS,
5a7f0223e4b075325d8bb9f2,BLAST ENTERPRISES PRIVATE LIMITED,DIPP17177,RECOGNISED,U74999MH2015PTC267330,Scaling,Nagpur,Maharashtra,Food & Beverages,Food Processing,https://www.sabzilana.com,,,,OK,,,,0,ERROR,"Page.goto: net::ERR_NAME_NOT_RESOLVED at https://www.sabzilana.com/
Call log:
  - navigating to ""https://www.sabzilana.com/"", waiting until ""domcontentloaded""
"
5a7e0489e4b075325d8bb6f3,INSPIRED FOODS PRIVATE LIMITED,DIPP16266,RECOGNISED,U15122MH2013PTC250373,Scaling,Nagpur,Maharashtra,Food & Beverages,Food Processing,https://www.guavaz.co,,,,OK,,,,0,ERROR,"Page.goto: net::ERR_NAME_NOT_RESOLVED at https://www.guavaz.co/
Call log:
  - navigating to ""https://www.guavaz.co/"", waiting until ""domcontentloaded""
"
5a7bd59ee4b075325d8bae47,UPRUDENCE DIGITAL SOLUTIONS PRIVATE LIMITED,DIPP7104,RECOGNISED,U74999MH2017PTC297066,Validation,Nagpur,Maharashtra,Real Estate,Housing,https://www.uprudenceagro.com,,,,OK,,,,0,ERROR,"Page.goto: net::ERR_NAME_NOT_RESOLVED at https://www.uprudenceagro.com/
Call log:
  - navigating to ""https://www.uprudenceagro.com/"", waiting until ""domcontentloaded""
"
5a4bae35e4b0865903d62291,HOZANA INFOTECH PRIVATE LIMITED,DIPP21440,RECOGNISED,U74999MH2018PTC308440,EarlyTraction,Nagpur,Maharashtra,House-Hold Services,Home Care,https://nativoe.com,,,,OK,,,,0,ERROR,"Page.goto: net::ERR_NAME_NOT_RESOLVED at https://nativoe.com/
Call log:
  - navigating to ""https://nativoe.com/"", waiting until ""domcontentloaded""
"
5a434e7be4b0762f513dbbbb,ATS IT WORLD PRIVATE LIMITED,DIPP3438,RECOGNISED,U74900MH2016PTC273337,Validation,Nagpur,Maharashtra,,,http://www.atsitworld.com/,,,,OK,,,,0,ERROR,"Page.goto: net::ERR_NAME_NOT_RESOLVED at http://www.atsitworld.com/
Call log:
  - navigating to ""http://www.atsitworld.com/"", waiting until ""domcontentloaded""
"
5a1d25dce4b05e72e7960bd5,MORPHLE TECHNOLOGIES PRIVATE LIMITED,DIPP23383,RECOGNISED,U74999MH2017PTC298991,Validation,Nagpur,Maharashtra,Healthcare & Lifesciences,Medical Devices Biomedical,https://www.morphle.in,,,,OK,,,,1,SUCCESS,
5a1198dee4b003ba7c69a103,PRATYARPANA SERVICES PRIVATE LIMITED,DIPP14999,RECOGNISED,U51909MH2017PTC292193,Scaling,Nagpur,Maharashtra,Social Impact,Others,https://www.donatekart.com,,,,OK,info@donatekart.com,+91 6445656475; +91 8045685000; +91 8097320425; +91 8461538461; +91 8645506572; +91 9231334317; +91 9565217391,https://www.linkedin.com/company/donatekart/,3,SUCCESS,
59fdabc0e4b0f281b9ab9071,NEWOPTION ONLINE SERVICES PRIVATE LIMITED,DIPP130279,RECOGNISED,U72900MH2020PTC341220,Prototype,Nagpur,Maharashtra,IT Services,IT Consulting,https://www.newoptions.co.in,,,,OK,,,,0,ERROR,"Page.goto: net::ERR_NAME_NOT_RESOLVED at https://www.newoptions.co.in/
Call log:
  - navigating to ""https://www.newoptions.co.in/"", waiting until ""domcontentloaded""
"
59f97335e4b0f281b9ab8a6a,MVM SOLUTIONS PRIVATE LIMITED,DIPP11175,RECOGNISED,U72200MH2017PTC295892,Validation,Nagpur,Maharashtra,Travel & Tourism,Facility Management,https://www.vngz.in,,,,OK,,,,0,ERROR,"Page.goto: net::ERR_NAME_NOT_RESOLVED at https://www.vngz.in/
Call log:
  - navigating to ""https://www.vngz.in/"", waiting until ""domcontentloaded""
"
59c49f3de4b099deda7d5d7f,CLUEMATRIX TECHNOLOGIES PRIVATE LIMITED,DIPP7153,RECOGNISED,U74999MH2016OPC281886,Validation,Nagpur,Maharashtra,IT Services,Application Development,https://www.cluematrix.com/,,,,OK,,+91 7817915094,,1,SUCCESS,
597ed9c2e4b0bed982a4ec22,WEB BETA PRIVATE LIMITED,DIPP4279,RECOGNISED,U72900MH2017PTC292296,EarlyTraction,Nagpur,Maharashtra,IT Services,Web Development,http://www.webbetasolutions.com,,,,OK,,+91 9860444150,,1,SUCCESS,
59770a62e4b02e027ba9be47,EPIONE HEALTHCARE PRIVATE LIMITED,DIPP70739,RECOGNISED,U85200MH2017PTC297331,Validation,Nagpur,Maharashtra,Healthcare & Lifesciences,Healthcare Services,https://www.your-physio.in,,,,OK,,,,0,ERROR,"Page.goto: net::ERR_CERT_COMMON_NAME_INVALID at https://www.your-physio.in/
Call log:
  - navigating to ""https://www.your-physio.in/"", waiting until ""domcontentloaded""
"
5957d90de4b0bcdc8b670de6,VCREATORSS IT LLP,DIPP1286,RECOGNISED,AAG-8330,EarlyTraction,Nagpur,Maharashtra,,,https://www.vcreatorss.com,,,,OK,,,,0,ERROR,"Page.goto: net::ERR_NAME_NOT_RESOLVED at https://www.vcreatorss.com/
Call log:
  - navigating to ""https://www.vcreatorss.com/"", waiting until ""domcontentloaded""
"
59569d5ee4b0bcdc8b670d6e,Lihos Motors Pvt. Ltd.,DIPP414,RECOGNISED,U34200MH2015PTC269308,Validation,Nagpur,Maharashtra,,,https://www.lithosmotors.com,,,,OK,,,,0,ERROR,"Page.goto: net::ERR_NAME_NOT_RESOLVED at https://www.lithosmotors.com/
Call log:
  - navigating to ""https://www.lithosmotors.com/"", waiting until ""domcontentloaded""
"
