startupId,startupName,originalWebsite,errorType,searchStatus,queriesAttempted,queriesWithResults,candidate1Title,candidate1URL,candidate1Domain,candidate1Query,candidate2Title,candidate2URL,candidate2Domain,candidate2Query,candidate3Title,candidate3URL,candidate3Domain,candidate3Query,candidate4Title,candidate4URL,candidate4Domain,candidate4Query,candidate5Title,candidate5URL,candidate5Domain,candidate5Query
6a47ae7ee4b0359e44e31356,SOMYA INTEGRATED SAFETY SECURITY SERVICES LLP,https://www.sismultipurposeservices.com,DNS_ERROR,NO_CANDIDATES,6,0,,,,,,,,,,,,,,,,,,,,
6a43c29fe4b0359e44e1d2d8,VRAJA CREATION LLP,https://NIL,DNS_ERROR,NO_CANDIDATES,6,0,,,,,,,,,,,,,,,,,,,,
6a435996e4b0359e44e19037,SMKJ BEVERAGES LLP,https://NA,DNS_ERROR,CANDIDATES_FOUND,6,6,Smkj beverages llp company has vacancy of Fmcg Sales Executive in ...,https://www.workindia.in/jobs/fmcg_sales_executive-panvel-mumbai-10239496/,workindia.in,"""SMKJ BEVERAGES LLP"" Nagpur","Field Sales Executive Job in Smkj Beverages Llp in Panvel, Mumbai - 2 ...",https://www.jobhai.com/field-sales-field-sales-executive-job-in-smkj-beverages-llp-panvel-navi-mumbai-2-to-5-years-1781257470-7802510-jid,jobhai.com,"""SMKJ BEVERAGES LLP"" Nagpur",,,,,,,,,,,,
6a425805e4b0359e44e14a4d,SWAZTHI ENTERPRISES LLP,https://NA,DNS_ERROR,NO_CANDIDATES,6,0,,,,,,,,,,,,,,,,,,,,
6a3b86f9e4b0359e44df2d4e,RAAFIANA GLOBAL LLP,https://NA,DNS_ERROR,NO_CANDIDATES,6,0,,,,,,,,,,,,,,,,,,,,
6a393ed7e4b0359e44de827f,ELEVEN RUDRAKSHAK REAL ESTATE PRIVATE LIMITED,https://NIL,DNS_ERROR,NO_CANDIDATES,6,0,,,,,,,,,,,,,,,,,,,,
6a38f51ee4b06921f1d7ad87,SDM ROBOTICS & DRONE TRAINING ACADEMY PRIVATE LIMITED,https://www.sdmrobotics.com,DNS_ERROR,CANDIDATES_FOUND,6,6,Sdm Robotics & Drone Training Academy Private Limited,https://companies.dubleu.co/company/sdm-robotics-drone-training-academy-private-limited-U85306MH2026PTC466967,companies.dubleu.co,"""SDM ROBOTICS & DRONE TRAINING ACADEMY PRIVATE LIMITED"" Nagpur",Sdm Robotics & Drone Training Academy Private Limited,https://www.filesure.in/company/sdm-robotics-and-drone-training-academy-private-limited/U85306MH2026PTC466967?tab=about,filesure.in,"""SDM ROBOTICS & DRONE TRAINING ACADEMY PRIVATE LIMITED"" Nagpur",Sdm Robotics & Drone Training Academy Private Limited,https://compfilings.com/company/SDM-ROBOTICS-and-DRONE-TRAINING-ACADEMY-PRIVATE-LIMITED-U85306MH2026PTC466967,compfilings.com,"""SDM ROBOTICS & DRONE TRAINING ACADEMY PRIVATE LIMITED"" Nagpur",,,,,,,,
6a36470ae4b06921f1d7110d,SVSTAR EDUCATION PRIVATE LIMITED,https://NA,DNS_ERROR,NO_CANDIDATES,6,0,,,,,,,,,,,,,,,,,,,,
6a294d66e4b06921f1d2c8f1,SAERA HEALTHCARE LLP,https://NA,DNS_ERROR,CANDIDATES_FOUND,6,6,"Skin Therapist in Saera Healthcare LLP, Dharampeth, Nagpur | apna.co",https://apna.co/job/nagpur/skin-therapist-332979336,apna.co,"""SAERA HEALTHCARE LLP"" Nagpur",,,,,,,,,,,,,,,,
6a1ffd23e4b075ab1c5a93b9,ORVYN STUDIO PRIVATE LIMITED,https://NIL,DNS_ERROR,CANDIDATES_FOUND,6,6,"ORVYN STUDIO PRIVATE LIMITED, CIN, address, business and website",https://companies.dubleu.co/company/orvyn-studio-private-limited-U47711ME2026PTC474805,companies.dubleu.co,"""ORVYN STUDIO PRIVATE LIMITED"" Nagpur",,,,,,,,,,,,,,,,
6a0ff675e4b061f008c7cae4,MORNINGMIND TECHNOLAB PRIVATE LIMITED,https://NA,DNS_ERROR,CANDIDATES_FOUND,6,6,MORNINGMIND TECHNOLAB PRIVATE LIMITED - Crunchbase,https://www.crunchbase.com/organization/morningmind-technolab-private-limited,crunchbase.com,"""MORNINGMIND TECHNOLAB PRIVATE LIMITED"" Nagpur",MORNINGMIND TECHNOLAB PRIVATE LIMITED | CompFilings,https://compfilings.com/company/MORNINGMIND-TECHNOLAB-PRIVATE-LIMITED-U62099ME2026PTC474528,compfilings.com,"""MORNINGMIND TECHNOLAB PRIVATE LIMITED"" Nagpur","MORNINGMIND TECHNOLAB PRIVATE LIMITED - Drug pipelines, Patents ...",https://synapse.patsnap.com/organization/213a7ec6136869bb99923eb836a16478,synapse.patsnap.com,"""MORNINGMIND TECHNOLAB PRIVATE LIMITED"" Nagpur",,,,,,,,
6a05acbde4b07cca57a0cdbc,SHRIJI DESIGN GLOBAL PRIVATE LIMITED,https://NOT AVAILABLE,DNS_ERROR,CANDIDATES_FOUND,6,6,"SHRIJI DESIGN GLOBAL PRIVATE LIMITED, CIN, address, business and ...",https://companies.dubleu.co/company/shriji-design-global-private-limited-U42102MH2026PTC467415,companies.dubleu.co,"""SHRIJI DESIGN GLOBAL PRIVATE LIMITED"" Nagpur",Shriji Design Global Private Limited - U42102mh2026ptc467415,https://www.instafinancials.com/company/shriji-design-global-private-limited-U42102MH2026PTC467415,instafinancials.com,"""SHRIJI DESIGN GLOBAL PRIVATE LIMITED"" Nagpur",Shriji Design Global Private Limited (U42102mh2026ptc467415…,https://www.inspex.in/company/SHRIJI-DESIGN-GLOBAL-PRIVATE-LIMITED-U42102MH2026PTC467415,inspex.in,"""SHRIJI DESIGN GLOBAL PRIVATE LIMITED"" Nagpur",,,,,,,,
6a05a3f4e4b07cca57a0bf7a,SRIORA PRIVATE LIMITED,https://NA,DNS_ERROR,NO_CANDIDATES,6,0,,,,,,,,,,,,,,,,,,,,
6a0487e4e4b07cca579edc21,LOTUS INTERIOR DESIGN STUDIO PRIVATE LIMITED,https://NA,DNS_ERROR,CANDIDATES_FOUND,6,6,Lotus Interior Design Studio Private Limited,https://buysellprivatelimited.com/company/lotus-interior-design-studio-private-limited/U74102ME2026PTC474642,buysellprivatelimited.com,"""LOTUS INTERIOR DESIGN STUDIO PRIVATE LIMITED"" Nagpur",Lotus Interior Design Studio Private Limited,https://www.filesure.in/company/lotus-interior-design-studio-private-limited/U74102ME2026PTC474642?tab=about,filesure.in,"""LOTUS INTERIOR DESIGN STUDIO PRIVATE LIMITED"" Nagpur",LOTUS INTERIOR DESIGN STUDIO PRIVATE LIMITED - CompFilings,https://compfilings.com/company/LOTUS-INTERIOR-DESIGN-STUDIO-PRIVATE-LIMITED-U74102ME2026PTC474642,compfilings.com,"""LOTUS INTERIOR DESIGN STUDIO PRIVATE LIMITED"" Nagpur",,,,,,,,
6a045e88e4b07cca579ec046,ASH GLOBAL TECHNOLOGY LLP,https://NA,DNS_ERROR,NO_CANDIDATES,6,0,,,,,,,,,,,,,,,,,,,,
6a04415ee4b07cca579ea09b,MAA DURGA COTTON PRIVATE LIMITED,https://NA,DNS_ERROR,CANDIDATES_FOUND,1,1,"MAA DURGA COTTON PRIVATE LIMITED, CIN, address, business and website",https://companies.dubleu.co/company/maa-durga-cotton-private-limited-U13111ME2026PTC474710,companies.dubleu.co,"""MAA DURGA COTTON PRIVATE LIMITED"" Nagpur",MAA DURGA COTTON PRIVATE LIMITED - maacraft,https://www.maacraft.in/maa-durga-cotton-private-limited/,maacraft.in,"""MAA DURGA COTTON PRIVATE LIMITED"" Nagpur","MAA DURGA COTTON PRIVATE LIMITED - Company Info, CIN, Directors",https://buysellprivatelimited.com/company/maa-durga-cotton-private-limited/U13111ME2026PTC474710,buysellprivatelimited.com,"""MAA DURGA COTTON PRIVATE LIMITED"" Nagpur",MAA DURGA COTTON PRIVATE LIMITED | CompFilings,https://compfilings.com/company/MAA-DURGA-COTTON-PRIVATE-LIMITED-U13111ME2026PTC474710,compfilings.com,"""MAA DURGA COTTON PRIVATE LIMITED"" Nagpur",MAA DURGA COTTON PRIVATE LIMITED - foodlandhomes.com,https://www.foodlandhomes.com/maa-durga-cotton-private-limited/,foodlandhomes.com,"""MAA DURGA COTTON PRIVATE LIMITED"" Nagpur"
6a040808e4b07cca579d96f9,LANG DATA SOLUTIONS PRIVATE LIMITED,https://NA,DNS_ERROR,CANDIDATES_FOUND,6,6,"LANG DATA SOLUTIONS PRIVATE LIMITED - Company Info, CIN, Directors",https://buysellprivatelimited.com/company/lang-data-solutions-private-limited/U62099ME2026PTC474634,buysellprivatelimited.com,"""LANG DATA SOLUTIONS PRIVATE LIMITED"" Nagpur",,,,,,,,,,,,,,,,
6a016be6e4b07cca579bfeb5,MM WEALTH MULTIFARMING INDIA PRIVATE LIMITED,https://NA,DNS_ERROR,CANDIDATES_FOUND,6,4,Mm Wealth Multifarming India Private Limited,https://www.filesure.in/company/mm-wealth-multifarming-india-private-limited/U46302ME2026PTC474185?tab=about,filesure.in,"""MM WEALTH MULTIFARMING INDIA PRIVATE LIMITED"" Nagpur",,,,,,,,,,,,,,,,
69fdce47e4b07cca579b27d7,GAUDHAN GAU SANSTHAN PRIVATE LIMITED,https://www.gaudhangauseva.com,DNS_ERROR,CANDIDATES_FOUND,6,6,"GAUDHAN GAU SANSTHAN PRIVATE LIMITED, CIN, address, business and ...",https://companies.dubleu.co/company/gaudhan-gau-sansthan-private-limited-U01499PN2025PTC247986,companies.dubleu.co,"""GAUDHAN GAU SANSTHAN PRIVATE LIMITED"" Nagpur",,,,,,,,,,,,,,,,
69fdc7f2e4b07cca579b22d1,JAYSIS ISPAT PRIVATE LIMITED,https://jaysis.ai,DNS_ERROR,CANDIDATES_FOUND,1,1,JAYSIS ISPAT PRIVATE LIMITED MCA Profile | QorpIQ,https://qorpiq.com/company/jaysis-ispat-private-limited/U28999MH2023PTC398083,qorpiq.com,"""JAYSIS ISPAT PRIVATE LIMITED"" Nagpur",JAYSIS ISPAT PRIVATE LIMITED - credhive.in,https://www.credhive.in/ind/corporate/U28999MH2023PTC398083/JAYSIS%20ISPAT%20PRIVATE%20LIMITED/overview,credhive.in,"""JAYSIS ISPAT PRIVATE LIMITED"" Nagpur",JAYSIS ISPAT PRIVATE LIMITED - IndiaFilings,https://www.indiafilings.com/search/jaysis-ispat-private-limited-cin-U28999MH2023PTC398083,indiafilings.com,"""JAYSIS ISPAT PRIVATE LIMITED"" Nagpur",JAYSIS ISPAT PRIVATE LIMITED (U28999MH2023PTC398083) — Dire…,https://www.inspex.in/company/JAYSIS-ISPAT-PRIVATE-LIMITED-U28999MH2023PTC398083,inspex.in,"""JAYSIS ISPAT PRIVATE LIMITED"" Nagpur",Jaysis Ispat Private Limited - U28999mh2023ptc398083,https://www.instafinancials.com/company/jaysis-ispat-private-limited/U28999MH2023PTC398083/contact-us.html,instafinancials.com,"""JAYSIS ISPAT PRIVATE LIMITED"" Nagpur"
69f5d659e4b07cca5798b14d,MEDANOVA HEALTHTECH PRIVATE LIMITED,"https://www,medanova.in",DNS_ERROR,CANDIDATES_FOUND,6,6,Surgical Gloves Manufacturer in India Medical gloves supplier India ...,https://www.medanova.in/,medanova.in,"""MEDANOVA HEALTHTECH PRIVATE LIMITED"" Nagpur",MEDANOVA HEALTHTECH PRIVATE LIMITED - IndiaFilings,https://www.indiafilings.com/search/medanova-healthtech-private-limited-cin-U32509MH2025PTC464092,indiafilings.com,"""MEDANOVA HEALTHTECH PRIVATE LIMITED"" Nagpur",Medanova Healthtech Private Limited | Cin U32509mh2025ptc464092 ...,https://findocorp.com/company/U32509MH2025PTC464092/medanova-healthtech-private-limited,findocorp.com,"""MEDANOVA HEALTHTECH PRIVATE LIMITED"" LinkedIn","MEDANOVA HEALTHTECH PRIVATE LIMITED, CIN, address, business and website",https://companies.dubleu.co/company/medanova-healthtech-private-limited-U32509MH2025PTC464092,companies.dubleu.co,"""MEDANOVA HEALTHTECH PRIVATE LIMITED"" LinkedIn",MEDANOVA HEALTHTECH PRIVATE LIMITED - Profiles & Contacts - Crunchbase,https://www.crunchbase.com/organization/medanova-healthtech-private-limited/profiles_and_contacts,crunchbase.com,"""MEDANOVA HEALTHTECH PRIVATE LIMITED"" LinkedIn"
69f5b236e4b07cca5798a3d6,ORBSDIO PRIVATE LIMITED,"https://www.orbsdio.com , www.rento.life",DNS_ERROR,CANDIDATES_FOUND,6,1,ORBSDIO PRIVATE LIMITED - Crunchbase Company Profile & Funding,https://www.crunchbase.com/organization/orbsdio-private-limited,crunchbase.com,"""ORBSDIO PRIVATE LIMITED"" LinkedIn",ORBSDIO PRIVATE LIMITED (U62011ME2026PTC473819) — Directors…,https://www.inspex.in/company/ORBSDIO-PRIVATE-LIMITED-U62011ME2026PTC473819,inspex.in,"""ORBSDIO PRIVATE LIMITED"" LinkedIn",,,,,,,,,,,,
69ef3bfce4b07cca5795f5b2,BOTANIK ROOTS PRIVATE LIMITED,https://BOTANIK ROOTS PRIVATE LIMITED!,DNS_ERROR,CANDIDATES_FOUND,6,6,"BOTANIK ROOTS PRIVATE LIMITED, CIN, address, business and website",https://companies.dubleu.co/company/botanik-roots-private-limited-U01611MH2026PTC467386,companies.dubleu.co,"""BOTANIK ROOTS PRIVATE LIMITED"" Nagpur","Anurag Kundargi - Director Insights, Profile, and Associated Companies ...",https://www.filesure.in/director/anurag-kundargi/11522085,filesure.in,"""BOTANIK ROOTS PRIVATE LIMITED"" Nagpur",,,,,,,,,,,,
69d3b454e4b0eeff6308b973,VERTEX GOVERNANCE &amp; INFRA PRIVATE LIMITED,https://NA,DNS_ERROR,NO_CANDIDATES,6,0,,,,,,,,,,,,,,,,,,,,
69d3725ce4b03eeefb81169f,VEDANT SURGICAL PRIVATE LIMITED,https://VEDANT SURGICAL PRIVATE LIMITED,DNS_ERROR,CANDIDATES_FOUND,5,5,"VEDANT SURGICAL PRIVATE LIMITED - Company Info, CIN, Directors",https://buysellprivatelimited.com/company/vedant-surgical-private-limited/U46596MH2023PTC398861,buysellprivatelimited.com,"""VEDANT SURGICAL PRIVATE LIMITED"" Nagpur","VEDANT SURGICAL PRIVATE LIMITED, CIN, address, business and website",https://companies.dubleu.co/company/vedant-surgical-private-limited-U46596MH2023PTC398861,companies.dubleu.co,"""VEDANT SURGICAL PRIVATE LIMITED"" Nagpur",VEDANT SURGICAL PRIVATE LIMITED - U46596MH2023PTC398861 - InstaFinancials,https://www.instafinancials.com/company/vedant-surgical-private-limited-U46596MH2023PTC398861,instafinancials.com,"""VEDANT SURGICAL PRIVATE LIMITED"" Nagpur",CIN Details | VEDANT SURGICAL PRIVATE LIMITED,https://cin.iadv.io/VEDANT-SURGICAL-PRIVATE-LIMITED-U46596MH2023PTC398861/,cin.iadv.io,"""VEDANT SURGICAL PRIVATE LIMITED"" official website","Vedant Surgical Private Limited - Company, Directors, Charges and ...",https://www.filesure.in/company/vedant-surgical-private-limited/U46596MH2023PTC398861?tab=about,filesure.in,"""VEDANT SURGICAL PRIVATE LIMITED"" founder"
69cc14f0e4b0c26a547102df,ORGABIA PRIVATE LIMITED,https://Under Development,DNS_ERROR,NO_CANDIDATES,6,0,,,,,,,,,,,,,,,,,,,,
69cb92e4e4b0c26a5470ae77,SAFECARE GASOLINE PRIVATE LIMITED,https://NA,DNS_ERROR,CANDIDATES_FOUND,2,2,"SAFECARE GASOLINE PRIVATE LIMITED Company Profile | Nagpur, Maharashtra ...",https://www.dnb.com/business-directory/company-profiles.safecare_gasoline_private_limited.cb7a94f40d43a464b0d1ff196ee62ab6.html,dnb.com,"""SAFECARE GASOLINE PRIVATE LIMITED"" Nagpur",SAFECARE GASOLINE PRIVATE LIMITED - IndiaFilings,https://www.indiafilings.com/search/safecare-gasoline-private-limited-cin-U11201MH2019PTC330534,indiafilings.com,"""SAFECARE GASOLINE PRIVATE LIMITED"" Nagpur",SAFECARE GASOLINE PRIVATE LIMITED - U11201MH2019PTC330534 - InstaFinancials,https://www.instafinancials.com/company/safecare-gasoline-private-limited-U11201MH2019PTC330534/company-overview,instafinancials.com,"""SAFECARE GASOLINE PRIVATE LIMITED"" Nagpur",SAFECARE GASOLINE PRIVATE LIMITED - credhive.in,https://www.credhive.in/ind/corporate/U11201MH2019PTC330534/SAFECARE%2525252520GASOLINE%2525252520PRIVATE%2525252520LIMITED/overview,credhive.in,"""SAFECARE GASOLINE PRIVATE LIMITED"" Nagpur","Safecare Gasoline Private Limited - Company Details, CIN, Directors ...",https://www.registerkaro.in/company/safecare-gasoline-private-limited-U11201MH2019PTC330534,registerkaro.in,"""SAFECARE GASOLINE PRIVATE LIMITED"" website"
69c9e6cde4b0c26a546fc8da,AVENAA HOSPITALITY MANAGEMENT PRIVATE LIMITED,https://NA,DNS_ERROR,CANDIDATES_FOUND,1,1,Avenaa Hospitality Management Private Limited,https://companies.dubleu.co/company/avenaa-hospitality-management-private-limited-U55101MH2026PTC466811,companies.dubleu.co,"""AVENAA HOSPITALITY MANAGEMENT PRIVATE LIMITED"" Nagpur",Avenaa Hospitality Management Private Limited,https://buysellprivatelimited.com/company/avenaa-hospitality-management-private-limited/U55101MH2026PTC466811,buysellprivatelimited.com,"""AVENAA HOSPITALITY MANAGEMENT PRIVATE LIMITED"" Nagpur",Avenaa Hospitality Management Private Limited | Cin ...,https://findocorp.com/company/U55101MH2026PTC466811/avenaa-hospitality-management-private-limited,findocorp.com,"""AVENAA HOSPITALITY MANAGEMENT PRIVATE LIMITED"" Nagpur",Avenaa Hospitality Management Private Limited,https://www.filesure.in/company/avenaa-hospitality-management-private-limited/U55101MH2026PTC466811?tab=about,filesure.in,"""AVENAA HOSPITALITY MANAGEMENT PRIVATE LIMITED"" Nagpur",Avenaa Hospitality Management Private Limited (U55101mh2026…,https://www.inspex.in/company/AVENAA-HOSPITALITY-MANAGEMENT-PRIVATE-LIMITED-U55101MH2026PTC466811,inspex.in,"""AVENAA HOSPITALITY MANAGEMENT PRIVATE LIMITED"" Nagpur"
69c4ef51e4b0c26a546dd0fd,ULHAS ENTERPRISES PRIVATE LIMITED,https://NIL,DNS_ERROR,CANDIDATES_FOUND,1,1,ULHAS ENTERPRISES PRIVATE LIMITED MCA Profile | QorpIQ,https://qorpiq.com/company/ulhas-enterprises-private-limited/U42909MH2025PTC463816,qorpiq.com,"""ULHAS ENTERPRISES PRIVATE LIMITED"" Nagpur","ULHAS ENTERPRISES PRIVATE LIMITED - Company Info, CIN, Directors",https://buysellprivatelimited.com/company/ulhas-enterprises-private-limited/U42909MH2025PTC463816,buysellprivatelimited.com,"""ULHAS ENTERPRISES PRIVATE LIMITED"" Nagpur","Ulhas Enterprises Private Limited - Company, Directors, Charges and ...",https://www.filesure.in/company/ulhas-enterprises-private-limited/U42909MH2025PTC463816?tab=about,filesure.in,"""ULHAS ENTERPRISES PRIVATE LIMITED"" Nagpur","ULHAS ENTERPRISES PRIVATE LIMITED, CIN, address, business and website",https://companies.dubleu.co/company/ulhas-enterprises-private-limited-U42909MH2025PTC463816,companies.dubleu.co,"""ULHAS ENTERPRISES PRIVATE LIMITED"" Nagpur",ULHAS ENTERPRISES PRIVATE LIMITED | CompFilings,https://compfilings.com/company/ULHAS-ENTERPRISES-PRIVATE-LIMITED-U42909MH2025PTC463816,compfilings.com,"""ULHAS ENTERPRISES PRIVATE LIMITED"" Nagpur"
69bbf4d2e4b0b7e5b72ffba9,SKAND INDUSTRIES PRIVATE LIMITED,https://N/A,DNS_ERROR,CANDIDATES_FOUND,6,6,SKAND INDUSTRIES PRIVATE LIMITED MCA Profile | QorpIQ,https://qorpiq.com/company/skand-industries-private-limited/U26309MH2026PTC466011,qorpiq.com,"""SKAND INDUSTRIES PRIVATE LIMITED"" Nagpur","SKAND INDUSTRIES PRIVATE LIMITED - Company Info, CIN, Directors",https://buysellprivatelimited.com/company/skand-industries-private-limited/U26309MH2026PTC466011,buysellprivatelimited.com,"""SKAND INDUSTRIES PRIVATE LIMITED"" Nagpur","Skand Industries Private Limited - Company, Directors, Charges and ...",https://www.filesure.in/company/skand-industries-private-limited/U26309MH2026PTC466011?tab=about,filesure.in,"""SKAND INDUSTRIES PRIVATE LIMITED"" Nagpur",SKAND INDUSTRIES PRIVATE LIMITED - inspex,https://www.inspex.in/company/SKAND-INDUSTRIES-PRIVATE-LIMITED-U26309MH2026PTC466011,inspex.in,"""SKAND INDUSTRIES PRIVATE LIMITED"" Nagpur",,,,
69b947c7e4b0b7e5b72ef38b,BANS LIFESTYLE PRIVATE LIMITED,https://NA,DNS_ERROR,CANDIDATES_FOUND,6,6,"BANS LIFESTYLE PRIVATE LIMITED - Company Info, CIN, Directors",https://buysellprivatelimited.com/company/bans-lifestyle-private-limited/U47711MH2026PTC466483,buysellprivatelimited.com,"""BANS LIFESTYLE PRIVATE LIMITED"" Nagpur","Bans Lifestyle Private Limited - Company, Directors, Charges and ...",https://www.filesure.in/company/bans-lifestyle-private-limited/U47711MH2026PTC466483?tab=about,filesure.in,"""BANS LIFESTYLE PRIVATE LIMITED"" Nagpur",BANS LIFESTYLE PRIVATE LIMITED - Di… | inspex,https://www.inspex.in/company/BANS-LIFESTYLE-PRIVATE-LIMITED-U47711MH2026PTC466483,inspex.in,"""BANS LIFESTYLE PRIVATE LIMITED"" Nagpur",,,,,,,,
69aea5ebe4b0b7e5b72ba75f,FALCON BUILDSYS STRUCTURES (OPC) PRIVATE LIMITED,https://NA,DNS_ERROR,NO_CANDIDATES,6,0,,,,,,,,,,,,,,,,,,,,
69abdeace4b0b7e5b72aec3a,LOGISTIKAS LOGISOL GLOBAL PRIVATE LIMITED,https://logistikaslogisol.com,DNS_ERROR,CANDIDATES_FOUND,1,1,Logistikas Logisol Global Private Limited,https://buysellprivatelimited.com/company/logistikas-logisol-global-private-limited/U52290MH2025PTC444017,buysellprivatelimited.com,"""LOGISTIKAS LOGISOL GLOBAL PRIVATE LIMITED"" Nagpur",LOGISTIKAS LOGISOL GLOBAL PRIVATE LIMITED - zauba.company,https://zauba.company/company/logistikas_logisol_global_private_limited/U52290MH2025PTC444017,zauba.company,"""LOGISTIKAS LOGISOL GLOBAL PRIVATE LIMITED"" Nagpur",Logistikas Logisol Global Private Limited | Company Details,https://www.allindiaitr.com/company/logistikas-logisol-global-private-limited/U52290MH2025PTC444017,allindiaitr.com,"""LOGISTIKAS LOGISOL GLOBAL PRIVATE LIMITED"" Nagpur",LOGISTIKAS LOGISOL GLOBAL PRIVATE LIMITED - qorpiq.com,https://qorpiq.com/company/logistikas-logisol-global-private-limited/U52290MH2025PTC444017,qorpiq.com,"""LOGISTIKAS LOGISOL GLOBAL PRIVATE LIMITED"" Nagpur",LOGISTIKAS LOGISOL GLOBAL PRIVATE LIMITED - filesure.in,https://www.filesure.in/company/logistikas-logisol-global-private-limited/U52290MH2025PTC444017?tab=about,filesure.in,"""LOGISTIKAS LOGISOL GLOBAL PRIVATE LIMITED"" Nagpur"
69a969aae4b0b7e5b72a19a0,SMART TAX &amp; FINANCIAL SOLUTIONS (OPC) PRIVATE LIMITED,https://NA,DNS_ERROR,NO_CANDIDATES,6,0,,,,,,,,,,,,,,,,,,,,
69a28d06e4b0b7e5b72817b7,CHEMKIND INDUSTRIES LLP,https://NO,DNS_ERROR,NO_CANDIDATES,6,0,,,,,,,,,,,,,,,,,,,,
69a17f27e4b0b7e5b727ba06,SOUVIY GREEN PRIVATE LIMITED,https://NA,DNS_ERROR,NO_CANDIDATES,6,0,,,,,,,,,,,,,,,,,,,,
699c53dae4b0a68b6c7eab5d,CLIPCRAFTERZZ LLP,https://NIL,DNS_ERROR,NO_CANDIDATES,6,0,,,,,,,,,,,,,,,,,,,,
69998118e4b0a68b6c7d4591,SLURP DADDY LLP,https://No Website,DNS_ERROR,CANDIDATES_FOUND,6,6,SLURP DADDY LLP MCA Profile | QorpIQ,https://qorpiq.com/company/slurp-daddy-llp/ACQ-2179,qorpiq.com,"""SLURP DADDY LLP"" Nagpur",Slurp Daddy Llp Logo SVG Vectors and Icons - SVG Repo,https://www.svgrepo.com/vectors/slurp-daddy-llp-logo/,svgrepo.com,"""SLURP DADDY LLP"" website","Kunal Narayan Gangwani - Director Insights, Profile, and Associated ...",https://www.filesure.in/director/kunal-narayan-gangwani/11217541,filesure.in,"""SLURP DADDY LLP"" website",,,,,,,,
698df049e4b0a68b6c78ff21,ASHIRWAD PLASTINDIA PRIVATE LIMITED,https://NONE,DNS_ERROR,CANDIDATES_FOUND,3,3,ASHIRWAD PLASTINDIA PRIVATE LIMITED Company Profile | Nagpur ...,https://www.dnb.com/business-directory/company-profiles.ashirwad_plastindia_private_limited.ce200bd395c464f71968da5a4cd7cb9d.html,dnb.com,"""ASHIRWAD PLASTINDIA PRIVATE LIMITED"" Nagpur",Ashirwad Plastindia Private Limited | Company Details,https://www.allindiaitr.com/company/ashirwad-plastindia-private-limited/U25209MH2020PTC346258,allindiaitr.com,"""ASHIRWAD PLASTINDIA PRIVATE LIMITED"" Nagpur",Ashirwad Plastindia Private Limited - Company overview,https://www.infyner.com/company/ashirwad-plastindia-private-limited/U25209MH2020PTC346258,infyner.com,"""ASHIRWAD PLASTINDIA PRIVATE LIMITED"" Nagpur",Ashirwad Plastindia Private Limited Company Profile - Business Profile ...,https://info.edgeinsights.in/company/Ashirwad-Plastindia-Private-Limited/403191,info.edgeinsights.in,"""ASHIRWAD PLASTINDIA PRIVATE LIMITED"" website",ASHIRWAD PLASTINDIA PRIVATE LIMITED - Company Profile | MasterData,https://masterdata.in/company/ashirwad_plastindia_private_limited/U25209MH2020PTC346258,masterdata.in,"""ASHIRWAD PLASTINDIA PRIVATE LIMITED"" official website"
698b0f6fe4b0a68b6c779f63,JOGO OVERSEAS PRIVATE LIMITED,https://NA,DNS_ERROR,CANDIDATES_FOUND,6,6,"Jogo Overseas Private Limited - Company, Directors, Charges and ...",https://www.filesure.in/company/jogo-overseas-private-limited/U46309MH2025PTC456815,filesure.in,"""JOGO OVERSEAS PRIVATE LIMITED"" Nagpur",Jogo Overseas Private Limited - 27AAHCJ0590L1Z8 - Maharashtra - Know ...,https://www.knowyourgst.com/gst-number-search/jogo-overseas-private-limited-27AAHCJ0590L1Z8/,knowyourgst.com,"""JOGO OVERSEAS PRIVATE LIMITED"" Nagpur",,,,,,,,,,,,
698af71ce4b0a68b6c7787ce,SHILPI ENGINEERS PRIVATE LIMITED,https://NA,DNS_ERROR,CANDIDATES_FOUND,1,1,SHILPI ENGINEERS PRIVATE LIMITED MCA Profile | QorpIQ,https://qorpiq.com/company/shilpi-engineers-private-limited/U30923MH2025PTC456257,qorpiq.com,"""SHILPI ENGINEERS PRIVATE LIMITED"" Nagpur","SHILPI ENGINEERS PRIVATE LIMITED - Company Info, CIN, Directors",https://buysellprivatelimited.com/company/shilpi-engineers-private-limited/U30923MH2025PTC456257,buysellprivatelimited.com,"""SHILPI ENGINEERS PRIVATE LIMITED"" Nagpur",SHILPI ENGINEERS PRIVATE LIMITED | CompFilings,https://compfilings.com/company/SHILPI-ENGINEERS-PRIVATE-LIMITED-U30923MH2025PTC456257,compfilings.com,"""SHILPI ENGINEERS PRIVATE LIMITED"" Nagpur",SHILPI ENGINEERS PRIVATE LIMITED - IndiaFilings,https://www.indiafilings.com/search/shilpi-engineers-private-limited-cin-U30923MH2025PTC456257,indiafilings.com,"""SHILPI ENGINEERS PRIVATE LIMITED"" Nagpur","Shilpi Engineers Private Limited - Company, Directors, Charges and ...",https://www.filesure.in/company/shilpi-engineers-private-limited/U30923MH2025PTC456257,filesure.in,"""SHILPI ENGINEERS PRIVATE LIMITED"" Nagpur"
697dad2de4b06a6c449bfbe5,JAYSIS INTEGRATED ELECTRONICS AND OPTRONICS PRIVATE LIMITED,https://jaysis.ai,DNS_ERROR,CANDIDATES_FOUND,1,1,Jaysis Integrated Electronics and Optronics Private Limited ...,https://www.instafinancials.com/company/jaysis-integrated-electronics-and-optronics-private-limited-U31900MH2022PTC381742/company-overview,instafinancials.com,"""JAYSIS INTEGRATED ELECTRONICS AND OPTRONICS PRIVATE LIMITED"" Nagpur",Jaysis Integrated Electronics and Optronics Private Limited,https://opencorporates.com/companies/in/U31900MH2022PTC381742,opencorporates.com,"""JAYSIS INTEGRATED ELECTRONICS AND OPTRONICS PRIVATE LIMITED"" Nagpur",Jaysis Integrated Electronics and Optronics Private Limited,https://www.insiderbiz.in/company/JAYSIS-INTEGRATED-ELECTRONICS-AND-OPTRONICS-PRIVATE-LIMITED,insiderbiz.in,"""JAYSIS INTEGRATED ELECTRONICS AND OPTRONICS PRIVATE LIMITED"" Nagpur",Jaysis Integrated Electronics and Optronics Private Limited,https://www.filesure.in/company/jaysis-integrated-electronics-and-optronics-private-limited/U31900MH2022PTC381742?tab=about,filesure.in,"""JAYSIS INTEGRATED ELECTRONICS AND OPTRONICS PRIVATE LIMITED"" Nagpur",Jaysis Integrated Electronics And Optronics Private Limited - Detailed ...,https://mycorporateinfo.com/business/jaysis-integrated-electronics-and-optronics-private-limited,mycorporateinfo.com,"""JAYSIS INTEGRATED ELECTRONICS AND OPTRONICS PRIVATE LIMITED"" Nagpur"
697afccbe4b06a6c449a7a39,UNITRACK INDIA PRIVATE LIMITED,https://unitrackindiaprivatelimited.com,DNS_ERROR,CANDIDATES_FOUND,6,6,"UNITRACK INDIA PRIVATE LIMITED - Company Info, CIN, Directors",https://buysellprivatelimited.com/company/unitrack-india-private-limited/U46596MH2026PTC466183,buysellprivatelimited.com,"""UNITRACK INDIA PRIVATE LIMITED"" Nagpur",UNITRACK INDIA PRIVATE LIMITED | CompFilings,https://compfilings.com/company/UNITRACK-INDIA-PRIVATE-LIMITED-U46596MH2026PTC466183,compfilings.com,"""UNITRACK INDIA PRIVATE LIMITED"" Nagpur",,,,,,,,,,,,
696cf989e4b09f4058c57b5a,AAIRR HEALTHCARE SERVICES PRIVATE LIMITED,https://NA,DNS_ERROR,NO_CANDIDATES,6,0,,,,,,,,,,,,,,,,,,,,
696cf8f4e4b09f4058c57b0f,MADWORLD INNOVATIONS LLP,https://NA,DNS_ERROR,CANDIDATES_FOUND,6,6,About Us - MAD WORLD INNOVATIONS,https://madworldinno.com/about-us/,madworldinno.com,"""MADWORLD INNOVATIONS LLP"" Nagpur",About Us - Man World,https://local.webwizardtechnology.com/about-us/,local.webwizardtechnology.com,"""MADWORLD INNOVATIONS LLP"" Nagpur",,,,,,,,,,,,
696494cee4b0df7f2797b3cb,HEALIO PHARMA PRIVATE LIMITED,https://NOT AVAILABLE,DNS_ERROR,CANDIDATES_FOUND,1,1,Home - healiopharma.com,https://healiopharma.com/,healiopharma.com,"""HEALIO PHARMA PRIVATE LIMITED"" Nagpur","Healio Pharma Private Limited - Company, Directors, Charges and ...",https://www.filesure.in/company/healio-pharma-private-limited/U21003MH2025PTC448034?tab=about,filesure.in,"""HEALIO PHARMA PRIVATE LIMITED"" Nagpur",HEALIO PHARMA PRIVATE LIMITED MCA Profile | QorpIQ,https://qorpiq.com/company/healio-pharma-private-limited/U21003MH2025PTC448034,qorpiq.com,"""HEALIO PHARMA PRIVATE LIMITED"" Nagpur",HEALIO PHARMA PRIVATE LIMITED - IndiaFilings,https://www.indiafilings.com/search/healio-pharma-private-limited-cin-U21003MH2025PTC448034,indiafilings.com,"""HEALIO PHARMA PRIVATE LIMITED"" Nagpur","HEALIO PHARMA PRIVATE LIMITED - Company Info, CIN, Directors",https://buysellprivatelimited.com/company/healio-pharma-private-limited/U21003MH2025PTC448034,buysellprivatelimited.com,"""HEALIO PHARMA PRIVATE LIMITED"" Nagpur"
69623bb4e4b0df7f27971517,PLSIX TELEPI PRIVATE LIMITED,https://NA,DNS_ERROR,CANDIDATES_FOUND,6,6,"Plsix Telepi Private Limited - Company, Directors, Charges and ...",https://www.filesure.in/company/plsix-telepi-private-limited/U85499PN2025PTC249601?tab=about,filesure.in,"""PLSIX TELEPI PRIVATE LIMITED"" Nagpur","PLSIX TELEPI PRIVATE LIMITED, CIN, address, business and website",https://companies.dubleu.co/company/plsix-telepi-private-limited-U85499PN2025PTC249601,companies.dubleu.co,"""PLSIX TELEPI PRIVATE LIMITED"" Nagpur",Under Maintenance | Paperli.ai,https://paperli.ai/company/plsix-telepi-private-limited-U85499PN2025PTC249601,paperli.ai,"""PLSIX TELEPI PRIVATE LIMITED"" Nagpur",,,,,,,,
69609858e4b0df7f27966e94,UPCRAFT LEARNING PRIVATE LIMITED,https://NA,DNS_ERROR,CANDIDATES_FOUND,6,6,"UPCRAFT LEARNING PRIVATE LIMITED - Company Info, CIN, Directors",https://buysellprivatelimited.com/company/upcraft-learning-private-limited/U78300MH2025PTC451719,buysellprivatelimited.com,"""UPCRAFT LEARNING PRIVATE LIMITED"" Nagpur","Upcraft Learning Private Limited - Company, Directors, Charges and ...",https://www.filesure.in/company/upcraft-learning-private-limited/U78300MH2025PTC451719?tab=about,filesure.in,"""UPCRAFT LEARNING PRIVATE LIMITED"" Nagpur",UPCRAFT LEARNING PRIVATE LIMITED - credhive.in,https://www.credhive.in/ind/corporate/U78300MH2025PTC451719/UPCRAFT%20LEARNING%20PRIVATE%20LIMITED/overview,credhive.in,"""UPCRAFT LEARNING PRIVATE LIMITED"" Nagpur",UPCRAFT LEARNING PRIVATE LIMITED MCA Company Search to Check Company ...,https://www.mastersindia.co/mca-company-detail/?cname=UPCRAFT-LEARNING-PRIVATE-LIMITED/U78300MH2025PTC451719,mastersindia.co,"""UPCRAFT LEARNING PRIVATE LIMITED"" Nagpur",,,,
695caafee4b06adb3eb56c00,TEKNEX GLOBAL INNOVATIONS LLP,https://N/A,DNS_ERROR,CANDIDATES_FOUND,6,6,"Teknex Global Innovations Llp - Company, Directors, Charges and ...",https://www.filesure.in/company/teknex-global-innovations-llp/ACI-3803?tab=about,filesure.in,"""TEKNEX GLOBAL INNOVATIONS LLP"" Nagpur",TEKNEX GLOBAL INNOVATIONS LLP having CIN/LLP Number ACI-3803 ...,https://www.indiancompanysearch.in/company/teknex-global-innovations-llp/ACI-3803,indiancompanysearch.in,"""TEKNEX GLOBAL INNOVATIONS LLP"" Nagpur",TEKNEX GLOBAL INNOVATIONS LLP — ACI-3803 | Stratix,https://stratix.solutions/company/ACI-3803/TEKNEX-GLOBAL-INNOVATIONS-LLP,stratix.solutions,"""TEKNEX GLOBAL INNOVATIONS LLP"" Nagpur",,,,,,,,
6953a8dbe4b03cb05421a8f5,REWATI MEDINOX PRIVATE LIMITED,https://NA,DNS_ERROR,CANDIDATES_FOUND,6,6,"REWATI MEDINOX PRIVATE LIMITED Company Profile | Nagpur, Maharashtra ...",https://www.dnb.com/business-directory/company-profiles.rewati_medinox_private_limited.f7447d6cbcb1457b5573fa40849c49e5.html,dnb.com,"""REWATI MEDINOX PRIVATE LIMITED"" Nagpur",REWATI MEDINOX PRIVATE LIMITED - IndiaFilings,https://www.indiafilings.com/search/rewati-medinox-private-limited-cin-U74999MH2019PTC323564,indiafilings.com,"""REWATI MEDINOX PRIVATE LIMITED"" Nagpur",REWATI MEDINOX PRIVATE LIMITED (U74999MH2019PTC323564) - Company ...,https://qorpiq.com/company/rewati-medinox-private-limited/U74999MH2019PTC323564,qorpiq.com,"""REWATI MEDINOX PRIVATE LIMITED"" official website",REWATI MEDINOX PRIVATE LIMITED - Di… | inspex,https://www.inspex.in/company/REWATI-MEDINOX-PRIVATE-LIMITED-U74999MH2019PTC323564,inspex.in,"""REWATI MEDINOX PRIVATE LIMITED"" founder",,,,
6952227de4b03cb054210f19,IMPORTECH SOLUTIONS LLP,https://NA,DNS_ERROR,CANDIDATES_FOUND,6,6,IMPORTECH SOLUTIONS LLP MCA Profile | QorpIQ,https://qorpiq.com/company/importech-solutions-llp/ACS-0654,qorpiq.com,"""IMPORTECH SOLUTIONS LLP"" Nagpur",Importech Solutions,https://importechsolutions.in/team/,importechsolutions.in,"""IMPORTECH SOLUTIONS LLP"" Nagpur","Importech Solutions Llp - Company, Directors, Charges and Compliance ...",https://www.filesure.in/company/importech-solutions-llp/ACS-0654?tab=about,filesure.in,"""IMPORTECH SOLUTIONS LLP"" Nagpur",ImporTech Solutions - Advanced Pellet Manufacturer,https://machkart.com/companies/importech-solutions/,machkart.com,"""IMPORTECH SOLUTIONS LLP"" website",,,,
694392f7e4b03cb0541d1e01,SATYABHAMA VIHAR PRIVATE LIMITED,https://na,DNS_ERROR,CANDIDATES_FOUND,6,6,SATYABHAMA VIHAR PRIVATE LIMITED - CIN U42909MH2025PTC449547 | Company ...,https://paperli.ai/company/satyabhama-vihar-private-limited-U42909MH2025PTC449547,paperli.ai,"""SATYABHAMA VIHAR PRIVATE LIMITED"" Nagpur",SATYABHAMA VIHAR PRIVATE LIMITED | U42909MH2025PTC449547 - IndiaFilings,https://www.indiafilings.com/search/satyabhama-vihar-private-limited-cin-U42909MH2025PTC449547,indiafilings.com,"""SATYABHAMA VIHAR PRIVATE LIMITED"" Nagpur",SATYABHAMA VIHAR PRIVATE LIMITED MCA Company Search to Check Company ...,https://www.mastersindia.co/mca-company-detail/?cname=SATYABHAMA-VIHAR-PRIVATE-LIMITED/U42909MH2025PTC449547,mastersindia.co,"""SATYABHAMA VIHAR PRIVATE LIMITED"" Nagpur",,,,,,,,
693fc50ae4b03cb0541bd5ae,RAGHUVANT BUILDCON PRIVATE LIMITED,https://NIL,DNS_ERROR,CANDIDATES_FOUND,6,6,"RAGHUVANT BUILDCON PRIVATE LIMITED, CIN, address, business and website",https://companies.dubleu.co/company/raghuvant-buildcon-private-limited-U42909MH2025PTC462156,companies.dubleu.co,"""RAGHUVANT BUILDCON PRIVATE LIMITED"" Nagpur",Delve-in | Company data | Director data,https://www.delvein.in/company/RAGHUVANT-BUILDCON-PRIVATE-LIMITED/U42909MH2025PTC462156,delvein.in,"""RAGHUVANT BUILDCON PRIVATE LIMITED"" Nagpur",,,,,,,,,,,,
693d5ad5e4b03cb0541b5c03,VISTAR FIBERLUX TECHNOLOGIES LLP,https://NA,DNS_ERROR,CANDIDATES_FOUND,6,6,VISTAR FIBERLUX TECHNOLOGIES LLP -IndiaFilings,https://www.indiafilings.com/search/vistar-fiberlux-technologies-llp-ACQ-6723,indiafilings.com,"""VISTAR FIBERLUX TECHNOLOGIES LLP"" Nagpur",SUBHENDU SHRIKANT ROY - Director profile & MCA companies | Infyner,https://www.infyner.com/people-profile/subhendu-shrikant-roy/02696097,infyner.com,"""VISTAR FIBERLUX TECHNOLOGIES LLP"" Nagpur",,,,,,,,,,,,
693c1922e4b03cb0541b0f83,ENRICH GLOBAL XPORT,https://NA,DNS_ERROR,CANDIDATES_FOUND,2,2,ENRICH GLOBAL XPORT - GST Details,https://gst.unifers.ai/gst/27AAJFE9157B1ZD/enrich-global-xport,gst.unifers.ai,"""ENRICH GLOBAL XPORT"" Nagpur",Company Overview - ENRICH GLOBAL XPORT,https://in1343337952nwrg.trustpass.alibaba.com/company_profile.html,in1343337952nwrg.trustpass.alibaba.com,"""ENRICH GLOBAL XPORT"" Nagpur",Enrich Global Xport - Prabhu Purnima Appt Nelco Housing ... - ImportYeti,https://www.importyeti.com/supplier/enrich-global-xport,importyeti.com,"""ENRICH GLOBAL XPORT"" Nagpur",ENRICH GLOBAL XPORT | Import Data | Export Data | Customs Data | NBD ...,https://en.nbd.ltd/trader/info/NBDX2H173032333,en.nbd.ltd,"""ENRICH GLOBAL XPORT"" website",ENRICH GLOBAL XPORT | Global Importers and Exporters Directory | TradeDaas,https://www.tradedaas.com/GlobalEnterprise/India/7774913521283113.html,tradedaas.com,"""ENRICH GLOBAL XPORT"" website"
69300a55e4b03cb05417cafd,MAA AMBIKA TRADING LLP,https://na,DNS_ERROR,CANDIDATES_FOUND,6,6,MAA AMBIKA TRADING LLP | CIN ACS-9043 | Company Details - FindoCorp,https://findocorp.com/company/ACS-9043/maa-ambika-trading-llp,findocorp.com,"""MAA AMBIKA TRADING LLP"" Nagpur","Maa Ambika Trading Llp - Company, Directors, Charges and Compliance ...",https://www.filesure.in/company/maa-ambika-trading-llp/ACS-9043?tab=about,filesure.in,"""MAA AMBIKA TRADING LLP"" Nagpur",Maa Ambika Trading Llp company has vacancy of Pharmacy Sales Associate ...,https://www.workindia.in/jobs/pharmacy_sales_associate-pratap_nagar-nagpur-9220624/,workindia.in,"""MAA AMBIKA TRADING LLP"" Nagpur",,,,,,,,
692eb47fe4b03cb0541761f9,ANJANA GLOBEL PRIVATE LIMITED,https://NA,DNS_ERROR,NO_CANDIDATES,6,0,,,,,,,,,,,,,,,,,,,,
692ac9dde4b03cb05416673a,YANTRIFY TECHNOLOGIES PRIVATE LIMITED,https://NA,DNS_ERROR,CANDIDATES_FOUND,2,2,YANTRIFY TECHNOLOGIES PRIVATE LIMITED Company Profile | Nagpur ...,https://www.dnb.com/business-directory/company-profiles.yantrify_technologies_private_limited.53d6fad66aaf8275e4db10942e45e23d.html,dnb.com,"""YANTRIFY TECHNOLOGIES PRIVATE LIMITED"" Nagpur",YANTRIFY TECHNOLOGIES PRIVATE LIMITED - IndiaFilings,https://www.indiafilings.com/search/yantrify-technologies-private-limited-cin-U26100MH2025PTC444024,indiafilings.com,"""YANTRIFY TECHNOLOGIES PRIVATE LIMITED"" Nagpur",Yantrify Technologies Private Limited | Company Details,https://www.allindiaitr.com/company/yantrify-technologies-private-limited/U26100MH2025PTC444024,allindiaitr.com,"""YANTRIFY TECHNOLOGIES PRIVATE LIMITED"" Nagpur",YANTRIFY TECHNOLOGIES PRIVATE LIMITED - filesure.in,https://www.filesure.in/company/yantrify-technologies-private-limited/U26100MH2025PTC444024?tab=about,filesure.in,"""YANTRIFY TECHNOLOGIES PRIVATE LIMITED"" Nagpur",YANTRIFY TECHNOLOGIES PRIVATE LIMITED - paperli.ai,https://paperli.ai/company/yantrify-technologies-private-limited-U26100MH2025PTC444024,paperli.ai,"""YANTRIFY TECHNOLOGIES PRIVATE LIMITED"" website"
6927f00de4b03cb05415714a,GREEN BITE FOOD SERVICE PRIVATE LIMITED,https://NA,DNS_ERROR,CANDIDATES_FOUND,6,6,GREEN BITE FOOD SERVICE PRIVATE LIMITED Company Profile | Nagpur ...,https://www.dnb.com/business-directory/company-profiles.green_bite_food_service_private_limited.02e38bc55d9dcf00f25c705af2d88ba7.html,dnb.com,"""GREEN BITE FOOD SERVICE PRIVATE LIMITED"" Nagpur",GREEN BITE FOOD SERVICE PRIVATE LIMITED - filesure.in,https://www.filesure.in/company/green-bite-food-service-private-limited/U56290PN2025PTC245401?tab=about,filesure.in,"""GREEN BITE FOOD SERVICE PRIVATE LIMITED"" Nagpur",GREEN BITE FOOD SERVICE PRIVATE LIMITED - IndiaFilings,https://www.indiafilings.com/search/green-bite-food-service-private-limited-cin-U56290PN2025PTC245401,indiafilings.com,"""GREEN BITE FOOD SERVICE PRIVATE LIMITED"" Nagpur",,,,,,,,
6926c779e4b03cb054152588,KALLSAIT WYAPAAR PRIVATE LIMITED,https://NA,DNS_ERROR,CANDIDATES_FOUND,6,3,KALLSAIT WYAPAAR PRIVATE LIMITED - credhive.in,https://www.credhive.in/ind/corporate/U52290MH2025PTC453962/KALLSAIT%2525252520WYAPAAR%2525252520PRIVATE%2525252520LIMITED/overview,credhive.in,"""KALLSAIT WYAPAAR PRIVATE LIMITED"" website",,,,,,,,,,,,,,,,
69245246e4b03cb054148330,VAT VRIKSH CONSTRUCTIONS PRIVATE LIMITED,https://www.vatvrikshconstructions.com,DNS_ERROR,CANDIDATES_FOUND,1,1,VAT VRIKSH CONSTRUCTIONS PRIVATE LIMITED - filesure.in,https://www.filesure.in/company/vat-vriksh-constructions-private-limited/U78100MH2025PTC459043?tab=about,filesure.in,"""VAT VRIKSH CONSTRUCTIONS PRIVATE LIMITED"" Nagpur",VAT VRIKSH CONSTRUCTIONS PRIVATE LIMITED | CompFilings,https://compfilings.com/company/VAT-VRIKSH-CONSTRUCTIONS-PRIVATE-LIMITED-U78100MH2025PTC459043,compfilings.com,"""VAT VRIKSH CONSTRUCTIONS PRIVATE LIMITED"" Nagpur",VAT VRIKSH CONSTRUCTIONS PRIVATE LIMITED - IndiaFilings,https://www.indiafilings.com/search/vat-vriksh-constructions-private-limited-cin-U78100MH2025PTC459043,indiafilings.com,"""VAT VRIKSH CONSTRUCTIONS PRIVATE LIMITED"" Nagpur",Vat Vriksh Constructions Private Limited,https://companies.dubleu.co/company/vat-vriksh-constructions-private-limited-U78100MH2025PTC459043,companies.dubleu.co,"""VAT VRIKSH CONSTRUCTIONS PRIVATE LIMITED"" Nagpur",VAT VRIKSH CONSTRUCTIONS PRIVATE LIMITED - paperli.ai,https://paperli.ai/company/vat-vriksh-constructions-private-limited-U78100MH2025PTC459043,paperli.ai,"""VAT VRIKSH CONSTRUCTIONS PRIVATE LIMITED"" Nagpur"
691c4fcee4b03cb054127df4,TFNXPRESS FOOD PRIVATE LIMITED,https://NA,DNS_ERROR,NO_CANDIDATES,6,0,,,,,,,,,,,,,,,,,,,,
691ac5bee4b07810ba1a4a5d,SANJIVEENI AGROSCIENCE LLP,https://NA,DNS_ERROR,CANDIDATES_FOUND,1,1,Sanjiveeni Agroscience Llp - Food And Beverage Supplier & Manufacturer ...,https://www.globallinker.com/seller/sanjiveeni-agroscience-llp,globallinker.com,"""SANJIVEENI AGROSCIENCE LLP"" Nagpur","SANJIVEENI AGROSCIENCE LLP - Company Details, Directors & Charges ...",https://scoobysys.in/company/SANJIVEENI-AGROSCIENCE-LLP-ACR-6743,scoobysys.in,"""SANJIVEENI AGROSCIENCE LLP"" Nagpur",SANJIVEENI AGROSCIENCE LLP (ACR-6743) - Company Profile | QorpIQ,https://qorpiq.com/company/sanjiveeni-agroscience-llp/ACR-6743,qorpiq.com,"""SANJIVEENI AGROSCIENCE LLP"" Nagpur",Sanjiveeni Agroscience Llp (27AFSFS8398L1ZM) - Know Your GST,https://www.knowyourgst.com/gst-number-search/sanjiveeni-agroscience-llp-27AFSFS8398L1ZM/,knowyourgst.com,"""SANJIVEENI AGROSCIENCE LLP"" Nagpur","Maize (Corn Kernels) - Yellow or White Kernels, Macronutrient Profile ...",https://glmall.linker.store/products/maize-corn-kernels-8582904,glmall.linker.store,"""SANJIVEENI AGROSCIENCE LLP"" Nagpur"
691578a0e4b07810ba18d3aa,PUROMED GLOBAL PRIVATE LIMITED,https://NA,DNS_ERROR,CANDIDATES_FOUND,6,6,Blood Pressure Medicine Trader - Wholesaler / Distributor | Puromed ...,https://www.puromedglobal.com/,puromedglobal.com,"""PUROMED GLOBAL PRIVATE LIMITED"" Nagpur",,,,,,,,,,,,,,,,
690d78aae4b07810ba1692fb,CANNAN CARBON PRIVATE LIMITED,https://NIL,DNS_ERROR,CANDIDATES_FOUND,1,1,"CANNAN CARBON PRIVATE LIMITED Company Profile | Nagpur, Maharashtra ...",https://www.dnb.com/business-directory/company-profiles.cannan_carbon_private_limited.1ffcc7ca5f9bb8ab8d10f5e9340ed648.html,dnb.com,"""CANNAN CARBON PRIVATE LIMITED"" Nagpur",CANNAN CARBON PRIVATE LIMITED - IndiaFilings,https://www.indiafilings.com/search/cannan-carbon-private-limited-cin-U46610MH2025PTC445753,indiafilings.com,"""CANNAN CARBON PRIVATE LIMITED"" Nagpur",CANNAN CARBON PRIVATE LIMITED MCA Profile | QorpIQ,https://qorpiq.com/company/cannan-carbon-private-limited/U46610MH2025PTC445753,qorpiq.com,"""CANNAN CARBON PRIVATE LIMITED"" Nagpur",CANNAN CARBON PRIVATE LIMITED - Company Profile | MasterData,https://masterdata.in/company/cannan_carbon_private_limited/U46610MH2025PTC445753,masterdata.in,"""CANNAN CARBON PRIVATE LIMITED"" Nagpur","Cannan Carbon Private Limited - Company, Directors, Charges and ...",https://www.filesure.in/company/cannan-carbon-private-limited/U46610MH2025PTC445753?tab=about,filesure.in,"""CANNAN CARBON PRIVATE LIMITED"" Nagpur"
6909d906e4b06dfd0cafc737,LEGENDARY GROWTH SOLUTIONS LLP,https://www.legendarygrowthsolutions.com,DNS_ERROR,CANDIDATES_FOUND,1,1,"LEGENDARY GROWTH SOLUTIONS LLP Company Profile | Nagpur, Maharashtra ...",https://www.dnb.com/business-directory/company-profiles.legendary_growth_solutions_llp.55b48d3d51754b710dde9996f6f0097f.html,dnb.com,"""LEGENDARY GROWTH SOLUTIONS LLP"" Nagpur","Legendary Growth Solutions Llp - Company, Directors, Charges and ...",https://www.filesure.in/company/legendary-growth-solutions-llp/ACD-2028,filesure.in,"""LEGENDARY GROWTH SOLUTIONS LLP"" Nagpur",Legendary Growth Solutions Llp | Company Details,https://www.allindiaitr.com/company/legendary-growth-solutions-llp/ACD-2028,allindiaitr.com,"""LEGENDARY GROWTH SOLUTIONS LLP"" Nagpur",LEGENDARY GROWTH SOLUTIONS LLP - MasterData,https://masterdata.in/company/legendary_growth_solutions_llp/ACD-2028,masterdata.in,"""LEGENDARY GROWTH SOLUTIONS LLP"" Nagpur",LEGENDARY GROWTH SOLUTIONS LLP — ACD-2028 | Stratix,https://stratix.solutions/company/ACD-2028/LEGENDARY-GROWTH-SOLUTIONS-LLP,stratix.solutions,"""LEGENDARY GROWTH SOLUTIONS LLP"" Nagpur"
69074069e4b06dfd0caef8ae,SHREE RR INFRA UDYOG PRIVATE LIMITED,https://NA,DNS_ERROR,CANDIDATES_FOUND,6,6,SHREE RR INFRA UDYOG PRIVATE LIMITED - filesure.in,https://www.filesure.in/company/shree-rr-infra-udyog-private-limited/U24311MH2025PTC454705?tab=about,filesure.in,"""SHREE RR INFRA UDYOG PRIVATE LIMITED"" Nagpur",SHREE RR INFRA UDYOG PRIVATE LIMITED - credhive.in,https://www.credhive.in/ind/corporate/U24311MH2025PTC454705/SHREE%20RR%20INFRA%20UDYOG%20PRIVATE%20LIMITED/overview,credhive.in,"""SHREE RR INFRA UDYOG PRIVATE LIMITED"" Nagpur",SHREE RR INFRA UDYOG PRIVATE LIMITED - paperli.ai,https://paperli.ai/company/shree-rr-infra-udyog-private-limited-U24311MH2025PTC454705,paperli.ai,"""SHREE RR INFRA UDYOG PRIVATE LIMITED"" Nagpur",,,,,,,,
6901f248e4b063a5bedcb252,GREENFARM BIO-SEED PRIVATE LIMITED,https://N/A,DNS_ERROR,NO_CANDIDATES,6,0,,,,,,,,,,,,,,,,,,,,
68f1cd0be4b063a5bed5dc10,SYNERGYBITS PRIVATE LIMITED,https://NA,DNS_ERROR,CANDIDATES_FOUND,1,1,SYNERGYBITS PRIVATE LIMITED - Company Details in Maharashtra - RegisterKaro,https://www.registerkaro.in/company/synergybits-private-limited-U62011MH2025PTC455837,registerkaro.in,"""SYNERGYBITS PRIVATE LIMITED"" Nagpur","SYNERGYBITS PRIVATE LIMITED - Company Info, CIN, Directors",https://buysellprivatelimited.com/company/synergybits-private-limited/U62011MH2025PTC455837,buysellprivatelimited.com,"""SYNERGYBITS PRIVATE LIMITED"" Nagpur","Synergybits Private Limited - Company, Directors, Charges and ...",https://www.filesure.in/company/synergybits-private-limited/U62011MH2025PTC455837?tab=about,filesure.in,"""SYNERGYBITS PRIVATE LIMITED"" Nagpur",SYNERGYBITS PRIVATE LIMITED - CIN U62011MH2025PTC455837 | Company ...,https://paperli.ai/company/synergybits-private-limited-U62011MH2025PTC455837,paperli.ai,"""SYNERGYBITS PRIVATE LIMITED"" Nagpur",SYNERGYBITS PRIVATE LIMITED - CompFilings,https://compfilings.com/company/SYNERGYBITS-PRIVATE-LIMITED-U62011MH2025PTC455837,compfilings.com,"""SYNERGYBITS PRIVATE LIMITED"" Nagpur"
68efde00e4b063a5bed53276,ERANIKH INDIA PRIVATE LIMITED,https://NA,DNS_ERROR,CANDIDATES_FOUND,2,2,"Eranikh India Private Limited - Company, Directors, Charges and ...",https://www.filesure.in/company/eranikh-india-private-limited/U46529PN2025PTC246862?tab=about,filesure.in,"""ERANIKH INDIA PRIVATE LIMITED"" Nagpur","ERANIKH INDIA PRIVATE LIMITED - Company Details, Directors & Charges ...",https://scoobysys.in/company/ERANIKH-INDIA-PRIVATE-LIMITED-U46529PN2025PTC246862,scoobysys.in,"""ERANIKH INDIA PRIVATE LIMITED"" Nagpur",ERANIKH INDIA PRIVATE LIMITED (U46529PN2025PTC246862) — Dir…,https://www.inspex.in/company/ERANIKH-INDIA-PRIVATE-LIMITED-U46529PN2025PTC246862,inspex.in,"""ERANIKH INDIA PRIVATE LIMITED"" Nagpur",Eranikh India Private Limited - 27AAJCE1826C1ZX - Maharashtra - Know ...,https://www.knowyourgst.com/gst-number-search/eranikh-india-private-limited-27AAJCE1826C1ZX/,knowyourgst.com,"""ERANIKH INDIA PRIVATE LIMITED"" Nagpur",Eranikh India Private Limited,https://www.globallinker.com/seller/eranikh-india-pvt-ltd,globallinker.com,"""ERANIKH INDIA PRIVATE LIMITED"" website"
68ea1e86e4b063a5bed2e88d,ROYALKUNJ CRAFTS PRIVATE LIMITED,https://NA,DNS_ERROR,NO_CANDIDATES,6,0,,,,,,,,,,,,,,,,,,,,
68e9e52ee4b063a5bed2cdd3,CARGOWAVE SHIPPING AND LOGISTICS PRIVATE LIMITED,https://NA,DNS_ERROR,NO_CANDIDATES,6,0,,,,,,,,,,,,,,,,,,,,
68e8edb4e4b063a5bed29076,NIRMAL POWER SERVICES PRIVATE LIMITED,https://NA,DNS_ERROR,CANDIDATES_FOUND,3,3,Nirmal Power Services Private Limited - U43210mh2024ptc424017,https://www.instafinancials.com/company/nirmal-power-services-private-limited-U43210MH2024PTC424017,instafinancials.com,"""NIRMAL POWER SERVICES PRIVATE LIMITED"" Nagpur",NIRMAL POWER SERVICES PRIVATE LIMITED - Vakilsearch,https://company.vakilsearch.com/nirmal-power-services-private-limited/U43210MH2024PTC424017,company.vakilsearch.com,"""NIRMAL POWER SERVICES PRIVATE LIMITED"" Nagpur",NIRMAL POWER SERVICES PRIVATE LIMITED - IndiaFilings,https://www.indiafilings.com/search/nirmal-power-services-private-limited-cin-U43210MH2024PTC424017,indiafilings.com,"""NIRMAL POWER SERVICES PRIVATE LIMITED"" Nagpur",Nirmal Power Services Private Limited | Company Details,https://www.allindiaitr.com/company/nirmal-power-services-private-limited/U43210MH2024PTC424017,allindiaitr.com,"""NIRMAL POWER SERVICES PRIVATE LIMITED"" website",Nirmal Power Services Private Limited - MyCorporateInfo,https://mycorporateinfo.com/business/nirmal-power-services-private-limited,mycorporateinfo.com,"""NIRMAL POWER SERVICES PRIVATE LIMITED"" official website"
68e74ae7e4b032c5c219ff13,M.SONS STEELTECH PRIVATE LIMITED,https://NA,DNS_ERROR,CANDIDATES_FOUND,6,6,M.SONS STEELTECH PRIVATE LIMITED | CompFilings,https://compfilings.com/company/M.SONS-STEELTECH-PRIVATE-LIMITED-U24311MH2025PTC456677,compfilings.com,"""M.SONS STEELTECH PRIVATE LIMITED"" Nagpur",,,,,,,,,,,,,,,,
68e3ac8de4b032c5c218dffb,GIAS LAB LLP,https://na,DNS_ERROR,CANDIDATES_FOUND,6,6,"GIAS LAB LLP - Company Details, Directors & Charges | Scooby Sys",https://scoobysys.in/company/GIAS-LAB-LLP-ACR-6872,scoobysys.in,"""GIAS LAB LLP"" Nagpur",GIAS LAB LLP (ACR-6872) - Company Profile | QorpIQ,https://qorpiq.com/company/gias-lab-llp/ACR-6872,qorpiq.com,"""GIAS LAB LLP"" Nagpur","Arshlan Ubedulla Siddiqui - Director Insights, Profile, and Associated ...",https://www.filesure.in/director/arshlan-ubedulla-siddiqui/11318780,filesure.in,"""GIAS LAB LLP"" India",,,,,,,,
68d68671e4b032c5c214e27f,FINEAURA AGRI AND BIOFUELS PRIVATE LIMITED,https://NA,DNS_ERROR,NO_CANDIDATES,6,0,,,,,,,,,,,,,,,,,,,,
68d5330ce4b032c5c2142192,DHANYA RAKSHA ANALYTICS PRIVATE LIMITED,https://N/A,DNS_ERROR,CANDIDATES_FOUND,6,6,Dhanya Raksha Analytics Private Limited,https://buysellprivatelimited.com/company/dhanya-raksha-analytics-private-limited/U58200MH2025PTC455477,buysellprivatelimited.com,"""DHANYA RAKSHA ANALYTICS PRIVATE LIMITED"" Nagpur",DHANYA RAKSHA ANALYTICS PRIVATE LIMITED - paperli.ai,https://paperli.ai/company/dhanya-raksha-analytics-private-limited-U58200MH2025PTC455477,paperli.ai,"""DHANYA RAKSHA ANALYTICS PRIVATE LIMITED"" Nagpur",DHANYA RAKSHA ANALYTICS PRIVATE LIMITED - filesure.in,https://www.filesure.in/company/dhanya-raksha-analytics-private-limited/U58200MH2025PTC455477?tab=about,filesure.in,"""DHANYA RAKSHA ANALYTICS PRIVATE LIMITED"" Nagpur",,,,,,,,
68d51b60e4b032c5c2140c9a,HAMSA TRADINGS,https://www.hamsatradings.com,DNS_ERROR,NO_CANDIDATES,6,0,,,,,,,,,,,,,,,,,,,,
68d3a3cde4b032c5c2133b50,ELEKTRABUILD ENGINEERING (OPC) PRIVATE LIMITED,https://NA,DNS_ERROR,NO_CANDIDATES,6,0,,,,,,,,,,,,,,,,,,,,
68cd389ee4b032c5c21036d7,GREENTREADZ MOBILITY SOLUTIONS PRIVATE LIMITED,https://NA,DNS_ERROR,CANDIDATES_FOUND,6,1,GREENTREADZ MOBILITY SOLUTIONS… MCA Profile | QorpIQ,https://qorpiq.com/company/greentreadz-mobility-solutions-private-limited/U45200MH2025PTC457454,qorpiq.com,"""GREENTREADZ MOBILITY SOLUTIONS PRIVATE LIMITED"" Nagpur",Greentreadz Mobility Solutions Private Limited,https://www.registerkaro.in/company/greentreadz-mobility-solutions-private-limited-U45200MH2025PTC457454,registerkaro.in,"""GREENTREADZ MOBILITY SOLUTIONS PRIVATE LIMITED"" Nagpur",Greentreadz Mobility Solutions Private Limited,https://www.filesure.in/company/greentreadz-mobility-solutions-private-limited/U45200MH2025PTC457454?tab=about,filesure.in,"""GREENTREADZ MOBILITY SOLUTIONS PRIVATE LIMITED"" Nagpur",ABHIJEET LADEKAR | Director | DIN 10933591 - IndiaFilings,https://www.indiafilings.com/search/abhijeet-ladekar-din-10933591,indiafilings.com,"""GREENTREADZ MOBILITY SOLUTIONS PRIVATE LIMITED"" Nagpur",,,,
68cb8df8e4b06315917c3d74,ARKANGELS OVERSEAS PRIVATE LIMITED,https://NA,DNS_ERROR,NO_CANDIDATES,6,0,,,,,,,,,,,,,,,,,,,,
68ca4392e4b032bcb0bfe17b,LVGR WELLNESS PRIVATE LIMITED,https://www.livegracious.co.in,DNS_ERROR,CANDIDATES_FOUND,1,1,"LVGR WELLNESS PRIVATE LIMITED - Company Info, CIN, Directors",https://buysellprivatelimited.com/company/lvgr-wellness-private-limited/U62090MH2025PTC440475,buysellprivatelimited.com,"""LVGR WELLNESS PRIVATE LIMITED"" Nagpur","Lvgr Wellness Private Limited - Company, Directors, Charges and ...",https://www.filesure.in/company/lvgr-wellness-private-limited/U62090MH2025PTC440475?tab=about,filesure.in,"""LVGR WELLNESS PRIVATE LIMITED"" Nagpur",LVGR WELLNESS PRIVATE LIMITED - IndiaFilings,https://www.indiafilings.com/search/lvgr-wellness-private-limited-cin-U62090MH2025PTC440475,indiafilings.com,"""LVGR WELLNESS PRIVATE LIMITED"" Nagpur",Lvgr Wellness Private Limited | Company Details,https://www.allindiaitr.com/company/lvgr-wellness-private-limited/U62090MH2025PTC440475,allindiaitr.com,"""LVGR WELLNESS PRIVATE LIMITED"" Nagpur",Lvgr Wellness Private Limited (U62090MH2025PTC440475) — Maharashtra ...,https://corpintel.io/LVGR-WELLNESS-PRIVATE-LIMITED-U62090MH2025PTC440475,corpintel.io,"""LVGR WELLNESS PRIVATE LIMITED"" Nagpur"
68c54233e4b097271d4a006e,STANC ENTERTAINMENT LLP,https://NA,DNS_ERROR,CANDIDATES_FOUND,6,6,STANC ENTERTAINMENT LLP MCA Profile | QorpIQ,https://qorpiq.com/company/stanc-entertainment-llp/ACN-4567,qorpiq.com,"""STANC ENTERTAINMENT LLP"" Nagpur","Stanc Entertainment Llp - Company, Directors, Charges and Compliance ...",https://www.filesure.in/company/stanc-entertainment-llp/ACN-4567?tab=about,filesure.in,"""STANC ENTERTAINMENT LLP"" Nagpur",,,,,,,,,,,,
68c26cb9e4b0dfd7e6e7ab3e,TELECARE SERVICES,https://telecareservices.com,DNS_ERROR,CANDIDATES_FOUND,1,1,Telecare Services in Nagpur - hellonagpur.com,https://hellonagpur.com/Telecare-Services-in-Nagpur/HN17918,hellonagpur.com,"""TELECARE SERVICES"" Nagpur",Telecare Services in the city Nagpur,https://in.worldorgs.com/catalog/nagpur/home-health-care-service/telecare-services,in.worldorgs.com,"""TELECARE SERVICES"" Nagpur","TELECARE SERVICES Company Profile | Nagpur, Maharashtra, India ...",https://www.dnb.com/business-directory/company-profiles.telecare_services.3d508a8eaf1baa3a4a288e7cc34b7eca.html,dnb.com,"""TELECARE SERVICES"" Nagpur","TELECARE SERVICES, Nagpur, Service Provider of Lan Networking,Video ...",https://www.bizzporto.com/TELECARE_SERVICES,bizzporto.com,"""TELECARE SERVICES"" Nagpur","Telecare Services in Nagpur Urban, Mobile Telephony, Radio Messaging ...",https://local.infobel.in/IN100628281-07122452526/telecare_services-nagpur_urban.html,local.infobel.in,"""TELECARE SERVICES"" Nagpur"
68be8f24e4b0c6365be10e0e,ACCURATE CONFORMITY AND TESTING PRIVATE LIMITED,https://NA,DNS_ERROR,CANDIDATES_FOUND,6,6,Accurate Conformity and Testing Private Limited,https://www.registerkaro.in/company/accurate-conformity-and-testing-private-limited-U70200MH2025PTC455159,registerkaro.in,"""ACCURATE CONFORMITY AND TESTING PRIVATE LIMITED"" Nagpur",Accurate Conformity and Testing Private Limited,https://buysellprivatelimited.com/company/accurate-conformity-and-testing-private-limited/U70200MH2025PTC455159,buysellprivatelimited.com,"""ACCURATE CONFORMITY AND TESTING PRIVATE LIMITED"" Nagpur",Accurate Conformity and Testing Private Limited,https://scoobysys.in/company/ACCURATE-CONFORMITY-AND-TESTING-PRIVATE-LIMITED-U70200MH2025PTC455159,scoobysys.in,"""ACCURATE CONFORMITY AND TESTING PRIVATE LIMITED"" Nagpur",,,,,,,,
68b7cddfe4b0c6365bddd502,HARIBASANTI ENTERPRISES LLP,https://NA,DNS_ERROR,CANDIDATES_FOUND,6,4,HARIBASANTI ENTERPRISES LLP MCA Profile | QorpIQ,https://qorpiq.com/company/haribasanti-enterprises-llp/ACQ-8978,qorpiq.com,"""HARIBASANTI ENTERPRISES LLP"" Nagpur",,,,,,,,,,,,,,,,
68b6dee0e4b0c6365bdd8dbf,EXCELLWORLD RESTRO CLUB AND RESORTS PRIVATE LIMITED,https://N/A,DNS_ERROR,NO_CANDIDATES,6,0,,,,,,,,,,,,,,,,,,,,
68ac439ae4b021e0fa5f0346,AKASHGANGA AQUA TECH PRIVATE LIMITED,https://aquagenerators.in,DNS_ERROR,CANDIDATES_FOUND,6,6,AKASHGANGA AQUA TECH PRIVATE LIMITED - IndiaFilings,https://www.indiafilings.com/search/akashganga-aqua-tech-private-limited-cin-U11043MH2024PTC425542,indiafilings.com,"""AKASHGANGA AQUA TECH PRIVATE LIMITED"" Nagpur",AKASHGANGA AQUA TECH PRIVATE LIMITED - credhive.in,https://www.credhive.in/ind/corporate/U11043MH2024PTC425542/AKASHGANGA%20AQUA%20TECH%20PRIVATE%20LIMITED/overview,credhive.in,"""AKASHGANGA AQUA TECH PRIVATE LIMITED"" LinkedIn",AKASHGANGA AQUA TECH PRIVATE LIMITED - filesure.in,https://www.filesure.in/company/akashganga-aqua-tech-private-limited/U11043MH2024PTC425542?tab=about,filesure.in,"""AKASHGANGA AQUA TECH PRIVATE LIMITED"" LinkedIn",,,,,,,,
68ac21cde4b021e0fa5ebf3d,KAMY INDIA LLP,https://KAMY INDIA LLP,DNS_ERROR,CANDIDATES_FOUND,6,6,"Kamy India Llp - Company, Directors, Charges and Compliance details ...",https://www.filesure.in/company/kamy-india-llp/ACN-3783?tab=about,filesure.in,"""KAMY INDIA LLP"" Nagpur","KAMY INDIA LLP · OFFICE NO 703& 706 , NANIK ASHTVINAYAK ... - OpenCorpData",https://opencorpdata.com/lei/335800MBI5TZ1JQEHJ64,opencorpdata.com,"""KAMY INDIA LLP"" Nagpur",KAMY INDIA LLP - Register-LEI,https://register-lei.in/d/335800MBI5TZ1JQEHJ64/,register-lei.in,"""KAMY INDIA LLP"" Nagpur",Kamy India Llp - 27ABDFK6026E1ZJ - Maharashtra - Know Your GST,https://www.knowyourgst.com/gst-number-search/kamy-india-llp-27ABDFK6026E1ZJ/,knowyourgst.com,"""KAMY INDIA LLP"" website",,,,
68aad249e4b021e0fa5d63e1,SHAVREAL PHARMACEUTICALS PRIVATE LIMITED,https://NA,DNS_ERROR,CANDIDATES_FOUND,6,6,Shavreal Pharmaceuticals Private Limited,https://buysellprivatelimited.com/company/shavreal-pharmaceuticals-private-limited/U46497MH2025PTC450532,buysellprivatelimited.com,"""SHAVREAL PHARMACEUTICALS PRIVATE LIMITED"" Nagpur",SHAVREAL PHARMACEUTICALS PRIVATE LIMITED - inspex.in,https://www.inspex.in/company/SHAVREAL-PHARMACEUTICALS-PRIVATE-LIMITED-U46497MH2025PTC450532,inspex.in,"""SHAVREAL PHARMACEUTICALS PRIVATE LIMITED"" Nagpur","Shavreal Pharmaceuticals Private Limited - Company, Directors, Charges ...",https://www.filesure.in/company/shavreal-pharmaceuticals-private-limited/U46497MH2025PTC450532?tab=about,filesure.in,"""SHAVREAL PHARMACEUTICALS PRIVATE LIMITED"" Nagpur",Under Maintenance | Paperli.ai,https://paperli.ai/company/shavreal-pharmaceuticals-private-limited-U46497MH2025PTC450532,paperli.ai,"""SHAVREAL PHARMACEUTICALS PRIVATE LIMITED"" founder",,,,
68a9aebbe4b021e0fa5c4d9a,REACHOUT PLUS LLP,https://N/A,DNS_ERROR,CANDIDATES_FOUND,6,6,"Reachout Plus Llp - Company, Directors, Charges and Compliance details ...",https://www.filesure.in/company/reachout-plus-llp/ACM-7788?tab=about,filesure.in,"""REACHOUT PLUS LLP"" Nagpur",ZAIDULLAH KHAN SHIRAZI | Director | DIN 10568293 - IndiaFilings,https://www.indiafilings.com/search/zaidullah-khan-shirazi-din-10568293,indiafilings.com,"""REACHOUT PLUS LLP"" Nagpur",,,,,,,,,,,,
68a55f95e4b021e0fa565538,ERECTRON SOLUTION (OPC) PRIVATE LIMITED,https://NA,DNS_ERROR,NO_CANDIDATES,6,0,,,,,,,,,,,,,,,,,,,,
689b3734e4b0f62ba8a68839,MAHAPARVAT PRIVATE LIMITED,https://mahaparvat.com,DNS_ERROR,CANDIDATES_FOUND,6,1,"Mahaparvat Private Limited - Company, Directors, Charges and Compliance ...",https://www.filesure.in/company/mahaparvat-private-limited/U66300MH2025PTC450893?tab=about,filesure.in,"""MAHAPARVAT PRIVATE LIMITED"" LinkedIn",MAHAPARVAT PRIVATE LIMITED — U66300MH2025PTC450893 | Stratix,https://stratix.solutions/company/U66300MH2025PTC450893/MAHAPARVAT-PRIVATE-LIMITED,stratix.solutions,"""MAHAPARVAT PRIVATE LIMITED"" LinkedIn",MAHAPARVAT PRIVATE LIMITED MCA Company Search to Check Company Name ...,https://www.mastersindia.co/mca-company-detail/?cname=MAHAPARVAT-PRIVATE-LIMITED/U66300MH2025PTC450893,mastersindia.co,"""MAHAPARVAT PRIVATE LIMITED"" LinkedIn",,,,,,,,
689b0244e4b0f62ba8a61d2c,RUTUSAR BUILDER AND DEVELOPERS PRIVATE LIMITED,https://NIL,DNS_ERROR,NO_CANDIDATES,6,0,,,,,,,,,,,,,,,,,,,,
6899a9ade4b0f62ba8a4686f,ECONEST HOSPITALITY PRIVATE LIMITED,https://econesthospitality.com,DNS_ERROR,CANDIDATES_FOUND,6,6,"Econest Hospitality Private Limited - Company, Directors, Charges and ...",https://www.filesure.in/company/econest-hospitality-private-limited/U55101MH2025PTC451342?tab=about,filesure.in,"""ECONEST HOSPITALITY PRIVATE LIMITED"" Nagpur","ECONEST HOSPITALITY PRIVATE LIMITED - Company Info, CIN, Directors",https://buysellprivatelimited.com/company/econest-hospitality-private-limited/U55101MH2025PTC451342,buysellprivatelimited.com,"""ECONEST HOSPITALITY PRIVATE LIMITED"" Nagpur",Under Maintenance | Paperli.ai,https://paperli.ai/company/econest-hospitality-private-limited-U55101MH2025PTC451342,paperli.ai,"""ECONEST HOSPITALITY PRIVATE LIMITED"" Nagpur",,,,,,,,
68944ce9e4b043b22d2ef230,HUMONZ CLOTHING LLP,https://NA,DNS_ERROR,NO_CANDIDATES,6,0,,,,,,,,,,,,,,,,,,,,
68908ae0e4b043b22d2a3ac5,ELOHIM FILM PRODUCTION PRIVATE LIMITED,https://www.elohimfilmproduction.com,DNS_ERROR,CANDIDATES_FOUND,1,1,ELOHIM FILM PRODUCTION PRIVATE LIMITED Company Profile | Nagpur ...,https://www.dnb.com/business-directory/company-profiles.elohim_film_production_private_limited.8237587b95a6852d3e9ad46db87e82e1.html,dnb.com,"""ELOHIM FILM PRODUCTION PRIVATE LIMITED"" Nagpur",Elohim Film Production Private Limited | Company Details,https://www.allindiaitr.com/company/elohim-film-production-private-limited/U59112MH2023PTC413407,allindiaitr.com,"""ELOHIM FILM PRODUCTION PRIVATE LIMITED"" Nagpur",ELOHIM FILM PRODUCTION PRIVATE LIMITED - IndiaFilings,https://www.indiafilings.com/search/elohim-film-production-private-limited-cin-U59112MH2023PTC413407,indiafilings.com,"""ELOHIM FILM PRODUCTION PRIVATE LIMITED"" Nagpur",CIN Details | ELOHIM FILM PRODUCTION PRIVATE LIMITED,https://cin.iadv.io/ELOHIM-FILM-PRODUCTION-PRIVATE-LIMITED-U59112MH2023PTC413407/,cin.iadv.io,"""ELOHIM FILM PRODUCTION PRIVATE LIMITED"" Nagpur",Elohim Film Production Private Limited - U59112mh2023ptc413407,https://www.instafinancials.com/company/elohim-film-production-private-limited-U59112MH2023PTC413407/contact-us.html,instafinancials.com,"""ELOHIM FILM PRODUCTION PRIVATE LIMITED"" Nagpur"
688dc3b7e4b043b22d27fb69,FLUXION INNOVATION PRIVATE LIMITED,https://NA,DNS_ERROR,CANDIDATES_FOUND,1,1,FLUXION INNOVATION PRIVATE LIMITED - registerkaro.in,https://www.registerkaro.in/company/fluxion-innovation-private-limited-U62099MH2025PTC445371,registerkaro.in,"""FLUXION INNOVATION PRIVATE LIMITED"" Nagpur","FLUXION INNOVATION PRIVATE LIMITED - Company Info, CIN, Directors",https://buysellprivatelimited.com/company/fluxion-innovation-private-limited/U62099MH2025PTC445371,buysellprivatelimited.com,"""FLUXION INNOVATION PRIVATE LIMITED"" Nagpur","Fluxion Innovation Private Limited - Company, Directors, Charges and ...",https://www.filesure.in/company/fluxion-innovation-private-limited/U62099MH2025PTC445371,filesure.in,"""FLUXION INNOVATION PRIVATE LIMITED"" Nagpur",Fluxion Innovation Private Limited | CMD Register,https://mcamasterdata.com/company/FLUXION-INNOVATION-PRIVATE-LIMITED/U62099MH2025PTC445371,mcamasterdata.com,"""FLUXION INNOVATION PRIVATE LIMITED"" Nagpur",FLUXION INNOVATION PRIVATE LIMITED - IndiaFilings,https://www.indiafilings.com/search/fluxion-innovation-private-limited-cin-U62099MH2025PTC445371,indiafilings.com,"""FLUXION INNOVATION PRIVATE LIMITED"" Nagpur"
688dae9de4b043b22d27dd4a,DAMYANTI AGRICHEM SERVICES PRIVATE LIMITED,https://NA,DNS_ERROR,CANDIDATES_FOUND,2,2,DAMYANTI AGRICHEM SERVICES PRIVATE LIMITED Company Profile | Nagpur ...,https://www.dnb.com/business-directory/company-profiles.damyanti_agrichem_services_private_limited.bbcdb061c2feb057bfd6be3b907d718a.html,dnb.com,"""DAMYANTI AGRICHEM SERVICES PRIVATE LIMITED"" Nagpur",Damyanti Agrichem Services Private Limited - U10402mh2023ptc406626,https://www.instafinancials.com/company/damyanti-agrichem-services-private-limited-U10402MH2023PTC406626,instafinancials.com,"""DAMYANTI AGRICHEM SERVICES PRIVATE LIMITED"" Nagpur",Damyanti Agrichem Services Private Limited - corpintel.io,https://corpintel.io/DAMYANTI-AGRICHEM-SERVICES-PRIVATE-LIMITED-U10402MH2023PTC406626,corpintel.io,"""DAMYANTI AGRICHEM SERVICES PRIVATE LIMITED"" Nagpur",Damyanti Agrichem Services Private Limited,https://paperli.ai/company/damyanti-agrichem-services-private-limited-U10402MH2023PTC406626,paperli.ai,"""DAMYANTI AGRICHEM SERVICES PRIVATE LIMITED"" Nagpur",DAMYANTI AGRICHEM SERVICES PRIVATE LIMITED - QorpIQ,https://qorpiq.com/company/damyanti-agrichem-services-private-limited/U10402MH2023PTC406626,qorpiq.com,"""DAMYANTI AGRICHEM SERVICES PRIVATE LIMITED"" website"
688c6db7e4b043b22d26cbc5,HEALINGMONK LLP,https://NA,DNS_ERROR,NO_CANDIDATES,6,0,,,,,,,,,,,,,,,,,,,,
68822dcbe4b0861e7e7d1285,URJAAYAN PRIVATE LIMITED,https://not available,DNS_ERROR,CANDIDATES_FOUND,6,1,URJAAYAN PRIVATE LIMITED | U35105MH2025PTC439430 - IndiaFilings,https://www.indiafilings.com/search/urjaayan-private-limited-cin-U35105MH2025PTC439430,indiafilings.com,"""URJAAYAN PRIVATE LIMITED"" LinkedIn",URJAAYAN PRIVATE LIMITED MCA Profile | QorpIQ,https://qorpiq.com/company/urjaayan-private-limited/U35105MH2025PTC439430,qorpiq.com,"""URJAAYAN PRIVATE LIMITED"" LinkedIn",Urjaayan Private Limited (U35105MH2025PTC439430) — Maharashtra 2025,https://corpintel.io/URJAAYAN-PRIVATE-LIMITED-U35105MH2025PTC439430,corpintel.io,"""URJAAYAN PRIVATE LIMITED"" LinkedIn","URJAAYAN PRIVATE LIMITED - Company Info, CIN, Directors",https://buysellprivatelimited.com/company/urjaayan-private-limited/U35105MH2025PTC439430,buysellprivatelimited.com,"""URJAAYAN PRIVATE LIMITED"" LinkedIn",Urjaayan Private Limited - U35105mh2025ptc439430,https://www.instafinancials.com/company/urjaayan-private-limited-U35105MH2025PTC439430,instafinancials.com,"""URJAAYAN PRIVATE LIMITED"" LinkedIn"
6881f2a9e4b0861e7e7ca83a,SHAILNATH CONSULTING PRIVATE LIMITED,https://NA,DNS_ERROR,CANDIDATES_FOUND,1,1,Shailnath Consulting Private Limited - Company Check and Director ...,https://www.companyseekers.com/company/shailnath-consulting-private-limited/U62099MH2025PTC438679,companyseekers.com,"""SHAILNATH CONSULTING PRIVATE LIMITED"" Nagpur",Shailnath Consulting Private Limited - Company Check and Director ...,https://www.infyner.com/company/shailnath-consulting-private-limited/U62099MH2025PTC438679,infyner.com,"""SHAILNATH CONSULTING PRIVATE LIMITED"" Nagpur",Shailnath Consulting Private Limited | Company Details,https://www.allindiaitr.com/company/shailnath-consulting-private-limited/U62099MH2025PTC438679,allindiaitr.com,"""SHAILNATH CONSULTING PRIVATE LIMITED"" Nagpur",SHAILNATH CONSULTING PRIVATE LIMITED - qorpiq.com,https://qorpiq.com/company/shailnath-consulting-private-limited/U62099MH2025PTC438679,qorpiq.com,"""SHAILNATH CONSULTING PRIVATE LIMITED"" Nagpur",Shailnath Consulting Private Limited - U62099mh2025ptc438679,https://www.instafinancials.com/company/shailnath-consulting-private-limited-U62099MH2025PTC438679/company-overview,instafinancials.com,"""SHAILNATH CONSULTING PRIVATE LIMITED"" Nagpur"
687b9d0fe4b0861e7e76412f,EPPZI PHARMA PRIVATE LIMITED,https://NIL,DNS_ERROR,CANDIDATES_FOUND,6,4,EPPZI PHARMA PRIVATE LIMITED - IndiaFilings,https://www.indiafilings.com/search/eppzi-pharma-private-limited-cin-U21001MH2025PTC449244,indiafilings.com,"""EPPZI PHARMA PRIVATE LIMITED"" Nagpur",EPPZI PHARMA PRIVATE LIMITED MCA Profile | QorpIQ,https://qorpiq.com/company/eppzi-pharma-private-limited/U21001MH2025PTC449244,qorpiq.com,"""EPPZI PHARMA PRIVATE LIMITED"" Nagpur","Eppzi Pharma Private Limited - Company, Directors, Charges and ...",https://www.filesure.in/company/eppzi-pharma-private-limited/U21001MH2025PTC449244?tab=about,filesure.in,"""EPPZI PHARMA PRIVATE LIMITED"" Nagpur",EPPZI PHARMA PRIVATE LIMITED (U21001MH2025PTC449244) — Dire…,https://www.inspex.in/company/EPPZI-PHARMA-PRIVATE-LIMITED-U21001MH2025PTC449244,inspex.in,"""EPPZI PHARMA PRIVATE LIMITED"" India",,,,
6872ca0ae4b074eae6cef0dc,NIDRAZ PRIVATE LIMITED,https://www.nidraz.com,DNS_ERROR,CANDIDATES_FOUND,1,1,NIDRAZ PRIVATE LIMITED - U31005MH2023PTC408049 - InstaFinancials,https://www.instafinancials.com/company/nidraz-private-limited-U31005MH2023PTC408049,instafinancials.com,"""NIDRAZ PRIVATE LIMITED"" Nagpur",Nidraz Private Limited | Company Details | All India Itr,https://www.allindiaitr.com/company/nidraz-private-limited/U31005MH2023PTC408049,allindiaitr.com,"""NIDRAZ PRIVATE LIMITED"" Nagpur",NIDRAZ PRIVATE LIMITED - CIN U31005MH2023PTC408049 | Company Details ...,https://paperli.ai/company/nidraz-private-limited-U31005MH2023PTC408049,paperli.ai,"""NIDRAZ PRIVATE LIMITED"" Nagpur",NIDRAZ PRIVATE LIMITED - Company Profile | MasterData,https://www.masterdata.in/company/nidraz_private_limited/U31005MH2023PTC408049,masterdata.in,"""NIDRAZ PRIVATE LIMITED"" Nagpur","NIDRAZ PRIVATE LIMITED: Company Info, Directors, & Shareholdings | CorpVeda",https://corpveda.authbridge.com/company/nidraz-private-limited/U31005MH2023PTC408049,corpveda.authbridge.com,"""NIDRAZ PRIVATE LIMITED"" Nagpur"
6867b41fe4b0c1da35b600f5,FLORINEXT BIOSOLUTIONS LLP,https://NA,DNS_ERROR,CANDIDATES_FOUND,6,6,"Florinext Biosolutions Llp - Company, Directors, Charges and Compliance ...",https://www.filesure.in/company/florinext-biosolutions-llp/ACK-1218?tab=about,filesure.in,"""FLORINEXT BIOSOLUTIONS LLP"" Nagpur",Incubatees -,https://bionestdmiher.com/incubatees/,bionestdmiher.com,"""FLORINEXT BIOSOLUTIONS LLP"" Nagpur",PARITOSH BABURAO BALPANDE | DIN : 10329771 - IndiaFilings,https://www.indiafilings.com/search/paritosh-baburao-balpande-din-10329771,indiafilings.com,"""FLORINEXT BIOSOLUTIONS LLP"" Nagpur",,,,,,,,
68638055e4b06dfc4c9f717b,GROWSHINE MARKETING AND TRADING PRIVATE LIMITED,https://NA,DNS_ERROR,NO_CANDIDATES,6,0,,,,,,,,,,,,,,,,,,,,
68628800e4b06dfc4c9f38c6,IND D'SIN ENGG PRIVATE LIMITED,https://NA,DNS_ERROR,CANDIDATES_FOUND,6,6,IND D'SIN ENGG PRIVATE LIMITED MCA Profile | QorpIQ,https://qorpiq.com/company/ind-dsin-engg-private-limited/U24109MH2025PTC448387,qorpiq.com,"""IND D'SIN ENGG PRIVATE LIMITED"" Nagpur",IND D'SIN ENGG PRIVATE LIMITED - IndiaFilings,https://www.indiafilings.com/search/ind-dsin-engg-private-limited-cin-U24109MH2025PTC448387,indiafilings.com,"""IND D'SIN ENGG PRIVATE LIMITED"" Nagpur",IND D'SIN ENGG PRIVATE LIMITED - filesure.in,https://www.filesure.in/company/ind-d-sin-engg-private-limited/U24109MH2025PTC448387?tab=about,filesure.in,"""IND D'SIN ENGG PRIVATE LIMITED"" Nagpur",IND D'SIN ENGG PRIVATE LIMITED - Di… | inspex,https://www.inspex.in/company/IND-D-SIN-ENGG-PRIVATE-LIMITED-U24109MH2025PTC448387,inspex.in,"""IND D'SIN ENGG PRIVATE LIMITED"" Nagpur",,,,
685e70aae4b06dfc4c9e32be,DEFY LIMITS XTREME ADVENTURE SPORTS PRIVATE LIMITED,https://n/a,DNS_ERROR,CANDIDATES_FOUND,6,6,Defy Limits Xtreme Adventure Sports Private Limited,https://www.indiafilings.com/search/defy-limits-xtreme-adventure-sports-private-limited-cin-U93190MH2025PTC449580,indiafilings.com,"""DEFY LIMITS XTREME ADVENTURE SPORTS PRIVATE LIMITED"" Nagpur",Defy Limits Xtreme Adventure Sports Private Limited,https://www.filesure.in/company/defy-limits-xtreme-adventure-sports-private-limited/U93190MH2025PTC449580?tab=about,filesure.in,"""DEFY LIMITS XTREME ADVENTURE SPORTS PRIVATE LIMITED"" Nagpur",,,,,,,,,,,,
685e4ed4e4b06dfc4c9e22e3,AWSHIT LIFECARE PRIVATE LIMITED,https://awshitlifecare.com/,DNS_ERROR,CANDIDATES_FOUND,2,2,"AWSHIT LIFECARE PRIVATE LIMITED Company Profile | Nagpur, Maharashtra ...",https://www.dnb.com/business-directory/company-profiles.awshit_lifecare_private_limited.159b9540ad72c848f08e4f36559f218a.html,dnb.com,"""AWSHIT LIFECARE PRIVATE LIMITED"" Nagpur",AWSHIT LIFECARE PRIVATE LIMITED - registerkaro.in,https://www.registerkaro.in/company/awshit-lifecare-private-limited-U21001MH2025PTC446533,registerkaro.in,"""AWSHIT LIFECARE PRIVATE LIMITED"" Nagpur","Awshit Lifecare Private Limited - Company, Directors, Charges and ...",https://www.filesure.in/company/awshit-lifecare-private-limited/U21001MH2025PTC446533?tab=about,filesure.in,"""AWSHIT LIFECARE PRIVATE LIMITED"" Nagpur",Awshit Lifecare Private Limited (U21001MH2025PTC446533) — Maharashtra ...,https://corpintel.io/AWSHIT-LIFECARE-PRIVATE-LIMITED-U21001MH2025PTC446533,corpintel.io,"""AWSHIT LIFECARE PRIVATE LIMITED"" Nagpur",AWSHIT LIFECARE PRIVATE LIMITED - IndiaFilings,https://www.indiafilings.com/search/awshit-lifecare-private-limited-cin-U21001MH2025PTC446533,indiafilings.com,"""AWSHIT LIFECARE PRIVATE LIMITED"" website"
685d31f1e4b091a0bbf4de78,VIRAAJ PAINTS AND COATING PRIVATE LIMITED,https://na,DNS_ERROR,CANDIDATES_FOUND,1,1,Viraaj Paints And Coating Private Limited - filesure.in,https://www.filesure.in/company/viraaj-paints-and-coating-private-limited/U20221PN2025PTC239971,filesure.in,"""VIRAAJ PAINTS AND COATING PRIVATE LIMITED"" Nagpur",Viraaj Paints and Coating Private Limited,https://buysellprivatelimited.com/company/viraaj-paints-and-coating-private-limited/U20221PN2025PTC239971,buysellprivatelimited.com,"""VIRAAJ PAINTS AND COATING PRIVATE LIMITED"" Nagpur",Viraaj Paints And Coating Private Limited | Company Details,https://www.allindiaitr.com/company/viraaj-paints-and-coating-private-limited/U20221PN2025PTC239971,allindiaitr.com,"""VIRAAJ PAINTS AND COATING PRIVATE LIMITED"" Nagpur",Viraaj Paints And Coating Private Limited,https://corpintel.io/VIRAAJ-PAINTS-AND-COATING-PRIVATE-LIMITED-U20221PN2025PTC239971,corpintel.io,"""VIRAAJ PAINTS AND COATING PRIVATE LIMITED"" Nagpur",VIRAAJ PAINTS AND COATING PRIVATE LIMITED - IndiaFilings,https://www.indiafilings.com/search/viraaj-paints-and-coating-private-limited-cin-U20221PN2025PTC239971,indiafilings.com,"""VIRAAJ PAINTS AND COATING PRIVATE LIMITED"" Nagpur"
6852d5eee4b04240c52b8b0a,EVOLVEEQ TECH SOLUTIONS PRIVATE LIMITED,https://evolveeq.in,DNS_ERROR,NO_CANDIDATES,6,0,,,,,,,,,,,,,,,,,,,,
685292b5e4b04240c52b6fa1,GITAMRI ENTERPRISE PRIVATE LIMITED,https://na,DNS_ERROR,CANDIDATES_FOUND,6,6,GITAMRI ENTERPRISE PRIVATE LIMITED | U46300MH2025PTC448464 - IndiaFilings,https://www.indiafilings.com/search/gitamri-enterprise-private-limited-cin-U46300MH2025PTC448464,indiafilings.com,"""GITAMRI ENTERPRISE PRIVATE LIMITED"" Nagpur","Amit Kumar Sanjay Sharma - Director Insights, Profile, and Associated ...",https://www.filesure.in/director/amit-kumar-sanjay-sharma/11109793,filesure.in,"""GITAMRI ENTERPRISE PRIVATE LIMITED"" official website",,,,,,,,,,,,
684fa378e4b04240c52a946e,SAFEWRAP INDUSTRIES,https://SAFEWRAP INDUSTRIES,DNS_ERROR,CANDIDATES_FOUND,6,6,"SAFEWRAP INDUSTRIES Company Profile | Nagpur, Maharashtra | Competitors ...",https://www.dnb.com/business-directory/company-profiles.safewrap_industries.2694f970b8fde721b8fd5d14bdff4061.html,dnb.com,"""SAFEWRAP INDUSTRIES"" Nagpur",Safewrap Industries - 27AEYFS4465D1ZF - Maharashtra - Know Your GST,https://www.knowyourgst.com/gst-number-search/safewrap-industries-27AEYFS4465D1ZF/,knowyourgst.com,"""SAFEWRAP INDUSTRIES"" Nagpur",How Can Manufacturers Ensure Safety in Machine Pallet Wrapping Operations?,https://www.integrated-info.com/machinery-how-can-manufacturers-ensure-safety-in-machine-pallet-wrapping-operations.html,integrated-info.com,"""SAFEWRAP INDUSTRIES"" LinkedIn",,,,,,,,
684d2b46e4b04240c52a32b2,DOZEN DIAMONDS INDIA PRIVATE LIMITED,https://www.dozendiamonds.com,DNS_ERROR,CANDIDATES_FOUND,2,2,Dozen Diamonds India Private Limited - U62099mh2023ptc401121,https://www.instafinancials.com/company/dozen-diamonds-india-private-limited-U62099MH2023PTC401121,instafinancials.com,"""DOZEN DIAMONDS INDIA PRIVATE LIMITED"" Nagpur",DOZEN DIAMONDS INDIA PRIVATE LIMITED - Dun & Bradstreet,https://www.dnb.com/business-directory/company-profiles.dozen_diamonds_india_private_limited.6c5d58c8c0547fe7e8b48979ad8ca4a9.html,dnb.com,"""DOZEN DIAMONDS INDIA PRIVATE LIMITED"" Nagpur",Dozen Diamonds India Private Limited (U64990MH2023PTC401121 ...,https://corpintel.io/DOZEN-DIAMONDS-INDIA-PRIVATE-LIMITED-U64990MH2023PTC401121,corpintel.io,"""DOZEN DIAMONDS INDIA PRIVATE LIMITED"" Nagpur",DOZEN DIAMONDS INDIA PRIVATE LIMITED - algotest.in,https://algotest.in/tools/research-analysts/INH000023889,algotest.in,"""DOZEN DIAMONDS INDIA PRIVATE LIMITED"" Nagpur",Dozen Diamonds India Private Limited | Company Details,https://www.allindiaitr.com/company/dozen-diamonds-india-private-limited/U62099MH2023PTC401121,allindiaitr.com,"""DOZEN DIAMONDS INDIA PRIVATE LIMITED"" website"
684ae583e4b04240c529b1a6,TECHVANCE INNOVATIONS PRIVATE LIMITED,https://TechvanceInnovations.com,DNS_ERROR,CANDIDATES_FOUND,1,1,Techvance Innovations Private Limited,https://buysellprivatelimited.com/company/techvance-innovations-private-limited/U62020MH2024PTC420922,buysellprivatelimited.com,"""TECHVANCE INNOVATIONS PRIVATE LIMITED"" Nagpur",Techvance Innovations Private Limited - Company and Directors Details,https://companydetails.co.in/company/techvance-innovations-private-limited/U62020MH2024PTC420922,companydetails.co.in,"""TECHVANCE INNOVATIONS PRIVATE LIMITED"" Nagpur",Techvance Innovations Private Limited | Company Details,https://www.allindiaitr.com/company/techvance-innovations-private-limited/U62020MH2024PTC420922,allindiaitr.com,"""TECHVANCE INNOVATIONS PRIVATE LIMITED"" Nagpur",TECHVANCE INNOVATIONS PRIVATE LIMITED - zauba.company,https://zauba.company/company/techvance_innovations_private_limited/U62020MH2024PTC420922,zauba.company,"""TECHVANCE INNOVATIONS PRIVATE LIMITED"" Nagpur",Techvance Innovations Private Limited - Detailed Company Information ...,https://mycorporateinfo.com/business/techvance-innovations-private-limited,mycorporateinfo.com,"""TECHVANCE INNOVATIONS PRIVATE LIMITED"" Nagpur"
684abfaae4b04240c529a563,CYBERFLUX ENTERPRISES PRIVATE LIMITED,https://CYBERFLUX ENTERPRISES PRIVATE LIMITED,DNS_ERROR,CANDIDATES_FOUND,3,3,"CYBERFLUX ENTERPRISES - Business in Nagpur, Maharashtra | Beezinfo",https://beezinfo.com/business/CYBERFLUX_ENTERPRISES_3809,beezinfo.com,"""CYBERFLUX ENTERPRISES PRIVATE LIMITED"" Nagpur",Cyberflux Enterprises Private Limited - U32403mh2023ptc408214,https://www.instafinancials.com/company/cyberflux-enterprises-private-limited-U32403MH2023PTC408214,instafinancials.com,"""CYBERFLUX ENTERPRISES PRIVATE LIMITED"" Nagpur",Cyberflux Enterprisesprivatelimited - U32403MH2023PTC408214 - Vakilsearch,https://company.vakilsearch.com/CYBERFLUX-ENTERPRISESPRIVATELIMITED/U32403MH2023PTC408214,company.vakilsearch.com,"""CYBERFLUX ENTERPRISES PRIVATE LIMITED"" Nagpur",CYBERFLUX ENTERPRISES PRIVATE LIMITED - IndiaFilings,https://www.indiafilings.com/search/cyberflux-enterprises-private-limited-cin-U32403MH2023PTC408214,indiafilings.com,"""CYBERFLUX ENTERPRISES PRIVATE LIMITED"" website",CIN Details | CYBERFLUX ENTERPRISES PRIVATE LIMITED,https://cin.iadv.io/CYBERFLUX-ENTERPRISES-PRIVATE-LIMITED-U32403MH2023PTC408214/,cin.iadv.io,"""CYBERFLUX ENTERPRISES PRIVATE LIMITED"" official website"
684a81e0e4b04240c529868b,TERRATHRIVE INDIA LLP,https://NA,DNS_ERROR,CANDIDATES_FOUND,6,6,TerraThrive - Rooted in India. Reaching the World.,https://terrathriveindia.com/,terrathriveindia.com,"""TERRATHRIVE INDIA LLP"" Nagpur",TERRATHRIVE INDIA LLP | ACO-7037 -IndiaFilings,https://www.indiafilings.com/search/terrathrive-india-llp-ACO-7037,indiafilings.com,"""TERRATHRIVE INDIA LLP"" Nagpur","TERRATHRIVE INDIA LLP - Profile, Directors & Revenue | MasterData",https://masterdata.in/company/terrathrive_india_llp/ACO-7037,masterdata.in,"""TERRATHRIVE INDIA LLP"" Nagpur",,,,,,,,
68495cc9e4b0a122c128f78a,DARSAM INSURANCE MARKETING PRIVATE LIMITED,https://NA,DNS_ERROR,CANDIDATES_FOUND,6,4,Darsam Insurance Marketing Private Limited - corpintel.io,https://corpintel.io/DARSAM-INSURANCE-MARKETING-PRIVATE-LIMITED-U65110MH2023PTC407774,corpintel.io,"""DARSAM INSURANCE MARKETING PRIVATE LIMITED"" Nagpur",Insurance Marketing Firm 31.03,https://www.sbilife.co.in/documents/20118/21708687/BANCASSURANCE+as+on+30.04.2026.pdf/3dd33aab-9e51-8207-8add-3a2d00495b9c?version=1.0&t=1779101041740&download=true,sbilife.co.in,"""DARSAM INSURANCE MARKETING PRIVATE LIMITED"" Nagpur",PRATIBHA DHAMMADEEP GAJBE - 8394307 Director Info | MyCorporateInfo,https://mycorporateinfo.com/director/pratibha-dhammadeep-gajbe-8394307,mycorporateinfo.com,"""DARSAM INSURANCE MARKETING PRIVATE LIMITED"" Nagpur",,,,,,,,
6842e229e4b0725998bd6caa,SUNPOWER DYNAMICS PRIVATE LIMITED,https://www.sunpowerdynamics.com,DNS_ERROR,CANDIDATES_FOUND,1,1,"SUNPOWER DYNAMICS PRIVATE LIMITED Company Profile | Nagpur, Maharashtra ...",https://www.dnb.com/business-directory/company-profiles.sunpower_dynamics_private_limited.3224f7ef383fe146d93d69c20a690922.html,dnb.com,"""SUNPOWER DYNAMICS PRIVATE LIMITED"" Nagpur",Sunpower Dynamics Private Limited | Company Details,https://www.allindiaitr.com/company/sunpower-dynamics-private-limited/U35105MH2024PTC437010,allindiaitr.com,"""SUNPOWER DYNAMICS PRIVATE LIMITED"" Nagpur",SUNPOWER DYNAMICS PRIVATE LIMITED - credhive.in,https://www.credhive.in/ind/corporate/U35105MH2024PTC437010/SUNPOWER%2520DYNAMICS%2520PRIVATE%2520LIMITED/overview,credhive.in,"""SUNPOWER DYNAMICS PRIVATE LIMITED"" Nagpur","Sunpower Dynamics Private Limited - Company, Directors, Charges and ...",https://www.filesure.in/company/sunpower-dynamics-private-limited/U35105MH2024PTC437010?tab=about,filesure.in,"""SUNPOWER DYNAMICS PRIVATE LIMITED"" Nagpur",SUNPOWER DYNAMICS PRIVATE LIMITED | U35105MH2024PTC437010 - IndiaFilings,https://www.indiafilings.com/search/sunpower-dynamics-private-limited-cin-U35105MH2024PTC437010,indiafilings.com,"""SUNPOWER DYNAMICS PRIVATE LIMITED"" Nagpur"
68403d2be4b0c230967dea43,MIHIR INSTITUTIONS PRIVATE LIMITED,https://nil,DNS_ERROR,CANDIDATES_FOUND,1,1,"Mihir Institutions Private Limited - Company, Directors, Charges and ...",https://www.filesure.in/company/mihir-institutions-private-limited/U85500MH2025PTC446846?tab=about,filesure.in,"""MIHIR INSTITUTIONS PRIVATE LIMITED"" Nagpur",MIHIR INSTITUTIONS PRIVATE LIMITED - IndiaFilings,https://www.indiafilings.com/search/mihir-institutions-private-limited-cin-U85500MH2025PTC446846,indiafilings.com,"""MIHIR INSTITUTIONS PRIVATE LIMITED"" Nagpur","MIHIR INSTITUTIONS PRIVATE LIMITED - Company Info, CIN, Directors",https://buysellprivatelimited.com/company/mihir-institutions-private-limited/U85500MH2025PTC446846,buysellprivatelimited.com,"""MIHIR INSTITUTIONS PRIVATE LIMITED"" Nagpur",Mihir Institutions Private Limited (U85500MH2025PTC446846 ...,https://corpintel.io/MIHIR-INSTITUTIONS-PRIVATE-LIMITED-U85500MH2025PTC446846,corpintel.io,"""MIHIR INSTITUTIONS PRIVATE LIMITED"" Nagpur",MIHIR INSTITUTIONS PRIVATE LIMITED - qorpiq.com,https://qorpiq.com/company/mihir-institutions-private-limited/U85500MH2025PTC446846,qorpiq.com,"""MIHIR INSTITUTIONS PRIVATE LIMITED"" Nagpur"
6839bfdce4b020f36eebd4d8,ASHTMARG SOLUTIONS PRIVATE LIMITED,https://www.ashtmargsolutoins.com,DNS_ERROR,NO_CANDIDATES,6,0,,,,,,,,,,,,,,,,,,,,
68385307e4b029850b96cf61,SAMYRA IMPEX PRIVATE LIMITED,https://na,DNS_ERROR,CANDIDATES_FOUND,3,3,"SAMYRA IMPEX PRIVATE LIMITED Company Profile | Nagpur, Maharashtra ...",https://www.dnb.com/business-directory/company-profiles.samyra_impex_private_limited.661c67779ce5138c92c9740a274dfbe8.html,dnb.com,"""SAMYRA IMPEX PRIVATE LIMITED"" Nagpur",SAMYRA IMPEX PRIVATE LIMITED (U74999MH2018PTC314576) - Company Profile ...,https://qorpiq.com/company/samyra-impex-private-limited/U74999MH2018PTC314576,qorpiq.com,"""SAMYRA IMPEX PRIVATE LIMITED"" Nagpur",SAMYRA IMPEX PRIVATE LIMITED - IndiaFilings,https://www.indiafilings.com/search/samyra-impex-private-limited-cin-U74999MH2018PTC314576,indiafilings.com,"""SAMYRA IMPEX PRIVATE LIMITED"" Nagpur","SAMYRA IMPEX PRIVATE LIMITED — Directors, Financials",https://www.inspex.in/company/SAMYRA-IMPEX-PRIVATE-LIMITED-U74999MH2018PTC314576,inspex.in,"""SAMYRA IMPEX PRIVATE LIMITED"" Nagpur",Samyra Impex Private Limited (U74999MH2018PTC314576) — Maharashtra 2018,https://corpintel.io/SAMYRA-IMPEX-PRIVATE-LIMITED-U74999MH2018PTC314576,corpintel.io,"""SAMYRA IMPEX PRIVATE LIMITED"" official website"
68381226e4b029850b96a96f,SAFE UNIVERSE RESEARCH AND PRODUCTIVITY PRIVATE LIMITED,https://www.safeuniverseresearch.com,DNS_ERROR,CANDIDATES_FOUND,1,1,Safe Universe Research and Productivity Private Limited,https://www.dnb.com/business-directory/company-profiles.safe_universe_research_and_productivity_private_limited.a4e3db27b5ba2c550f8bb794a5ccd97a.html,dnb.com,"""SAFE UNIVERSE RESEARCH AND PRODUCTIVITY PRIVATE LIMITED"" Nagpur",Safe Universe Research and Productivity Private Limited,https://buysellprivatelimited.com/company/safe-universe-research-and-productivity-private-limited/U72100MH2025PTC441761,buysellprivatelimited.com,"""SAFE UNIVERSE RESEARCH AND PRODUCTIVITY PRIVATE LIMITED"" Nagpur",Safe Universe Research And Productivity Private Limited,https://www.allindiaitr.com/company/safe-universe-research-and-productivity-private-limited/U72100MH2025PTC441761,allindiaitr.com,"""SAFE UNIVERSE RESEARCH AND PRODUCTIVITY PRIVATE LIMITED"" Nagpur",Safe Universe Research and Productivity Private Limited ...,https://www.instafinancials.com/company/safe-universe-research-and-productivity-private-limited-U72100MH2025PTC441761,instafinancials.com,"""SAFE UNIVERSE RESEARCH AND PRODUCTIVITY PRIVATE LIMITED"" Nagpur",Safe Universe Research and Productivity Private Limited,https://www.legalentityidentifier.in/leicert/U72100MH2025PTC441761/,legalentityidentifier.in,"""SAFE UNIVERSE RESEARCH AND PRODUCTIVITY PRIVATE LIMITED"" Nagpur"
6836aef1e4b029850b962fba,JEKORD PROJECT LLP,https://NA,DNS_ERROR,CANDIDATES_FOUND,6,5,"Jekord Project Llp - Company, Directors, Charges and Compliance details ...",https://www.filesure.in/company/jekord-project-llp/ACG-5960?tab=about,filesure.in,"""JEKORD PROJECT LLP"" Nagpur",,,,,,,,,,,,,,,,
68359184e4b029850b95e61a,MODU-PRO INNOVATION PRIVATE LIMITED,https://MODU-PRO INNOVATION PRIVATE LIMITED,DNS_ERROR,NO_CANDIDATES,6,0,,,,,,,,,,,,,,,,,,,,
682f21dde4b0cf6e6488e132,X ABLE INDIA PRIVATE LIMITED,https://NA,DNS_ERROR,CANDIDATES_FOUND,1,1,X ABLE INDIA PRIVATE LIMITED - CompFilings,https://compfilings.com/company/X-ABLE-INDIA-PRIVATE-LIMITED-U47990PN2024PTC228887,compfilings.com,"""X ABLE INDIA PRIVATE LIMITED"" Nagpur",X Able India Private Limited - U47990pn2024ptc228887,https://www.instafinancials.com/company/x-able-india-private-limited-U47990PN2024PTC228887,instafinancials.com,"""X ABLE INDIA PRIVATE LIMITED"" Nagpur",X Able India Private Limited india Company check and Director check,https://www.companyseekers.com/company/x-able-india-private-limited/U47990PN2024PTC228887,companyseekers.com,"""X ABLE INDIA PRIVATE LIMITED"" Nagpur",X ABLE INDIA PRIVATE LIMITED - FileSure,https://www.filesure.in/company/x-able-india-private-limited/U47990PN2024PTC228887?tab=about,filesure.in,"""X ABLE INDIA PRIVATE LIMITED"" Nagpur",X Able India Private Limited - U47990PN2024PTC228887 - Vakilsearch,https://company.vakilsearch.com/x-able-india-private-limited/U47990PN2024PTC228887,company.vakilsearch.com,"""X ABLE INDIA PRIVATE LIMITED"" Nagpur"
682d9770e4b0cf6e648864fa,WANZEN ENDEAVORS PRIVATE LIMITED,http://wanzenfoods.com/,DNS_ERROR,CANDIDATES_FOUND,1,1,WANZEN ENDEAVORS PRIVATE LIMITED MCA Profile | QorpIQ,https://qorpiq.com/company/wanzen-endeavors-private-limited/U46309MH2024PTC436255,qorpiq.com,"""WANZEN ENDEAVORS PRIVATE LIMITED"" Nagpur",Wanzen Endeavors Private Limited | Company Details,https://www.allindiaitr.com/company/wanzen-endeavors-private-limited/U46309MH2024PTC436255,allindiaitr.com,"""WANZEN ENDEAVORS PRIVATE LIMITED"" Nagpur","Wanzen Endeavors Private Limited - Company, Directors, Charges and ...",https://www.filesure.in/company/wanzen-endeavors-private-limited/U46309MH2024PTC436255?tab=about,filesure.in,"""WANZEN ENDEAVORS PRIVATE LIMITED"" Nagpur",WANZEN ENDEAVORS PRIVATE LIMITED - IndiaFilings,https://www.indiafilings.com/search/wanzen-endeavors-private-limited-cin-U46309MH2024PTC436255,indiafilings.com,"""WANZEN ENDEAVORS PRIVATE LIMITED"" Nagpur",Wanzen Endeavors Private Limited | Cin: U46309mh2024ptc436255 | Roc ...,https://infomint.co.in/companies/wanzen-endeavors-private-limited/U46309MH2024PTC436255/roc-mumbai/maharashtra/,infomint.co.in,"""WANZEN ENDEAVORS PRIVATE LIMITED"" Nagpur"
682c65ffe4b0cf6e6488186b,K S INFRATECH MANPOWER LLP,https://NA,DNS_ERROR,CANDIDATES_FOUND,6,6,K S INFRATECH MANPOWER LLP MCA Profile | QorpIQ,https://qorpiq.com/company/k-s-infratech-manpower-llp/ACN-7586,qorpiq.com,"""K S INFRATECH MANPOWER LLP"" Nagpur",K S INFRATECH MANPOWER LLP | ACN-7586 -IndiaFilings,https://www.indiafilings.com/search/k-s-infratech-manpower-llp-ACN-7586,indiafilings.com,"""K S INFRATECH MANPOWER LLP"" Nagpur",,,,,,,,,,,,
682c3999e4b0cf6e648800a3,NEXTGEN TECHNOLOGY WORLD CREATER PRIVATE LIMITED,https://NEXTGEN TECHNOLOGY WORLD CREATER PRIVATE LIMITED,DNS_ERROR,CANDIDATES_FOUND,1,1,Nextgen Technology World Creater Private Limited,https://buysellprivatelimited.com/company/nextgen-technology-world-creater-private-limited/U62099MH2025PTC440760,buysellprivatelimited.com,"""NEXTGEN TECHNOLOGY WORLD CREATER PRIVATE LIMITED"" Nagpur",Nextgen Technology World Creater Private Limited,https://www.allindiaitr.com/company/nextgen-technology-world-creater-private-limited/U62099MH2025PTC440760,allindiaitr.com,"""NEXTGEN TECHNOLOGY WORLD CREATER PRIVATE LIMITED"" Nagpur",Nextgen Technology World Creater Private Limited,https://www.filesure.in/company/nextgen-technology-world-creater-private-limited/U62099MH2025PTC440760,filesure.in,"""NEXTGEN TECHNOLOGY WORLD CREATER PRIVATE LIMITED"" Nagpur",Nextgen Technology World Creater Private Limited,https://www.indiafilings.com/search/nextgen-technology-world-creater-private-limited-cin-U62099MH2025PTC440760,indiafilings.com,"""NEXTGEN TECHNOLOGY WORLD CREATER PRIVATE LIMITED"" Nagpur",Nextgen Technology World Creater Private Limited,https://zauba.company/company/nextgen_technology_world_creater_private_limited/U62099MH2025PTC440760,zauba.company,"""NEXTGEN TECHNOLOGY WORLD CREATER PRIVATE LIMITED"" Nagpur"
6828966de4b0cf6e64872cc2,IAMFIRST DIGITIONS SOLUTIONS (I) PRIVATE LIMITED,https://NA,DNS_ERROR,NO_CANDIDATES,6,0,,,,,,,,,,,,,,,,,,,,
682829bce4b0cf6e648709cb,LEVITATE DYNAMICS PRIVATE LIMITED,https://NA--,DNS_ERROR,CANDIDATES_FOUND,1,1,LEVITATE DYNAMICS PRIVATE LIMITED MCA Profile | QorpIQ,https://qorpiq.com/company/levitate-dynamics-private-limited/U30305MH2025PTC447508,qorpiq.com,"""LEVITATE DYNAMICS PRIVATE LIMITED"" Nagpur",LEVITATE DYNAMICS PRIVATE LIMITED - registerkaro.in,https://www.registerkaro.in/company/levitate-dynamics-private-limited-U30305MH2025PTC447508,registerkaro.in,"""LEVITATE DYNAMICS PRIVATE LIMITED"" Nagpur",LEVITATE DYNAMICS PRIVATE LIMITED | CompFilings,https://compfilings.com/company/LEVITATE-DYNAMICS-PRIVATE-LIMITED-U30305MH2025PTC447508,compfilings.com,"""LEVITATE DYNAMICS PRIVATE LIMITED"" Nagpur","Levitate Dynamics Private Limited - Company, Directors, Charges and ...",https://www.filesure.in/company/levitate-dynamics-private-limited/U30305MH2025PTC447508,filesure.in,"""LEVITATE DYNAMICS PRIVATE LIMITED"" Nagpur","LEVITATE DYNAMICS PRIVATE LIMITED, Nagpur Rural, India, Flat No 301 ...",https://search.infobelpro.com/india/en/businessdetails/IN/0882711786,search.infobelpro.com,"""LEVITATE DYNAMICS PRIVATE LIMITED"" Nagpur"
6825dabfe4b025b6b8a8001e,XEROX ECOMMERCE SERVICE PRIVATE LIMITED,https://NA,DNS_ERROR,CANDIDATES_FOUND,6,6,XEROX ECOMMERCE SERVICE PRIVATE LIMITED - registerkaro.in,https://www.registerkaro.in/company/xerox-ecommerce-service-private-limited-U47912MH2025PTC447864,registerkaro.in,"""XEROX ECOMMERCE SERVICE PRIVATE LIMITED"" Nagpur",XEROX ECOMMERCE SERVICE PRIVATE LIMITED - IndiaFilings,https://www.indiafilings.com/search/xerox-ecommerce-service-private-limited-cin-U47912MH2025PTC447864,indiafilings.com,"""XEROX ECOMMERCE SERVICE PRIVATE LIMITED"" Nagpur",XEROX ECOMMERCE SERVICE PRIVATE LIMITED - filesure.in,https://www.filesure.in/company/xerox-ecommerce-service-private-limited/U47912MH2025PTC447864?tab=about,filesure.in,"""XEROX ECOMMERCE SERVICE PRIVATE LIMITED"" Nagpur",,,,,,,,
6825bc40e4b025b6b8a7f033,KGBAIS DIGITAL SERVICES PRIVATE LIMITED,https://NA,DNS_ERROR,CANDIDATES_FOUND,1,1,KGBAIS DIGITAL SERVICES PRIVATE LIMITED Company Profile | Nagpur ...,https://www.dnb.com/business-directory/company-profiles.kgbais_digital_services_private_limited.d97e2509c814b654bb1f4a98450765ce.html,dnb.com,"""KGBAIS DIGITAL SERVICES PRIVATE LIMITED"" Nagpur","KGBAIS DIGITAL SERVICES PRIVATE LIMITED, CIN, address, business and ...",https://companies.dubleu.co/company/kgbais-digital-services-private-limited-U72900MH2022PTC394292,companies.dubleu.co,"""KGBAIS DIGITAL SERVICES PRIVATE LIMITED"" Nagpur",CIN Details | KGBAIS DIGITAL SERVICES PRIVATE LIMITED,https://cin.iadv.io/KGBAIS-DIGITAL-SERVICES-PRIVATE-LIMITED-U72900MH2022PTC394292/,cin.iadv.io,"""KGBAIS DIGITAL SERVICES PRIVATE LIMITED"" Nagpur",Kgbais Digital Services Private Limited - U72900mh2022ptc394292,https://www.instafinancials.com/company/kgbais-digital-services-private-limited-U72900MH2022PTC394292/company-overview,instafinancials.com,"""KGBAIS DIGITAL SERVICES PRIVATE LIMITED"" Nagpur",KGBAIS DIGITAL SERVICES PRIVATE LIMITED - IndiaFilings,https://www.indiafilings.com/search/kgbais-digital-services-private-limited-cin-U72900MH2022PTC394292,indiafilings.com,"""KGBAIS DIGITAL SERVICES PRIVATE LIMITED"" Nagpur"
6825883ce4b025b6b8a7d677,UNISEES SOLAR PRIVATE LIMITED,https://n/a,DNS_ERROR,NO_CANDIDATES,6,0,,,,,,,,,,,,,,,,,,,,
681dbd8ae4b010f8c8cefc49,DIPTHI HEALTH CARE SERVICES PRIVATE LIMITED,https://na,DNS_ERROR,CANDIDATES_FOUND,6,4,Dipthi Health Care Services Private Limited,https://buysellprivatelimited.com/company/dipthi-health-care-services-private-limited/U86201MH2025PTC443004,buysellprivatelimited.com,"""DIPTHI HEALTH CARE SERVICES PRIVATE LIMITED"" Nagpur",Dipthi Health Care Services Private Limited,https://www.allindiaitr.com/company/dipthi-health-care-services-private-limited/U86201MH2025PTC443004,allindiaitr.com,"""DIPTHI HEALTH CARE SERVICES PRIVATE LIMITED"" Nagpur",Dipthi Health Care Services Private Limited,https://www.indiafilings.com/search/dipthi-health-care-services-private-limited-cin-U86201MH2025PTC443004,indiafilings.com,"""DIPTHI HEALTH CARE SERVICES PRIVATE LIMITED"" Nagpur",Dipthi Health Care Services Private Limited - Lei ...,https://www.legalentityidentifier.in/leicert/U86201MH2025PTC443004/,legalentityidentifier.in,"""DIPTHI HEALTH CARE SERVICES PRIVATE LIMITED"" Nagpur",,,,
681ca939e4b010f8c8cec508,RNA CURE PRIVATE LIMITED,https://NA,DNS_ERROR,CANDIDATES_FOUND,1,1,"RNA CURE PRIVATE LIMITED Company Profile | Nagpur, Maharashtra ...",https://www.dnb.com/business-directory/company-profiles.rna_cure_private_limited.b5d5a4f0c59c9859f8a7601d00f5e48d.html,dnb.com,"""RNA CURE PRIVATE LIMITED"" Nagpur","Rna Cure Private Limited - Company, Directors, Charges and Compliance ...",https://www.filesure.in/company/rna-cure-private-limited/U72200MH2025PTC441393?tab=about,filesure.in,"""RNA CURE PRIVATE LIMITED"" Nagpur",Rna Cure Private Limited | Company Details | All India Itr,https://allindiaitr.com/company/rna-cure-private-limited/U72200MH2025PTC441393,allindiaitr.com,"""RNA CURE PRIVATE LIMITED"" Nagpur",Rna Cure Private Limited - U72200mh2025ptc441393,https://www.instafinancials.com/company/rna-cure-private-limited-U72200MH2025PTC441393/index.html,instafinancials.com,"""RNA CURE PRIVATE LIMITED"" Nagpur",RNA CURE PRIVATE LIMITED - CIN U72200MH2025PTC441393 | Company Details ...,https://paperli.ai/company/rna-cure-private-limited-U72200MH2025PTC441393,paperli.ai,"""RNA CURE PRIVATE LIMITED"" Nagpur"
681bc771e4b010f8c8ce8164,NAMDEO INNOVATIONS PRIVATE LIMITED,https://www.naturewynn.com,DNS_ERROR,CANDIDATES_FOUND,1,1,"NAMDEO INNOVATIONS PRIVATE LIMITED - Company Info, CIN, Directors",https://buysellprivatelimited.com/company/namdeo-innovations-private-limited/U28290MH2025PTC443062,buysellprivatelimited.com,"""NAMDEO INNOVATIONS PRIVATE LIMITED"" Nagpur",NAMDEO INNOVATIONS PRIVATE LIMITED MCA Profile | QorpIQ,https://qorpiq.com/company/namdeo-innovations-private-limited/U28290MH2025PTC443062,qorpiq.com,"""NAMDEO INNOVATIONS PRIVATE LIMITED"" Nagpur","Namdeo Innovations Private Limited - Company, Directors, Charges and ...",https://www.filesure.in/company/namdeo-innovations-private-limited/U28290MH2025PTC443062?tab=about,filesure.in,"""NAMDEO INNOVATIONS PRIVATE LIMITED"" Nagpur",Namdeo Innovations Private Limited (U28290MH2025PTC443062 ...,https://corpintel.io/NAMDEO-INNOVATIONS-PRIVATE-LIMITED-U28290MH2025PTC443062,corpintel.io,"""NAMDEO INNOVATIONS PRIVATE LIMITED"" Nagpur",NAMDEO INNOVATIONS PRIVATE LIMITED | CompFilings,https://compfilings.com/company/NAMDEO-INNOVATIONS-PRIVATE-LIMITED-U28290MH2025PTC443062,compfilings.com,"""NAMDEO INNOVATIONS PRIVATE LIMITED"" Nagpur"
6815a876e4b0ea43c8ef3317,SOCIALHOOK TECHNOLOGIES PRIVATE LIMITED,https://socialhookapp.com,DNS_ERROR,CANDIDATES_FOUND,2,1,socialhook,https://socialhooknew.blogspot.com/,socialhooknew.blogspot.com,"""SOCIALHOOK TECHNOLOGIES PRIVATE LIMITED"" website",SOCIALHOOK TECHNOLOGIES PRIVATE LIMITED - IndiaFilings,https://www.indiafilings.com/search/socialhook-technologies-private-limited-cin-U63120MH2025PTC446413,indiafilings.com,"""SOCIALHOOK TECHNOLOGIES PRIVATE LIMITED"" website",Socialhook Technologies Private Limited,https://buysellprivatelimited.com/company/socialhook-technologies-private-limited/U63120MH2025PTC446413,buysellprivatelimited.com,"""SOCIALHOOK TECHNOLOGIES PRIVATE LIMITED"" website",SOCIALHOOK TECHNOLOGIES PRIVATE LIMITED - zauba.company,https://zauba.company/company/socialhook_technologies_private_limited/U63120MH2025PTC446413,zauba.company,"""SOCIALHOOK TECHNOLOGIES PRIVATE LIMITED"" website",SOCIALHOOK TECHNOLOGIES PRIVATE LIMITED - Company Details in ...,https://www.registerkaro.in/company/socialhook-technologies-private-limited-U63120MH2025PTC446413,registerkaro.in,"""SOCIALHOOK TECHNOLOGIES PRIVATE LIMITED"" website"
6811e08ae4b0611108b3ed8e,JAYKAMAL FOODS PRIVATE LIMITED,https://NA,DNS_ERROR,NO_CANDIDATES,6,0,,,,,,,,,,,,,,,,,,,,
681087d5e4b0611108b35807,EARNLINGUA (OPC) PRIVATE LIMITED,https://NA,DNS_ERROR,NO_CANDIDATES,6,0,,,,,,,,,,,,,,,,,,,,
68075cd0e4b0611108b0f13e,APEXSOFTNET PRIVATE LIMITED,https://APEXSOFTNET PRIVATE LIMITED,DNS_ERROR,CANDIDATES_FOUND,3,2,Contact Us - RnR DataLex,https://www.rnrdatalex.com/contact-us/,rnrdatalex.com,"""APEXSOFTNET PRIVATE LIMITED"" Nagpur",Apexsoftnet Private Limited (U62020MH2023PTC402006) — Maharashtra 2023,https://corpintel.io/APEXSOFTNET-PRIVATE-LIMITED-U62020MH2023PTC402006,corpintel.io,"""APEXSOFTNET PRIVATE LIMITED"" official website",APEXSOFTNET PRIVATE LIMITED (U62020MH2023PTC402006) - Company Profile ...,https://qorpiq.com/company/apexsoftnet-private-limited/U62020MH2023PTC402006,qorpiq.com,"""APEXSOFTNET PRIVATE LIMITED"" official website",ApexSoftNet - The Org,https://theorg.com/org/apexsoftnet,theorg.com,"""APEXSOFTNET PRIVATE LIMITED"" official website",Apexsoftnet Private Limited | Company Details,https://www.allindiaitr.com/company/apexsoftnet-private-limited/U62020MH2023PTC402006,allindiaitr.com,"""APEXSOFTNET PRIVATE LIMITED"" official website"
68033087e4b0e456e35c198d,NISHIKANT ARCHANA CHOUDHARI SOCIAL FOUNDATION,https://NIL,DNS_ERROR,CANDIDATES_FOUND,6,6,Nishikant Archana Choudhari Social Foundation | Gbr,https://www.globalbizreport.com/nishikant-archana-choudhari-social-foundation/U88900MH2025NPL440956/india/maharashtra/company-business-financial-credit-report,globalbizreport.com,"""NISHIKANT ARCHANA CHOUDHARI SOCIAL FOUNDATION"" Nagpur",Nishikant Archana Choudhari Social Foundation,https://www.legalentityidentifier.in/leicert/U88900MH2025NPL440956/,legalentityidentifier.in,"""NISHIKANT ARCHANA CHOUDHARI SOCIAL FOUNDATION"" Nagpur",NISHIKANT ARCHANA CHOUDHARI SOCIAL FOUNDATION - zauba.company,https://zauba.company/company/nishikant_archana_choudhari_social_foundation/U88900MH2025NPL440956,zauba.company,"""NISHIKANT ARCHANA CHOUDHARI SOCIAL FOUNDATION"" Nagpur",,,,,,,,
680239ace4b0e456e35bee37,RELIRA BLASTECH PRIVATE LIMITED,https://na,DNS_ERROR,CANDIDATES_FOUND,1,1,Relira Blastech Private Limited | Company Details,https://www.allindiaitr.com/company/relira-blastech-private-limited/U28193MH2024PTC433299,allindiaitr.com,"""RELIRA BLASTECH PRIVATE LIMITED"" Nagpur","RELIRA BLASTECH PRIVATE LIMITED, CIN, address, business and website",https://companies.dubleu.co/company/relira-blastech-private-limited-U28193MH2024PTC433299,companies.dubleu.co,"""RELIRA BLASTECH PRIVATE LIMITED"" Nagpur","Relira Blastech Private Limited - Company, Directors, Charges and ...",https://www.filesure.in/company/relira-blastech-private-limited/U28193MH2024PTC433299,filesure.in,"""RELIRA BLASTECH PRIVATE LIMITED"" Nagpur",Relira Blastech Private Limited - Company Check and Director Information,https://www.companyseekers.com/company/relira-blastech-private-limited/U28193MH2024PTC433299,companyseekers.com,"""RELIRA BLASTECH PRIVATE LIMITED"" Nagpur",RELIRA BLASTECH PRIVATE LIMITED - IndiaFilings,https://www.indiafilings.com/search/relira-blastech-private-limited-cin-U28193MH2024PTC433299,indiafilings.com,"""RELIRA BLASTECH PRIVATE LIMITED"" Nagpur"
6801ecd9e4b0e456e35bcd27,OODA PROFESSIONAL INSTITUTE PRIVATE LIMITED,https://oodatraders.com/,DNS_ERROR,CANDIDATES_FOUND,6,6,CIN Details | OODA PROFESSIONAL INSTITUTE PRIVATE LIMITED,https://cin.iadv.io/OODA-PROFESSIONAL-INSTITUTE-PRIVATE-LIMITED-U85499MH2023PTC408864/,cin.iadv.io,"""OODA PROFESSIONAL INSTITUTE PRIVATE LIMITED"" Nagpur",Ooda Professional Institute Private Limited,https://qorpiq.com/company/ooda-professional-institute-private-limited/U85499MH2023PTC408864,qorpiq.com,"""OODA PROFESSIONAL INSTITUTE PRIVATE LIMITED"" Nagpur",,,,,,,,,,,,
67fdecb0e4b0e456e35aaa7c,ESENES STEEL LLP,https://ESENES STEEL LLP,DNS_ERROR,CANDIDATES_FOUND,6,6,ESENES STEEL LLP MCA Profile | QorpIQ,https://qorpiq.com/company/esenes-steel-llp/ACN-3610,qorpiq.com,"""ESENES STEEL LLP"" Nagpur",,,,,,,,,,,,,,,,
67fcd28fe4b0e456e35a6ef0,SPLENDITONE INTERNATIONAL HEALTHCARE PRIVATE LIMITED,https://NA,DNS_ERROR,NO_CANDIDATES,6,0,,,,,,,,,,,,,,,,,,,,
67f788c6e4b0e456e3594fd7,STARSPLANNET DIGITAL PRIVATE LIMITED,https://NA,DNS_ERROR,NO_CANDIDATES,6,0,,,,,,,,,,,,,,,,,,,,
67f4e58de4b0e456e3588e0d,AIO TRADING INDIA (OPC) PRIVATE LIMITED,https://aiotrading.co/,DNS_ERROR,NO_CANDIDATES,6,0,,,,,,,,,,,,,,,,,,,,
67ef77f8e4b0e456e3570365,WHITE GOLD AGRO PROCESSORS LLP,https://www.nowebsite.com,DNS_ERROR,CANDIDATES_FOUND,6,6,WHITE GOLD AGRO PROCESSORS LLP - GST Details,https://gst.unifers.ai/gst/27AACFW8160B1Z9/white-gold-agro-processors-llp,gst.unifers.ai,"""WHITE GOLD AGRO PROCESSORS LLP"" Nagpur",WHITE GOLD AGRO PROCESSORS LLP | AAL-8505 -IndiaFilings,https://www.indiafilings.com/search/white-gold-agro-processors-llp-AAL-8505,indiafilings.com,"""WHITE GOLD AGRO PROCESSORS LLP"" Nagpur",White Gold Agro Processors Llp | Gst: 27aacfw8160b1z9,https://gst.iadv.io/WHITE-GOLD-AGRO-PROCESSORS-LLP-27AACFW8160B1Z9/,gst.iadv.io,"""WHITE GOLD AGRO PROCESSORS LLP"" Nagpur",White Gold Agro Processors Llp - 27AACFW8160B1Z9 - Maharashtra - Know ...,https://www.knowyourgst.com/gst-number-search/white-gold-agro-processors-llp-27AACFW8160B1Z9/,knowyourgst.com,"""WHITE GOLD AGRO PROCESSORS LLP"" Nagpur",,,,
67e7cb83e4b06cb5475f2b3b,SINGLE POINT ENERGY SOLUTIONS PRIVATE LIMITED,https://SINGLE POINT ENERGY SOLUTIONS PRIVATE LIMITED,DNS_ERROR,CANDIDATES_FOUND,2,2,SINGLE POINT ENERGY SOLUTIONS PRIVATE LIMITED Company Profile | Nagpur ...,https://www.dnb.com/business-directory/company-profiles.single_point_energy_solutions_private_limited.6d84324f7ce63db9f767cc766c90c614.html,dnb.com,"""SINGLE POINT ENERGY SOLUTIONS PRIVATE LIMITED"" Nagpur",Single Point Energy Solutions Private Limited,https://www.registrationwala.com/company/single-point-energy-solutions-private-limited/U45500MH2018PTC318216,registrationwala.com,"""SINGLE POINT ENERGY SOLUTIONS PRIVATE LIMITED"" Nagpur",Single Point Energy Solutions Private Limited,https://www.indiafilings.com/search/single-point-energy-solutions-private-limited-cin-U45500MH2018PTC318216,indiafilings.com,"""SINGLE POINT ENERGY SOLUTIONS PRIVATE LIMITED"" Nagpur",Single Point Energy Solutions Private Limited - U45500mh2018ptc318216,https://www.instafinancials.com/company/single-point-energy-solutions-private-limited-U45500MH2018PTC318216,instafinancials.com,"""SINGLE POINT ENERGY SOLUTIONS PRIVATE LIMITED"" Nagpur",Single Point Energy Solutions Private Limited - Detailed Company ...,https://mycorporateinfo.com/business/single-point-energy-solutions-private-limited,mycorporateinfo.com,"""SINGLE POINT ENERGY SOLUTIONS PRIVATE LIMITED"" website"
67e63948e4b0dcb9493b41fb,EDUPEAK SCHOLARS PRIVATE LIMITED,https://EDUPEAK SCHOLARS PRIVATE LIMITED,DNS_ERROR,CANDIDATES_FOUND,1,1,"EDUPEAK SCHOLARS PRIVATE LIMITED - Company Info, CIN, Directors",https://buysellprivatelimited.com/company/edupeak-scholars-private-limited/U85499MH2025PTC442462,buysellprivatelimited.com,"""EDUPEAK SCHOLARS PRIVATE LIMITED"" Nagpur",EDUPEAK SCHOLARS PRIVATE LIMITED - U85499MH2025PTC442462 - InstaFinancials,https://www.instafinancials.com/company/edupeak-scholars-private-limited-U85499MH2025PTC442462/company-overview,instafinancials.com,"""EDUPEAK SCHOLARS PRIVATE LIMITED"" Nagpur","Edupeak Scholars Private Limited - Company, Directors, Charges and ...",https://www.filesure.in/company/edupeak-scholars-private-limited/U85499MH2025PTC442462?tab=about,filesure.in,"""EDUPEAK SCHOLARS PRIVATE LIMITED"" Nagpur",EDUPEAK SCHOLARS PRIVATE LIMITED - CIN U85499MH2025PTC442462 | Company ...,https://paperli.ai/company/edupeak-scholars-private-limited-U85499MH2025PTC442462,paperli.ai,"""EDUPEAK SCHOLARS PRIVATE LIMITED"" Nagpur",EDUPEAK SCHOLARS PRIVATE LIMITED | U85499MH2025PTC442462 - IndiaFilings,https://www.indiafilings.com/search/edupeak-scholars-private-limited-cin-U85499MH2025PTC442462,indiafilings.com,"""EDUPEAK SCHOLARS PRIVATE LIMITED"" Nagpur"
67e26899e4b06de30953a8a6,MANYA CLASSICS PRIVATE LIMITED,https://Under Process,DNS_ERROR,CANDIDATES_FOUND,1,1,Manya Classics Private Limited (U55101MH2024PTC437079) — Maharashtra ...,https://corpintel.io/MANYA-CLASSICS-PRIVATE-LIMITED-U55101MH2024PTC437079,corpintel.io,"""MANYA CLASSICS PRIVATE LIMITED"" Nagpur",MANYA CLASSICS PRIVATE LIMITED - LEI: U55101MH2024PTC437079 | LEIKart,https://www.leikart.com/leicert/U55101MH2024PTC437079/,leikart.com,"""MANYA CLASSICS PRIVATE LIMITED"" Nagpur",MANYA CLASSICS PRIVATE LIMITED - IndiaFilings,https://www.indiafilings.com/search/manya-classics-private-limited-cin-U55101MH2024PTC437079,indiafilings.com,"""MANYA CLASSICS PRIVATE LIMITED"" Nagpur",MANYA CLASSICS PRIVATE LIMITED - Di… | inspex,https://www.inspex.in/company/MANYA-CLASSICS-PRIVATE-LIMITED-U55101MH2024PTC437079,inspex.in,"""MANYA CLASSICS PRIVATE LIMITED"" Nagpur",Manya Classics Private Limited | Company Master Data | MCA India search ...,https://www.delvein.in/company/MANYA-CLASSICS-PRIVATE-LIMITED/U55101MH2024PTC437079,delvein.in,"""MANYA CLASSICS PRIVATE LIMITED"" Nagpur"
67dc00eee4b079e98982f686,MINGLEBUCKS GLOBAL PRIVATE LIMITED,https://NA,DNS_ERROR,NO_CANDIDATES,6,0,,,,,,,,,,,,,,,,,,,,
67dbce07e4b079e98982b785,IBIA INDUSTRIAL BATTERIES PRIVATE LIMITED,http://ibiaindustrials.in/,DNS_ERROR,CANDIDATES_FOUND,3,3,Ibia Industrial Batteries Private Limited - corpintel.io,https://corpintel.io/IBIA-INDUSTRIAL-BATTERIES-PRIVATE-LIMITED-U27200MH2024PTC418769,corpintel.io,"""IBIA INDUSTRIAL BATTERIES PRIVATE LIMITED"" Nagpur",IBIA INDUSTRIAL BATTERIES PRIVATE LIMITED - IndiaFilings,https://www.indiafilings.com/search/ibi-industrial-batteries-private-limited-cin-U27200MH2024PTC418769,indiafilings.com,"""IBIA INDUSTRIAL BATTERIES PRIVATE LIMITED"" Nagpur",Ibia Industrial Batteries Private Limited india Company check and ...,https://www.companyseekers.com/company/ibia-industrial-batteries-private-limited/U27200MH2024PTC418769,companyseekers.com,"""IBIA INDUSTRIAL BATTERIES PRIVATE LIMITED"" Nagpur",IBIA INDUSTRIAL BATTERIES PRIVATE LIMITED | CompFilings,https://compfilings.com/company/IBIA-INDUSTRIAL-BATTERIES-PRIVATE-LIMITED-U27200MH2024PTC418769,compfilings.com,"""IBIA INDUSTRIAL BATTERIES PRIVATE LIMITED"" Nagpur",CIN Details | IBIA INDUSTRIAL BATTERIES PRIVATE LIMITED,https://cin.iadv.io/IBIA-INDUSTRIAL-BATTERIES-PRIVATE-LIMITED-U27200MH2024PTC418769/,cin.iadv.io,"""IBIA INDUSTRIAL BATTERIES PRIVATE LIMITED"" official website"
67da6ffae4b00e0c1b1a0f4c,HOPEVE SOLUTIONS LLP,https://WWW.HOPEVE.COM,DNS_ERROR,NO_CANDIDATES,6,0,,,,,,,,,,,,,,,,,,,,
67cee17ae4b00e0c1b0a93da,ALTRIX AGRO FARM PRIVATE LIMITED,https://altrixagrofarm.com,DNS_ERROR,CANDIDATES_FOUND,1,1,ALTRIX AGRO FARM PRIVATE LIMITED - filesure.in,https://www.filesure.in/company/altrix-agro-farm-private-limited/U68200MH2025PTC439515?tab=about,filesure.in,"""ALTRIX AGRO FARM PRIVATE LIMITED"" Nagpur",Altrix Agro Farm Private Limited | Company Details,https://www.allindiaitr.com/company/altrix-agro-farm-private-limited/U68200MH2025PTC439515,allindiaitr.com,"""ALTRIX AGRO FARM PRIVATE LIMITED"" Nagpur",Altrix Agro Farm Private Limited - corpintel.io,https://corpintel.io/ALTRIX-AGRO-FARM-PRIVATE-LIMITED-U68200MH2025PTC439515,corpintel.io,"""ALTRIX AGRO FARM PRIVATE LIMITED"" Nagpur","ALTRIX AGRO FARM PRIVATE LIMITED — Directors, Financials",https://www.inspex.in/company/ALTRIX-AGRO-FARM-PRIVATE-LIMITED-U68200MH2025PTC439515,inspex.in,"""ALTRIX AGRO FARM PRIVATE LIMITED"" Nagpur",ALTRIX AGRO FARM PRIVATE LIMITED - IndiaFilings,https://www.indiafilings.com/search/altrix-agro-farm-private-limited-cin-U68200MH2025PTC439515,indiafilings.com,"""ALTRIX AGRO FARM PRIVATE LIMITED"" Nagpur"
67c6d58ee4b0f37094cb3dc1,AZURECHIC PHARMACEUTICAL PRIVATE LIMITED,https://NA,DNS_ERROR,CANDIDATES_FOUND,1,1,AZURECHIC PHARMACEUTICAL PRIVATE LIMITED - Company Details in ...,https://www.registerkaro.in/company/azurechic-pharmaceutical-private-limited-U46497MH2025PTC441605,registerkaro.in,"""AZURECHIC PHARMACEUTICAL PRIVATE LIMITED"" Nagpur",AZURECHIC PHARMACEUTICAL PRIVATE LIMITED - IndiaFilings,https://www.indiafilings.com/search/azurechic-pharmaceutical-private-limited-cin-U46497MH2025PTC441605,indiafilings.com,"""AZURECHIC PHARMACEUTICAL PRIVATE LIMITED"" Nagpur",Azurechic Pharmaceutical Private Limited | Company Details,https://www.allindiaitr.com/company/azurechic-pharmaceutical-private-limited/U46497MH2025PTC441605,allindiaitr.com,"""AZURECHIC PHARMACEUTICAL PRIVATE LIMITED"" Nagpur",Azurechic Pharmaceutical Private Limited - U46497mh2025ptc441605,https://www.instafinancials.com/company/azurechic-pharmaceutical-private-limited-U46497MH2025PTC441605,instafinancials.com,"""AZURECHIC PHARMACEUTICAL PRIVATE LIMITED"" Nagpur",Azurechic Pharmaceutical Private Limited - corpintel.io,https://corpintel.io/AZURECHIC-PHARMACEUTICAL-PRIVATE-LIMITED-U46497MH2025PTC441605,corpintel.io,"""AZURECHIC PHARMACEUTICAL PRIVATE LIMITED"" Nagpur"
67bdba2be4b0c167e9f99c81,VOICE VILLA STUDIOS PRIVATE LIMITED,https://UdyamRegistrationCertificate,DNS_ERROR,CANDIDATES_FOUND,6,6,Voice-villa-studios-private-limited | Vakilsearch,https://company.vakilsearch.com/voice-villa-studios-private-limited/U59201MH2023PTC401281,company.vakilsearch.com,"""VOICE VILLA STUDIOS PRIVATE LIMITED"" Nagpur",Voice Villa Studios Private Limited (U59201MH2023PTC401281 ...,https://corpintel.io/VOICE-VILLA-STUDIOS-PRIVATE-LIMITED-U59201MH2023PTC401281,corpintel.io,"""VOICE VILLA STUDIOS PRIVATE LIMITED"" Nagpur",CIN Details | VOICE VILLA STUDIOS PRIVATE LIMITED,https://cin.iadv.io/VOICE-VILLA-STUDIOS-PRIVATE-LIMITED-U59201MH2023PTC401281/,cin.iadv.io,"""VOICE VILLA STUDIOS PRIVATE LIMITED"" website",Voice Villa Studios Private Limited | Gbr,https://www.globalbizreport.com/VOICE-VILLA-STUDIOS-PRIVATE-LIMITED/U59201MH2023PTC401281/india/maharashtra/company-business-financial-credit-report,globalbizreport.com,"""VOICE VILLA STUDIOS PRIVATE LIMITED"" website",,,,
67b86940e4b06e2290ada149,QUANTUM RAIDOTECH PRIVATE LIMITED,http://raidobiketaxi.in,DNS_ERROR,NO_CANDIDATES,6,0,,,,,,,,,,,,,,,,,,,,
67b7253ae4b06e2290aceb4c,INDS ELECTRICALS PRIVATE LIMITED,https://www.indselectriclas.com,DNS_ERROR,CANDIDATES_FOUND,1,1,"INDS ELECTRICALS PRIVATE LIMITED Company Profile | Nagpur, Maharashtra ...",https://www.dnb.com/business-directory/company-profiles.inds_electricals_private_limited.8bc07086413755205bcaf0be3b62a8b0.html,dnb.com,"""INDS ELECTRICALS PRIVATE LIMITED"" Nagpur",Inds Electricals Private Limited | Company Details,https://www.allindiaitr.com/company/inds-electricals-private-limited/U40106MH2020PTC337883,allindiaitr.com,"""INDS ELECTRICALS PRIVATE LIMITED"" Nagpur",INDS ELECTRICALS PRIVATE LIMITED - U29304MH2020PTC337883 - InstaFinancials,https://www.instafinancials.com/company/inds-electricals-private-limited-U29304MH2020PTC337883/company-overview,instafinancials.com,"""INDS ELECTRICALS PRIVATE LIMITED"" Nagpur",INDS ELECTRICALS PRIVATE LIMITED - IndiaFilings,https://www.indiafilings.com/search/inds-electricals-private-limited-cin-U40106MH2020PTC337883,indiafilings.com,"""INDS ELECTRICALS PRIVATE LIMITED"" Nagpur",INDS ELECTRICALS PRIVATE LIMITED - Insider Biz,https://www.insiderbiz.in/company/INDS-ELECTRICALS-PRIVATE-LIMITED,insiderbiz.in,"""INDS ELECTRICALS PRIVATE LIMITED"" Nagpur"
67add14ce4b0833282ef7d35,INDS AGRO INDUSTRY PRIVATE LIMITED,https://INDS AGRO INDUSTRY PRIVATE LIMITED,DNS_ERROR,CANDIDATES_FOUND,1,1,INDS AGRO INDUSTRY PRIVATE LIMITED Company Profile | Nagpur ...,https://www.dnb.com/business-directory/company-profiles.inds_agro_industry_private_limited.c22c00584904867f317384a118e57bf4.html,dnb.com,"""INDS AGRO INDUSTRY PRIVATE LIMITED"" Nagpur",Inds Agro Industry Private Limited | Company Details,https://www.allindiaitr.com/company/inds-agro-industry-private-limited/U15200MH2022PTC395225,allindiaitr.com,"""INDS AGRO INDUSTRY PRIVATE LIMITED"" Nagpur",Inds Agro Industry Private Limited | Gbr,https://www.globalbizreport.com/inds-agro-industry-private-limited/U15200MH2022PTC395225/india/maharashtra/company-business-financial-credit-report,globalbizreport.com,"""INDS AGRO INDUSTRY PRIVATE LIMITED"" Nagpur",INDS AGRO INDUSTRY PRIVATE LIMITED - credhive.in,https://www.credhive.in/ind/corporate/U15200MH2022PTC395225/INDS%252520AGRO%252520INDUSTRY%252520PRIVATE%252520LIMITED/overview,credhive.in,"""INDS AGRO INDUSTRY PRIVATE LIMITED"" Nagpur",Inds Agro Industry Private Limited - U15200mh2022ptc395225,https://www.instafinancials.com/company/inds-agro-industry-private-limited-U15200MH2022PTC395225,instafinancials.com,"""INDS AGRO INDUSTRY PRIVATE LIMITED"" Nagpur"
67ad89bbe4b045171969bc04,SKYREN BROADBAND SERVICES PRIVATE LIMITED,https://NA,DNS_ERROR,CANDIDATES_FOUND,1,1,SKYREN BROADBAND SERVICES PRIVATE LIMITED Company Profile | Nagpur ...,https://www.dnb.com/business-directory/company-profiles.skyren_broadband_services_private_limited.1306e68c320b1053cb1c24bd04c3370e.html,dnb.com,"""SKYREN BROADBAND SERVICES PRIVATE LIMITED"" Nagpur",SKYREN BROADBAND SERVICES PRIVATE LIMITED - QorpIQ,https://qorpiq.com/company/skyren-broadband-services-private-limited/U72900MH2022PTC394587,qorpiq.com,"""SKYREN BROADBAND SERVICES PRIVATE LIMITED"" Nagpur",SKYREN BROADBAND SERVICES PRIVATE LIMITED - OpenCorporates,https://opencorporates.com/companies/in/U72900MH2022PTC394587,opencorporates.com,"""SKYREN BROADBAND SERVICES PRIVATE LIMITED"" Nagpur",SKYREN BROADBAND SERVICES PRIVATE LIMITED - IndiaFilings,https://www.indiafilings.com/search/skyren-broadband-services-private-limited-cin-U72900MH2022PTC394587,indiafilings.com,"""SKYREN BROADBAND SERVICES PRIVATE LIMITED"" Nagpur",Skyren Broadband Services Private Limited,https://www.globalbizreport.com/skyren-broadband-services-private-limited/U72900MH2022PTC394587/india/maharashtra/company-business-financial-credit-report,globalbizreport.com,"""SKYREN BROADBAND SERVICES PRIVATE LIMITED"" Nagpur"
67ac5bf5e4b04517196941f0,SYBOCIC REAL EASTATE PRIVATE LIMITED,https://N/A,DNS_ERROR,CANDIDATES_FOUND,1,1,SYBOCIC REAL EASTATE PRIVATE LIMITED - registerkaro.in,https://www.registerkaro.in/company/sybocic-real-eastate-private-limited-U41001MH2025PTC437615,registerkaro.in,"""SYBOCIC REAL EASTATE PRIVATE LIMITED"" Nagpur",Sybocic Real Eastate Private Limited | Company Details,https://www.allindiaitr.com/company/sybocic-real-eastate-private-limited/U41001MH2025PTC437615,allindiaitr.com,"""SYBOCIC REAL EASTATE PRIVATE LIMITED"" Nagpur",SYBOCIC REAL EASTATE PRIVATE LIMITED - filesure.in,https://www.filesure.in/company/sybocic-real-eastate-private-limited/U41001MH2025PTC437615?tab=about,filesure.in,"""SYBOCIC REAL EASTATE PRIVATE LIMITED"" Nagpur",SYBOCIC REAL EASTATE PRIVATE LIMITED | U41001MH2025PTC437615 - IndiaFilings,https://www.indiafilings.com/search/sybocic-real-eastate-private-limited-cin-U41001MH2025PTC437615,indiafilings.com,"""SYBOCIC REAL EASTATE PRIVATE LIMITED"" Nagpur",SYBOCIC REAL EASTATE PRIVATE LIMITED - credhive.in,https://www.credhive.in/ind/corporate/U41001MH2025PTC437615/SYBOCIC%2520REAL%2520EASTATE%2520PRIVATE%2520LIMITED/overview,credhive.in,"""SYBOCIC REAL EASTATE PRIVATE LIMITED"" Nagpur"
67ab4183e4b0e8e31271f6f8,OMMAHADEV AYURVEDA AND PHARMA PRIVATE LIMITED,https://NA,DNS_ERROR,CANDIDATES_FOUND,1,1,Ommahadev Ayurveda and Pharma Private Limited - U21001mh2024ptc431004,https://www.instafinancials.com/company/ommahadev-ayurveda-and-pharma-private-limited-U21001MH2024PTC431004,instafinancials.com,"""OMMAHADEV AYURVEDA AND PHARMA PRIVATE LIMITED"" Nagpur",Ommahadev Ayurveda and Pharma Private Limited,https://www.legalentityidentifier.in/leicert/U21001MH2024PTC431004/,legalentityidentifier.in,"""OMMAHADEV AYURVEDA AND PHARMA PRIVATE LIMITED"" Nagpur",Ommahadev Ayurveda And Pharma Private Limited,https://www.allindiaitr.com/company/ommahadev-ayurveda-and-pharma-private-limited/U21001MH2024PTC431004,allindiaitr.com,"""OMMAHADEV AYURVEDA AND PHARMA PRIVATE LIMITED"" Nagpur",Ommahadev Ayurveda And Pharma Private Limited,https://corpintel.io/OMMAHADEV-AYURVEDA-AND-PHARMA-PRIVATE-LIMITED-U21001MH2024PTC431004,corpintel.io,"""OMMAHADEV AYURVEDA AND PHARMA PRIVATE LIMITED"" Nagpur",Ommahadev Ayurveda and Pharma Private Limited,https://www.indiafilings.com/search/ommahadev-ayurveda-and-pharma-private-limited-cin-U21001MH2024PTC431004,indiafilings.com,"""OMMAHADEV AYURVEDA AND PHARMA PRIVATE LIMITED"" Nagpur"
67a43e61e4b0a671abf4be2b,SGUARD AUTOMATION PRIVATE LIMITED,https://SGUARD AUTOMATION PRIVATE LIMITED,DNS_ERROR,CANDIDATES_FOUND,3,3,"SGUARD AUTOMATION PRIVATE LIMITED - Company Info, CIN, Directors",https://buysellprivatelimited.com/company/sguard-automation-private-limited/U34100MH2021PTC359457,buysellprivatelimited.com,"""SGUARD AUTOMATION PRIVATE LIMITED"" Nagpur",SGUARD AUTOMATION PRIVATE LIMITED - U34100MH2021PTC359457 - InstaFinancials,https://www.instafinancials.com/company/sguard-automation-private-limited-U34100MH2021PTC359457/company-overview,instafinancials.com,"""SGUARD AUTOMATION PRIVATE LIMITED"" Nagpur",Company Master Detail on Sguard Automation Private Limited,https://mycorporateinfo.com/business/sguard-automation-private-limited,mycorporateinfo.com,"""SGUARD AUTOMATION PRIVATE LIMITED"" Nagpur",SGUARD AUTOMATION PRIVATE LIMITED - IndiaFilings,https://www.indiafilings.com/search/sguard-automation-private-limited-cin-U34100MH2021PTC359457,indiafilings.com,"""SGUARD AUTOMATION PRIVATE LIMITED"" website",Sguard-automationprivatelimited | Vakilsearch,https://company.vakilsearch.com/SGUARD-AUTOMATIONPRIVATELIMITED/U34100MH2021PTC359457,company.vakilsearch.com,"""SGUARD AUTOMATION PRIVATE LIMITED"" official website"
679db6e4e4b0c8d671af7be0,DS CORRUPACK PRIVATE LIMITED,https://NA,DNS_ERROR,CANDIDATES_FOUND,1,1,DS CORRUPACK PRIVATE LIMITED MCA Profile | QorpIQ,https://qorpiq.com/company/ds-corrupack-private-limited/U22203MH2024PTC431453,qorpiq.com,"""DS CORRUPACK PRIVATE LIMITED"" Nagpur","DS CORRUPACK PRIVATE LIMITED, CIN, address, business and website",https://companies.dubleu.co/company/ds-corrupack-private-limited-U22203MH2024PTC431453,companies.dubleu.co,"""DS CORRUPACK PRIVATE LIMITED"" Nagpur",Ds Corrupack Private Limited | Company Details,https://www.allindiaitr.com/company/ds-corrupack-private-limited/U22203MH2024PTC431453,allindiaitr.com,"""DS CORRUPACK PRIVATE LIMITED"" Nagpur",DS CORRUPACK PRIVATE LIMITED - Company Profile | MasterData,https://masterdata.in/company/ds_corrupack_private_limited/U22203MH2024PTC431453,masterdata.in,"""DS CORRUPACK PRIVATE LIMITED"" Nagpur",DS CORRUPACK PRIVATE LIMITED | U22203MH2024PTC431453 - IndiaFilings,https://www.indiafilings.com/search/ds-corrupack-private-limited-cin-U22203MH2024PTC431453,indiafilings.com,"""DS CORRUPACK PRIVATE LIMITED"" Nagpur"
679b26eae4b01d22e013535b,KDKOLTE TASTY GO PRIVATE LIMITED,https://NA,DNS_ERROR,CANDIDATES_FOUND,1,1,KDKOLTE TASTY GO PRIVATE LIMITED - U56290MH2024PTC428257 - InstaFinancials,https://www.instafinancials.com/company/kdkolte-tasty-go-private-limited-U56290MH2024PTC428257/company-overview,instafinancials.com,"""KDKOLTE TASTY GO PRIVATE LIMITED"" Nagpur",KDKOLTE TASTY GO PRIVATE LIMITED | CompFilings,https://compfilings.com/company/KDKOLTE-TASTY-GO-PRIVATE-LIMITED-U56290MH2024PTC428257,compfilings.com,"""KDKOLTE TASTY GO PRIVATE LIMITED"" Nagpur",KDKOLTE TASTY GO PRIVATE LIMITED - CIN U56290MH2024PTC428257 | Company ...,https://paperli.ai/company/kdkolte-tasty-go-private-limited-U56290MH2024PTC428257,paperli.ai,"""KDKOLTE TASTY GO PRIVATE LIMITED"" Nagpur",Kdkolte Tasty Go Private Limited - Business Credit Report,https://www.globalbizreport.com/KDKOLTE-TASTY-GO-PRIVATE-LIMITED/U56290MH2024PTC428257/india/maharashtra/company-business-financial-credit-report,globalbizreport.com,"""KDKOLTE TASTY GO PRIVATE LIMITED"" Nagpur",KDKOLTE TASTY GO PRIVATE LIMITED - filesure.in,https://www.filesure.in/company/kdkolte-tasty-go-private-limited/U56290MH2024PTC428257,filesure.in,"""KDKOLTE TASTY GO PRIVATE LIMITED"" Nagpur"
678f9a24e4b04104efa167ed,RISING STAR,https://www.risingstarcng.com/hostpanel/login/webmail,DNS_ERROR,CANDIDATES_FOUND,1,1,"Rising Star Play School, Nagpur | Fees, Admission, Reviews 2026-27",https://www.edutribe.in/schools/nagpur/rising-star-play-school-nagpur,edutribe.in,"""RISING STAR"" Nagpur","Rising Star Cafe, Dhantoli, Nagpur | Zomato",https://www.zomato.com/nagpur/rising-star-cafe-dhantoli,zomato.com,"""RISING STAR"" Nagpur",Rising star cafe - Cafe - Nagpur - Maharashtra | Yappe.in,https://yappe.in/maharashtra/nagpur/rising-star-cafe/246048,yappe.in,"""RISING STAR"" Nagpur","Information | THE RISING STARS INSTITUTE,NAGPUR.",https://therisingstarsinst.wixsite.com/therisingstarsngp/info,therisingstarsinst.wixsite.com,"""RISING STAR"" Nagpur","Rising star cafe, Nagpur - Restaurant menu, prices and reviews",https://restaurant-guru.in/Rising-star-cafe-Nagpur,restaurant-guru.in,"""RISING STAR"" Nagpur"
678e1740e4b04104efa1062f,R &amp; R HERBAL BIOCARE LLP,https://www.rrherbalbiocareservices.com,DNS_ERROR,NO_CANDIDATES,6,0,,,,,,,,,,,,,,,,,,,,
6789ddf7e4b04104efa03015,VIRTUAL TRADE BALE HUB PRIVATE LIMITED,https://www.balehub.link/,DNS_ERROR,CANDIDATES_FOUND,6,6,Virtual Trade Bale Hub Private Limited | Company Details,https://www.allindiaitr.com/company/virtual-trade-bale-hub-private-limited/U46109MH2024PTC426006,allindiaitr.com,"""VIRTUAL TRADE BALE HUB PRIVATE LIMITED"" Nagpur",VIRTUAL TRADE BALE HUB PRIVATE LIMITED - IndiaFilings,https://www.indiafilings.com/search/virtual-trade-bale-hub-private-limited-cin-U46109MH2024PTC426006,indiafilings.com,"""VIRTUAL TRADE BALE HUB PRIVATE LIMITED"" Nagpur",Virtual Trade Bale Hub Private Limited (U46109MH2024PTC426006 ...,https://corpintel.io/VIRTUAL-TRADE-BALE-HUB-PRIVATE-LIMITED-U46109MH2024PTC426006,corpintel.io,"""VIRTUAL TRADE BALE HUB PRIVATE LIMITED"" Nagpur",Virtual Trade Bale Hub Private Limited | Cin: U46109mh2024ptc426006 ...,https://infomint.co.in/companies/virtual-trade-bale-hub-private-limited/U46109MH2024PTC426006/roc-mumbai/maharashtra/,infomint.co.in,"""VIRTUAL TRADE BALE HUB PRIVATE LIMITED"" website",,,,
67868481e4b04104ef9f9cbb,ADIVIDHYA CONSTRUCTION LLP,https://Not applicable,DNS_ERROR,CANDIDATES_FOUND,6,1,Adividhya Construction Llp (27AFDFS2505Q1ZM) - Know Your GST,https://www.knowyourgst.com/gst-number-search/adividhya-construction-llp-27AFDFS2505Q1ZM/,knowyourgst.com,"""ADIVIDHYA CONSTRUCTION LLP"" Nagpur",Bidding - GeM,https://bidplus.gem.gov.in/bidding/bid/getBidResultView/9337567,bidplus.gem.gov.in,"""ADIVIDHYA CONSTRUCTION LLP"" Nagpur",,,,,,,,,,,,
6784b779e4b0086ce8e3c02b,SHRIPUNYA EPC PRIVATE LIMITED,https://SHRIPUNYA EPC PRIVATE LIMITED,DNS_ERROR,CANDIDATES_FOUND,3,3,Shripunya Epc Private Limited - Company overview,https://www.infyner.com/company/shripunya-epc-private-limited/U71100MH2024PTC434890,infyner.com,"""SHRIPUNYA EPC PRIVATE LIMITED"" Nagpur","SHRIPUNYA EPC PRIVATE LIMITED - Company Info, CIN, Directors",https://buysellprivatelimited.com/company/shripunya-epc-private-limited/U71100MH2024PTC434890,buysellprivatelimited.com,"""SHRIPUNYA EPC PRIVATE LIMITED"" Nagpur","Shripunya Epc Private Limited - Company, Directors, Charges and ...",https://www.filesure.in/company/shripunya-epc-private-limited/U71100MH2024PTC434890?tab=about,filesure.in,"""SHRIPUNYA EPC PRIVATE LIMITED"" Nagpur",SHRIPUNYA EPC PRIVATE LIMITED | U71100MH2024PTC434890 - IndiaFilings,https://www.indiafilings.com/search/shripunya-epc-private-limited-cin-U71100MH2024PTC434890,indiafilings.com,"""SHRIPUNYA EPC PRIVATE LIMITED"" Nagpur","SHRIPUNYA EPC PRIVATE LIMITED, CIN, address, business and website",https://companies.dubleu.co/company/shripunya-epc-private-limited-U71100MH2024PTC434890,companies.dubleu.co,"""SHRIPUNYA EPC PRIVATE LIMITED"" official website"
67811886e4b0086ce8e3263a,SECYORO TECHNOLOGIES PRIVATE LIMITED,https://NA,DNS_ERROR,NO_CANDIDATES,6,0,,,,,,,,,,,,,,,,,,,,
6772aa41e4b0e15a7fe636e7,RAGES FASHION HOUSE INDIA (OPC) PRIVATE LIMITED,https://RAGES FASHION HOUSE INDIA (OPC) PRIVATE LIMITED,DNS_ERROR,NO_CANDIDATES,6,0,,,,,,,,,,,,,,,,,,,,
67654717e4b02edde77f4f1f,PURPOSE HEALTHCARE LABS PRIVATE LIMITED,https://PURPOSE HEALTHCARE LABS PRIVATE LIMITED,DNS_ERROR,CANDIDATES_FOUND,4,4,Contact Us - PURPOSE HEALTHCARE LABS PRIVATE LIMITED - Nagpur ...,https://www.purposehealthcarelabsprivatelimited.co.in/contact-us.html,purposehealthcarelabsprivatelimited.co.in,"""PURPOSE HEALTHCARE LABS PRIVATE LIMITED"" Nagpur",Purpose Healthcare Labs Private Limited | Company Details,https://www.allindiaitr.com/company/purpose-healthcare-labs-private-limited/U11049MH2024PTC426250,allindiaitr.com,"""PURPOSE HEALTHCARE LABS PRIVATE LIMITED"" Nagpur",Purpose Healthcare Labs Private Limited,https://www.growdistributors.com/purpose-healthcare-labs-private-limited,growdistributors.com,"""PURPOSE HEALTHCARE LABS PRIVATE LIMITED"" website",PURPOSE HEALTHCARE LABS PRIVATE LIMITED - IndiaFilings,https://www.indiafilings.com/search/purpose-healthcare-labs-private-limited-cin-U11049MH2024PTC426250,indiafilings.com,"""PURPOSE HEALTHCARE LABS PRIVATE LIMITED"" website",PURPOSE HEALTHCARE LABS PRIVATE LIMITED - credhive.in,https://www.credhive.in/ind/corporate/U11049MH2024PTC426250/PURPOSE HEALTHCARE LABS PRIVATE LIMITED/overview,credhive.in,"""PURPOSE HEALTHCARE LABS PRIVATE LIMITED"" India"
6763c2d2e4b090dc29023e25,BHUMISAAR ENTERPRISES PRIVATE LIMITED,https://N/A,DNS_ERROR,CANDIDATES_FOUND,1,1,Bhumisaar Enterprises Private Limited - Food And Beverage Supplier ...,https://www.globallinker.com/seller/bhumisaar-enterprises-private-limited,globallinker.com,"""BHUMISAAR ENTERPRISES PRIVATE LIMITED"" Nagpur",BHUMISAAR ENTERPRISES PRIVATE LIMITED - IndiaFilings,https://www.indiafilings.com/search/bhumisaar-enterprises-private-limited-cin-U46909PN2024PTC236003,indiafilings.com,"""BHUMISAAR ENTERPRISES PRIVATE LIMITED"" Nagpur",Bhumisaar Enterprises Private Limited. Supplier from India,https://www.go4worldbusiness.com/member/view/factory/4460944/bhumisaar-enterprises-private-limited.html,go4worldbusiness.com,"""BHUMISAAR ENTERPRISES PRIVATE LIMITED"" Nagpur",BHUMISAAR ENTERPRISES PRIVATE LIMITED - fieo.globallinker.com,https://fieo.globallinker.com/network/agriculture-agri-products/sme/bhumisaar-enterprises-private-limited-429437,fieo.globallinker.com,"""BHUMISAAR ENTERPRISES PRIVATE LIMITED"" Nagpur",Bhumisaar Enterprises Private Limited (U46909PN2024PTC236003 ...,https://corpintel.io/BHUMISAAR-ENTERPRISES-PRIVATE-LIMITED-U46909PN2024PTC236003,corpintel.io,"""BHUMISAAR ENTERPRISES PRIVATE LIMITED"" Nagpur"
67617738e4b035f7d75690aa,STEELCOOL COOLERS PRIVATE LIMITED,https://NA,DNS_ERROR,CANDIDATES_FOUND,2,2,"STEELCOOL COOLERS PRIVATE LIMITED - Company Info, CIN, Directors",https://buysellprivatelimited.com/company/steelcool-coolers-private-limited/U27501MH2024PTC424771,buysellprivatelimited.com,"""STEELCOOL COOLERS PRIVATE LIMITED"" Nagpur",Steelcool Coolers Private Limited - Company Check and Director Information,https://www.companyseekers.com/company/steelcool-coolers-private-limited/U27501MH2024PTC424771,companyseekers.com,"""STEELCOOL COOLERS PRIVATE LIMITED"" Nagpur","Steelcool Coolers Private Limited - Company, Directors, Charges and ...",https://www.filesure.in/company/steelcool-coolers-private-limited/U27501MH2024PTC424771?tab=about,filesure.in,"""STEELCOOL COOLERS PRIVATE LIMITED"" Nagpur",CIN Details | STEELCOOL COOLERS PRIVATE LIMITED,https://cin.iadv.io/STEELCOOL-COOLERS-PRIVATE-LIMITED-U27501MH2024PTC424771/,cin.iadv.io,"""STEELCOOL COOLERS PRIVATE LIMITED"" Nagpur",Steelcool Coolers Private Limited (U27501MH2024PTC424771) — Maharashtra ...,https://corpintel.io/STEELCOOL-COOLERS-PRIVATE-LIMITED-U27501MH2024PTC424771,corpintel.io,"""STEELCOOL COOLERS PRIVATE LIMITED"" website"
6761751fe4b035f7d7568fbe,ROSPAND GLOBAL TECHNO SERVICES PRIVATE LIMITED,https://rospand.com/,DNS_ERROR,CANDIDATES_FOUND,6,6,Rospand Global Techno Services Private Limited,https://www.allindiaitr.com/company/rospand-global-techno-services-private-limited/U01120MH2024PTC435564,allindiaitr.com,"""ROSPAND GLOBAL TECHNO SERVICES PRIVATE LIMITED"" Nagpur",Rospand Global Techno Services Private Limited,https://www.indiafilings.com/search/rospand-global-techno-services-private-limited-cin-U01120MH2024PTC435564,indiafilings.com,"""ROSPAND GLOBAL TECHNO SERVICES PRIVATE LIMITED"" Nagpur",Rospand Global Techno Services Private Limited,https://www.neusourcestartup.com/companies/rospand-global-techno-services-private-limited,neusourcestartup.com,"""ROSPAND GLOBAL TECHNO SERVICES PRIVATE LIMITED"" website",Rospand Global Techno Services Private Limited,https://companies.dubleu.co/company/rospand-global-techno-services-private-limited-U01120MH2024PTC435564,companies.dubleu.co,"""ROSPAND GLOBAL TECHNO SERVICES PRIVATE LIMITED"" official website",,,,
675ad74be4b0e761d3171610,CARBON GREEN SOLUTION PRIVATE LIMITED,https://na,DNS_ERROR,CANDIDATES_FOUND,6,1,CARBON GREEN SOLUTION PRIVATE LIMITED Company Profile | Nagpur ...,https://www.dnb.com/business-directory/company-profiles.carbon_green_solution_private_limited.09c4cb2df8c79c23265edadb140f730a.html,dnb.com,"""CARBON GREEN SOLUTION PRIVATE LIMITED"" Nagpur",,,,,,,,,,,,,,,,
675ac758e4b0e761d3170f6b,DSPB SUPERFOODS PRIVATE LIMITED,https://NA,DNS_ERROR,CANDIDATES_FOUND,1,1,DSPB SUPERFOODS PRIVATE LIMITED MCA Profile | QorpIQ,https://qorpiq.com/company/dspb-superfoods-private-limited/U47737MH2024PTC417909,qorpiq.com,"""DSPB SUPERFOODS PRIVATE LIMITED"" Nagpur","DSPB SUPERFOODS PRIVATE LIMITED - Company Info, CIN, Directors",https://buysellprivatelimited.com/company/dspb-superfoods-private-limited/U47737MH2024PTC417909,buysellprivatelimited.com,"""DSPB SUPERFOODS PRIVATE LIMITED"" Nagpur",DSPB SUPERFOODS PRIVATE LIMITED - IndiaFilings,https://www.indiafilings.com/search/dspb-superfoods-private-limited-cin-U47737MH2024PTC417909,indiafilings.com,"""DSPB SUPERFOODS PRIVATE LIMITED"" Nagpur",Dspb Superfoods Private Limited | Company Details,https://www.allindiaitr.com/company/dspb-superfoods-private-limited/U47737MH2024PTC417909,allindiaitr.com,"""DSPB SUPERFOODS PRIVATE LIMITED"" Nagpur",Company Master Detail on Dspb Superfoods Private Limited,https://mycorporateinfo.com/business/dspb-superfoods-private-limited,mycorporateinfo.com,"""DSPB SUPERFOODS PRIVATE LIMITED"" Nagpur"
674ef330e4b0c0da2133d9fc,CHA IMPEX LLP,https://na,DNS_ERROR,CANDIDATES_FOUND,6,6,"Cha Impex Llp - Company, Directors, Charges and Compliance details ...",https://www.filesure.in/company/cha-impex-llp/ACK-3835?tab=about,filesure.in,"""CHA IMPEX LLP"" Nagpur",Cha Impex LLP. Supplier from India - go4WorldBusiness,https://www.go4worldbusiness.com/member/view/4563665/cha-impex-llp.html,go4worldbusiness.com,"""CHA IMPEX LLP"" Nagpur",,,,,,,,,,,,
674b0057e4b0c0da2133050d,GAURAVI INTERNATIONAL PRIVATE LIMITED,https://GAURAVI INTERNATIONAL PRIVATE LIMITED,DNS_ERROR,CANDIDATES_FOUND,1,1,GAURAVI INTERNATIONAL PRIVATE LIMITED Company Profile | Nagpur ...,https://www.dnb.com/business-directory/company-profiles.gauravi_international_private_limited.1a3a6adc12f1004d033331fab3628cd8.html,dnb.com,"""GAURAVI INTERNATIONAL PRIVATE LIMITED"" Nagpur","Gauravi International Private Limited - Company, Directors ... - FileSure",https://www.filesure.in/company/gauravi-international-private-limited/U10795MH2023PTC403375?tab=about,filesure.in,"""GAURAVI INTERNATIONAL PRIVATE LIMITED"" Nagpur",Gauravi International Private Limited | Company Details,https://www.allindiaitr.com/company/gauravi-international-private-limited/U10795MH2023PTC403375,allindiaitr.com,"""GAURAVI INTERNATIONAL PRIVATE LIMITED"" Nagpur",GAURAVI INTERNATIONAL PRIVATE LIMITED | CompFilings,https://compfilings.com/company/GAURAVI-INTERNATIONAL-PRIVATE-LIMITED-U10795MH2023PTC403375,compfilings.com,"""GAURAVI INTERNATIONAL PRIVATE LIMITED"" Nagpur",GAURAVI INTERNATIONAL PRIVATE LIMITED - paperli.ai,https://paperli.ai/company/gauravi-international-private-limited-U10795MH2023PTC403375,paperli.ai,"""GAURAVI INTERNATIONAL PRIVATE LIMITED"" Nagpur"
674aebe2e4b0c0da2132fe4d,BUSTBRAIN LABS (OPC) PRIVATE LIMITED,https://N/A,DNS_ERROR,NO_CANDIDATES,6,0,,,,,,,,,,,,,,,,,,,,
6749a068e4b02d7a79000f6e,EFRGENZ PRIVATE LIMITED,https://NA,DNS_ERROR,CANDIDATES_FOUND,6,1,Efrgenz Private Limited - U35106mh2023ptc410135,https://www.instafinancials.com/company/efrgenz-private-limited-U35106MH2023PTC410135,instafinancials.com,"""EFRGENZ PRIVATE LIMITED"" Nagpur",Efrgenz Private Limited | Company Details | All India Itr,https://www.allindiaitr.com/company/efrgenz-private-limited/U35106MH2023PTC410135,allindiaitr.com,"""EFRGENZ PRIVATE LIMITED"" Nagpur","EFRGENZ PRIVATE LIMITED — Directors, Financials",https://www.inspex.in/company/EFRGENZ-PRIVATE-LIMITED-U35106MH2023PTC410135,inspex.in,"""EFRGENZ PRIVATE LIMITED"" Nagpur",,,,,,,,
67470827e4b079d818347f14,VECTORTEK LABS PRIVATE LIMITED,https://NA,DNS_ERROR,CANDIDATES_FOUND,1,1,VECTORTEK LABS PRIVATE LIMITED | U62013MH2024PTC433874 - IndiaFilings,https://www.indiafilings.com/search/vectortek-labs-private-limited-cin-U62013MH2024PTC433874,indiafilings.com,"""VECTORTEK LABS PRIVATE LIMITED"" Nagpur","VECTORTEK LABS PRIVATE LIMITED, CIN, address, business and website",https://companies.dubleu.co/company/vectortek-labs-private-limited-U62013MH2024PTC433874,companies.dubleu.co,"""VECTORTEK LABS PRIVATE LIMITED"" Nagpur",About Us - Vector,https://www.vectorlab.in/about.html,vectorlab.in,"""VECTORTEK LABS PRIVATE LIMITED"" Nagpur",VECTORTEK LABS PRIVATE LIMITED - Company Profile | MasterData,https://masterdata.in/company/vectortek_labs_private_limited/U62013MH2024PTC433874,masterdata.in,"""VECTORTEK LABS PRIVATE LIMITED"" Nagpur",CIN Details | VECTORTEK LABS PRIVATE LIMITED,https://cin.iadv.io/VECTORTEK-LABS-PRIVATE-LIMITED-U62013MH2024PTC433874/,cin.iadv.io,"""VECTORTEK LABS PRIVATE LIMITED"" Nagpur"
673b3beae4b061047b5e4c97,WISE-BESARV EV PRIVATE LIMITED,https://www.wisebesarvev.com,DNS_ERROR,CANDIDATES_FOUND,6,1,"WISE-BESARV EV PRIVATE LIMITED Company Profile | Nagpur, Maharashtra ...",https://www.dnb.com/business-directory/company-profiles.wise-besarv_ev_private_limited.388afbe926d4ab71f675510de8bc9b18.html,dnb.com,"""WISE-BESARV EV PRIVATE LIMITED"" Nagpur",WISE-BESARV EV PRIVATE LIMITED - IndiaFilings,https://www.indiafilings.com/search/wise-besarv-ev-private-limited-cin-U29109MH2024PTC420376,indiafilings.com,"""WISE-BESARV EV PRIVATE LIMITED"" Nagpur",WISE-BESARV EV PRIVATE LIMITED - credhive.in,https://www.credhive.in/ind/corporate/U29109MH2024PTC420376/WISE-BESARV%2520EV%2520PRIVATE%2520LIMITED/overview,credhive.in,"""WISE-BESARV EV PRIVATE LIMITED"" Nagpur",,,,,,,,
673882dae4b061047b5dcff5,SHARIDHS TECH SOLUTIONS,https://bighelpr.com,DNS_ERROR,NO_CANDIDATES,6,0,,,,,,,,,,,,,,,,,,,,
673873ace4b061047b5dcb3a,WIT WEB INTEGRATED TECHNOLOGY PRIVATE LIMITED,https://www.webintegratedtech.com/,DNS_ERROR,NO_CANDIDATES,6,0,,,,,,,,,,,,,,,,,,,,
6733028fe4b017491c4e9ddc,CLEOO COSMETICS PRIVATE LIMITED,https://Home-Cleoo Cosmetic,DNS_ERROR,CANDIDATES_FOUND,4,4,"CLEOO COSMETICS PRIVATE LIMITED - Company Info, CIN, Directors",https://buysellprivatelimited.com/company/cleoo-cosmetics-private-limited/U20237MH2023PTC409694,buysellprivatelimited.com,"""CLEOO COSMETICS PRIVATE LIMITED"" Nagpur",Cleoo Cosmetics Private Limited | Company Details,https://www.allindiaitr.com/company/cleoo-cosmetics-private-limited/U20237MH2023PTC409694,allindiaitr.com,"""CLEOO COSMETICS PRIVATE LIMITED"" Nagpur",CLEOO COSMETICS PRIVATE LIMITED - U20237MH2023PTC409694 - InstaFinancials,https://www.instafinancials.com/company/cleoo-cosmetics-private-limited-U20237MH2023PTC409694/company-overview,instafinancials.com,"""CLEOO COSMETICS PRIVATE LIMITED"" Nagpur",CLEOO COSMETICS PRIVATE LIMITED | CIN U20237MH2023PTC409694 | Company ...,https://credhive.in/ind/corporate/U20237MH2023PTC409694/CLEOO COSMETICS PRIVATE LIMITED/overview,credhive.in,"""CLEOO COSMETICS PRIVATE LIMITED"" Nagpur",CIN Details | CLEOO COSMETICS PRIVATE LIMITED,https://cin.iadv.io/CLEOO-COSMETICS-PRIVATE-LIMITED-U20237MH2023PTC409694/,cin.iadv.io,"""CLEOO COSMETICS PRIVATE LIMITED"" India"
67319ae2e4b017491c4e47c8,PINAKRAJ CLASSICS PRIVATE LIMITED,https://NA,DNS_ERROR,CANDIDATES_FOUND,1,1,PINAKRAJ CLASSICS PRIVATE LIMITED - registerkaro.in,https://www.registerkaro.in/company/pinakraj-classics-private-limited-U47912PN2024PTC231795,registerkaro.in,"""PINAKRAJ CLASSICS PRIVATE LIMITED"" Nagpur",PINAKRAJ CLASSICS PRIVATE LIMITED - U47912PN2024PTC231795 - InstaFinancials,https://www.instafinancials.com/company/pinakraj-classics-private-limited-U47912PN2024PTC231795/company-overview,instafinancials.com,"""PINAKRAJ CLASSICS PRIVATE LIMITED"" Nagpur",CIN Details | PINAKRAJ CLASSICS PRIVATE LIMITED,https://cin.iadv.io/PINAKRAJ-CLASSICS-PRIVATE-LIMITED-U47912PN2024PTC231795/,cin.iadv.io,"""PINAKRAJ CLASSICS PRIVATE LIMITED"" Nagpur",PINAKRAJ CLASSICS PRIVATE LIMITED - IndiaFilings,https://www.indiafilings.com/search/pinakraj-classics-private-limited-cin-U47912PN2024PTC231795,indiafilings.com,"""PINAKRAJ CLASSICS PRIVATE LIMITED"" Nagpur","Pinakraj Classics Private Limited - Company, Directors, Charges and ...",https://www.filesure.in/company/pinakraj-classics-private-limited/U47912PN2024PTC231795?tab=about,filesure.in,"""PINAKRAJ CLASSICS PRIVATE LIMITED"" Nagpur"
6729e353e4b0a3f67b48e879,RVT PHARMA ENTERPRISES PRIVATE LIMITED,https://NA,DNS_ERROR,CANDIDATES_FOUND,6,6,Rvt Pharma Enterprises Private Limited - U47720mh2023ptc415630,https://www.instafinancials.com/company/rvt-pharma-enterprises-private-limited-U47720MH2023PTC415630/company-overview,instafinancials.com,"""RVT PHARMA ENTERPRISES PRIVATE LIMITED"" Nagpur",RVT PHARMA ENTERPRISES PRIVATE LIMITED - FileSure,https://www.filesure.in/company/rvt-pharma-enterprises-private-limited/U47720MH2023PTC415630?tab=about,filesure.in,"""RVT PHARMA ENTERPRISES PRIVATE LIMITED"" Nagpur",Rvt Pharma Enterprises Private Limited - KnowyourGST,https://www.knowyourgst.com/gst-number-search/rvt-pharma-enterprises-private-limited-27AANCR2233C1ZL/,knowyourgst.com,"""RVT PHARMA ENTERPRISES PRIVATE LIMITED"" founder",,,,,,,,
6721fa52e4b01514dfdbfc5c,A K SANTRA ASSOCIATE AND CONSULTANT PRIVATE LIMITED,https://Not Applicable,DNS_ERROR,CANDIDATES_FOUND,1,1,A K Santra Associate and Consultant Private Limited,https://companies.dubleu.co/company/a-k-santra-associate-and-consultant-private-limited-U82990MH2024PTC430821,companies.dubleu.co,"""A K SANTRA ASSOCIATE AND CONSULTANT PRIVATE LIMITED"" Nagpur",A K Santra Associate and Consultant Private Limited,https://buysellprivatelimited.com/company/a-k-santra-associate-and-consultant-private-limited/U82990MH2024PTC430821,buysellprivatelimited.com,"""A K SANTRA ASSOCIATE AND CONSULTANT PRIVATE LIMITED"" Nagpur",A K Santra Associate and Consultant Private Limited,https://www.globalbizreport.com/A-K-SANTRA-ASSOCIATE-AND-CONSULTANT-PRIVATE-LIMITED/U82990MH2024PTC430821/india/maharashtra/company-business-financial-credit-report,globalbizreport.com,"""A K SANTRA ASSOCIATE AND CONSULTANT PRIVATE LIMITED"" Nagpur",A K Santra Associate and Consultant Private Limited,https://cin.iadv.io/A-K-SANTRA-ASSOCIATE-AND-CONSULTANT-PRIVATE-LIMITED-U82990MH2024PTC430821/,cin.iadv.io,"""A K SANTRA ASSOCIATE AND CONSULTANT PRIVATE LIMITED"" Nagpur",A K Santra Associate And Consultant Private Limited,https://www.allindiaitr.com/company/a-k-santra-associate-and-consultant-private-limited/U82990MH2024PTC430821,allindiaitr.com,"""A K SANTRA ASSOCIATE AND CONSULTANT PRIVATE LIMITED"" Nagpur"
671f179de4b0bbf338c3b531,SUSTAINSH BIOSOLUTIONS LLP,https://NA,DNS_ERROR,CANDIDATES_FOUND,6,6,"SUSTAINSH BIOSOLUTIONS LLP having CIN/LLP Number ACI-5079, registered ...",https://www.indiancompanysearch.in/company/sustainsh-biosolutions-llp/ACI-5079,indiancompanysearch.in,"""SUSTAINSH BIOSOLUTIONS LLP"" Nagpur","Ansuja Khandekar - Director Insights, Profile, and Associated Companies ...",https://www.filesure.in/director/ansuja-khandekar/10714601,filesure.in,"""SUSTAINSH BIOSOLUTIONS LLP"" Nagpur",ANSUJA KHANDEKAR | Director | DIN 10714601 - IndiaFilings,https://www.indiafilings.com/search/ansuja-khandekar-din-10714601,indiafilings.com,"""SUSTAINSH BIOSOLUTIONS LLP"" Nagpur",Incubatees -,https://bionestdmiher.com/incubatees/,bionestdmiher.com,"""SUSTAINSH BIOSOLUTIONS LLP"" website",,,,
67128f6ee4b00e6292704aef,SPECTRUM INVENTIVE DESIGNS PRIVATE LIMITED,https://SPECTRUM INVENTIVE DESIGNS PRIVATE LIMITED,DNS_ERROR,CANDIDATES_FOUND,1,1,Spectrum Inventive Designs Private Limited | Company Details,https://www.allindiaitr.com/company/spectrum-inventive-designs-private-limited/U18115MH2024PTC433731,allindiaitr.com,"""SPECTRUM INVENTIVE DESIGNS PRIVATE LIMITED"" Nagpur",Spectrum Inventive Designs Private Limited,https://companies.dubleu.co/company/spectrum-inventive-designs-private-limited-U18115MH2024PTC433731,companies.dubleu.co,"""SPECTRUM INVENTIVE DESIGNS PRIVATE LIMITED"" Nagpur",SPECTRUM INVENTIVE DESIGNS PRIVATE LIMITED | CompFilings,https://compfilings.com/company/SPECTRUM-INVENTIVE-DESIGNS-PRIVATE-LIMITED-U18115MH2024PTC433731,compfilings.com,"""SPECTRUM INVENTIVE DESIGNS PRIVATE LIMITED"" Nagpur","Spectrum Inventive Designs Private Limited - Company, Directors ...",https://www.filesure.in/company/spectrum-inventive-designs-private-limited/U18115MH2024PTC433731?tab=about,filesure.in,"""SPECTRUM INVENTIVE DESIGNS PRIVATE LIMITED"" Nagpur",Spectrum Inventive Designs Private Limited - U18115mh2024ptc433731,https://www.instafinancials.com/company/spectrum-inventive-designs-private-limited-U18115MH2024PTC433731,instafinancials.com,"""SPECTRUM INVENTIVE DESIGNS PRIVATE LIMITED"" Nagpur"
67128f65e4b00e6292704ad7,ASHISH GREEN ENERGY PRIVATE LIMITED,https://ASHISH GREEN ENERGY PRIVATE LIMITED,DNS_ERROR,CANDIDATES_FOUND,6,5,ASHISH GREEN ENERGY PRIVATE LIMITED - FileSure,https://www.filesure.in/company/ashish-green-energy-private-limited/U35105MH2023PTC401236?tab=about,filesure.in,"""ASHISH GREEN ENERGY PRIVATE LIMITED"" Nagpur",Ashish Green Energy Private Limited - U35105mh2023ptc401236,https://www.instafinancials.com/company/ashish-green-energy-private-limited-U35105MH2023PTC401236,instafinancials.com,"""ASHISH GREEN ENERGY PRIVATE LIMITED"" Nagpur",ASHISH GREEN ENERGY PRIVATE LIMITED | Company details | Director details,https://www.wintro.in/company/ASHISH-GREEN-ENERGY-PRIVATE-LIMITED,wintro.in,"""ASHISH GREEN ENERGY PRIVATE LIMITED"" Nagpur",,,,,,,,
67128f4be4b00e6292704aa6,ANAN VIRIYATECH PRIVATE LIMITED,https://ANAN VIRIYATECH PRIVATE LIMITED,DNS_ERROR,CANDIDATES_FOUND,1,1,"ANAN VIRIYATECH PRIVATE LIMITED, CIN, address, business and website",https://companies.dubleu.co/company/anan-viriyatech-private-limited-U35105MH2023PTC402390,companies.dubleu.co,"""ANAN VIRIYATECH PRIVATE LIMITED"" Nagpur",ANAN VIRIYATECH PRIVATE LIMITED - U35105MH2023PTC402390 - InstaFinancials,https://www.instafinancials.com/company/anan-viriyatech-private-limited-U35105MH2023PTC402390/index.html,instafinancials.com,"""ANAN VIRIYATECH PRIVATE LIMITED"" Nagpur","ANAN VIRIYATECH PRIVATE LIMITED - Company Info, CIN, Directors",https://buysellprivatelimited.com/company/anan-viriyatech-private-limited/U35105MH2023PTC402390,buysellprivatelimited.com,"""ANAN VIRIYATECH PRIVATE LIMITED"" Nagpur","ANAN VIRIYATECH PRIVATE LIMITED — Directors, Financials",https://www.inspex.in/company/ANAN-VIRIYATECH-PRIVATE-LIMITED-U35105MH2023PTC402390,inspex.in,"""ANAN VIRIYATECH PRIVATE LIMITED"" Nagpur",ANAN VIRIYATECH PRIVATE LIMITED - CIN U35105MH2023PTC402390 | Company ...,https://paperli.ai/company/anan-viriyatech-private-limited-U35105MH2023PTC402390,paperli.ai,"""ANAN VIRIYATECH PRIVATE LIMITED"" Nagpur"
670cf67be4b0b193604ee6f8,TECHDYNAMICS INNOVATIONS PRIVATE LIMITED,https://NA,DNS_ERROR,CANDIDATES_FOUND,1,1,TECHDYNAMICS INNOVATIONS PRIVATE LIMITED - Company Details in ...,https://www.registerkaro.in/company/techdynamics-innovations-private-limited-U85490MH2024PTC426444,registerkaro.in,"""TECHDYNAMICS INNOVATIONS PRIVATE LIMITED"" Nagpur",Techdynamics Innovations Private Limited,https://buysellprivatelimited.com/company/techdynamics-innovations-private-limited/U85490MH2024PTC426444,buysellprivatelimited.com,"""TECHDYNAMICS INNOVATIONS PRIVATE LIMITED"" Nagpur",Techdynamics Innovations Private Limited - U85490mh2024ptc426444,https://www.instafinancials.com/company/techdynamics-innovations-private-limited-U85490MH2024PTC426444/company-overview,instafinancials.com,"""TECHDYNAMICS INNOVATIONS PRIVATE LIMITED"" Nagpur",Techdynamics Innovations Private Limited | Company Details,https://www.allindiaitr.com/company/techdynamics-innovations-private-limited/U85490MH2024PTC426444,allindiaitr.com,"""TECHDYNAMICS INNOVATIONS PRIVATE LIMITED"" Nagpur",Techdynamics Innovations Private Limited,https://www.indiafilings.com/search/techdynamics-innovations-private-limited-cin-U85490MH2024PTC426444,indiafilings.com,"""TECHDYNAMICS INNOVATIONS PRIVATE LIMITED"" Nagpur"
6708bf3ee4b0913403d3e5b5,SANVIVIJAY MICROSERVICES ASSOCIATION,https://www.sanvivijay.com,DNS_ERROR,CANDIDATES_FOUND,6,6,SANVIVIJAY MICROSERVICES ASSOCIATION - IndiaFilings,https://www.indiafilings.com/search/sanvivijay-microservices-association-cin-U88900MH2024NPL422825,indiafilings.com,"""SANVIVIJAY MICROSERVICES ASSOCIATION"" Nagpur",Sanvivijay Microservices Association - Company Check and Director ...,https://www.companyseekers.com/company/sanvivijay-microservices-association/U88900MH2024NPL422825,companyseekers.com,"""SANVIVIJAY MICROSERVICES ASSOCIATION"" Nagpur",KAMAL VIJAYVERGIYA - 10577151 Director Info | MyCorporateInfo,https://mycorporateinfo.com/director/kamal-vijayvergiya-10577151,mycorporateinfo.com,"""SANVIVIJAY MICROSERVICES ASSOCIATION"" Nagpur","Anil Vijay - Director Insights, Profile, and Associated Companies ...",https://www.filesure.in/director/anil-vijay/10577152,filesure.in,"""SANVIVIJAY MICROSERVICES ASSOCIATION"" Nagpur",,,,
66fe812de4b0f06e1bb18ba3,DRRV ADVANCED HEALTH PRIVATE LIMITED,https://DRRV ADVANCED HEALTH PRIVATE LIMITED,DNS_ERROR,CANDIDATES_FOUND,2,2,DRRV ADVANCED HEALTH PRIVATE LIMITED | CompFilings,https://compfilings.com/company/DRRV-ADVANCED-HEALTH-PRIVATE-LIMITED-U86904MH2024PTC426110,compfilings.com,"""DRRV ADVANCED HEALTH PRIVATE LIMITED"" Nagpur",DRRV ADVANCED HEALTH PRIVATE LIMITED - filesure.in,https://www.filesure.in/company/drrv-advanced-health-private-limited/U86904MH2024PTC426110?tab=about,filesure.in,"""DRRV ADVANCED HEALTH PRIVATE LIMITED"" Nagpur",Drrv Advanced Health Private Limited | Company Details,https://www.allindiaitr.com/company/drrv-advanced-health-private-limited/U86904MH2024PTC426110,allindiaitr.com,"""DRRV ADVANCED HEALTH PRIVATE LIMITED"" Nagpur",DRRV ADVANCED HEALTH PRIVATE LIMITED - IndiaFilings,https://www.indiafilings.com/search/drrv-advanced-health-private-limited-cin-U86904MH2024PTC426110,indiafilings.com,"""DRRV ADVANCED HEALTH PRIVATE LIMITED"" Nagpur",DRRV ADVANCED HEALTH PRIVATE LIMITED - qorpiq.com,https://qorpiq.com/company/drrv-advanced-health-private-limited/U86904MH2024PTC426110,qorpiq.com,"""DRRV ADVANCED HEALTH PRIVATE LIMITED"" website"
66fa79b6e4b0f06e1bb05f10,ELITA VENTURES PRIVATE LIMITED,https://NA,DNS_ERROR,CANDIDATES_FOUND,2,2,Elita Ventures Private Limited | Company Details,https://www.allindiaitr.com/company/elita-ventures-private-limited/U55101MH2024PTC431311,allindiaitr.com,"""ELITA VENTURES PRIVATE LIMITED"" Nagpur","Elita Ventures Private Limited - Company, Directors, Charges and ...",https://www.filesure.in/company/elita-ventures-private-limited/U55101MH2024PTC431311?tab=about,filesure.in,"""ELITA VENTURES PRIVATE LIMITED"" Nagpur",ELITA VENTURES PRIVATE LIMITED - IndiaFilings,https://www.indiafilings.com/search/elita-ventures-private-limited-cin-U55101MH2024PTC431311,indiafilings.com,"""ELITA VENTURES PRIVATE LIMITED"" Nagpur",CIN Details | ELITA VENTURES PRIVATE LIMITED,https://cin.iadv.io/ELITA-VENTURES-PRIVATE-LIMITED-U55101MH2024PTC431311/,cin.iadv.io,"""ELITA VENTURES PRIVATE LIMITED"" Nagpur",ELITA VENTURES PRIVATE LIMITED (U55101MH2024PTC431311) - Company ...,https://qorpiq.com/company/elita-ventures-private-limited/U55101MH2024PTC431311,qorpiq.com,"""ELITA VENTURES PRIVATE LIMITED"" website"
66f7d9fee4b0e7dee436ac68,ARMISTICE DESTINATIONS PRIVATE LIMITED,https://ARMISTICE DESTINATIONS PRIVATE LIMITED,DNS_ERROR,CANDIDATES_FOUND,1,1,ARMISTICE DESTINATIONS PRIVATE LIMITED Company Profile | Nagpur ...,https://www.dnb.com/business-directory/company-profiles.armistice_destinations_private_limited.346993618f010aa2596422512f702a25.html,dnb.com,"""ARMISTICE DESTINATIONS PRIVATE LIMITED"" Nagpur",ARMISTICE DESTINATIONS PRIVATE LIMITED - IndiaFilings,https://www.indiafilings.com/search/armistice-destinations-private-limited-cin-U74999MH2022PTC393722,indiafilings.com,"""ARMISTICE DESTINATIONS PRIVATE LIMITED"" Nagpur","ARMISTICE DESTINATIONS PRIVATE LIMITED, CIN, address, business and ...",https://companies.dubleu.co/company/armistice-destinations-private-limited-U74999MH2022PTC393722,companies.dubleu.co,"""ARMISTICE DESTINATIONS PRIVATE LIMITED"" Nagpur",Armistice Destinations Private Limited,https://buysellprivatelimited.com/company/armistice-destinations-private-limited/U74999MH2022PTC393722,buysellprivatelimited.com,"""ARMISTICE DESTINATIONS PRIVATE LIMITED"" Nagpur",Armistice Destinations Private Limited - U74999mh2022ptc393722,https://www.instafinancials.com/company/armistice-destinations-private-limited-U74999MH2022PTC393722/company-overview,instafinancials.com,"""ARMISTICE DESTINATIONS PRIVATE LIMITED"" Nagpur"
66f692e7e4b09affe3108a07,ALTERWORKS BIOLABS LLP,https://null,DNS_ERROR,CANDIDATES_FOUND,6,6,"ALTERWORKS BIOLABS LLP Company Profile | Nagpur, Maharashtra, India ...",https://www.dnb.com/business-directory/company-profiles.alterworks_biolabs_llp.05c9595d1d759172831731ba457547d4.html,dnb.com,"""ALTERWORKS BIOLABS LLP"" Nagpur","Alterworks Biolabs Llp - Company, Directors, Charges and Compliance ...",https://www.filesure.in/company/alterworks-biolabs-llp/ACF-5703?tab=about,filesure.in,"""ALTERWORKS BIOLABS LLP"" Nagpur",ALTERWORKS BIOLABS LLP (ACF-5703) - Company Profile | QorpIQ,https://qorpiq.com/company/alterworks-biolabs-llp/ACF-5703,qorpiq.com,"""ALTERWORKS BIOLABS LLP"" Nagpur",,,,,,,,
66e7d889e4b0862aa0d08d31,AARVK INNOVATIVE &amp; TEXTILE INDUSTRIES PRIVATE LIMITED,https://AARVK INNOVATIVE &amp; TEXTILE INDUSTRIES PRIVATE LIMITED,DNS_ERROR,NO_CANDIDATES,6,0,,,,,,,,,,,,,,,,,,,,
66e5b919e4b0aee6d0f10c39,GAGANTEJ AGRO &amp; ENERGY PRIVATE LIMITED,https://GAGANTEJ AGRO &amp; ENERGY PRIVATE LIMITED,DNS_ERROR,NO_CANDIDATES,6,0,,,,,,,,,,,,,,,,,,,,
66e42d0ce4b0aee6d0f0b6d3,WAGH DEFENCE PRIVATE LIMITED,https://waghdefence.com/,DNS_ERROR,CANDIDATES_FOUND,1,1,"WAGH DEFENCE PRIVATE LIMITED - Company Info, CIN, Directors",https://buysellprivatelimited.com/company/wagh-defence-private-limited/U25200MH2024PTC428978,buysellprivatelimited.com,"""WAGH DEFENCE PRIVATE LIMITED"" Nagpur","WAGH DEFENCE PRIVATE LIMITED, CIN, address, business and website",https://companies.dubleu.co/company/wagh-defence-private-limited-U25200MH2024PTC428978,companies.dubleu.co,"""WAGH DEFENCE PRIVATE LIMITED"" Nagpur",WAGH DEFENCE PRIVATE LIMITED | CIN u25200mh2024ptc428978 ... - IndiaFilings,https://www.indiafilings.com/search/wagh-defence-private-limited-cin-U25200MH2024PTC428978,indiafilings.com,"""WAGH DEFENCE PRIVATE LIMITED"" Nagpur",WAGH DEFENCE PRIVATE LIMITED MCA Profile | QorpIQ,https://qorpiq.com/company/wagh-defence-private-limited/U25200MH2024PTC428978,qorpiq.com,"""WAGH DEFENCE PRIVATE LIMITED"" Nagpur","Wagh Defence Private Limited - Company, Directors, Charges and ...",https://www.filesure.in/company/wagh-defence-private-limited/U25200MH2024PTC428978?tab=about,filesure.in,"""WAGH DEFENCE PRIVATE LIMITED"" Nagpur"
66e00d84e4b0554f91179e37,MRO ENGINEERING AND SUPPLIES PRIVATE LIMITED,https://industrialmro.com,DNS_ERROR,CANDIDATES_FOUND,6,6,MRO ENGINEERING AND SUPPLIES PRIVATE LIMITED Company Profile | Nagpur ...,https://www.dnb.com/business-directory/company-profiles.mro_engineering_and_supplies_private_limited.87ae482f8bd3c447193a97f3ba96b038.html,dnb.com,"""MRO ENGINEERING AND SUPPLIES PRIVATE LIMITED"" Nagpur","MRO ENGINEERING AND SUPPLIES PRIVATE LIMITED, Nagpur, (India), Verif",https://www.verif.com/en/company/MRO-ENGINEERING-AND-SUPPLIES-PRIVATE-LIMITED-68a1b02b2f9389c0a95fe7e969afd3e50b362cc67b5c0c47398dff023cbe2ccb/,verif.com,"""MRO ENGINEERING AND SUPPLIES PRIVATE LIMITED"" Nagpur",,,,,,,,,,,,
66d84082e4b0da161d5aae6d,QUINTESSENTIAL INFORMATICS SYSTEMS PRIVATE LIMITED,https://QUINTESSENTIAL INFORMATICS SYSTEMS PRIVATE LIMITED,DNS_ERROR,CANDIDATES_FOUND,6,6,Quintessential Informatics Systems Private Limited,https://www.dnb.com/business-directory/company-profiles.quintessential_informatics_systems_private_limited.cd9a9bf2d46716b58f13ac81b692ce65.html,dnb.com,"""QUINTESSENTIAL INFORMATICS SYSTEMS PRIVATE LIMITED"" Nagpur",Quintessential Informatics Systems - Crunchbase,https://www.crunchbase.com/organization/quintessential-informatics-systems,crunchbase.com,"""QUINTESSENTIAL INFORMATICS SYSTEMS PRIVATE LIMITED"" Nagpur",QUINTESSENTIAL INFORMATICS SYSTEMS PRIVATE LIMITED - CompFilings,https://compfilings.com/company/QUINTESSENTIAL-INFORMATICS-SYSTEMS-PRIVATE-LIMITED-U72900MH2021PTC357591,compfilings.com,"""QUINTESSENTIAL INFORMATICS SYSTEMS PRIVATE LIMITED"" Nagpur",Quintessential Informatics Systems Private Limited,https://www.indiafilings.com/search/quintessential-informatics-systems-private-limited-cin-U72900MH2021PTC357591,indiafilings.com,"""QUINTESSENTIAL INFORMATICS SYSTEMS PRIVATE LIMITED"" official website",,,,
66d2bffce4b0da161d592904,A.G.UPASE CIVIL CONSTRUCTION PRIVATE LIMITED,https://nill,DNS_ERROR,NO_CANDIDATES,6,0,,,,,,,,,,,,,,,,,,,,
66d1c5dbe4b0da161d58ee32,SRIKALAHASTI FOOD PRODUCTS (OPC) PRIVATE LIMITED,https://srikalahastifoodproducts.com,DNS_ERROR,NO_CANDIDATES,6,0,,,,,,,,,,,,,,,,,,,,
66c9ae6fe4b0da161d570cbe,EIROBAA ELECTRIC VEHICLES PRIVATE LIMITED,https://eirobaa.com/,DNS_ERROR,CANDIDATES_FOUND,1,1,Eirobaa Electric Vehicles Private Limited,https://companies.dubleu.co/company/eirobaa-electric-vehicles-private-limited-U45100MH2024PTC430247,companies.dubleu.co,"""EIROBAA ELECTRIC VEHICLES PRIVATE LIMITED"" Nagpur",Eirobaa Electric Vehicles Private Limited,https://buysellprivatelimited.com/company/eirobaa-electric-vehicles-private-limited/U45100MH2024PTC430247,buysellprivatelimited.com,"""EIROBAA ELECTRIC VEHICLES PRIVATE LIMITED"" Nagpur",Eirobaa Electric Vehicles Private Limited | Company Details,https://www.allindiaitr.com/company/eirobaa-electric-vehicles-private-limited/U45100MH2024PTC430247,allindiaitr.com,"""EIROBAA ELECTRIC VEHICLES PRIVATE LIMITED"" Nagpur",Eirobaa Electric Vehicles Private Limited india Company check and ...,https://www.companyseekers.com/company/eirobaa-electric-vehicles-private-limited/U45100MH2024PTC430247,companyseekers.com,"""EIROBAA ELECTRIC VEHICLES PRIVATE LIMITED"" Nagpur",Eirobaa Electric Vehicles Private Limited - U45100mh2024ptc430247,https://www.instafinancials.com/company/eirobaa-electric-vehicles-private-limited-U45100MH2024PTC430247/company-overview,instafinancials.com,"""EIROBAA ELECTRIC VEHICLES PRIVATE LIMITED"" Nagpur"
66bc4baae4b0e0a79682ddf1,ALLIOSTAAR TECHUB LLP,https://ALLIOSTAAR TECHUB LLP,DNS_ERROR,CANDIDATES_FOUND,1,1,Alliostaar Techub — Building Powerful Software That Accelerates ...,https://www.alliostaar.com/,alliostaar.com,"""ALLIOSTAAR TECHUB LLP"" Nagpur",ALLIOSTAAR TECHUB LLP | AAO-0396 -IndiaFilings,https://www.indiafilings.com/search/alliostaar-techub-llp-AAO-0396,indiafilings.com,"""ALLIOSTAAR TECHUB LLP"" Nagpur","Alliostaar Techub Llp - Company, Directors, Charges and Compliance ...",https://www.filesure.in/company/alliostaar-techub-llp/AAO-0396?tab=about,filesure.in,"""ALLIOSTAAR TECHUB LLP"" Nagpur","Alliostaar Techub Llp - AAO-0396 LLP , Director and ... - MyCorporateInfo",https://mycorporateinfo.com/business-llp/alliostaar-techub-llp,mycorporateinfo.com,"""ALLIOSTAAR TECHUB LLP"" Nagpur",Alliostaar Techub - Crunchbase Company Profile & Funding,https://www.crunchbase.com/organization/alliostaar-techub,crunchbase.com,"""ALLIOSTAAR TECHUB LLP"" Nagpur"
66bb52e7e4b0e0a79682bd06,SHLOK REFVAN SERVICES PRIVATE LIMITED,https://SHLOK REFVAN SERVICES PRIVATE LIMITED,DNS_ERROR,CANDIDATES_FOUND,6,6,SHLOK REFVAN SERVICES PRIVATE LIMITED Company Profile | Nagpur ...,https://www.dnb.com/business-directory/company-profiles.shlok_refvan_services_private_limited.45aab208572c47188b534426dedce102.html,dnb.com,"""SHLOK REFVAN SERVICES PRIVATE LIMITED"" Nagpur",SHLOK REFVAN SERVICES PRIVATE LIMITED - IndiaFilings,https://www.indiafilings.com/search/shlok-refvan-services-private-limited-cin-U74994MH2018PTC314840,indiafilings.com,"""SHLOK REFVAN SERVICES PRIVATE LIMITED"" Nagpur",Shlok Refvan Services Private Limited - U74994mh2018ptc314840,https://www.instafinancials.com/company/shlok-refvan-services-private-limited-U74994MH2018PTC314840/company-overview,instafinancials.com,"""SHLOK REFVAN SERVICES PRIVATE LIMITED"" website",SHLOK REFVAN SERVICES PRIVATE LIMITED - filesure.in,https://www.filesure.in/company/shlok-refvan-services-private-limited/U74994MH2018PTC314840?tab=about,filesure.in,"""SHLOK REFVAN SERVICES PRIVATE LIMITED"" founder",Shlok Refvan Services Private Limited (U74994mh2018ptc31484…,https://www.inspex.in/company/SHLOK-REFVAN-SERVICES-PRIVATE-LIMITED-U74994MH2018PTC314840,inspex.in,"""SHLOK REFVAN SERVICES PRIVATE LIMITED"" LinkedIn"
66b86c7ee4b0c2c2d5d2a8c7,IYIYK TOY SOLUTIONS PRIVATE LIMITED,https://www.iyiyktoys.com,DNS_ERROR,CANDIDATES_FOUND,6,6,IYIYK TOY SOLUTIONS PRIVATE LIMITED Company Profile | Nagpur ...,https://www.dnb.com/business-directory/company-profiles.iyiyk_toy_solutions_private_limited.720cc59c7a53b9e254572e203202f7a1.html,dnb.com,"""IYIYK TOY SOLUTIONS PRIVATE LIMITED"" Nagpur",Iyiyk Toy Solutions Private Limited (U36999MH2023PTC397851 ...,https://corpintel.io/IYIYK-TOY-SOLUTIONS-PRIVATE-LIMITED-U36999MH2023PTC397851,corpintel.io,"""IYIYK TOY SOLUTIONS PRIVATE LIMITED"" Nagpur",IYIYK TOY SOLUTIONS PRIVATE LIMITED - IndiaFilings,https://www.indiafilings.com/search/iyiyk-toy-solutions-private-limited-cin-U36999MH2023PTC397851,indiafilings.com,"""IYIYK TOY SOLUTIONS PRIVATE LIMITED"" Nagpur",,,,,,,,
66b1fa14e4b0ec4eca35f325,TRIRIK TECHNOLOGY (OPC) PRIVATE LIMITED,https://www.tririktechnology.com/,DNS_ERROR,NO_CANDIDATES,6,0,,,,,,,,,,,,,,,,,,,,
66a8e24ce4b07936b471b5e9,KOYABIZZ VENTURES PRIVATE LIMITED,https://www.koyabizz.in,DNS_ERROR,CANDIDATES_FOUND,6,2,Company Master Detail on Koyabizz Ventures Private Limited,https://mycorporateinfo.com/business/koyabizz-ventures-private-limited,mycorporateinfo.com,"""KOYABIZZ VENTURES PRIVATE LIMITED"" official website",Koyabizz Ventures Private Limited - ezzus.com,https://www.ezzus.com/biz/koyabizz-ventures-private-limited/U74999MH2020PTC348857,ezzus.com,"""KOYABIZZ VENTURES PRIVATE LIMITED"" official website",KOYABIZZ VENTURES PRIVATE LIMITED | GBR - globalbizreport.com,https://www.globalbizreport.com/KOYABIZZ-VENTURES-PRIVATE-LIMITED/U74999MH2020PTC348857/india/maharashtra/company-business-financial-credit-report,globalbizreport.com,"""KOYABIZZ VENTURES PRIVATE LIMITED"" official website",Koyabizz-venturesprivatelimited | Vakilsearch,https://company.vakilsearch.com/KOYABIZZ-VENTURESPRIVATELIMITED/U74999MH2020PTC348857,company.vakilsearch.com,"""KOYABIZZ VENTURES PRIVATE LIMITED"" official website",Check Vinod Vitthalrao Parteki - Director Profile & Company,https://www.companyseekers.com/people-profile/vinod-vitthalrao-parteki/08858009,companyseekers.com,"""KOYABIZZ VENTURES PRIVATE LIMITED"" LinkedIn"
66a87f92e4b07936b4717cbd,NANAK CONSTRUCTION,https://N/A,DNS_ERROR,CANDIDATES_FOUND,1,1,"NANAK CONSTRUCTION Company Profile | Nagpur, Maharashtra | Competitors ...",https://www.dnb.com/business-directory/company-profiles.nanak_construction.c872de476b0437746c3d7ff921b088d7.html,dnb.com,"""NANAK CONSTRUCTION"" Nagpur",Nanak Construction Ltd,https://www.nanakconstructionltd.com/our-projects,nanakconstructionltd.com,"""NANAK CONSTRUCTION"" Nagpur",Nanak Construction - from concept to creation,https://nanakconstruction.in/,nanakconstruction.in,"""NANAK CONSTRUCTION"" Nagpur","Nanak Construction · Phiske Layout, Near Ganesh Mandir, Katol ...",https://opendatalei.com/lei/6488GFV70C31A1X7E572,opendatalei.com,"""NANAK CONSTRUCTION"" Nagpur",NANAK CONSTRUCTION - LEI: 6488GFV70C31A1X7E572 | LEI Register India,https://www.legalentityidentifier.in/leicert/6488GFV70C31A1X7E572/,legalentityidentifier.in,"""NANAK CONSTRUCTION"" Nagpur"
66a4c0b2e4b07936b470ea80,HERHUES ADORNMENT LLP,https://NA,DNS_ERROR,CANDIDATES_FOUND,6,6,"Herhues Adornment Llp - Company, Directors, Charges and Compliance ...",https://www.filesure.in/company/herhues-adornment-llp/ACH-3480?tab=directors,filesure.in,"""HERHUES ADORNMENT LLP"" Nagpur",Herhues Adornment Llp Company Profile - Edge Insights,https://info.edgeinsights.in/company/Herhues-Adornment-Llp/440963,info.edgeinsights.in,"""HERHUES ADORNMENT LLP"" Nagpur",Herhues Adornment Llp (27AARFH1135J1Z7) - Know Your GST,https://www.knowyourgst.com/gst-number-search/herhues-adornment-llp-27AARFH1135J1Z7/,knowyourgst.com,"""HERHUES ADORNMENT LLP"" Nagpur",,,,,,,,
66a33cc1e4b07936b4709965,ICAD PUBLICATIONS PRIVATE LIMITED,https://ICAD PUBLICATIONS PRIVATE LIMITED,DNS_ERROR,CANDIDATES_FOUND,1,1,Icad Publications Private Limited - Company overview,https://www.infyner.com/company/icad-publications-private-limited/U22130MH2021PTC359776,infyner.com,"""ICAD PUBLICATIONS PRIVATE LIMITED"" Nagpur",Company Master Detail on Icad Publications Private Limited,https://mycorporateinfo.com/business/icad-publications-private-limited,mycorporateinfo.com,"""ICAD PUBLICATIONS PRIVATE LIMITED"" Nagpur","ICAD PUBLICATIONS PRIVATE LIMITED - Profile, Directors & Revenue ...",https://www.masterdata.in/company/icad_publications_private_limited/U22130MH2021PTC359776,masterdata.in,"""ICAD PUBLICATIONS PRIVATE LIMITED"" Nagpur",ICAD PUBLICATIONS PRIVATE LIMITED - credhive.in,https://www.credhive.in/ind/corporate/U22130MH2021PTC359776/ICAD%252520PUBLICATIONS%252520PRIVATE%252520LIMITED/overview,credhive.in,"""ICAD PUBLICATIONS PRIVATE LIMITED"" Nagpur","Icad Publications Private Limited - Company, Directors, Charges and ...",https://www.filesure.in/company/icad-publications-private-limited/U22130MH2021PTC359776?tab=about,filesure.in,"""ICAD PUBLICATIONS PRIVATE LIMITED"" Nagpur"
669e432ee4b07936b46f7444,CENTREXCEL BUSINESS SOLUTIONS PRIVATE LIMITED,https://NA,DNS_ERROR,CANDIDATES_FOUND,6,2,Home | CentrExcel,https://centrexcel.com/,centrexcel.com,"""CENTREXCEL BUSINESS SOLUTIONS PRIVATE LIMITED"" Nagpur",,,,,,,,,,,,,,,,
669e3adae4b07936b46f6db7,MAHAKAL TRADEHUB PRIVATE LIMITED,https://NA,DNS_ERROR,CANDIDATES_FOUND,1,1,MAHAKAL TRADEHUB PRIVATE LIMITED | CIN U46699MH2023PTC403919 | Company ...,https://findocorp.com/company/U46699MH2023PTC403919/mahakal-tradehub-private-limited,findocorp.com,"""MAHAKAL TRADEHUB PRIVATE LIMITED"" Nagpur",MAHAKAL TRADEHUB PRIVATE LIMITED | Company details | Director details,https://www.wintro.in/company/MAHAKAL-TRADEHUB-PRIVATE-LIMITED,wintro.in,"""MAHAKAL TRADEHUB PRIVATE LIMITED"" Nagpur",Mahakal-tradehubprivatelimited | Vakilsearch,https://company.vakilsearch.com/MAHAKAL-TRADEHUBPRIVATELIMITED/U46699MH2023PTC403919,company.vakilsearch.com,"""MAHAKAL TRADEHUB PRIVATE LIMITED"" Nagpur",CIN Details | MAHAKAL TRADEHUB PRIVATE LIMITED,https://cin.iadv.io/MAHAKAL-TRADEHUB-PRIVATE-LIMITED-U46699MH2023PTC403919/,cin.iadv.io,"""MAHAKAL TRADEHUB PRIVATE LIMITED"" Nagpur",VAIKUNTH NATH TIWARI - 10184576 Director Info | MyCorporateInfo,https://mycorporateinfo.com/director/vaikunth-nath-tiwari-10184576,mycorporateinfo.com,"""MAHAKAL TRADEHUB PRIVATE LIMITED"" Nagpur"
669a3deae4b07936b46e64ba,NAG INFOTECHNOLOGIES PRIVATE LIMITED,https://NAG INFOTECHNOLOGIES PRIVATE LIMITED,DNS_ERROR,CANDIDATES_FOUND,3,3,Nag Infotechnologies Private Limited - U62099mh2023ptc409742,https://www.instafinancials.com/company/nag-infotechnologies-private-limited-U62099MH2023PTC409742/company-overview,instafinancials.com,"""NAG INFOTECHNOLOGIES PRIVATE LIMITED"" Nagpur",NAG INFOTECHNOLOGIES PRIVATE LIMITED - paperli.ai,https://paperli.ai/company/nag-infotechnologies-private-limited-U62099MH2023PTC409742,paperli.ai,"""NAG INFOTECHNOLOGIES PRIVATE LIMITED"" Nagpur","Nag Infotechnologies Private Limited - Company, Directors ... - FileSure",https://www.filesure.in/company/nag-infotechnologies-private-limited/U62099MH2023PTC409742?tab=about,filesure.in,"""NAG INFOTECHNOLOGIES PRIVATE LIMITED"" Nagpur",Company Master Detail on Nag Infotechnologies Private Limited,https://mycorporateinfo.com/business/nag-infotechnologies-private-limited,mycorporateinfo.com,"""NAG INFOTECHNOLOGIES PRIVATE LIMITED"" Nagpur",NAG INFOTECHNOLOGIES PRIVATE LIMITED | Stock Knocks,https://www.stockknocks.com/preview/unlisted/NAG-INFOTECHNOLOGIES-PRIVATE-LIMITED,stockknocks.com,"""NAG INFOTECHNOLOGIES PRIVATE LIMITED"" official website"
669683cae4b07936b46d3504,PN POLYALLOY & METAL FINISHER (OPC) PRIVATE LIMITED,https://PN POLYALLOY &amp; METAL FINISHER (OPC) PRIVATE LIMITED,DNS_ERROR,NO_CANDIDATES,6,0,,,,,,,,,,,,,,,,,,,,
669606bce4b07936b46ce841,GEN XCELERATE EVENTS LLP,https://www.outoftheboxexpo.in,DNS_ERROR,CANDIDATES_FOUND,2,2,"Gen Xcelerate Events Llp - Company, Directors, Charges and Compliance ...",https://www.filesure.in/company/gen-xcelerate-events-llp/ACG-9237,filesure.in,"""GEN XCELERATE EVENTS LLP"" Nagpur","Gen Xcelerate Events Llp - ACG-9237 LLP , Director ... - MyCorporateInfo",https://mycorporateinfo.com/business-llp/gen-xcelerate-events-llp,mycorporateinfo.com,"""GEN XCELERATE EVENTS LLP"" Nagpur",Gen Xcelerate Events LLP Overview - SignalHire,https://www.signalhire.com/companies/gen-xcelerate-events-llp,signalhire.com,"""GEN XCELERATE EVENTS LLP"" Nagpur","GEN XCELERATE EVENTS LLP Company, Legal Audit, Directors, Risk ...",https://lextechsuite.com/GEN-XCELERATE-EVENTS-LLP--ACG-9237--61412677,lextechsuite.com,"""GEN XCELERATE EVENTS LLP"" website","Gen Xcelerate Events - Events and Concerts Startup, Nagpur | YNOS",https://www.ynos.in/startup/gen-xcelerate-events-llp-535524,ynos.in,"""GEN XCELERATE EVENTS LLP"" website"
66935acee4b01cb6e0d00499,STHAYI INNOLUTIONS LLP,https://www.sthayi.in(not yet deployed),DNS_ERROR,CANDIDATES_FOUND,1,1,Sthayi Innolutions LLP,https://sthayi.in/,sthayi.in,"""STHAYI INNOLUTIONS LLP"" Nagpur","Sthayi Innolutions Llp - Company, Directors, Charges and Compliance ...",https://www.filesure.in/company/sthayi-innolutions-llp/ACG-7674?tab=about,filesure.in,"""STHAYI INNOLUTIONS LLP"" Nagpur","Sthayi Innolutions Llp - ACG-7674 LLP , Director and ... - MyCorporateInfo",https://mycorporateinfo.com/business-llp/sthayi-innolutions-llp,mycorporateinfo.com,"""STHAYI INNOLUTIONS LLP"" Nagpur",Sthayi Innolutions LLP | F6S,https://www.f6s.com/company/sthayi-innolutions-llp,f6s.com,"""STHAYI INNOLUTIONS LLP"" Nagpur",M/S Sthayi Innolutions Llp - Udyam Registration Details - weedoo.in,https://weedoo.in/udyam-companies/ms-sthayi-innolutions-llp/eC6JKwf40DmlEw8u,weedoo.in,"""STHAYI INNOLUTIONS LLP"" Nagpur"
669256d9e4b01cb6e0cfe8c7,GOLSTAR INDUSTRIES PRIVATE LIMITED,https://GOLSTAR INDUSTRIES PRIVATE LIMITED,DNS_ERROR,CANDIDATES_FOUND,1,1,GOLSTAR INDUSTRIES PRIVATE LIMITED Company Profile | Nagpur ...,https://www.dnb.com/business-directory/company-profiles.golstar_industries_private_limited.89ab3cdad5c663eb824201ca90352786.html,dnb.com,"""GOLSTAR INDUSTRIES PRIVATE LIMITED"" Nagpur",GOLSTAR INDUSTRIES PRIVATE LIMITED - IndiaFilings,https://www.indiafilings.com/search/golstar-industries-private-limited-cin-U31900MH2022PTC391490,indiafilings.com,"""GOLSTAR INDUSTRIES PRIVATE LIMITED"" Nagpur",GOLSTAR INDUSTRIES PRIVATE LIMITED - credhive.in,https://www.credhive.in/ind/corporate/U31900MH2022PTC391490/GOLSTAR%20INDUSTRIES%20PRIVATE%20LIMITED/overview,credhive.in,"""GOLSTAR INDUSTRIES PRIVATE LIMITED"" Nagpur",GOLSTAR INDUSTRIES PRIVATE LIMITED | CompFilings,https://compfilings.com/company/GOLSTAR-INDUSTRIES-PRIVATE-LIMITED-U31900MH2022PTC391490,compfilings.com,"""GOLSTAR INDUSTRIES PRIVATE LIMITED"" Nagpur",Golstar Industries Private Limited - U31900mh2022ptc391490,https://www.instafinancials.com/company/golstar-industries-private-limited-U31900MH2022PTC391490/contact-us.html,instafinancials.com,"""GOLSTAR INDUSTRIES PRIVATE LIMITED"" Nagpur"
668d538ae4b014c9a9a20575,ANAGHA-AJINKYA INDUSTRIES PRIVATE LIMITED,https://NA,DNS_ERROR,CANDIDATES_FOUND,6,1,Anagha-Ajinkya Industries Private Limited - Detailed Company ...,https://mycorporateinfo.com/business/anagha-ajinkya-industries-private-limited,mycorporateinfo.com,"""ANAGHA-AJINKYA INDUSTRIES PRIVATE LIMITED"" Nagpur",Anagha-ajinkya Industries Private Limited,https://www.indiafilings.com/search/anaghaajinkya-industries-private-limited-cin-U27200MH2024PTC427310,indiafilings.com,"""ANAGHA-AJINKYA INDUSTRIES PRIVATE LIMITED"" Nagpur","Anagha-Ajinkya Industries Private Limited - Energy Startup, Nagpur | YNOS",https://www.ynos.in/startup/anagha-ajinkya-industries-private-limited-530548,ynos.in,"""ANAGHA-AJINKYA INDUSTRIES PRIVATE LIMITED"" Nagpur",Anagha-Ajinkya Industries Private Limited | Company Details,https://www.allindiaitr.com/company/anaghaajinkya-industries-private-limited/U27200MH2024PTC427310,allindiaitr.com,"""ANAGHA-AJINKYA INDUSTRIES PRIVATE LIMITED"" Nagpur",,,,
6687b77ae4b014c9a9a0e9a2,OXXYCAFE BHARAT PRIVATE LIMITED,https://NA,DNS_ERROR,NO_CANDIDATES,6,0,,,,,,,,,,,,,,,,,,,,
668663dde4b014c9a9a09563,RUDRA TRANSBLUE PRIVATE LIMITED,https://rudratransblue.com/lander,DNS_ERROR,CANDIDATES_FOUND,2,2,Rudra Transblue Private Limited | Company Details,https://www.allindiaitr.com/company/rudra-transblue-private-limited/U52290MH2024PTC420116,allindiaitr.com,"""RUDRA TRANSBLUE PRIVATE LIMITED"" Nagpur","Rudra Transblue Private Limited - Company, Directors, Charges and ...",https://www.filesure.in/company/rudra-transblue-private-limited/U52290MH2024PTC420116,filesure.in,"""RUDRA TRANSBLUE PRIVATE LIMITED"" Nagpur",RUDRA TRANSBLUE PRIVATE LIMITED - IndiaFilings,https://www.indiafilings.com/search/rudra-transblue-private-limited-cin-U52290MH2024PTC420116,indiafilings.com,"""RUDRA TRANSBLUE PRIVATE LIMITED"" Nagpur",CIN Details | RUDRA TRANSBLUE PRIVATE LIMITED,https://cin.iadv.io/RUDRA-TRANSBLUE-PRIVATE-LIMITED-U52290MH2024PTC420116/,cin.iadv.io,"""RUDRA TRANSBLUE PRIVATE LIMITED"" Nagpur",RUDRA TRANSBLUE PRIVATE LIMITED - qorpiq.com,https://qorpiq.com/company/rudra-transblue-private-limited/U52290MH2024PTC420116,qorpiq.com,"""RUDRA TRANSBLUE PRIVATE LIMITED"" website"
66767993e4b0facc95a653dd,MRPRINT WORLD PRIVATE LIMITED,https://NA,DNS_ERROR,CANDIDATES_FOUND,2,2,"MRPRINT WORLD PRIVATE LIMITED - Company Info, CIN, Directors",https://buysellprivatelimited.com/company/mrprint-world-private-limited/U18115MH2024PTC422637,buysellprivatelimited.com,"""MRPRINT WORLD PRIVATE LIMITED"" Nagpur",Mrprint World Private Limited | Company Details,https://www.allindiaitr.com/company/mrprint-world-private-limited/U18115MH2024PTC422637,allindiaitr.com,"""MRPRINT WORLD PRIVATE LIMITED"" Nagpur",MRPRINT WORLD PRIVATE LIMITED | U18115MH2024PTC422637 - IndiaFilings,https://www.indiafilings.com/search/mrprint-world-private-limited-cin-U18115MH2024PTC422637,indiafilings.com,"""MRPRINT WORLD PRIVATE LIMITED"" Nagpur",Company Master Detail on Mrprint World Private Limited,https://mycorporateinfo.com/business/mrprint-world-private-limited,mycorporateinfo.com,"""MRPRINT WORLD PRIVATE LIMITED"" Nagpur",MRPRINT WORLD PRIVATE LIMITED MCA Profile | QorpIQ,https://qorpiq.com/company/mrprint-world-private-limited/U18115MH2024PTC422637,qorpiq.com,"""MRPRINT WORLD PRIVATE LIMITED"" website"
66701699e4b0bd5d3c2e602c,SRW WIRES &amp; CABLES PRIVATE LIMITED,http://www.srwwirescables.com,DNS_ERROR,NO_CANDIDATES,6,0,,,,,,,,,,,,,,,,,,,,
666ad162e4b0bd5d3c2d8d35,TASKEASE MULTI SOLUTIONS PRIVATE LIMITED,https://TASKEASE MULTI SOLUTIONS PRIVATE LIMITED,DNS_ERROR,CANDIDATES_FOUND,2,2,Taskease Multi Solutions Private Limited | Company Details,https://www.allindiaitr.com/company/taskease-multi-solutions-private-limited/U46520MH2024PTC423260,allindiaitr.com,"""TASKEASE MULTI SOLUTIONS PRIVATE LIMITED"" Nagpur",Taskease Multi Solutions Private Limited - U46520mh2024ptc423260,https://www.instafinancials.com/company/taskease-multi-solutions-private-limited/U46520MH2024PTC423260,instafinancials.com,"""TASKEASE MULTI SOLUTIONS PRIVATE LIMITED"" Nagpur",TASKEASE MULTI SOLUTIONS PRIVATE LIMITED - filesure.in,https://www.filesure.in/company/taskease-multi-solutions-private-limited/U46520MH2024PTC423260?tab=compliance,filesure.in,"""TASKEASE MULTI SOLUTIONS PRIVATE LIMITED"" Nagpur",TASKEASE MULTI SOLUTIONS PRIVATE LIMITED - IndiaFilings,https://www.indiafilings.com/search/taskease-multi-solutions-private-limited-cin-U46520MH2024PTC423260,indiafilings.com,"""TASKEASE MULTI SOLUTIONS PRIVATE LIMITED"" Nagpur",TASKEASE MULTI SOLUTIONS PRIVATE LIMITED - inspex.in,https://www.inspex.in/company/TASKEASE-MULTI-SOLUTIONS-PRIVATE-LIMITED-U46520MH2024PTC423260,inspex.in,"""TASKEASE MULTI SOLUTIONS PRIVATE LIMITED"" website"
66698b63e4b0bd5d3c2d0056,ARCHIS HEALTH CARE PRIVATE LIMITED,https://ARCHIS HEALTH CARE PRIVATE LIMITED,DNS_ERROR,CANDIDATES_FOUND,2,2,ARCHIS HEALTH CARE PRIVATE LIMITED Company Profile | Nagpur ...,https://www.dnb.com/business-directory/company-profiles.archis_health_care_private_limited.c885c0ea1ca3ee6cfc09e4d0832625c1.html,dnb.com,"""ARCHIS HEALTH CARE PRIVATE LIMITED"" Nagpur",ARCHIS HEALTH CARE PRIVATE LIMITED - IndiaFilings,https://www.indiafilings.com/search/archis-health-care-private-limited-cin-U51397MH2022PTC391259,indiafilings.com,"""ARCHIS HEALTH CARE PRIVATE LIMITED"" Nagpur",Archis Health Care Private Limited - U51397mh2022ptc391259,https://www.instafinancials.com/company/archis-health-care-private-limited/U51397MH2022PTC391259/index.html,instafinancials.com,"""ARCHIS HEALTH CARE PRIVATE LIMITED"" Nagpur",Company Master Detail on Archis Health Care Private Limited,https://mycorporateinfo.com/business/archis-health-care-private-limited,mycorporateinfo.com,"""ARCHIS HEALTH CARE PRIVATE LIMITED"" Nagpur",Archis Health Care Private Limited (U51397MH2022PTC391259 ...,https://corpintel.io/ARCHIS-HEALTH-CARE-PRIVATE-LIMITED-U51397MH2022PTC391259,corpintel.io,"""ARCHIS HEALTH CARE PRIVATE LIMITED"" website"
6666d0bbe4b0bd5d3c2bdabd,THINKONIC SOFTWARE PRIVATE LIMITED,https://THINKONIC SOFTWARE PRIVATE LIMITED,DNS_ERROR,CANDIDATES_FOUND,1,1,THINKONIC SOFTWARE PRIVATE LIMITED Company Profile | Nagpur ...,https://www.dnb.com/business-directory/company-profiles.thinkonic_software_private_limited.9845bb837ebd3a008dbfe4575f996af5.html,dnb.com,"""THINKONIC SOFTWARE PRIVATE LIMITED"" Nagpur",Thinkonic Software Private Limited - U74999mh2017ptc295090,https://www.instafinancials.com/company/thinkonic-software-private-limited-U74999MH2017PTC295090,instafinancials.com,"""THINKONIC SOFTWARE PRIVATE LIMITED"" Nagpur",Thinkonic Software Private Limited - Software company - Nagpur ...,https://yappe.in/maharashtra/nagpur/thinkonic-software-private-limited/538259,yappe.in,"""THINKONIC SOFTWARE PRIVATE LIMITED"" Nagpur",Company Master Detail on Thinkonic Software Private Limited,https://mycorporateinfo.com/business/thinkonic-software-private-limited,mycorporateinfo.com,"""THINKONIC SOFTWARE PRIVATE LIMITED"" Nagpur",THINKONIC SOFTWARE PRIVATE LIMITED | U74999MH2017PTC295090 - IndiaFilings,https://www.indiafilings.com/search/thinkonic-software-private-limited-cin-U74999MH2017PTC295090,indiafilings.com,"""THINKONIC SOFTWARE PRIVATE LIMITED"" Nagpur"
66632d3ce4b0c35880da94b9,PASHAAN TECHNOLOGIES PRIVATE LIMITED,https://www.dreaminnovators.in,DNS_ERROR,CANDIDATES_FOUND,2,2,Pashaan Technologies Private Limited - U74999mh2020ptc337557,https://www.instafinancials.com/company/pashaan-technologies-private-limited/U74999MH2020PTC337557/index.html,instafinancials.com,"""PASHAAN TECHNOLOGIES PRIVATE LIMITED"" Nagpur",Pashaan Technologies Private Limited - Company Check and Director ...,https://www.infyner.com/company/pashaan-technologies-private-limited/U74999MH2020PTC337557,infyner.com,"""PASHAAN TECHNOLOGIES PRIVATE LIMITED"" Nagpur",Company Master Detail on Pashaan Technologies Private Limited,https://mycorporateinfo.com/business/pashaan-technologies-private-limited,mycorporateinfo.com,"""PASHAAN TECHNOLOGIES PRIVATE LIMITED"" Nagpur","Pashaan Technologies Private Limited - Company, Directors, Charges and ...",https://www.filesure.in/company/pashaan-technologies-private-limited/U74999MH2020PTC337557?tab=about,filesure.in,"""PASHAAN TECHNOLOGIES PRIVATE LIMITED"" Nagpur",PASHAAN TECHNOLOGIES PRIVATE LIMITED - IndiaFilings,https://www.indiafilings.com/search/pashaan-technologies-private-limited-cin-U74999MH2020PTC337557,indiafilings.com,"""PASHAAN TECHNOLOGIES PRIVATE LIMITED"" website"
6661bda5e4b064981a551eb6,AYURAFIT ORGANICS PRIVATE LIMITED,https://www.ayurafitorganisc.com,DNS_ERROR,CANDIDATES_FOUND,1,1,AYURAFIT ORGANICS PRIVATE LIMITED - credhive.in,https://www.credhive.in/ind/corporate/U21001MH2024PTC420829/AYURAFIT%2520ORGANICS%2520PRIVATE%2520LIMITED/overview,credhive.in,"""AYURAFIT ORGANICS PRIVATE LIMITED"" Nagpur",Ayurafit Organics Private Limited | Company Details,https://www.allindiaitr.com/company/ayurafit-organics-private-limited/U21001MH2024PTC420829,allindiaitr.com,"""AYURAFIT ORGANICS PRIVATE LIMITED"" Nagpur",Company Master Detail on Ayurafit Organics Private Limited,https://mycorporateinfo.com/business/ayurafit-organics-private-limited,mycorporateinfo.com,"""AYURAFIT ORGANICS PRIVATE LIMITED"" Nagpur",AYURAFIT ORGANICS PRIVATE LIMITED - U21001MH2024PTC420829 - InstaFinancials,https://www.instafinancials.com/company/ayurafit-organics-private-limited/U21001MH2024PTC420829/contact-us/contact-us.html,instafinancials.com,"""AYURAFIT ORGANICS PRIVATE LIMITED"" Nagpur",AYURAFIT ORGANICS PRIVATE LIMITED | U21001MH2024PTC420829 - IndiaFilings,https://www.indiafilings.com/search/ayurafit-organics-private-limited-cin-U21001MH2024PTC420829,indiafilings.com,"""AYURAFIT ORGANICS PRIVATE LIMITED"" Nagpur"
665963eee4b06e49b59f7dba,SHUBHAM SYNDICATE LLP,https://SHUBHAM SYNDICATE LLP,DNS_ERROR,CANDIDATES_FOUND,3,3,"SHUBHAM SYNDICATE LLP Company Profile | Nagpur, Maharashtra ...",https://www.dnb.com/business-directory/company-profiles.shubham_syndicate_llp.7fdf21172cc2c9fc49265bd4ce56cbad.html,dnb.com,"""SHUBHAM SYNDICATE LLP"" Nagpur","SHUBHAM SYNDICATE LLP · PLOT NO. K-22, 5 STAR MIDC ... - OpenCorpData",https://opencorpdata.com/lei/335800MMTUITFL194E94,opencorpdata.com,"""SHUBHAM SYNDICATE LLP"" Nagpur",SHUBHAM SYNDICATE LLP | AAG-5095 -IndiaFilings,https://www.indiafilings.com/search/shubham-syndicate-llp-AAG-5095,indiafilings.com,"""SHUBHAM SYNDICATE LLP"" Nagpur",Shubham Syndicate Llp - StartupCA,https://www.startupcaservices.com/llpfirm/maharashtra/s/shubham-syndicate-llp-aag-5095,startupcaservices.com,"""SHUBHAM SYNDICATE LLP"" Nagpur",SHUBHAM SYNDICATE LLP - LEI: 335800MMTUITFL194E94 | LEIKart,https://www.leikart.com/leicert/335800MMTUITFL194E94/,leikart.com,"""SHUBHAM SYNDICATE LLP"" official website"
664de08de4b0608c0b1731e8,VLGS TECHNOLOGIES PRIVATE LIMITED,https://NA,DNS_ERROR,CANDIDATES_FOUND,3,3,"VLGS TECHNOLOGIES PRIVATE LIMITED - Company Info, CIN, Directors",https://buysellprivatelimited.com/company/vlgs-technologies-private-limited/U43122PN2024PTC230496,buysellprivatelimited.com,"""VLGS TECHNOLOGIES PRIVATE LIMITED"" Nagpur",VLGS TECHNOLOGIES PRIVATE LIMITED - Vakilsearch,https://company.vakilsearch.com/vlgs-technologies-private-limited/U43122PN2024PTC230496,company.vakilsearch.com,"""VLGS TECHNOLOGIES PRIVATE LIMITED"" Nagpur",VLGS TECHNOLOGIES PRIVATE LIMITED - IndiaFilings,https://www.indiafilings.com/search/vlgs-technologies-private-limited-cin-U43122PN2024PTC230496,indiafilings.com,"""VLGS TECHNOLOGIES PRIVATE LIMITED"" website",VLGS TECHNOLOGIES PRIVATE LIMITED - credhive.in,https://www.credhive.in/ind/corporate/U43122PN2024PTC230496/VLGS%20TECHNOLOGIES%20PRIVATE%20LIMITED/overview,credhive.in,"""VLGS TECHNOLOGIES PRIVATE LIMITED"" website",Vlgs Technologies Private Limited (U43122PN2024PTC230496) — Maharashtra ...,https://corpintel.io/VLGS-TECHNOLOGIES-PRIVATE-LIMITED-U43122PN2024PTC230496,corpintel.io,"""VLGS TECHNOLOGIES PRIVATE LIMITED"" official website"
6648975ae4b0608c0b166dc5,RAJOLI ADVISORY SERVICES PRIVATE LIMITED,https://NO WEBSITE,DNS_ERROR,CANDIDATES_FOUND,2,2,RAJOLI ADVISORY SERVICES PRIVATE LIMITED Company Profile | Nagpur ...,https://www.dnb.com/business-directory/company-profiles.rajoli_advisory_services_private_limited.153b41ee4f08e515798a2d9ec2a8ec7c.html,dnb.com,"""RAJOLI ADVISORY SERVICES PRIVATE LIMITED"" Nagpur",RAJOLI ADVISORY SERVICES PRIVATE LIMITED - QorpIQ,https://qorpiq.com/company/rajoli-advisory-services-private-limited/U74999MH2018PTC317214,qorpiq.com,"""RAJOLI ADVISORY SERVICES PRIVATE LIMITED"" Nagpur",Rajoli Advisory Services Private Limited (U74999mh2018ptc31…,https://www.inspex.in/company/RAJOLI-ADVISORY-SERVICES-PRIVATE-LIMITED-U74999MH2018PTC317214,inspex.in,"""RAJOLI ADVISORY SERVICES PRIVATE LIMITED"" Nagpur",Rajoli Advisory Services Private Limited - U74999mh2018ptc317214,https://www.instafinancials.com/company/rajoli-advisory-services-private-limited-U74999MH2018PTC317214/company-overview,instafinancials.com,"""RAJOLI ADVISORY SERVICES PRIVATE LIMITED"" Nagpur",RAJOLI ADVISORY SERVICES PRIVATE LIMITED - paperli.ai,https://www.paperli.ai/company/rajoli-advisory-services-private-limited-U74999MH2018PTC317214,paperli.ai,"""RAJOLI ADVISORY SERVICES PRIVATE LIMITED"" website"
66477190e4b0608c0b164880,CORPOSENT PHARMACEUTICAL PRIVATE LIMITED,https://www.corposent.com,DNS_ERROR,NO_CANDIDATES,6,0,,,,,,,,,,,,,,,,,,,,
66337a6fe4b0cdd2e3dd70d3,SACRET POWER TO-X PRIVATE LIMITED,https://sacretpowertox.com/,DNS_ERROR,NO_CANDIDATES,6,0,,,,,,,,,,,,,,,,,,,,
66279dafe4b0cdd2e3db8de3,VIDYA WAREHOUSING PRIVATE LIMITED,https://NA,DNS_ERROR,CANDIDATES_FOUND,1,1,VIDYA WAREHOUSING PRIVATE LIMITED - U52109MH2024PTC417868 - InstaFinancials,https://www.instafinancials.com/company/vidya-warehousing-private-limited-U52109MH2024PTC417868/contact-us.html,instafinancials.com,"""VIDYA WAREHOUSING PRIVATE LIMITED"" Nagpur",Vidya Warehousing Private Limited | Company Details,https://www.allindiaitr.com/company/vidya-warehousing-private-limited/U52109MH2024PTC417868,allindiaitr.com,"""VIDYA WAREHOUSING PRIVATE LIMITED"" Nagpur",Company Master Detail on Vidya Warehousing Private Limited,https://mycorporateinfo.com/business/vidya-warehousing-private-limited,mycorporateinfo.com,"""VIDYA WAREHOUSING PRIVATE LIMITED"" Nagpur","Vidya Warehousing Private Limited - Company, Directors, Charges and ...",https://www.filesure.in/company/vidya-warehousing-private-limited/U52109MH2024PTC417868?tab=about,filesure.in,"""VIDYA WAREHOUSING PRIVATE LIMITED"" Nagpur",Vidya-warehousingprivatelimited | Vakilsearch,https://company.vakilsearch.com/VIDYA-WAREHOUSINGPRIVATELIMITED/U52109MH2024PTC417868,company.vakilsearch.com,"""VIDYA WAREHOUSING PRIVATE LIMITED"" Nagpur"
66238b43e4b0cdd2e3daf70a,SIXTH SENSE HOSPITALITY SERVICES PRIVATELIMITED,https://SIXTH SENSE HOSPITALITY SERVICES PRIVATE LIMITED,DNS_ERROR,NO_CANDIDATES,6,0,,,,,,,,,,,,,,,,,,,,
661e4db7e4b0d62d662d3525,DE FAIR HOMES PRIVATE LIMITED,https://NA,DNS_ERROR,CANDIDATES_FOUND,6,6,"De Fair Homes Private Limited - Company, Directors, Charges and ...",https://www.filesure.in/company/de-fair-homes-private-limited/U45309MH2021PTC364282?tab=about,filesure.in,"""DE FAIR HOMES PRIVATE LIMITED"" Nagpur",DE FAIR HOMES PRIVATE LIMITED - Company Information,https://www.registrationwala.com/company/de-fair-homes-private-limited/U45309MH2021PTC364282,registrationwala.com,"""DE FAIR HOMES PRIVATE LIMITED"" Nagpur",DE FAIR HOMES PRIVATE LIMITED - IndiaFilings,https://www.indiafilings.com/search/de-fair-homes-private-limited-cin-U45309MH2021PTC364282,indiafilings.com,"""DE FAIR HOMES PRIVATE LIMITED"" Nagpur",DE FAIR HOMES PRIVATE LIMITED - U45309MH2021PTC364282 - InstaFinancials,https://www.instafinancials.com/company/de-fair-homes-private-limited-U45309MH2021PTC364282,instafinancials.com,"""DE FAIR HOMES PRIVATE LIMITED"" Nagpur",,,,
66151725e4b04e0505d811c7,UPCYCLE WASTE WISE PRIVATE LIMITED,https://UPCYCLE WASTE WISE PRIVATE LIMITED,DNS_ERROR,CANDIDATES_FOUND,1,1,UPCYCLE WASTE WISE PRIVATE LIMITED Company Profile | Nagpur ...,https://www.dnb.com/business-directory/company-profiles.upcycle_waste_wise_private_limited.a77853ee41ba208992a7b6b9a87fb629.html,dnb.com,"""UPCYCLE WASTE WISE PRIVATE LIMITED"" Nagpur",Upcycle Waste Wise Private Limited | Company Details,https://www.allindiaitr.com/company/upcycle-waste-wise-private-limited/U22113MH2024PTC421821,allindiaitr.com,"""UPCYCLE WASTE WISE PRIVATE LIMITED"" Nagpur",Company Master Detail on Upcycle Waste Wise Private Limited,https://mycorporateinfo.com/business/upcycle-waste-wise-private-limited,mycorporateinfo.com,"""UPCYCLE WASTE WISE PRIVATE LIMITED"" Nagpur",UPCYCLE WASTE WISE PRIVATE LIMITED | CompFilings,https://compfilings.com/company/UPCYCLE-WASTE-WISE-PRIVATE-LIMITED-U22113MH2024PTC421821,compfilings.com,"""UPCYCLE WASTE WISE PRIVATE LIMITED"" Nagpur",UPCYCLE WASTE WISE PRIVATE LIMITED - filesure.in,https://www.filesure.in/company/upcycle-waste-wise-private-limited/U22113MH2024PTC421821,filesure.in,"""UPCYCLE WASTE WISE PRIVATE LIMITED"" Nagpur"
65f955fbe4b07fb5e52f4844,SHUBH ADS PRIVATE LIMITED,https://SHUBH ADS PRIVATE LIMITED,DNS_ERROR,CANDIDATES_FOUND,4,4,Shubh Ads Private Limited - U28293mh2023ptc402337,https://www.instafinancials.com/company/shubh-ads-private-limited-U28293MH2023PTC402337,instafinancials.com,"""SHUBH ADS PRIVATE LIMITED"" Nagpur","SHUBH ADS PRIVATE LIMITED, CIN, address, business and website",https://companies.dubleu.co/company/shubh-ads-private-limited-U28293MH2023PTC402337,companies.dubleu.co,"""SHUBH ADS PRIVATE LIMITED"" Nagpur",Shubh-adsprivatelimited | Vakilsearch,https://company.vakilsearch.com/SHUBH-ADSPRIVATELIMITED/U28293MH2023PTC402337,company.vakilsearch.com,"""SHUBH ADS PRIVATE LIMITED"" Nagpur",SHUBH ADS PRIVATE LIMITED (U28293MH2023PTC402337) — Directo…,https://www.inspex.in/company/SHUBH-ADS-PRIVATE-LIMITED-U28293MH2023PTC402337,inspex.in,"""SHUBH ADS PRIVATE LIMITED"" website",Shubh Ads Private Limited | Cin: U28293mh2023ptc402337 | Roc: Roc ...,https://infomint.co.in/companies/shubh-ads-private-limited/U28293MH2023PTC402337/roc-mumbai/maharashtra/,infomint.co.in,"""SHUBH ADS PRIVATE LIMITED"" India"
65f18cd2e4b023ec3d7594ad,ENLIGHT ENGINEERING,https://www.kamwa.co.in/,DNS_ERROR,CANDIDATES_FOUND,2,2,"Enlight Engineering, Nagpur - Manufacturer of Kamwa Three Phase Semi ...",https://www.dial4trade.com/enlight-engineering/,dial4trade.com,"""ENLIGHT ENGINEERING"" Nagpur",GST Number for ENLIGHT ENGINEERING is 27AAHFE3279J1Z3,https://piceapp.com/gst-number-search/enlight-engineering-27aahfe3279j1z3/,piceapp.com,"""ENLIGHT ENGINEERING"" Nagpur",Enlight Engineering | Gst: 27aahfe3279j1z3,https://gst.iadv.io/ENLIGHT-ENGINEERING-27AAHFE3279J1Z3/,gst.iadv.io,"""ENLIGHT ENGINEERING"" Nagpur",Enlight Engineering - Crunchbase Company Profile & Funding,https://www.crunchbase.com/organization/enlight-engineering,crunchbase.com,"""ENLIGHT ENGINEERING"" Nagpur",Home | Enlight Engineering,https://www.enlight-engineering.com/,enlight-engineering.com,"""ENLIGHT ENGINEERING"" website"
65e965f4e4b063fe21c6fbb5,ASG MAINTENANCE AND LAWN INNOVATION PRIVATE LIMITED,https://ASG MAINTENANCE AND LAWN INNOVATION PRIVATE LIMITED,DNS_ERROR,CANDIDATES_FOUND,1,1,Asg Maintenance And Lawn Innovation Private Limited - MyCorporateInfo,https://mycorporateinfo.com/business/asg-maintenance-and-lawn-innovation-private-limited,mycorporateinfo.com,"""ASG MAINTENANCE AND LAWN INNOVATION PRIVATE LIMITED"" Nagpur",Asg Maintenance and Lawn Innovation Private Limited,https://paperli.ai/company/asg-maintenance-and-lawn-innovation-private-limited-U81300MH2023PTC401842,paperli.ai,"""ASG MAINTENANCE AND LAWN INNOVATION PRIVATE LIMITED"" Nagpur",Asg Maintenance and Lawn Innovation Private Limited,https://qorpiq.com/company/asg-maintenance-and-lawn-innovation-private-limited/U81300MH2023PTC401842,qorpiq.com,"""ASG MAINTENANCE AND LAWN INNOVATION PRIVATE LIMITED"" Nagpur",ASG MAINTENANCE AND LAWN INNOVATION PRIVATE LIMITED - inspex.in,https://www.inspex.in/company/ASG-MAINTENANCE-AND-LAWN-INNOVATION-PRIVATE-LIMITED-U81300MH2023PTC401842,inspex.in,"""ASG MAINTENANCE AND LAWN INNOVATION PRIVATE LIMITED"" Nagpur",Asg Maintenance and Lawn Innovation Private Limited - U81300mh2023ptc401842,https://www.instafinancials.com/company/asg-maintenance-and-lawn-innovation-private-limited-U81300MH2023PTC401842,instafinancials.com,"""ASG MAINTENANCE AND LAWN INNOVATION PRIVATE LIMITED"" Nagpur"
65e6e910e4b063fe21c64e8a,FITROO CLOTHING PRIVATE LIMITED,http://www.fitrooclothing.com/,DNS_ERROR,CANDIDATES_FOUND,1,1,"FITROO CLOTHING PRIVATE LIMITED Company Profile | Nagpur, Maharashtra ...",https://www.dnb.com/business-directory/company-profiles.fitroo_clothing_private_limited.bfb4aba5457705817bcdd069a0abf9fb.html,dnb.com,"""FITROO CLOTHING PRIVATE LIMITED"" Nagpur",FITROO CLOTHING PRIVATE LIMITED | GBR - globalbizreport.com,https://www.globalbizreport.com/fitroo-clothing-private-limited/U14101MH2023PTC401816/india/maharashtra/company-business-financial-credit-report,globalbizreport.com,"""FITROO CLOTHING PRIVATE LIMITED"" Nagpur","Fitroo Clothing Private Limited - Company Details, CIN, Directors ...",https://www.registerkaro.in/company/fitroo-clothing-private-limited-U14101MH2023PTC401816,registerkaro.in,"""FITROO CLOTHING PRIVATE LIMITED"" Nagpur",Fitroo-clothing-private-limited | Vakilsearch,https://company.vakilsearch.com/fitroo-clothing-private-limited/U14101MH2023PTC401816,company.vakilsearch.com,"""FITROO CLOTHING PRIVATE LIMITED"" Nagpur",Fitroo Clothing Private Limited (U14101MH2023PTC401816) — Maharashtra ...,https://corpintel.io/FITROO-CLOTHING-PRIVATE-LIMITED-U14101MH2023PTC401816,corpintel.io,"""FITROO CLOTHING PRIVATE LIMITED"" Nagpur"
65dc7f5fe4b06352cbf09f9e,DASHOFRUIT FOODS PRIVATE LIMITED,http://www.dashofruit.com/,DNS_ERROR,CANDIDATES_FOUND,2,1,Dashofruit Foods Private Limited (U56102MH2023PTC408742) — Maharashtra ...,https://corpintel.io/DASHOFRUIT-FOODS-PRIVATE-LIMITED-U56102MH2023PTC408742,corpintel.io,"""DASHOFRUIT FOODS PRIVATE LIMITED"" website",DASHOFRUIT FOODS PRIVATE LIMITED | U56102MH2023PTC408742 - IndiaFilings,https://www.indiafilings.com/search/dashofruit-foods-private-limited-cin-U56102MH2023PTC408742,indiafilings.com,"""DASHOFRUIT FOODS PRIVATE LIMITED"" website","DASHOFRUIT FOODS PRIVATE LIMITED — Directors, Financials",https://www.inspex.in/company/DASHOFRUIT-FOODS-PRIVATE-LIMITED-U56102MH2023PTC408742,inspex.in,"""DASHOFRUIT FOODS PRIVATE LIMITED"" website",Dashofruit Foods Private Limited - Company Check and Director Information,https://www.companyseekers.com/company/dashofruit-foods-private-limited/U56102MH2023PTC408742,companyseekers.com,"""DASHOFRUIT FOODS PRIVATE LIMITED"" website",Dashofruit Foods Private Limited | Gbr,https://www.globalbizreport.com/DASHOFRUIT-FOODS-PRIVATE-LIMITED/U56102MH2023PTC408742/india/maharashtra/company-business-financial-credit-report,globalbizreport.com,"""DASHOFRUIT FOODS PRIVATE LIMITED"" website"
65ccb007e4b0da2d9424e016,VIKRAMADITYA CTL PRIVATE LIMITED,https://www.VIKRAMADITYACTL.com,DNS_ERROR,CANDIDATES_FOUND,1,1,"VIKRAMADITYA CTL PRIVATE LIMITED Company Profile | Nagpur, Maharashtra ...",https://www.dnb.com/business-directory/company-profiles.vikramaditya_ctl_private_limited.b58b6be2cde73e04a983c8db0f6331b3.html,dnb.com,"""VIKRAMADITYA CTL PRIVATE LIMITED"" Nagpur",Vikramaditya Ctl Private Limited · Cin U43299mh2023ptc405641,https://xoomai.com/company/vikramaditya-ctl-private-limited/,xoomai.com,"""VIKRAMADITYA CTL PRIVATE LIMITED"" Nagpur",VIKRAMADITYA CTL PRIVATE LIMITED - U43299MH2023PTC405641 - InstaFinancials,https://www.instafinancials.com/company/vikramaditya-ctl-private-limited-U43299MH2023PTC405641,instafinancials.com,"""VIKRAMADITYA CTL PRIVATE LIMITED"" Nagpur",VIKRAMADITYA CTL PRIVATE LIMITED - Insider Biz,https://www.insiderbiz.in/company/VIKRAMADITYA-CTL-PRIVATE-LIMITED,insiderbiz.in,"""VIKRAMADITYA CTL PRIVATE LIMITED"" Nagpur","VIKRAMADITYA CTL PRIVATE LIMITED, Nagpur Urban, India, Chintaman Apt ...",https://search.infobelpro.com/india/en/businessdetails/IN/01072736814,search.infobelpro.com,"""VIKRAMADITYA CTL PRIVATE LIMITED"" Nagpur"
65ca0842e4b0cdd545780eca,SEVENCRAFT ARTS &amp; CREATIVES PRIVATE LIMITED,https://NA,DNS_ERROR,NO_CANDIDATES,6,0,,,,,,,,,,,,,,,,,,,,
65c9b714e4b06b4534b64131,SHARANYA SOLAR PRIVATE LIMITED,https://SHARANYA SOLAR PRIVATE LIMITED,DNS_ERROR,CANDIDATES_FOUND,3,3,Sharanya Solar Private Limited | Company Details,https://www.allindiaitr.com/company/sharanya-solar-private-limited/U40106MH2020PTC351764,allindiaitr.com,"""SHARANYA SOLAR PRIVATE LIMITED"" Nagpur",SHARANYA SOLAR PRIVATE LIMITED - U40106MH2020PTC351764 - InstaFinancials,https://www.instafinancials.com/company/sharanya-solar-private-limited-U40106MH2020PTC351764/company-overview,instafinancials.com,"""SHARANYA SOLAR PRIVATE LIMITED"" Nagpur","Sharanya Solar Private Limited - Company, Directors, Charges and ...",https://www.filesure.in/company/sharanya-solar-private-limited/U40106MH2020PTC351764?tab=about,filesure.in,"""SHARANYA SOLAR PRIVATE LIMITED"" Nagpur",Sharanya Solar Private Limited - ezzus.com,https://www.ezzus.com/biz/sharanya-solar-private-limited/U40106MH2020PTC351764,ezzus.com,"""SHARANYA SOLAR PRIVATE LIMITED"" Nagpur",SHARANYA SOLAR PRIVATE LIMITED - Insider Biz,https://www.insiderbiz.in/company/SHARANYA-SOLAR-PRIVATE-LIMITED,insiderbiz.in,"""SHARANYA SOLAR PRIVATE LIMITED"" official website"
65bde2c1e4b0411b473ff724,METTA MONK PRIVATE LIMITED,https://METTA MONK PRIVATE LIMITED,DNS_ERROR,CANDIDATES_FOUND,1,1,"METTA MONK PRIVATE LIMITED Company Profile | Nagpur, Maharashtra ...",https://www.dnb.com/business-directory/company-profiles.metta_monk_private_limited.cd4e7edf5118ba1047a32b69a795ebf5.html,dnb.com,"""METTA MONK PRIVATE LIMITED"" Nagpur","METTA MONK PRIVATE LIMITED - Company Info, CIN, Directors",https://buysellprivatelimited.com/company/metta-monk-private-limited/U46512MH2023PTC411436,buysellprivatelimited.com,"""METTA MONK PRIVATE LIMITED"" Nagpur",Company Master Detail on Metta Monk Private Limited,https://mycorporateinfo.com/business/metta-monk-private-limited,mycorporateinfo.com,"""METTA MONK PRIVATE LIMITED"" Nagpur",Metta Monk Private Limited - U46512mh2023ptc411436,https://www.instafinancials.com/company/metta-monk-private-limited-U46512MH2023PTC411436,instafinancials.com,"""METTA MONK PRIVATE LIMITED"" Nagpur",METTA MONK PRIVATE LIMITED - CompFilings,https://compfilings.com/company/METTA-MONK-PRIVATE-LIMITED-U46512MH2023PTC411436,compfilings.com,"""METTA MONK PRIVATE LIMITED"" Nagpur"
65b7e9b3e4b0db6d377f85c6,SHUBHLAXMI MECHATRONICS PRIVATE LIMITED,https://www.smpl.ind.in,DNS_ERROR,CANDIDATES_FOUND,6,6,SHUBHLAXMI MECHATRONICS PRIVATE LIMITED Company Profile | Nagpur ...,https://www.dnb.com/business-directory/company-profiles.shubhlaxmi_mechatronics_private_limited.ed5bc09dbff62c5c00c7ebc214fe5247.html,dnb.com,"""SHUBHLAXMI MECHATRONICS PRIVATE LIMITED"" Nagpur",Shubhlaxmi Mechatronics Private Limited | Company Details,https://www.allindiaitr.com/company/shubhlaxmi-mechatronics-private-limited/U29109PN2023PTC219465,allindiaitr.com,"""SHUBHLAXMI MECHATRONICS PRIVATE LIMITED"" Nagpur",Shubhlaxmi Mechatronics Private Limited - Detailed Company Information ...,https://mycorporateinfo.com/business/shubhlaxmi-mechatronics-private-limited,mycorporateinfo.com,"""SHUBHLAXMI MECHATRONICS PRIVATE LIMITED"" Nagpur",SHUBHLAXMI MECHATRONICS PRIVATE LIMITED - qwikfilings.com,https://qwikfilings.com/company/shubhlaxmi-mechatronics-private-limited/,qwikfilings.com,"""SHUBHLAXMI MECHATRONICS PRIVATE LIMITED"" founder",,,,
65b0a3d5e4b0dfd7729664cb,NITESH ASSOCIATES PRIVATE LIMITED,https://www.niteshassociatespvtltd.com,DNS_ERROR,CANDIDATES_FOUND,2,2,"NITESH ASSOCIATES PRIVATE LIMITED Company Profile | Nagpur, Maharashtra ...",https://www.dnb.com/business-directory/company-profiles.nitesh_associates_private_limited.da852199356bea2484294b0d5007ba01.html,dnb.com,"""NITESH ASSOCIATES PRIVATE LIMITED"" Nagpur",Nitesh Associates Private Limited | Gbr,https://www.globalbizreport.com/nitesh-associates-private-limited/U74999MH2022PTC386261/india/maharashtra/company-business-financial-credit-report,globalbizreport.com,"""NITESH ASSOCIATES PRIVATE LIMITED"" Nagpur",Company Master Detail on Nitesh Associates Private Limited,https://mycorporateinfo.com/business/nitesh-associates-private-limited,mycorporateinfo.com,"""NITESH ASSOCIATES PRIVATE LIMITED"" Nagpur",NITESH ASSOCIATES PRIVATE LIMITED - U74999MH2022PTC386261 - InstaFinancials,https://www.instafinancials.com/company/nitesh-associates-private-limited-U74999MH2022PTC386261/company-overview,instafinancials.com,"""NITESH ASSOCIATES PRIVATE LIMITED"" Nagpur",NITESH ASSOCIATES PRIVATE LIMITED - IndiaFilings,https://www.indiafilings.com/search/nitesh-associates-private-limited-cin-U74999MH2022PTC386261,indiafilings.com,"""NITESH ASSOCIATES PRIVATE LIMITED"" website"
6579e3c6e4b0846ec6788186,Sharesskills Infotech Private Limited,https://sharesskills.com/,DNS_ERROR,CANDIDATES_FOUND,6,6,SHARESSKILLS INFOTECH PRIVATE LIMITED Company Profile | Nagpur ...,https://www.dnb.com/business-directory/company-profiles.sharesskills_infotech_private_limited.b2b344e4ef761b45ceddd795f63ddd97.html,dnb.com,"""Sharesskills Infotech Private Limited"" Nagpur","Sharesskills Infotech Private Limited - Company, Directors, Charges and ...",https://www.filesure.in/company/sharesskills-infotech-private-limited/U72900MH2022PTC388521?tab=about,filesure.in,"""Sharesskills Infotech Private Limited"" Nagpur",SHARESSKILLS INFOTECH PRIVATE LIMITED - IndiaFilings,https://www.indiafilings.com/search/sharesskills-infotech-private-limited-cin-U72900MH2022PTC388521,indiafilings.com,"""Sharesskills Infotech Private Limited"" website",,,,,,,,
65743d79e4b0b08e4573de93,DONE MULTISERVICES PRIVATE LIMITED,https://www.donemultiservicespvtltd.com,DNS_ERROR,CANDIDATES_FOUND,6,6,DONE MULTISERVICES PRIVATE LIMITED Company Profile | Nagpur ...,https://www.dnb.com/business-directory/company-profiles.done_multiservices_private_limited.e814616cc9fcc6716682e940285e0f6d.html,dnb.com,"""DONE MULTISERVICES PRIVATE LIMITED"" Nagpur",DONE MULTISERVICES PRIVATE LIMITED | U90009MH2018PTC306688 - IndiaFilings,https://www.indiafilings.com/search/done-multiservices-private-limited-cin-U90009MH2018PTC306688,indiafilings.com,"""DONE MULTISERVICES PRIVATE LIMITED"" Nagpur",Done Multiservices Private Limited - U90009mh2018ptc306688,https://www.instafinancials.com/company/done-multiservices-private-limited-U90009MH2018PTC306688,instafinancials.com,"""DONE MULTISERVICES PRIVATE LIMITED"" Nagpur",DONE MULTISERVICES PRIVATE LIMITED - India LEI,https://indialei.in/detailed-information/11047285/done-multiservices-private-limited/,indialei.in,"""DONE MULTISERVICES PRIVATE LIMITED"" official website",,,,
6572ed21e4b0b08e45738b17,MAGNUS FITNESS PRIVATE LIMITED,https://www.magnusfitnesspvtltd.com,DNS_ERROR,CANDIDATES_FOUND,1,1,"MAGNUS FITNESS PRIVATE LIMITED Company Profile | Nagpur, Maharashtra ...",https://www.dnb.com/business-directory/company-profiles.magnus_fitness_private_limited.37993e0da60ad2eca0ea09ee64bc8b66.html,dnb.com,"""MAGNUS FITNESS PRIVATE LIMITED"" Nagpur",MAGNUS FITNESS PRIVATE LIMITED - U85300MH2021PTC365117 - InstaFinancials,https://www.instafinancials.com/company/magnus-fitness-private-limited-U85300MH2021PTC365117,instafinancials.com,"""MAGNUS FITNESS PRIVATE LIMITED"" Nagpur",Magnus Fitness Private Limited | Company Details,https://www.allindiaitr.com/company/magnus-fitness-private-limited/U85300MH2021PTC365117,allindiaitr.com,"""MAGNUS FITNESS PRIVATE LIMITED"" Nagpur",MAGNUS FITNESS PRIVATE LIMITED - CIN U85300MH2021PTC365117 | Company ...,https://paperli.ai/company/magnus-fitness-private-limited-U85300MH2021PTC365117,paperli.ai,"""MAGNUS FITNESS PRIVATE LIMITED"" Nagpur",MAGNUS FITNESS PRIVATE LIMITED :: India :: OpenCorporates,https://opencorporates.com/companies/in/U85300MH2021PTC365117,opencorporates.com,"""MAGNUS FITNESS PRIVATE LIMITED"" Nagpur"
656d8496e4b0435f68ea2516,CIM MANAGEMENT INDIA PRIVATE LIMITED,https://www.cim-india.com,DNS_ERROR,CANDIDATES_FOUND,1,1,"CIM MANAGEMENT INDIA PRIVATE LIMITED - Company Info, CIN, Directors",https://buysellprivatelimited.com/company/cim-management-india-private-limited/U85500MH2023PTC408563,buysellprivatelimited.com,"""CIM MANAGEMENT INDIA PRIVATE LIMITED"" Nagpur",CIM MANAGEMENT INDIA PRIVATE LIMITED - FileSure,https://www.filesure.in/company/cim-management-india-private-limited/U85500MH2023PTC408563?tab=about,filesure.in,"""CIM MANAGEMENT INDIA PRIVATE LIMITED"" Nagpur",Cim Management India Private Limited - U85500mh2023ptc408563,https://www.instafinancials.com/company/cim-management-india-private-limited/U85500MH2023PTC408563,instafinancials.com,"""CIM MANAGEMENT INDIA PRIVATE LIMITED"" Nagpur",Cim Management India Private Limited | Company Details,https://www.allindiaitr.com/company/cim-management-india-private-limited/U85500MH2023PTC408563,allindiaitr.com,"""CIM MANAGEMENT INDIA PRIVATE LIMITED"" Nagpur",CIM MANAGEMENT INDIA PRIVATE LIMITED - Vakilsearch,https://company.vakilsearch.com/cim-management-india-private-limited/U85500MH2023PTC408563,company.vakilsearch.com,"""CIM MANAGEMENT INDIA PRIVATE LIMITED"" Nagpur"
65658a7ae4b0f1bb07750794,PUSHPANCHAL FOUNDATION,https://www.PUSHPANCHAL-FOUNDATION,DNS_ERROR,CANDIDATES_FOUND,6,6,"PUSHPANCHAL FOUNDATION Company Profile | Nagpur, Maharashtra ...",https://www.dnb.com/business-directory/company-profiles.pushpanchal_foundation.69a6c7d028ffff524f4dd44b81b838e7.html,dnb.com,"""PUSHPANCHAL FOUNDATION"" Nagpur",PUSHPANCHAL FOUNDATION - IndiaFilings,https://www.indiafilings.com/search/pushpanchal-foundation-cin-U80904MH2021NPL370146,indiafilings.com,"""PUSHPANCHAL FOUNDATION"" Nagpur",Pushpanchal Foundation in Nagpur Urban,https://local.infobel.in/IN120418223/pushpanchal_foundation-nagpur_urban.html,local.infobel.in,"""PUSHPANCHAL FOUNDATION"" Nagpur",Pushpanchal Foundation - U80904mh2021npl370146,https://www.instafinancials.com/company/pushpanchal-foundation-U80904MH2021NPL370146,instafinancials.com,"""PUSHPANCHAL FOUNDATION"" Nagpur",,,,
6541099be4b01077699f802e,Green Solutions Pest Control Services,https://www.greesolutionspest.com,DNS_ERROR,CANDIDATES_FOUND,6,1,GREEN SOLUTIONS PEST CONTROL SERVICES Company Profile | Nagpur ...,https://www.dnb.com/business-directory/company-profiles.green_solutions_pest_control_services.761f5b252814a62291e7658ed540442c.html,dnb.com,"""Green Solutions Pest Control Services"" Nagpur",,,,,,,,,,,,,,,,
653cad60e4b01077699eacbe,Hilux laboratories private limited,https://www.hiluxlaboratories.com,DNS_ERROR,CANDIDATES_FOUND,5,5,HILUX LABORATORIES PRIVATE LIMITED Company Profile | Nagpur ...,https://www.dnb.com/business-directory/company-profiles.hilux_laboratories_private_limited.b699647c33bb517a7f6f631ba64b9024.html,dnb.com,"""Hilux laboratories private limited"" Nagpur","HILUX LABORATORIES PRIVATE LIMITED - Company Info, CIN, Directors",https://buysellprivatelimited.com/company/hilux-laboratories-private-limited/U86905MH2023PTC404374,buysellprivatelimited.com,"""Hilux laboratories private limited"" Nagpur","HILUX LABORATORIES PRIVATE LIMITED, CIN, address, business and website",https://companies.dubleu.co/company/hilux-laboratories-private-limited-U86905MH2023PTC404374,companies.dubleu.co,"""Hilux laboratories private limited"" Nagpur","HILUX LABORATORIES PRIVATE LIMITED — Directors, Financials",https://www.inspex.in/company/HILUX-LABORATORIES-PRIVATE-LIMITED-U86905MH2023PTC404374,inspex.in,"""Hilux laboratories private limited"" founder","Hilux Laboratories Private Limited - Company, Directors, Charges and ...",https://www.filesure.in/company/hilux-laboratories-private-limited/U86905MH2023PTC404374?tab=about,filesure.in,"""Hilux laboratories private limited"" founder"
652a29fbe4b0af4b35d84981,DIYOO AGRO FARMS INDIA PRIVATE LIMITED,https://diyooagro.com/,DNS_ERROR,CANDIDATES_FOUND,2,2,DIYOO AGRO FARMS INDIA PRIVATE LIMITED Company Profile | Nagpur ...,https://www.dnb.com/business-directory/company-profiles.diyoo_agro_farms_india_private_limited.a423f755f2a7d5b2e1c766ca062ab851.html,dnb.com,"""DIYOO AGRO FARMS INDIA PRIVATE LIMITED"" Nagpur",Diyoo Agro Farms India Private Limited - MyCorporateInfo,https://mycorporateinfo.com/business/diyoo-agro-farms-india-private-limited,mycorporateinfo.com,"""DIYOO AGRO FARMS INDIA PRIVATE LIMITED"" Nagpur",Diyoo Agro Farms India Private Limited - U01611mh2023ptc409826,https://www.instafinancials.com/company/diyoo-agro-farms-india-private-limited-U01611MH2023PTC409826,instafinancials.com,"""DIYOO AGRO FARMS INDIA PRIVATE LIMITED"" Nagpur",DIYOO AGRO FARMS INDIA PRIVATE LIMITED - masterdata.in,https://masterdata.in/company/diyoo_agro_farms_india_private_limited/U01611MH2023PTC409826,masterdata.in,"""DIYOO AGRO FARMS INDIA PRIVATE LIMITED"" Nagpur",Diyoo Agro Farms India Private Limited | Company Details,https://www.allindiaitr.com/company/diyoo-agro-farms-india-private-limited/U01611MH2023PTC409826,allindiaitr.com,"""DIYOO AGRO FARMS INDIA PRIVATE LIMITED"" website"
65018e4ee4b038ca50544260,GOSPHEL SHIELD LIFE SCIENCES PRIVATE LIMITED,https://gosphel.com/,DNS_ERROR,CANDIDATES_FOUND,6,6,Gosphel Shield Life Sciences Private Limited - MyCorporateInfo,https://mycorporateinfo.com/business/gosphel-shield-life-sciences-private-limited,mycorporateinfo.com,"""GOSPHEL SHIELD LIFE SCIENCES PRIVATE LIMITED"" Nagpur",Gosphel Shield Life Sciences Private Limited,https://www.dnb.com/business-directory/company-profiles.gosphel_shield_life_sciences_private_limited.25b49764513a8bf6baf19e71dfed4e6a.html,dnb.com,"""GOSPHEL SHIELD LIFE SCIENCES PRIVATE LIMITED"" LinkedIn",Gosphel Shield Life Sciences Private Limited,https://buysellprivatelimited.com/company/gosphel-shield-life-sciences-private-limited/U21001MH2023PTC398184,buysellprivatelimited.com,"""GOSPHEL SHIELD LIFE SCIENCES PRIVATE LIMITED"" LinkedIn",GOSPHEL SHIELD LIFE SCIENCES PRIVATE LIMITED - CompFilings,https://compfilings.com/company/GOSPHEL-SHIELD-LIFE-SCIENCES-PRIVATE-LIMITED-U21001MH2023PTC398184,compfilings.com,"""GOSPHEL SHIELD LIFE SCIENCES PRIVATE LIMITED"" LinkedIn",,,,
64f844d0e4b00b8c0d98ee0f,RAPIDBULL FINSERVE SOLUTIONS PRIVATE LIMITED,https://bankloanbazaar.in/,DNS_ERROR,CANDIDATES_FOUND,1,1,RAPIDBULL FINSERVE SOLUTIONS PRIVATE LIMITED Company Profile | Nagpur ...,https://www.dnb.com/business-directory/company-profiles.rapidbull_finserve_solutions_private_limited.70b961798d68d9788831deb1b2ba8628.html,dnb.com,"""RAPIDBULL FINSERVE SOLUTIONS PRIVATE LIMITED"" Nagpur",Rapidbull Finserve Solutions Private Limited,https://www.registerkaro.in/company/rapidbull-finserve-solutions-private-limited-U66190PN2023PTC223406,registerkaro.in,"""RAPIDBULL FINSERVE SOLUTIONS PRIVATE LIMITED"" Nagpur",Rapidbull Finserve Solutions Private Limited - U66190pn2023ptc223406,https://www.instafinancials.com/company/rapidbull-finserve-solutions-private-limited-U66190PN2023PTC223406,instafinancials.com,"""RAPIDBULL FINSERVE SOLUTIONS PRIVATE LIMITED"" Nagpur",Rapidbull Finserve Solutions Private Limited,https://company.vakilsearch.com/RAPIDBULL-FINSERVESOLUTIONSPRIVATELIMITED/U66190PN2023PTC223406,company.vakilsearch.com,"""RAPIDBULL FINSERVE SOLUTIONS PRIVATE LIMITED"" Nagpur",RAPIDBULL FINSERVE SOLUTIONS PRIVATE LIMITED | CIN ... - IndiaFilings,https://www.indiafilings.com/search/rapidbull-finserve-solutions-private-limited-cin-U66190PN2023PTC223406,indiafilings.com,"""RAPIDBULL FINSERVE SOLUTIONS PRIVATE LIMITED"" Nagpur"
64f5c951e4b02bcc4a00dc21,APTEC LEARNINGS PRIVATE LIMITED,https://www.mindmentors.in,DNS_ERROR,CANDIDATES_FOUND,2,2,"APTEC LEARNINGS PRIVATE LIMITED Company Profile | Nagpur, Maharashtra ...",https://www.dnb.com/business-directory/company-profiles.aptec_learnings_private_limited.f08cf82736ff5be0c8584b75c95e1741.html,dnb.com,"""APTEC LEARNINGS PRIVATE LIMITED"" Nagpur",CIN Details | APTEC LEARNINGS PRIVATE LIMITED,https://cin.iadv.io/APTEC-LEARNINGS-PRIVATE-LIMITED-U85499MH2023PTC409417/,cin.iadv.io,"""APTEC LEARNINGS PRIVATE LIMITED"" Nagpur",Aptec Learnings Private Limited (U85499MH2023PTC409417) — Maharashtra ...,https://corpintel.io/APTEC-LEARNINGS-PRIVATE-LIMITED-U85499MH2023PTC409417,corpintel.io,"""APTEC LEARNINGS PRIVATE LIMITED"" Nagpur",APTEC LEARNINGS PRIVATE LIMITED - qorpiq.com,https://qorpiq.com/company/aptec-learnings-private-limited/U85499MH2023PTC409417,qorpiq.com,"""APTEC LEARNINGS PRIVATE LIMITED"" website",APTEC LEARNINGS PRIVATE LIMITED - D… | inspex,https://www.inspex.in/company/APTEC-LEARNINGS-PRIVATE-LIMITED-U85499MH2023PTC409417,inspex.in,"""APTEC LEARNINGS PRIVATE LIMITED"" website"
64c4ee04e4b0c4486e891320,KIPONO TECHNOLOGY PRIVATE LIMITED,https://www.toptime.club/,DNS_ERROR,NO_CANDIDATES,6,0,,,,,,,,,,,,,,,,,,,,
64c0bae8e4b0c4486e8874f5,Planet5E Wellness Pvt Ltd,https://www.planet5e.com,DNS_ERROR,NO_CANDIDATES,6,0,,,,,,,,,,,,,,,,,,,,
64ba4b08e4b0c4486e876f84,RAVIKA ORGANIC PRIVATE LIMITED,http://ravikaorganic.com,DNS_ERROR,CANDIDATES_FOUND,5,4,"RAVIKA ORGANIC PRIVATE LIMITED, CIN, address, business and website",https://companies.dubleu.co/company/ravika-organic-private-limited-U01100MH2022PTC393561,companies.dubleu.co,"""RAVIKA ORGANIC PRIVATE LIMITED"" website","Ravika organic private limited in Dighori, Nagpur, Maharashtra - Copper ...",https://www.indianyellowpages.com/nagpur/ravika-organic-private-limited-15605221/,indianyellowpages.com,"""RAVIKA ORGANIC PRIVATE LIMITED"" website",RAVIKA ORGANIC PRIVATE LIMITED | U01100MH2022PTC393561 - IndiaFilings,https://www.indiafilings.com/search/ravika-organic-private-limited-cin-U01100MH2022PTC393561,indiafilings.com,"""RAVIKA ORGANIC PRIVATE LIMITED"" official website","Ravika Organic Private Limited - Company, Directors, Charges and ...",https://www.filesure.in/company/ravika-organic-private-limited/U01100MH2022PTC393561?tab=about,filesure.in,"""RAVIKA ORGANIC PRIVATE LIMITED"" founder",RAVIKA ORGANIC PRIVATE LIMITED Information - RocketReach,https://rocketreach.co/ravika-organic-private-limited-management_b6e5703fc70ec0f4,rocketreach.co,"""RAVIKA ORGANIC PRIVATE LIMITED"" founder"
64b0c853e4b0ca7b139a71f3,PHARMAREGTECH PRIVATE LIMITED,https://www.qualitasglobus.com,DNS_ERROR,CANDIDATES_FOUND,5,5,"PHARMAREGTECH PRIVATE LIMITED Company Profile | Nagpur, Maharashtra ...",https://www.dnb.com/business-directory/company-profiles.pharmaregtech_private_limited.2cd0838618f3c17ac85ed036b8e4a3ab.html,dnb.com,"""PHARMAREGTECH PRIVATE LIMITED"" Nagpur",PHARMAREGTECH PRIVATE LIMITED | U74999MH2021PTC355263 - IndiaFilings,https://www.indiafilings.com/search/pharmaregtech-private-limited-cin-U74999MH2021PTC355263,indiafilings.com,"""PHARMAREGTECH PRIVATE LIMITED"" Nagpur",Home - Educare Globus,https://educareglobus.com/,educareglobus.com,"""PHARMAREGTECH PRIVATE LIMITED"" official website","PHARMAREGTECH PRIVATE LIMITED - Company Info, CIN, Directors",https://buysellprivatelimited.com/company/pharmaregtech-private-limited/U74999MH2021PTC355263,buysellprivatelimited.com,"""PHARMAREGTECH PRIVATE LIMITED"" India","Pharmaregtech Private Limited - Health-Tech Startup, Mumbai | YNOS",https://www.ynos.in/startup/pharmaregtech-private-limited-495807,ynos.in,"""PHARMAREGTECH PRIVATE LIMITED"" founder"
64ad22b4e4b0ca7b1399d402,212 BILTMORE HOSPITALITY PRIVATE LIMITED,https://212biltmore.in/,DNS_ERROR,CANDIDATES_FOUND,2,2,212 BILTMORE HOSPITALITY PRIVATE LIMITED Company Profile | Nagpur ...,https://www.dnb.com/business-directory/company-profiles.212_biltmore_hospitality_private_limited.c230f7068c70d83a00ebbdb7e58e36c8.html,dnb.com,"""212 BILTMORE HOSPITALITY PRIVATE LIMITED"" Nagpur",212 Biltmore Hospitality Private Limited - Company overview,https://www.infyner.com/company/212-biltmore-hospitality-private-limited/U55209MH2019PTC333604,infyner.com,"""212 BILTMORE HOSPITALITY PRIVATE LIMITED"" Nagpur",212 Biltmore Hospitality Private Limited - U55209mh2019ptc333604,https://www.instafinancials.com/company/212-biltmore-hospitality-private-limited-U55209MH2019PTC333604,instafinancials.com,"""212 BILTMORE HOSPITALITY PRIVATE LIMITED"" Nagpur",212 BILTMORE HOSPITALITY PRIVATE LIMITED - IndiaFilings,https://www.indiafilings.com/search/212-biltmore-hospitality-private-limited-cin-U55209MH2019PTC333604,indiafilings.com,"""212 BILTMORE HOSPITALITY PRIVATE LIMITED"" Nagpur",212 Biltmorehospitalityprivatelimited - U55209MH2019PTC333604 - Vakilsearch,https://company.vakilsearch.com/212-BILTMOREHOSPITALITYPRIVATELIMITED/U55209MH2019PTC333604,company.vakilsearch.com,"""212 BILTMORE HOSPITALITY PRIVATE LIMITED"" website"
64a8286be4b06880ba8c7706,DGCT TECHNOLOGY PRIVATE LIMITED,https://www.dgcttech.com,DNS_ERROR,CANDIDATES_FOUND,1,1,"DGCT TECHNOLOGY PRIVATE LIMITED Company Profile | Nagpur, Maharashtra ...",https://www.dnb.com/business-directory/company-profiles.dgct_technology_private_limited.743f20c35956eed81bef4f87fb124222.html,dnb.com,"""DGCT TECHNOLOGY PRIVATE LIMITED"" Nagpur",DGCT TECHNOLOGY PRIVATE LIMITED - U72900MH2023PTC397425 - InstaFinancials,https://www.instafinancials.com/company/dgct-technology-private-limited-U72900MH2023PTC397425,instafinancials.com,"""DGCT TECHNOLOGY PRIVATE LIMITED"" Nagpur","Dgct Technology Private Limited - Company, Directors, Charges and ...",https://www.filesure.in/company/dgct-technology-private-limited/U72900MH2023PTC397425?tab=about,filesure.in,"""DGCT TECHNOLOGY PRIVATE LIMITED"" Nagpur",DGCT TECHNOLOGY PRIVATE LIMITED | Zauba,http://139.59.72.254:3107/company/U72900MH2023PTC397425/DGCT TECHNOLOGY PRIVATE LIMITED,139.59.72.254:3107,"""DGCT TECHNOLOGY PRIVATE LIMITED"" Nagpur","DGCT TECHNOLOGY PRIVATE LIMITED — Directors, Financials",https://www.inspex.in/company/DGCT-TECHNOLOGY-PRIVATE-LIMITED-U72900MH2023PTC397425,inspex.in,"""DGCT TECHNOLOGY PRIVATE LIMITED"" Nagpur"
64a3b26de4b0a5524e7d0781,SHREE MAHA GOMANTAK FOODS & BEVERAGES PRIVATE LIMITED,http://www.smgfoodsnbeverages.com/,DNS_ERROR,CANDIDATES_FOUND,1,1,Shree Maha Gomantak Foods & Beverages Private Limited,https://www.dnb.com/business-directory/company-profiles.shree_maha_gomantak_foods__beverages_private_limited.0a3f6e90e421df3af4e350d3ee5f1d94.html,dnb.com,"""SHREE MAHA GOMANTAK FOODS & BEVERAGES PRIVATE LIMITED"" Nagpur",Shree Maha Gomantak Foods & Beverages Private Limited,https://companies.dubleu.co/company/shree-maha-gomantak-foods-beverages-private-limited-U11041MH2023PTC399335,companies.dubleu.co,"""SHREE MAHA GOMANTAK FOODS & BEVERAGES PRIVATE LIMITED"" Nagpur",Shree Maha Gomantak Foods & Beverages Private Limited,https://buysellprivatelimited.com/company/shree-maha-gomantak-foods-beverages-private-limited/U11041MH2023PTC399335,buysellprivatelimited.com,"""SHREE MAHA GOMANTAK FOODS & BEVERAGES PRIVATE LIMITED"" Nagpur",Shree Maha Gomantak Foods & Beverages Private Limited - Detailed ...,https://mycorporateinfo.com/business/shree-maha-gomantak-foods-beverages-private-limited,mycorporateinfo.com,"""SHREE MAHA GOMANTAK FOODS & BEVERAGES PRIVATE LIMITED"" Nagpur",Shree Maha Gomantak Foods & Beverages Private Limited,https://www.registerkaro.in/company/shree-maha-gomantak-foods-beverages-private-limited-U11041MH2023PTC399335,registerkaro.in,"""SHREE MAHA GOMANTAK FOODS & BEVERAGES PRIVATE LIMITED"" Nagpur"
64859fa5e4b0bb8a940a6ad8,ELECRECO PRIVATE LIMITED,https://www.elecreco.com,DNS_ERROR,NO_CANDIDATES,6,0,,,,,,,,,,,,,,,,,,,,
6474c2fbe4b0d597a030508f,DWELLSTAYS HOSPITALITY PRIVATE LIMITED,https://https//dwellStays.in/,DNS_ERROR,NO_CANDIDATES,6,0,,,,,,,,,,,,,,,,,,,,
6463e33be4b025c671449283,MSPS TRADELINKS LLP,https://www.mayacure.in,DNS_ERROR,CANDIDATES_FOUND,3,3,"MSPS TRADELINKS LLP Company Profile | Nagpur, Maharashtra, India ...",https://www.dnb.com/business-directory/company-profiles.msps_tradelinks_llp.099e27d2f1b1a0d6ca928fc577b122d1.html,dnb.com,"""MSPS TRADELINKS LLP"" Nagpur","Msps Tradelinks Llp - Company, Directors, Charges and Compliance ...",https://www.filesure.in/company/msps-tradelinks-llp/AAW-8319?tab=about,filesure.in,"""MSPS TRADELINKS LLP"" Nagpur",MSPS TRADELINKS LLP :: India :: OpenCorporates,https://opencorporates.com/companies/in/AAW-8319,opencorporates.com,"""MSPS TRADELINKS LLP"" Nagpur",Msps Tradelinks Llp (27ABRFM0977C1ZZ) - Know Your GST,https://www.knowyourgst.com/gst-number-search/msps-tradelinks-llp-27ABRFM0977C1ZZ/,knowyourgst.com,"""MSPS TRADELINKS LLP"" Nagpur",MSPS TRADELINKS LLP GST Number - 27ABRFM0977C1ZZ - Masters India,https://www.mastersindia.co/gst-search/?name=msps-tradelinks-llp&gstin=27ABRFM0977C1ZZ,mastersindia.co,"""MSPS TRADELINKS LLP"" official website"
645e3d87e4b025c671432c09,SHADER LABS PRIVATE LIMITED,https://indiagamelab.com,DNS_ERROR,CANDIDATES_FOUND,1,1,"SHADER LABS PRIVATE LIMITED, CIN, address, business and website",https://companies.dubleu.co/company/shader-labs-private-limited-U85499PN2023PTC220410,companies.dubleu.co,"""SHADER LABS PRIVATE LIMITED"" Nagpur","SHADER LABS PRIVATE LIMITED - Company Info, CIN, Directors",https://buysellprivatelimited.com/company/shader-labs-private-limited/U85499PN2023PTC220410,buysellprivatelimited.com,"""SHADER LABS PRIVATE LIMITED"" Nagpur",Shader Labs Private Limited - U85499pn2023ptc220410,https://www.instafinancials.com/company/shader-labs-private-limited-U85499PN2023PTC220410/company-overview,instafinancials.com,"""SHADER LABS PRIVATE LIMITED"" Nagpur","Shader Labs Private Limited - Company, Directors, Charges and ...",https://www.filesure.in/company/shader-labs-private-limited/U85499PN2023PTC220410?tab=about,filesure.in,"""SHADER LABS PRIVATE LIMITED"" Nagpur",Shader Labs Private Limited | Company Details,https://www.allindiaitr.com/company/shader-labs-private-limited/U85499PN2023PTC220410,allindiaitr.com,"""SHADER LABS PRIVATE LIMITED"" Nagpur"
645cc7dae4b0a7a488d03157,VICTOIN MULTISERVICES PRIVATE LIMITED,https://victoinmultiservices.com,DNS_ERROR,CANDIDATES_FOUND,2,2,Victoin Multiservices Private Limited | Cin: U74904mh2023ptc400398 ...,https://infomint.co.in/companies/victoin-multiservices-private-limited/U74904MH2023PTC400398/roc-mumbai/maharashtra/,infomint.co.in,"""VICTOIN MULTISERVICES PRIVATE LIMITED"" Nagpur",Victoin-multiservicesprivatelimited | Vakilsearch,https://company.vakilsearch.com/VICTOIN-MULTISERVICESPRIVATELIMITED/U74904MH2023PTC400398,company.vakilsearch.com,"""VICTOIN MULTISERVICES PRIVATE LIMITED"" Nagpur",Victoin Multiservices Private Limited | Gbr,https://www.globalbizreport.com/victoin-multiservices-private-limited/U74904MH2023PTC400398/india/maharashtra/company-business-financial-credit-report,globalbizreport.com,"""VICTOIN MULTISERVICES PRIVATE LIMITED"" Nagpur","Victoin Multiservices Private Limited - Company, Directors, Charges and ...",https://www.filesure.in/company/victoin-multiservices-private-limited/U74904MH2023PTC400398?tab=charges,filesure.in,"""VICTOIN MULTISERVICES PRIVATE LIMITED"" Nagpur",Victoin Multiservices Private Limited (U74904mh2023ptc400398 ...,https://qorpiq.com/company/victoin-multiservices-private-limited/U74904MH2023PTC400398,qorpiq.com,"""VICTOIN MULTISERVICES PRIVATE LIMITED"" website"
645b2957e4b0912f1d81fe17,AVSG SOLUTIONS (OPC) PRIVATE LIMITED,https://www.sitgri.com,DNS_ERROR,NO_CANDIDATES,6,0,,,,,,,,,,,,,,,,,,,,
644d37bfe4b08c6e5d9ee6ee,SHASHTAV CHARGING BHARAT PRIVATE LIMITED,https://www.blu-e.in/,DNS_ERROR,CANDIDATES_FOUND,2,2,SHASHTAV CHARGING BHARAT PRIVATE LIMITED Company Profile | Nagpur ...,https://www.dnb.com/business-directory/company-profiles.shashtav_charging_bharat_private_limited.777bf8021e39b2cc17f6254be87bfc83.html,dnb.com,"""SHASHTAV CHARGING BHARAT PRIVATE LIMITED"" Nagpur",SHASHTAV CHARGING BHARAT PRIVATE LIMITED - YNOS Venture Engine,https://www.ynos.in/startup/shashtav-charging-bharat-private-limited-484606,ynos.in,"""SHASHTAV CHARGING BHARAT PRIVATE LIMITED"" Nagpur",Shashtav Charging Bharat Private Limited | Company Details,https://www.allindiaitr.com/company/shashtav-charging-bharat-private-limited/U27900MH2023PTC401951,allindiaitr.com,"""SHASHTAV CHARGING BHARAT PRIVATE LIMITED"" Nagpur",Shashtav Charging Bharat Private Limited,https://buysellprivatelimited.com/company/shashtav-charging-bharat-private-limited/U27900MH2023PTC401951,buysellprivatelimited.com,"""SHASHTAV CHARGING BHARAT PRIVATE LIMITED"" Nagpur",Shashtav Charging Bharat Private Limited Overview - SignalHire,https://www.signalhire.com/companies/shashtav-charging-bharat-private-limited,signalhire.com,"""SHASHTAV CHARGING BHARAT PRIVATE LIMITED"" website"
6447fc6be4b0ae03c7510b48,CLIFTON BEVERAGES PRIVATE LIMITED,https://www.cliftonbeverages.com,DNS_ERROR,CANDIDATES_FOUND,1,1,Company Master Detail on Clifton Beverages Private Limited,https://mycorporateinfo.com/business/clifton-beverages-private-limited,mycorporateinfo.com,"""CLIFTON BEVERAGES PRIVATE LIMITED"" Nagpur",Clifton Beverages Private Limited | Company Details,https://www.allindiaitr.com/company/clifton-beverages-private-limited/U47222MH2023PTC401654,allindiaitr.com,"""CLIFTON BEVERAGES PRIVATE LIMITED"" Nagpur",CLIFTON BEVERAGES PRIVATE LIMITED - Vakil Search,https://company.vakilsearch.com/CLIFTON-BEVERAGESPRIVATELIMITED/U47222MH2023PTC401654,company.vakilsearch.com,"""CLIFTON BEVERAGES PRIVATE LIMITED"" Nagpur",CLIFTON BEVERAGES PRIVATE LIMITED - U47222MH2023PTC401654 - InstaFinancials,https://www.instafinancials.com/company/clifton-beverages-private-limited-U47222MH2023PTC401654/company-overview,instafinancials.com,"""CLIFTON BEVERAGES PRIVATE LIMITED"" Nagpur",Clifton Beverages Private Limited @ Clifton [Clifton Beverages Private ...,https://www.invstt.com/public/company/clifton-beverages,invstt.com,"""CLIFTON BEVERAGES PRIVATE LIMITED"" Nagpur"
642ebacfe4b03b5271295e26,KALAPENTRY DESIGN STUDIO LLP,https://www.itsthegaragesale.com,DNS_ERROR,CANDIDATES_FOUND,6,6,KALAPENTRY DESIGN STUDIO LLP :: India :: OpenCorporates,https://opencorporates.com/companies/in/ABZ-2473,opencorporates.com,"""KALAPENTRY DESIGN STUDIO LLP"" Nagpur",Kalapentry Design Studio Llp | Company Details,https://www.allindiaitr.com/company/kalapentry-design-studio-llp/ABZ-2473,allindiaitr.com,"""KALAPENTRY DESIGN STUDIO LLP"" Nagpur",Kalapentry Design Studio Llp - Company Check and Director Information,https://www.companyseekers.com/company/kalapentry-design-studio-llp/ABZ-2473,companyseekers.com,"""KALAPENTRY DESIGN STUDIO LLP"" Nagpur","Kalapentry Design Studio Llp - Company, Directors, Charges and ...",https://www.filesure.in/company/kalapentry-design-studio-llp/ABZ-2473?tab=about,filesure.in,"""KALAPENTRY DESIGN STUDIO LLP"" Nagpur",,,,
64285363e4b070b7ef2de873,RYEA INDUSTRIES PRIVATE LIMITED,https://www.ryeaindustries.com,DNS_ERROR,CANDIDATES_FOUND,2,2,"RYEA INDUSTRIES PRIVATE LIMITED - Company Info, CIN, Directors",https://buysellprivatelimited.com/company/ryea-industries-private-limited/U15400MH2020PTC344567,buysellprivatelimited.com,"""RYEA INDUSTRIES PRIVATE LIMITED"" Nagpur",Ryea Industries Private Limited - Company overview,https://www.infyner.com/company/ryea-industries-private-limited/U15400MH2020PTC344567,infyner.com,"""RYEA INDUSTRIES PRIVATE LIMITED"" Nagpur",RYEA INDUSTRIES PRIVATE LIMITED - U15400MH2020PTC344567 - InstaFinancials,https://www.instafinancials.com/company/ryea-industries-private-limited-U15400MH2020PTC344567,instafinancials.com,"""RYEA INDUSTRIES PRIVATE LIMITED"" Nagpur","Ryea Industries Private Limited - Company, Directors, Charges and ...",https://www.filesure.in/company/ryea-industries-private-limited/U15400MH2020PTC344567?tab=about,filesure.in,"""RYEA INDUSTRIES PRIVATE LIMITED"" Nagpur",RYEA INDUSTRIES PRIVATE LIMITED - IndiaFilings,https://www.indiafilings.com/search/ryea-industries-private-limited-cin-U15400MH2020PTC344567,indiafilings.com,"""RYEA INDUSTRIES PRIVATE LIMITED"" website"
6423d1e9e4b070b7ef2c81ec,LBSSOFTECH PRIVATE LIMITED,https://websathi.in/,DNS_ERROR,NO_CANDIDATES,6,0,,,,,,,,,,,,,,,,,,,,
641dcdefe4b070b7ef2b2e6f,RIDAYAN CONSTRUCTIONS LLP,https://ridayanconstructionsllp.co.in,DNS_ERROR,CANDIDATES_FOUND,6,3,RIDAYAN CONSTRUCTIONS LLP Company Profile - Dun & Bradstreet,https://www.dnb.com/business-directory/company-profiles.ridayan_constructions_llp.2088bf5bcb86e88605164b51b813b057.html,dnb.com,"""RIDAYAN CONSTRUCTIONS LLP"" website",RIDAYAN CONSTRUCTIONS LLP | ACA-1361 -IndiaFilings,https://www.indiafilings.com/search/ridayan-constructions-llp-ACA-1361,indiafilings.com,"""RIDAYAN CONSTRUCTIONS LLP"" website",,,,,,,,,,,,
640c5917e4b05275a6b3f202,SUVAN DIAMONDS INDIA PRIVATE LIMITED,https://www.suvandiamond.com,DNS_ERROR,CANDIDATES_FOUND,1,1,SUVAN DIAMONDS INDIA PRIVATE LIMITED Company Profile | Nagpur ...,https://www.dnb.com/business-directory/company-profiles.suvan_diamonds_india_private_limited.fdf8a63b92a388267287c0ab2a9bcd04.html,dnb.com,"""SUVAN DIAMONDS INDIA PRIVATE LIMITED"" Nagpur",Suvan Diamonds India Private Limited - U36999mh2023ptc397705,https://www.instafinancials.com/company/suvan-diamonds-india-private-limited-U36999MH2023PTC397705/company-overview,instafinancials.com,"""SUVAN DIAMONDS INDIA PRIVATE LIMITED"" Nagpur",SUVAN DIAMONDS INDIA PRIVATE LIMITED - credhive.in,https://www.credhive.in/ind/corporate/U36999MH2023PTC397705/SUVAN%2520DIAMONDS%2520INDIA%2520PRIVATE%2520LIMITED/overview,credhive.in,"""SUVAN DIAMONDS INDIA PRIVATE LIMITED"" Nagpur",Suvan Diamond,https://diamond.aswtech.in/,diamond.aswtech.in,"""SUVAN DIAMONDS INDIA PRIVATE LIMITED"" Nagpur",Company Master Detail on Suvan Diamonds India Private Limited,https://mycorporateinfo.com/business/suvan-diamonds-india-private-limited,mycorporateinfo.com,"""SUVAN DIAMONDS INDIA PRIVATE LIMITED"" Nagpur"
63f4ea80e4b0752eedff9b90,GPAL INTERNATIONAL PRIVATE LIMITED,https://www.gpalinternatinal.com,DNS_ERROR,CANDIDATES_FOUND,4,4,GPAL INTERNATIONAL PRIVATE LIMITED Company Profile | Nagpur ...,https://www.dnb.com/business-directory/company-profiles.gpal_international_private_limited.7e69fc522da8c31e50519a6e8e444e91.html,dnb.com,"""GPAL INTERNATIONAL PRIVATE LIMITED"" Nagpur","Gpal International Private Limited - Company, Directors, Charges and ...",https://www.filesure.in/company/gpal-international-private-limited/U51909MH2022PTC394477?tab=about,filesure.in,"""GPAL INTERNATIONAL PRIVATE LIMITED"" Nagpur",CIN Details | GPAL INTERNATIONAL PRIVATE LIMITED,https://cin.iadv.io/GPAL-INTERNATIONAL-PRIVATE-LIMITED-U51909MH2022PTC394477/,cin.iadv.io,"""GPAL INTERNATIONAL PRIVATE LIMITED"" Nagpur",Gpal International Private Limited Company Information,https://corporatedir.com/company/gpal-international-private-limited,corporatedir.com,"""GPAL INTERNATIONAL PRIVATE LIMITED"" official website",GPAL INTERNATIONAL PRIVATE LIMITED - IndiaFilings,https://www.indiafilings.com/search/gpal-international-private-limited-cin-U51909MH2022PTC394477,indiafilings.com,"""GPAL INTERNATIONAL PRIVATE LIMITED"" India"
63d6bbc3e4b0d237b25730a8,Renoplast India Private Limited,https://NA,DNS_ERROR,CANDIDATES_FOUND,2,2,RENOPLAST INDIA PRIVATE LIMITED - U25209PN2021PTC205384 - InstaFinancials,https://www.instafinancials.com/company/renoplast-india-private-limited-U25209PN2021PTC205384/company-overview,instafinancials.com,"""Renoplast India Private Limited"" Nagpur",RENOPLAST INDIA PRIVATE LIMITED - credhive.in,https://www.credhive.in/ind/corporate/U25209PN2021PTC205384/RENOPLAST%2520INDIA%2520PRIVATE%2520LIMITED/overview,credhive.in,"""Renoplast India Private Limited"" Nagpur","Renoplast India Private Limited - Company, Directors, Charges and ...",https://www.filesure.in/company/renoplast-india-private-limited/U25209PN2021PTC205384?tab=about,filesure.in,"""Renoplast India Private Limited"" Nagpur",Company Master Detail on Renoplast India Private Limited,https://mycorporateinfo.com/business/renoplast-india-private-limited,mycorporateinfo.com,"""Renoplast India Private Limited"" Nagpur",Renoplast India Private Limited | U25209pn2021ptc205384,https://www.indiafilings.com/search/renoplast-india-private-limited-cin-U25209PN2021PTC205384,indiafilings.com,"""Renoplast India Private Limited"" website"
63d507a0e4b0d237b2570bbc,M K PERUMAL GLOBAL BUSINESS CONSULTANT PRIVATE LIMITED,https://perucabs.com,DNS_ERROR,CANDIDATES_FOUND,2,2,M K Perumal Global Business Consultant Private Limited,https://www.dnb.com/business-directory/company-profiles.m_k_perumal_global_business_consultant_private_limited.51001db32f0aaced27d572666df98666.html,dnb.com,"""M K PERUMAL GLOBAL BUSINESS CONSULTANT PRIVATE LIMITED"" Nagpur",M K Perumal Global Business Consultant Private Limited ...,https://www.instafinancials.com/company/m-k-perumal-global-business-consultant-private-limited-U74999MH2022PTC390277/contact-us.html,instafinancials.com,"""M K PERUMAL GLOBAL BUSINESS CONSULTANT PRIVATE LIMITED"" Nagpur",M K Perumal Global Business Consultant Private Limited,https://opencorporates.com/companies/in/U74999MH2022PTC390277,opencorporates.com,"""M K PERUMAL GLOBAL BUSINESS CONSULTANT PRIVATE LIMITED"" Nagpur",M K Perumal Global Business Consultant Private Limited,https://www.indiafilings.com/search/m-k-perumal-global-business-consultant-private-limited-cin-U74999MH2022PTC390277,indiafilings.com,"""M K PERUMAL GLOBAL BUSINESS CONSULTANT PRIVATE LIMITED"" website",M K Perumal Global Business Consultant Private Limited,https://cin.iadv.io/M-K-PERUMAL-GLOBAL-BUSINESS-CONSULTANT-PRIVATE-LIMITED-U74999MH2022PTC390277/,cin.iadv.io,"""M K PERUMAL GLOBAL BUSINESS CONSULTANT PRIVATE LIMITED"" website"
63cbb3abe4b03b5f8b44b0f0,SAVITAR AUTOMOTIVE PRIVATE LIMITED,http://bikeecg.com/,DNS_ERROR,CANDIDATES_FOUND,1,1,SAVITAR AUTOMOTIVE PRIVATE LIMITED Company Profile | Nagpur ...,https://www.dnb.com/business-directory/company-profiles.savitar_automotive_private_limited.328b63a435abbc78da4cb8a5fb1ccc2c.html,dnb.com,"""SAVITAR AUTOMOTIVE PRIVATE LIMITED"" Nagpur",SAVITAR AUTOMOTIVE PRIVATE LIMITED MCA Profile | QorpIQ,https://qorpiq.com/company/savitar-automotive-private-limited/U50400MH2022PTC375167,qorpiq.com,"""SAVITAR AUTOMOTIVE PRIVATE LIMITED"" Nagpur",Savitar Automotive Private Limited - U50400mh2022ptc375167,https://www.instafinancials.com/company/savitar-automotive-private-limited-U50400MH2022PTC375167,instafinancials.com,"""SAVITAR AUTOMOTIVE PRIVATE LIMITED"" Nagpur",Company Master Detail on Savitar Automotive Private Limited,https://mycorporateinfo.com/business/savitar-automotive-private-limited,mycorporateinfo.com,"""SAVITAR AUTOMOTIVE PRIVATE LIMITED"" Nagpur","Savitar Automotive Private Limited - Company, Directors, Charges and ...",https://www.filesure.in/company/savitar-automotive-private-limited/U50400MH2022PTC375167?tab=about,filesure.in,"""SAVITAR AUTOMOTIVE PRIVATE LIMITED"" Nagpur"
63c5018be4b0a39b8f000727,AEROVANIA PRIVATE LIMITED,https://N/A,DNS_ERROR,CANDIDATES_FOUND,5,5,"AEROVANIA PRIVATE LIMITED Company Profile | Nagpur, Maharashtra ...",https://www.dnb.com/business-directory/company-profiles.aerovania_private_limited.4b03733d5d618630c71d88eceafcb646.html,dnb.com,"""AEROVANIA PRIVATE LIMITED"" Nagpur",Priyadarshini College of Engineering | PCE Nagpur,https://pcenagpur.edu.in/Section-8-Company-Aerovania-Success-Story,pcenagpur.edu.in,"""AEROVANIA PRIVATE LIMITED"" Nagpur",AEROVANIA PRIVATE LIMITED | U74999MH2022PTC382122 - IndiaFilings,https://www.indiafilings.com/search/aerovania-private-limited-cin-U74999MH2022PTC382122,indiafilings.com,"""AEROVANIA PRIVATE LIMITED"" website","Aerovania Private Limited - Defence-Tech Startup, Nagpur | YNOS",https://www.ynos.in/startup/aerovania-private-limited-462954,ynos.in,"""AEROVANIA PRIVATE LIMITED"" founder","Aerovania Private Limited - Directors, Financials, Charges & MCA ...",https://www.infyner.com/company/aerovania-private-limited/U74999MH2022PTC382122,infyner.com,"""AEROVANIA PRIVATE LIMITED"" founder"
639c4aa9e4b0e7b413afe4ed,Vikramaaditya Vc Private Limited,https://Vikramaaditya.com,DNS_ERROR,NO_CANDIDATES,6,0,,,,,,,,,,,,,,,,,,,,
63863a25e4b0f9d1767d01d4,Matchedmee Enterprises Private Limited,http://www.matchedmee.com,DNS_ERROR,NO_CANDIDATES,6,0,,,,,,,,,,,,,,,,,,,,
6379eb67e4b027ddb8e63424,Ingenuitive Private Limited,https://aac.ingenuitive.cc,DNS_ERROR,CANDIDATES_FOUND,1,1,"INGENUITIVE PRIVATE LIMITED Company Profile | Nagpur, Maharashtra ...",https://www.dnb.com/business-directory/company-profiles.ingenuitive_private_limited.94a3c15013da1d31b9a43f4f130b3bfb.html,dnb.com,"""Ingenuitive Private Limited"" Nagpur",Ingenuitive Private Limited | U31904mh2022ptc395721,https://www.indiafilings.com/search/ingenuitive-private-limited-cin-U31904MH2022PTC395721,indiafilings.com,"""Ingenuitive Private Limited"" Nagpur","INGENUITIVE PRIVATE LIMITED , CIN, address, business and website",https://companies.dubleu.co/company/ingenuitive-private-limited-U31904MH2022PTC395721,companies.dubleu.co,"""Ingenuitive Private Limited"" Nagpur",CIN Details | INGENUITIVE PRIVATE LIMITED,https://cin.iadv.io/INGENUITIVE-PRIVATE-LIMITED-U31904MH2022PTC395721/,cin.iadv.io,"""Ingenuitive Private Limited"" Nagpur",Ingenuitive Private Limited - U31904mh2022ptc395721,https://www.instafinancials.com/company/ingenuitive-private-limited-U31904MH2022PTC395721,instafinancials.com,"""Ingenuitive Private Limited"" Nagpur"
6378a4cfe4b027ddb8e5a742,Founders Innovation Private Limited,https://iwearwhoopee.com/,DNS_ERROR,CANDIDATES_FOUND,1,1,FOUNDERS INNOVATION PRIVATE LIMITED Company Profile | Nagpur ...,https://www.dnb.com/business-directory/company-profiles.founders_innovation_private_limited.53e9b131cf8710cf31bac8418c3654b4.html,dnb.com,"""Founders Innovation Private Limited"" Nagpur",Founders Innovation Private Limited | Company Details,https://www.allindiaitr.com/company/founders-innovation-private-limited/U74110MH2021PTC369730,allindiaitr.com,"""Founders Innovation Private Limited"" Nagpur","Founders Innovation Private Limited - Company, Directors, Charges and ...",https://www.filesure.in/company/founders-innovation-private-limited/U74110MH2021PTC369730?tab=about,filesure.in,"""Founders Innovation Private Limited"" Nagpur",Founders Innovation Private Limited - U74110mh2021ptc369730,https://www.instafinancials.com/company/founders-innovation-private-limited-U74110MH2021PTC369730/company-overview,instafinancials.com,"""Founders Innovation Private Limited"" Nagpur",FOUNDERS INNOVATION PRIVATE LIMITED | U74110MH2021PTC369730 - IndiaFilings,https://www.indiafilings.com/search/founders-innovation-private-limited-cin-U74110MH2021PTC369730,indiafilings.com,"""Founders Innovation Private Limited"" Nagpur"
637892a1e4b027ddb8e59816,Mandarin Semiconductors Private Limited,https://www.mandarinsemiconductors.com,DNS_ERROR,CANDIDATES_FOUND,1,1,Mandarin Semiconductors Private Limited | Company Details,https://www.allindiaitr.com/company/mandarin-semiconductors-private-limited/U32109MH2022PTC383145,allindiaitr.com,"""Mandarin Semiconductors Private Limited"" Nagpur",MANDARIN SEMICONDUCTORS PRIVATE LIMITED - IndiaFilings,https://www.indiafilings.com/search/mandarin-semiconductors-private-limited-cin-U32109MH2022PTC383145,indiafilings.com,"""Mandarin Semiconductors Private Limited"" Nagpur",Mandarin Semiconductors Private Limited - U32109mh2022ptc383145,https://www.instafinancials.com/company/mandarin-semiconductors-private-limited-U32109MH2022PTC383145,instafinancials.com,"""Mandarin Semiconductors Private Limited"" Nagpur",Mandarin Semiconductors Private Limited - Hardware and Technology ...,https://www.ynos.in/startup/mandarin-semiconductors-private-limited-460464,ynos.in,"""Mandarin Semiconductors Private Limited"" Nagpur",Mandarin Semiconductors Private Limited - corpintel.io,https://corpintel.io/MANDARIN-SEMICONDUCTORS-PRIVATE-LIMITED-U32109MH2022PTC383145,corpintel.io,"""Mandarin Semiconductors Private Limited"" Nagpur"
6374df23e4b07b9d66d9cecf,Pertinent Healthcare Business Solutions Private Limited,http://www.pertinenthbs.com/,DNS_ERROR,CANDIDATES_FOUND,5,5,Pertinent Healthcare Business Solutions Private Limited,https://xoomai.com/company/pertinent-healthcare-business-solutions-private-limited/,xoomai.com,"""Pertinent Healthcare Business Solutions Private Limited"" Nagpur",Pertinent Healthcare Business Solutions Private Limited,https://www.indiafilings.com/search/pertinent-healthcare-business-solutions-private-limited-cin-U74999MH2020PTC344991,indiafilings.com,"""Pertinent Healthcare Business Solutions Private Limited"" website",Pertinent Healthcare Business Solutions Private Limited - Detailed ...,https://mycorporateinfo.com/business/pertinent-healthcare-business-solutions-private-limited,mycorporateinfo.com,"""Pertinent Healthcare Business Solutions Private Limited"" website",Pertinent Healthcare Business Solutions Private Limited,https://darkfield.orizon.one/victims/ff083d37-6bed-4dcd-919d-b48072978b3f,darkfield.orizon.one,"""Pertinent Healthcare Business Solutions Private Limited"" India",Pertinent Healthcare Business Solutions Private Limited,https://corpintel.io/PERTINENT-HEALTHCARE-BUSINESS-SOLUTIONS-PRIVATE-LIMITED-U74999MH2020PTC344991,corpintel.io,"""Pertinent Healthcare Business Solutions Private Limited"" founder"
636bcd03e4b0561227f0cd63,Medyard Trexim Private Limited,https://www.medyardtrexim.com,DNS_ERROR,CANDIDATES_FOUND,6,6,"MEDYARD TREXIM PRIVATE LIMITED Company Profile | Nagpur, Maharashtra ...",https://www.dnb.com/business-directory/company-profiles.medyard_trexim_private_limited.090a274e97ff51abd37273988f0be455.html,dnb.com,"""Medyard Trexim Private Limited"" Nagpur",MEDYARD TREXIM PRIVATE LIMITED - zerocorporates.com,https://www.zerocorporates.com/medyard-trexim-private-limited,zerocorporates.com,"""Medyard Trexim Private Limited"" Nagpur",MEDYARD TREXIM PRIVATE LIMITED - IndiaFilings,https://www.indiafilings.com/search/medyard-trexim-private-limited-cin-U51909MH2022PTC390389,indiafilings.com,"""Medyard Trexim Private Limited"" official website",Medyard Trexim Private Limited (U51909MH2022PTC390389) — Maharashtra ...,https://corpintel.io/MEDYARD-TREXIM-PRIVATE-LIMITED-U51909MH2022PTC390389,corpintel.io,"""Medyard Trexim Private Limited"" founder","Medyard Trexim Private Limited - Employees, Business ... - Easyleadz",https://www.easyleadz.com/company/medyard-trexim-private-limited-U51909MH2022PTC390389,easyleadz.com,"""Medyard Trexim Private Limited"" LinkedIn"
633c3712e4b0feee6e0b8768,MES-ONS INDIA PRIVATE LIMITED,https://www.mesonswires.com,DNS_ERROR,CANDIDATES_FOUND,6,5,MES-ONS INDIA PRIVATE LIMITED GST Number - 27AAPCM9012L1ZY - Masters India,https://www.mastersindia.co/gst-search/?name=mesons-india-private-limited&gstin=27AAPCM9012L1ZY,mastersindia.co,"""MES-ONS INDIA PRIVATE LIMITED"" Nagpur",,,,,,,,,,,,,,,,
62ff0f6ce4b0da9c23ed4f87,Sts360 Support Private Limited,https://www.STS360 support.in,DNS_ERROR,CANDIDATES_FOUND,2,2,"STS360 SUPPORT PRIVATE LIMITED Company Profile | Nagpur, Maharashtra ...",https://www.dnb.com/business-directory/company-profiles.sts360_support_private_limited.ac40fd03ef4345524ca420a41f25d496.html,dnb.com,"""Sts360 Support Private Limited"" Nagpur",STS360 SUPPORT PRIVATE LIMITED - U72900MH2022PTC387852 - InstaFinancials,https://www.instafinancials.com/company/sts360-support-private-limited-U72900MH2022PTC387852/contact-us.html,instafinancials.com,"""Sts360 Support Private Limited"" Nagpur",STS360 SUPPORT PRIVATE LIMITED - GST Details,https://gst.unifers.ai/gst/27ABJCS0923P1ZU/sts360-support-private-limited,gst.unifers.ai,"""Sts360 Support Private Limited"" Nagpur",STS360 SUPPORT PRIVATE LIMITED - IndiaFilings,https://www.indiafilings.com/search/sts360-support-private-limited-cin-U72900MH2022PTC387852,indiafilings.com,"""Sts360 Support Private Limited"" Nagpur",CIN Details | STS360 SUPPORT PRIVATE LIMITED,https://cin.iadv.io/STS360-SUPPORT-PRIVATE-LIMITED-U72900MH2022PTC387852/,cin.iadv.io,"""Sts360 Support Private Limited"" website"
62f0ec05e4b02524d81a6f2b,Amplecare Remedies Private Limited,https://www.amplecareremedies.com,DNS_ERROR,NO_CANDIDATES,6,0,,,,,,,,,,,,,,,,,,,,
62ecd177e4b02524d81921c0,Happico Foods Private Limited,https://www.myhappico.com,DNS_ERROR,CANDIDATES_FOUND,1,1,HAPPICO FOODS PRIVATE LIMITED - zerocorporates.com,https://www.zerocorporates.com/happico-foods-private-limited,zerocorporates.com,"""Happico Foods Private Limited"" Nagpur","Happico Foods Private Limited - Company Details, CIN, Directors ...",https://www.registerkaro.in/company/happico-foods-private-limited-U15400MH2022PTC386840,registerkaro.in,"""Happico Foods Private Limited"" Nagpur","HAPPICO FOODS PRIVATE LIMITED - Company Info, CIN, Directors",https://buysellprivatelimited.com/company/happico-foods-private-limited/U15400MH2022PTC386840,buysellprivatelimited.com,"""Happico Foods Private Limited"" Nagpur",HAPPICO FOODS PRIVATE LIMITED | U15400MH2022PTC386840 - IndiaFilings,https://www.indiafilings.com/search/happico-foods-private-limited-cin-U15400MH2022PTC386840,indiafilings.com,"""Happico Foods Private Limited"" Nagpur",HAPPICO FOODS PRIVATE LIMITED - U15400MH2022PTC386840 - InstaFinancials,https://www.instafinancials.com/company/happico-foods-private-limited/U15400MH2022PTC386840,instafinancials.com,"""Happico Foods Private Limited"" Nagpur"
62ec999be4b02524d81908d4,NENIPRRA PRIVATE LIMITED,https://neniprra.com,DNS_ERROR,CANDIDATES_FOUND,1,1,"NENIPRRA PRIVATE LIMITED Company Profile | Nagpur, Maharashtra, India ...",https://www.dnb.com/business-directory/company-profiles.neniprra_private_limited.56c00c7dec467bbb4c8320281e5455e4.html,dnb.com,"""NENIPRRA PRIVATE LIMITED"" Nagpur","Neniprra Private Limited - Company Details, CIN, Directors & Financials ...",https://www.registerkaro.in/company/neniprra-private-limited-U15490MH2022PTC385190,registerkaro.in,"""NENIPRRA PRIVATE LIMITED"" Nagpur",NENIPRRA PRIVATE LIMITED | CIN u15490mh2022ptc385190 Company Details,https://www.indiafilings.com/search/neniprra-private-limited-cin-U15490MH2022PTC385190,indiafilings.com,"""NENIPRRA PRIVATE LIMITED"" Nagpur",Neniprra Private Limited - U15490mh2022ptc385190,https://www.instafinancials.com/company/neniprra-private-limited-U15490MH2022PTC385190,instafinancials.com,"""NENIPRRA PRIVATE LIMITED"" Nagpur","Neniprra Private Limited - Company, Directors, Charges and Compliance ...",https://www.filesure.in/company/neniprra-private-limited/U15490MH2022PTC385190?tab=about,filesure.in,"""NENIPRRA PRIVATE LIMITED"" Nagpur"
62db8687e4b05e317519ac42,Sonexa Innovations Private Limited,https://www.galon.in,DNS_ERROR,CANDIDATES_FOUND,1,1,Company Master Detail on Sonexa Innovations Private Limited,https://mycorporateinfo.com/business/sonexa-innovations-private-limited,mycorporateinfo.com,"""Sonexa Innovations Private Limited"" Nagpur",SONEXA INNOVATIONS PRIVATE LIMITED - credhive.in,https://www.credhive.in/ind/corporate/U29308MH2022PTC386863/SONEXA%25252525252520INNOVATIONS%25252525252520PRIVATE%25252525252520LIMITED/overview,credhive.in,"""Sonexa Innovations Private Limited"" Nagpur",Sonexa Innovations Private Limited - U29308mh2022ptc386863,https://www.instafinancials.com/company/sonexa-innovations-private-limited-U29308MH2022PTC386863/company-overview,instafinancials.com,"""Sonexa Innovations Private Limited"" Nagpur",CIN Details | SONEXA INNOVATIONS PRIVATE LIMITED,https://cin.iadv.io/SONEXA-INNOVATIONS-PRIVATE-LIMITED-U29308MH2022PTC386863/,cin.iadv.io,"""Sonexa Innovations Private Limited"" Nagpur",Sonexa Innovations Private Limited | Gbr,https://www.globalbizreport.com/sonexa-innovations-private-limited/U29308MH2022PTC386863/india/maharashtra/company-business-financial-credit-report,globalbizreport.com,"""Sonexa Innovations Private Limited"" Nagpur"
62d82404e4b0840fb6bd6c9c,YUVATRENZ MARKETING PRIVATE LIMITED,https://yuvatm.com,DNS_ERROR,CANDIDATES_FOUND,6,5,YUVATRENZ MARKETING PRIVATE LIMITED Company Profile | Nagpur ...,https://www.dnb.com/business-directory/company-profiles.yuvatrenz_marketing_private_limited.8016fc9241b7d787c7645d97c7dc22ea.html,dnb.com,"""YUVATRENZ MARKETING PRIVATE LIMITED"" website","Yuvatrenz Marketing Private Limited - Textiles Startup, Jabalpur | YNOS",https://www.ynos.in/startup/yuvatrenz-marketing-private-limited-437472,ynos.in,"""YUVATRENZ MARKETING PRIVATE LIMITED"" website",Yuvatrenz Marketing Private Limited - U18109mh2021ptc371708,https://www.instafinancials.com/company/yuvatrenz-marketing-private-limited-U18109MH2021PTC371708,instafinancials.com,"""YUVATRENZ MARKETING PRIVATE LIMITED"" website",Yuvatrenz Marketing Private Limited | Gbr,https://www.globalbizreport.com/YUVATRENZ-MARKETING-PRIVATE-LIMITED/U18109MH2021PTC371708/india/maharashtra/company-business-financial-credit-report,globalbizreport.com,"""YUVATRENZ MARKETING PRIVATE LIMITED"" India",,,,
62cc50cbe4b0d06e97b36e7a,Vidharbha Agro Engineering Solutions Private Limited,https://www.yantrashakti.in,DNS_ERROR,NO_CANDIDATES,6,0,,,,,,,,,,,,,,,,,,,,
62c5c992e4b07b2cdee43e65,VARDHISHNU AGROPRODUCTS PRIVATE LIMITED,https://Vardhishnuagro.in,DNS_ERROR,CANDIDATES_FOUND,6,6,VARDHISHNU AGROPRODUCTS PRIVATE LIMITED - IndiaFilings,https://www.indiafilings.com/search/vardhishnu-agroproducts-private-limited-cin-U01110MH2022PTC375720,indiafilings.com,"""VARDHISHNU AGROPRODUCTS PRIVATE LIMITED"" Nagpur",Vardhishnu Agroproducts Private Limited - U01110mh2022ptc375720,https://www.instafinancials.com/company/vardhishnu-agroproducts-private-limited-U01110MH2022PTC375720,instafinancials.com,"""VARDHISHNU AGROPRODUCTS PRIVATE LIMITED"" Nagpur",CIN Details | VARDHISHNU AGROPRODUCTS PRIVATE LIMITED,https://cin.iadv.io/VARDHISHNU-AGROPRODUCTS-PRIVATE-LIMITED-U01110MH2022PTC375720/,cin.iadv.io,"""VARDHISHNU AGROPRODUCTS PRIVATE LIMITED"" Nagpur","Vardhishnu Agroproducts Private Limited - Company, Directors, Charges ...",https://www.filesure.in/company/vardhishnu-agroproducts-private-limited/U01110MH2022PTC375720?tab=charges,filesure.in,"""VARDHISHNU AGROPRODUCTS PRIVATE LIMITED"" founder",,,,
62c4137de4b07b2cdee35553,AMA VENTURES LLP,https://lightningz.in,DNS_ERROR,CANDIDATES_FOUND,1,1,"AMA VENTURES LLP India, Nagpur | Info-clipper.com",https://www.info-clipper.com/en/company/india/ama-ventures-llp.indfduuid.html,info-clipper.com,"""AMA VENTURES LLP"" Nagpur","Ama Ventures Llp - Company, Directors, Charges and Compliance details ...",https://www.filesure.in/company/ama-ventures-llp/ABB-4907?tab=about,filesure.in,"""AMA VENTURES LLP"" Nagpur","AMA VENTURES LLP Company Profile | Nagpur, Maharashtra, India ...",https://www.dnb.com/business-directory/company-profiles.ama_ventures_llp.e4aeebc28a264b7eeae1cfc411290721.html,dnb.com,"""AMA VENTURES LLP"" Nagpur","Ama Ventures Llp - ABB-4907 LLP , Director and Index of Charges ...",https://mycorporateinfo.com/business-llp/ama-ventures-llp,mycorporateinfo.com,"""AMA VENTURES LLP"" Nagpur","AMA VENTURES LLP - Company Details, Directors & Charges - Scooby Sys",https://scoobysys.in/company/AMA-VENTURES-LLP-ABB-4907,scoobysys.in,"""AMA VENTURES LLP"" Nagpur"
62bff0d3e4b07b2cdee09942,Yorever Technovations Private Limited,https://yorever.com,DNS_ERROR,CANDIDATES_FOUND,1,1,YOREVER TECHNOVATIONS PRIVATE LIMITED Company Profile | Nagpur ...,https://www.dnb.com/business-directory/company-profiles.yorever_technovations_private_limited.2adaada780c6b78143408fa133b54fb0.html,dnb.com,"""Yorever Technovations Private Limited"" Nagpur",Yorever Technovations Private Limited - Company Check and Director ...,https://www.companyseekers.com/company/yorever-technovations-private-limited/U52100MH2022PTC385874,companyseekers.com,"""Yorever Technovations Private Limited"" Nagpur",Yorever Technovations Private Limited - U52100mh2022ptc385874,https://www.instafinancials.com/company/yorever-technovations-private-limited-U52100MH2022PTC385874,instafinancials.com,"""Yorever Technovations Private Limited"" Nagpur",Yorever Technovations Private Limited - Detailed Company Information ...,https://mycorporateinfo.com/business/yorever-technovations-private-limited,mycorporateinfo.com,"""Yorever Technovations Private Limited"" Nagpur",YOREVER TECHNOVATIONS PRIVATE LIMITED | U52100MH2022PTC385874 | CMDRegister,https://mcamasterdata.com/company/YOREVER-TECHNOVATIONS-PRIVATE-LIMITED/U52100MH2022PTC385874,mcamasterdata.com,"""Yorever Technovations Private Limited"" Nagpur"
62909a84e4b028cbac15e8c3,JIVTODE E-RETAIL TRADE (OPC) PRIVATE LIMITED,https://www.buyosooth.in,DNS_ERROR,NO_CANDIDATES,6,0,,,,,,,,,,,,,,,,,,,,
628f3a3fe4b028cbac156050,SAFFONA HEALTHCARE PRIVATE LIMITED,http://www.saffonaphysiotherapy.in,DNS_ERROR,CANDIDATES_FOUND,2,2,SAFFONA HEALTHCARE PRIVATE LIMITED Company Profile | Nagpur ...,https://www.dnb.com/business-directory/company-profiles.saffona_healthcare_private_limited.5b0a4fdfe6d811484bf7d8caf3aa93cf.html,dnb.com,"""SAFFONA HEALTHCARE PRIVATE LIMITED"" Nagpur","SAFFONA HEALTHCARE PRIVATE LIMITED - Company Info, CIN, Directors",https://buysellprivatelimited.com/company/saffona-healthcare-private-limited/U85100MH2022PTC379535,buysellprivatelimited.com,"""SAFFONA HEALTHCARE PRIVATE LIMITED"" Nagpur",Saffona Healthcare Private Limited - U85100mh2022ptc379535,https://www.instafinancials.com/company/saffona-healthcare-private-limited-U85100MH2022PTC379535/company-overview,instafinancials.com,"""SAFFONA HEALTHCARE PRIVATE LIMITED"" Nagpur",Saffona Healthcare Private Limited | Company Details,https://www.allindiaitr.com/company/saffona-healthcare-private-limited/U85100MH2022PTC379535,allindiaitr.com,"""SAFFONA HEALTHCARE PRIVATE LIMITED"" Nagpur",SAFFONA HEALTHCARE PRIVATE LIMITED | U85100MH2022PTC379535 - IndiaFilings,https://www.indiafilings.com/search/saffona-healthcare-private-limited-cin-U85100MH2022PTC379535,indiafilings.com,"""SAFFONA HEALTHCARE PRIVATE LIMITED"" website"
628483f5e4b028cbac11df7e,MIG-24 HEALTHCARE PRIVATE LIMITED,https://mig-24healthcare.com/,DNS_ERROR,NO_CANDIDATES,6,0,,,,,,,,,,,,,,,,,,,,
62737db8e4b028cbac0c515f,KAYA LAWATRE IMPEX PRIVATE LIMITED,https://www.kayastore.co.in/,DNS_ERROR,CANDIDATES_FOUND,2,2,"Profile of KAYA LAWATRE IMPEX PRIVATE LIMITED,Nagpur ... - Officedial",https://www.officedial.com/KAYA-LAWATRE-IMPEX-PRIVATE-LIMITED-Nagpur/company-profile.htm,officedial.com,"""KAYA LAWATRE IMPEX PRIVATE LIMITED"" Nagpur",Kaya Lawatre Impex Private Limited - registerkaro.in,https://www.registerkaro.in/company/kaya-lawatre-impex-private-limited-U51909MH2021PTC360569,registerkaro.in,"""KAYA LAWATRE IMPEX PRIVATE LIMITED"" Nagpur",KAYA LAWATRE IMPEX PRIVATE LIMITED - Vakilsearch,https://company.vakilsearch.com/kaya-lawatre-impex-private-limited/U51909MH2021PTC360569,company.vakilsearch.com,"""KAYA LAWATRE IMPEX PRIVATE LIMITED"" Nagpur",Kaya Lawatre Impex Private Limited - ezzus.com,https://www.ezzus.com/biz/kaya-lawatre-impex-private-limited/U51909MH2021PTC360569,ezzus.com,"""KAYA LAWATRE IMPEX PRIVATE LIMITED"" Nagpur",Kaya Lawatre Impex Private Limited | U51909mh2021ptc360569,https://www.indiafilings.com/search/kaya-lawatre-impex-private-limited-cin-U51909MH2021PTC360569,indiafilings.com,"""KAYA LAWATRE IMPEX PRIVATE LIMITED"" website"
627279c4e4b028cbac0c2259,VASTUWISHWAS (OPC) PRIVATE LIMITED,https://www.vastuwishwas.com,DNS_ERROR,NO_CANDIDATES,6,0,,,,,,,,,,,,,,,,,,,,
625678d1e4b00f07df34aae0,NATRAJ BEVERAGES AND FOODS PRIVATE LIMITED,https://NATRAJINDIA.IN,DNS_ERROR,CANDIDATES_FOUND,2,2,NATRAJ BEVERAGES AND FOODS PRIVATE LIMITED - credhive.in,https://www.credhive.in/ind/corporate/U15549MH2021PTC370584/NATRAJ%20BEVERAGES%20AND%20FOODS%20PRIVATE%20LIMITED/overview,credhive.in,"""NATRAJ BEVERAGES AND FOODS PRIVATE LIMITED"" Nagpur",NATRAJ BEVERAGES AND FOODS PRIVATE LIMITED - MasterData,https://www.masterdata.in/company/natraj_beverages_and_foods_private_limited/U15549MH2021PTC370584,masterdata.in,"""NATRAJ BEVERAGES AND FOODS PRIVATE LIMITED"" Nagpur",Natraj Beverages And Foods Private Limited - MyCorporateInfo,https://mycorporateinfo.com/business/natraj-beverages-and-foods-private-limited,mycorporateinfo.com,"""NATRAJ BEVERAGES AND FOODS PRIVATE LIMITED"" Nagpur",NATRAJ BEVERAGES AND FOODS PRIVATE LIMITED - GST Details,https://gst.unifers.ai/gst/27AAHCN8990Q1ZA/natraj-beverages-and-foods-private-limited,gst.unifers.ai,"""NATRAJ BEVERAGES AND FOODS PRIVATE LIMITED"" Nagpur",NATRAJ BEVERAGES AND FOODS PRIVATE LIMITED - IndiaFilings,https://www.indiafilings.com/search/natraj-beverages-and-foods-private-limited-cin-U15549MH2021PTC370584,indiafilings.com,"""NATRAJ BEVERAGES AND FOODS PRIVATE LIMITED"" website"
6242fb68e4b0e4f8d277a395,TRIBUGS IN PRIVATE LIMITED,https://www.tribugs.com/,DNS_ERROR,CANDIDATES_FOUND,1,1,"TRIBUGS IN PRIVATE LIMITED Company Profile | Nagpur, Maharashtra, India ...",https://www.dnb.com/business-directory/company-profiles.tribugs_in_private_limited.2fd6ae487d08892c127c853ce075b5cf.html,dnb.com,"""TRIBUGS IN PRIVATE LIMITED"" Nagpur",Company Master Detail on Tribugs In Private Limited,https://mycorporateinfo.com/business/tribugs-in-private-limited,mycorporateinfo.com,"""TRIBUGS IN PRIVATE LIMITED"" Nagpur",TRIBUGS IN PRIVATE LIMITED | U72900MH2021PTC369966 - IndiaFilings,https://www.indiafilings.com/search/tribugs-in-private-limited-cin-U72900MH2021PTC369966,indiafilings.com,"""TRIBUGS IN PRIVATE LIMITED"" Nagpur",TRIBUGS IN PRIVATE LIMITED - U72900MH2021PTC369966 - InstaFinancials,https://www.instafinancials.com/company/tribugs-in-private-limited-U72900MH2021PTC369966/company-overview,instafinancials.com,"""TRIBUGS IN PRIVATE LIMITED"" Nagpur",CIN Details | TRIBUGS IN PRIVATE LIMITED,https://cin.iadv.io/TRIBUGS-IN-PRIVATE-LIMITED-U72900MH2021PTC369966/,cin.iadv.io,"""TRIBUGS IN PRIVATE LIMITED"" Nagpur"
6235896ee4b0e4f8d273b000,SmartHire Consultant Private Limited,http://smarthire.info/,DNS_ERROR,CANDIDATES_FOUND,2,2,SMARTHIRE CONSULTANT PRIVATE LIMITED Company Profile | Nagpur ...,https://www.dnb.com/business-directory/company-profiles.smarthire_consultant_private_limited.1a84c0b397d1a2ea51ba22331c0b6828.html,dnb.com,"""SmartHire Consultant Private Limited"" Nagpur",Smarthire Consultant Private Limited - U93090mh2022ptc375619,https://www.instafinancials.com/company/smarthire-consultant-private-limited-U93090MH2022PTC375619/company-overview,instafinancials.com,"""SmartHire Consultant Private Limited"" Nagpur","Smarthire Consultant Private Limited - Company, Directors, Charges and ...",https://www.filesure.in/company/smarthire-consultant-private-limited/U93090MH2022PTC375619?tab=about,filesure.in,"""SmartHire Consultant Private Limited"" Nagpur",SMARTHIRE CONSULTANT PRIVATE LIMITED - Vakilsearch,https://company.vakilsearch.com/smarthire-consultant-private-limited/U93090MH2022PTC375619,company.vakilsearch.com,"""SmartHire Consultant Private Limited"" Nagpur",SMARTHIRE CONSULTANT PRIVATE LIMITED - IndiaFilings,https://www.indiafilings.com/search/smarthire-consultant-private-limited-cin-U93090MH2022PTC375619,indiafilings.com,"""SmartHire Consultant Private Limited"" website"
622efc5fe4b0e4f8d27164bf,PAW&TAILS SOLUTIONS PRIVATE LIMITED,https://www.dobbythechef.com,DNS_ERROR,CANDIDATES_FOUND,3,3,PAW&TAILS SOLUTIONS PRIVATE LIMITED - IndiaFilings,https://www.indiafilings.com/search/pawtails-solutions-private-limited-cin-U52209MH2022PTC374888,indiafilings.com,"""PAW&TAILS SOLUTIONS PRIVATE LIMITED"" Nagpur",Paw&Tails Solutions Private Limited - U52209mh2022ptc374888,https://www.instafinancials.com/company/paw-tails-solutions-private-limited-U52209MH2022PTC374888/company-overview,instafinancials.com,"""PAW&TAILS SOLUTIONS PRIVATE LIMITED"" Nagpur",PAW&TAILS SOLUTIONS PRIVATE LIMITED - qorpiq.com,https://qorpiq.com/company/pawtails-solutions-private-limited/U52209MH2022PTC374888,qorpiq.com,"""PAW&TAILS SOLUTIONS PRIVATE LIMITED"" Nagpur",PAW&TAILS SOLUTIONS PRIVATE LIMITED - filesure.in,https://www.filesure.in/company/pawandtails-solutions-private-limited/U52209MH2022PTC374888?tab=about,filesure.in,"""PAW&TAILS SOLUTIONS PRIVATE LIMITED"" website",Paw&tails Solutions Private Limited (U52209MH2022PTC374888 ...,https://corpintel.io/PAW-TAILS-SOLUTIONS-PRIVATE-LIMITED-U52209MH2022PTC374888,corpintel.io,"""PAW&TAILS SOLUTIONS PRIVATE LIMITED"" official website"
620df3b5e4b0e4f8d2665a60,KRUSHNARPAN COMMERCIALS PRIVATE LIMITED,https://www.kcplnagpur.com/#,DNS_ERROR,CANDIDATES_FOUND,1,1,Krushnarpan Commercials Private Limited - U45309mh2021ptc370369,https://www.instafinancials.com/company/krushnarpan-commercials-private-limited-U45309MH2021PTC370369/company-overview,instafinancials.com,"""KRUSHNARPAN COMMERCIALS PRIVATE LIMITED"" Nagpur",GST Number for KRUSHNARPAN COMMERCIALS PRIVATE LIMITED is 27AAJCK1158M1Z5,https://piceapp.com/gst-number-search/krushnarpan-commercials-private-limited-27aajck1158m1z5/,piceapp.com,"""KRUSHNARPAN COMMERCIALS PRIVATE LIMITED"" Nagpur",KRUSHNARPAN COMMERCIALS PRIVATE LIMITED - OpenCorpData,https://opencorpdata.com/lei/335800YHFLI4O78VSC89,opencorpdata.com,"""KRUSHNARPAN COMMERCIALS PRIVATE LIMITED"" Nagpur",Krushnarpan Commercials Private Limited - corpintel.io,https://corpintel.io/KRUSHNARPAN-COMMERCIALS-PRIVATE-LIMITED-U45309MH2021PTC370369,corpintel.io,"""KRUSHNARPAN COMMERCIALS PRIVATE LIMITED"" Nagpur",KRUSHNARPAN COMMERCIALS PRIVATE LIMITED - IndiaFilings,https://www.indiafilings.com/search/krushnarpan-commercials-private-limited-cin-U45309MH2021PTC370369,indiafilings.com,"""KRUSHNARPAN COMMERCIALS PRIVATE LIMITED"" Nagpur"
62050406e4b0e4f8d262aa97,Godbole (G) Naturals And Dairy Farms Llp,https://www.gnaturals.in,DNS_ERROR,NO_CANDIDATES,6,0,,,,,,,,,,,,,,,,,,,,
62037567e4b0e4f8d261f3d0,RITESHRI UDYOG PRIVATE LIMITED,https://riteshriudyog.com,DNS_ERROR,CANDIDATES_FOUND,5,5,"RITESHRI UDYOG PRIVATE LIMITED Company Profile | Nagpur, Maharashtra ...",https://www.dnb.com/business-directory/company-profiles.riteshri_udyog_private_limited.6e6a09f30443ba4268833d4f90c43e57.html,dnb.com,"""RITESHRI UDYOG PRIVATE LIMITED"" Nagpur","Riteshri Udyog Private Limited, Nagpur (2025) - Find Local Businesses",https://www.findglocal.com/IN/Nagpur/100151501892164/Riteshri-Udyog-Private-Limited,findglocal.com,"""RITESHRI UDYOG PRIVATE LIMITED"" Nagpur","Riteshri Udyog Private Limited - Company Details, CIN, Directors ...",https://www.registerkaro.in/company/riteshri-udyog-private-limited-U51909MH2020PTC343819,registerkaro.in,"""RITESHRI UDYOG PRIVATE LIMITED"" website",RITESHRI UDYOG PRIVATE LIMITED - IndiaFilings,https://www.indiafilings.com/search/riteshri-udyog-private-limited-cin-U51909MH2020PTC343819,indiafilings.com,"""RITESHRI UDYOG PRIVATE LIMITED"" website",RITESHRI UDYOG PRIVATE LIMITED (U51909MH2020PTC343819) - Company ...,https://qorpiq.com/company/riteshri-udyog-private-limited/U51909MH2020PTC343819,qorpiq.com,"""RITESHRI UDYOG PRIVATE LIMITED"" founder"
62036338e4b0e4f8d261eb7a,SONI PAINTS PRIVATE LIMITED,https://goodwillpaint.com/,DNS_ERROR,CANDIDATES_FOUND,2,2,"SONI PAINTS PRIVATE LIMITED Company Profile | Nagpur, Maharashtra ...",https://www.dnb.com/business-directory/company-profiles.soni_paints_private_limited.75ebf14f78c18903930f5909b5cce442.html,dnb.com,"""SONI PAINTS PRIVATE LIMITED"" Nagpur",SONI PAINTS PRIVATE LIMITED - ezzus.com,https://www.ezzus.com/biz/soni-paints-private-limited/U24222MH2020PTC338852,ezzus.com,"""SONI PAINTS PRIVATE LIMITED"" Nagpur",Soni Paints Private Limited - U24222mh2020ptc338852,https://www.instafinancials.com/company/soni-paints-private-limited-U24222MH2020PTC338852/index.html,instafinancials.com,"""SONI PAINTS PRIVATE LIMITED"" Nagpur",SONI PAINTS PRIVATE LIMITED | CIN u24222mh2020ptc338852 ... - IndiaFilings,https://www.indiafilings.com/search/soni-paints-private-limited-cin-U24222MH2020PTC338852,indiafilings.com,"""SONI PAINTS PRIVATE LIMITED"" website",SONI PAINTS PRIVATE LIMITED (U24222MH2020PTC338852) - Company Profile ...,https://qorpiq.com/company/soni-paints-private-limited/U24222MH2020PTC338852,qorpiq.com,"""SONI PAINTS PRIVATE LIMITED"" website"
61fa7957e4b00f5d174af5f5,SCRIPTANGLE PRIVATE LIMITED,https://script-angle.com,DNS_ERROR,NO_CANDIDATES,6,0,,,,,,,,,,,,,,,,,,,,
61f78e4fe4b0bc85704310b8,NAVYONI TECHNOLOGIES PRIVATE LIMITED,https://www.navyoni.com,DNS_ERROR,CANDIDATES_FOUND,6,6,NAVYONI TECHNOLOGIES PRIVATE LIMITED Company Profile | Nagpur ...,https://www.dnb.com/business-directory/company-profiles.navyoni_technologies_private_limited.9d42d6c3ad1425c6711aeee11119aebf.html,dnb.com,"""NAVYONI TECHNOLOGIES PRIVATE LIMITED"" Nagpur",Navyoni Technologies Private Limited - U74999mh2021ptc372408,https://www.instafinancials.com/company/navyoni-technologies-private-limited-U74999MH2021PTC372408,instafinancials.com,"""NAVYONI TECHNOLOGIES PRIVATE LIMITED"" Nagpur",Company Master Detail on Navyoni Technologies Private Limited,https://mycorporateinfo.com/business/navyoni-technologies-private-limited,mycorporateinfo.com,"""NAVYONI TECHNOLOGIES PRIVATE LIMITED"" Nagpur",Navyoni Technologies Private Limited (U74999mh2021ptc372408 ...,https://qorpiq.com/company/navyoni-technologies-private-limited/U74999MH2021PTC372408,qorpiq.com,"""NAVYONI TECHNOLOGIES PRIVATE LIMITED"" website",,,,
61f6a9e9e4b0bc857042b972,UFF FOODS PRIVATE LIMITED,https://www.uff-india.com,DNS_ERROR,CANDIDATES_FOUND,2,2,"UFF FOODS PRIVATE LIMITED Company Profile | Nagpur, Maharashtra, India ...",https://www.dnb.com/business-directory/company-profiles.uff_foods_private_limited.0d1ed4a3ec5d00b778d18c2d4d93408d.html,dnb.com,"""UFF FOODS PRIVATE LIMITED"" Nagpur",Uff Foods Private Limited - U74999mh2020ptc337971,https://www.instafinancials.com/company/uff-foods-private-limited-U74999MH2020PTC337971/company-overview,instafinancials.com,"""UFF FOODS PRIVATE LIMITED"" Nagpur",UFF FOODS PRIVATE LIMITED | GBR - globalbizreport.com,https://www.globalbizreport.com/uff-foods-private-limited/U74999MH2020PTC337971/india/maharashtra/company-business-financial-credit-report,globalbizreport.com,"""UFF FOODS PRIVATE LIMITED"" Nagpur",UFF FOODS PRIVATE LIMITED | CIN u74999mh2020ptc337971 ... - IndiaFilings,https://www.indiafilings.com/search/uff-foods-private-limited-cin-U74999MH2020PTC337971,indiafilings.com,"""UFF FOODS PRIVATE LIMITED"" website",UFF FOODS PRIVATE LIMITED - ezzus.com,https://www.ezzus.com/biz/uff-foods-private-limited/U74999MH2020PTC337971,ezzus.com,"""UFF FOODS PRIVATE LIMITED"" website"
61f13a73e4b020b2f88a6ac4,AFIFA CARE PRIVATE LIMITED,https://www.afifacare.com,DNS_ERROR,CANDIDATES_FOUND,6,5,AGHA AHMAD - 9378457 Director Info | MyCorporateInfo,https://mycorporateinfo.com/director/agha-ahmad-9378457,mycorporateinfo.com,"""AFIFA CARE PRIVATE LIMITED"" Nagpur",,,,,,,,,,,,,,,,
61e04da4e4b020b2f8831689,KESHVAM INFRASOFT LLP,http://www.keshavaminfrasoft.com/,DNS_ERROR,CANDIDATES_FOUND,6,6,"Keshvam Infrasoft Llp - Information Technology Startup, Nagpur | YNOS",https://www.ynos.in/startup/keshvam-infrasoft-llp-422145,ynos.in,"""KESHVAM INFRASOFT LLP"" Nagpur","Keshvam Infrasoft Llp - Company, Directors, Charges and Compliance ...",https://www.filesure.in/company/keshvam-infrasoft-llp/AAZ-6790?tab=about,filesure.in,"""KESHVAM INFRASOFT LLP"" Nagpur",Keshvam Infrasoft Llp company has vacancy of Computer Hardware ...,https://www.workindia.in/jobs/computer_hardware_engineering_techn-empress_city-nagpur-5326261/,workindia.in,"""KESHVAM INFRASOFT LLP"" Nagpur",Check Kshitija Ravi Chopda - Director Profile & Company,https://www.companyseekers.com/people-profile/kshitija-ravi-chopda/09410443,companyseekers.com,"""KESHVAM INFRASOFT LLP"" Nagpur",,,,
61e004f2e4b020b2f882fdde,KSHITIJ TELEMEDIA NETWORKS PRIVATE LIMITED,https://www.kshitijnetworks.com,DNS_ERROR,CANDIDATES_FOUND,6,6,Kshitij Telemedia Networks Private Limited - U64200mh2021ptc373439,https://www.instafinancials.com/company/kshitij-telemedia-networks-private-limited-U64200MH2021PTC373439,instafinancials.com,"""KSHITIJ TELEMEDIA NETWORKS PRIVATE LIMITED"" Nagpur",KSHITIJ TELEMEDIA NETWORKS PRIVATE LIMITED | CompFilings,https://compfilings.com/company/KSHITIJ-TELEMEDIA-NETWORKS-PRIVATE-LIMITED-U64200MH2021PTC373439,compfilings.com,"""KSHITIJ TELEMEDIA NETWORKS PRIVATE LIMITED"" Nagpur",KSHITIJ TELEMEDIA NETWORKS PRIVATE LIMITED - Busi Detail,https://www.busidetail.com/company/kshitij-telemedia-networks-private-limited-u64200mh2021ptc373439,busidetail.com,"""KSHITIJ TELEMEDIA NETWORKS PRIVATE LIMITED"" website",KSHITIJ TELEMEDIA NETWORKS PRIVATE LIMITED - IndiaFilings,https://www.indiafilings.com/search/kshitij-telemedia-networks-private-limited-cin-U64200MH2021PTC373439,indiafilings.com,"""KSHITIJ TELEMEDIA NETWORKS PRIVATE LIMITED"" India",,,,
61d925d1e4b020b2f8805dad,CC PRECAST SOLUTIONS PRIVATE LIMITED,https://www.ccprecastsolutions.con,DNS_ERROR,CANDIDATES_FOUND,1,1,CC PRECAST SOLUTIONS PRIVATE LIMITED Company Profile | Nagpur ...,https://www.dnb.com/business-directory/company-profiles.cc_precast_solutions_private_limited.fa62fac72308c0e437185f8ccd88dc6d.html,dnb.com,"""CC PRECAST SOLUTIONS PRIVATE LIMITED"" Nagpur",Cc Precast Solutions Private Limited | Company Details,https://www.allindiaitr.com/company/cc-precast-solutions-private-limited/U45203MH2021PTC372963,allindiaitr.com,"""CC PRECAST SOLUTIONS PRIVATE LIMITED"" Nagpur",CC PRECAST SOLUTIONS PRIVATE LIMITED - IndiaFilings,https://www.indiafilings.com/search/cc-precast-solutions-private-limited-cin-U45203MH2021PTC372963,indiafilings.com,"""CC PRECAST SOLUTIONS PRIVATE LIMITED"" Nagpur",Company Master Detail on Cc Precast Solutions Private Limited,https://mycorporateinfo.com/business/cc-precast-solutions-private-limited,mycorporateinfo.com,"""CC PRECAST SOLUTIONS PRIVATE LIMITED"" Nagpur",Cc Precast Solutions Private Limited - U45203mh2021ptc372963,https://www.instafinancials.com/company/cc-precast-solutions-private-limited-U45203MH2021PTC372963,instafinancials.com,"""CC PRECAST SOLUTIONS PRIVATE LIMITED"" Nagpur"
61c03489e4b041b4edd31464,BILLEX PRIVATE LIMITED,https://billexinsights.com,DNS_ERROR,CANDIDATES_FOUND,2,2,"Billex Private Limited - Detailed Company Information, Directors ...",https://mycorporateinfo.com/business/billex-private-limited,mycorporateinfo.com,"""BILLEX PRIVATE LIMITED"" Nagpur","Billex Private Limited - Company, Directors, Charges and Compliance ...",https://www.filesure.in/company/billex-private-limited/U74999MH2022PTC380837?tab=about,filesure.in,"""BILLEX PRIVATE LIMITED"" Nagpur",Billex Private Limited | Company Details | All India Itr,https://www.allindiaitr.com/company/billex-private-limited/U74999MH2022PTC380837,allindiaitr.com,"""BILLEX PRIVATE LIMITED"" Nagpur",Billex Private Limited - U74999mh2022ptc380837,https://www.instafinancials.com/company/billex-private-limited-U74999MH2022PTC380837,instafinancials.com,"""BILLEX PRIVATE LIMITED"" Nagpur",BILLEX PRIVATE LIMITED - CIN U74999MH2022PTC380837 | Company Details ...,https://paperli.ai/company/billex-private-limited-U74999MH2022PTC380837,paperli.ai,"""BILLEX PRIVATE LIMITED"" website"
61a49f57e4b0cb4c4c11d621,KWIKZIP E-COMMERCE SERVICES PRIVATE LIMITED,https://kwikcommerce.io//,DNS_ERROR,CANDIDATES_FOUND,2,2,KWIKZIP E-COMMERCE SERVICES PRIVATE LIMITED Company Profile | Nagpur ...,https://www.dnb.com/business-directory/company-profiles.kwikzip_e-commerce_services_private_limited.6723339b04763b06339151fd4bfb4574.html,dnb.com,"""KWIKZIP E-COMMERCE SERVICES PRIVATE LIMITED"" Nagpur",Kwikzip E-commerce Services Private Limited - U63030mh2021ptc369145,https://www.instafinancials.com/company/kwikzip-e-commerce-services-private-limited-U63030MH2021PTC369145,instafinancials.com,"""KWIKZIP E-COMMERCE SERVICES PRIVATE LIMITED"" Nagpur",Kwikzip E-commerce Services Private Limited,https://qorpiq.com/company/kwikzip-e-commerce-services-private-limited/U63030MH2021PTC369145,qorpiq.com,"""KWIKZIP E-COMMERCE SERVICES PRIVATE LIMITED"" Nagpur",CIN Details | KWIKZIP E-COMMERCE SERVICES PRIVATE LIMITED,https://cin.iadv.io/KWIKZIP-E-COMMERCE-SERVICES-PRIVATE-LIMITED-U63030MH2021PTC369145/,cin.iadv.io,"""KWIKZIP E-COMMERCE SERVICES PRIVATE LIMITED"" Nagpur",Kwikzip E-commerce Services Private Limited,https://www.indiafilings.com/search/kwikzip-ecommerce-services-private-limited-cin-U63030MH2021PTC369145,indiafilings.com,"""KWIKZIP E-COMMERCE SERVICES PRIVATE LIMITED"" website"
61a22adde4b0cb4c4c114bb8,STAFFEX CORPORATION PRIVATE LIMITED,https://www.staffex.in,DNS_ERROR,CANDIDATES_FOUND,1,1,Staffex Corporation Private Limited | Gbr,https://www.globalbizreport.com/STAFFEX-CORPORATION-PRIVATE-LIMITED/U74999MH2021PTC371609/india/maharashtra/company-business-financial-credit-report,globalbizreport.com,"""STAFFEX CORPORATION PRIVATE LIMITED"" Nagpur",Staffex Corporation Private Limited (U74999MH2021PTC371609 ...,https://corpintel.io/STAFFEX-CORPORATION-PRIVATE-LIMITED-U74999MH2021PTC371609,corpintel.io,"""STAFFEX CORPORATION PRIVATE LIMITED"" Nagpur",CIN Details | STAFFEX CORPORATION PRIVATE LIMITED,https://cin.iadv.io/STAFFEX-CORPORATION-PRIVATE-LIMITED-U74999MH2021PTC371609/,cin.iadv.io,"""STAFFEX CORPORATION PRIVATE LIMITED"" Nagpur",STAFFEX CORPORATION PRIVATE LIMITED - qorpiq.com,https://qorpiq.com/company/staffex-corporation-private-limited/U74999MH2021PTC371609,qorpiq.com,"""STAFFEX CORPORATION PRIVATE LIMITED"" Nagpur",STAFFEX CORPORATION PRIVATE LIMITED - inspex.in,https://www.inspex.in/company/STAFFEX-CORPORATION-PRIVATE-LIMITED-U74999MH2021PTC371609,inspex.in,"""STAFFEX CORPORATION PRIVATE LIMITED"" Nagpur"
617fda1be4b0cb4c4c06a3e8,ALTIOR HEALTHCARE (OPC) PRIVATE LIMITED,https://www.sakshamlimbs.com,DNS_ERROR,NO_CANDIDATES,6,0,,,,,,,,,,,,,,,,,,,,
617bb3d6e4b0cb4c4c05d68d,INDUSFUEL ENERGY INDIA PRIVATE LIMITED,https://www.indusfuelenergy.com/,DNS_ERROR,NO_CANDIDATES,6,0,,,,,,,,,,,,,,,,,,,,
61615fffe4b07efc0a4d722c,GAGS INDIA PRIVATE LIMITED,http://www.gags9.in/app/,DNS_ERROR,CANDIDATES_FOUND,1,1,GAGS INDIA PRIVATE LIMITED - IndiaFilings,https://www.indiafilings.com/search/gags-india-private-limited-cin-U74999MH2021PTC368867,indiafilings.com,"""GAGS INDIA PRIVATE LIMITED"" Nagpur","GAGS INDIA PRIVATE LIMITED - Company Info, CIN, Directors",https://buysellprivatelimited.com/company/gags-india-private-limited/U74999MH2021PTC368867,buysellprivatelimited.com,"""GAGS INDIA PRIVATE LIMITED"" Nagpur",Company Master Detail on Gags India Private Limited,https://mycorporateinfo.com/business/gags-india-private-limited,mycorporateinfo.com,"""GAGS INDIA PRIVATE LIMITED"" Nagpur",Gags India Private Limited - Transportation and Logistics Startup ...,https://www.ynos.in/startup/get-and-give-services-gags-402606,ynos.in,"""GAGS INDIA PRIVATE LIMITED"" Nagpur",CIN Details | GAGS INDIA PRIVATE LIMITED,https://cin.iadv.io/GAGS-INDIA-PRIVATE-LIMITED-U74999MH2021PTC368867/,cin.iadv.io,"""GAGS INDIA PRIVATE LIMITED"" Nagpur"
615c982fe4b08fb41b685967,COSMIC LIVING (OPC) PRIVATE LIMITED,https://www.rawandessentials.com/,DNS_ERROR,NO_CANDIDATES,6,0,,,,,,,,,,,,,,,,,,,,
61359e31e4b0f62f930c449c,JAYSIS GREEN ENERGY INFRA PRIVATE LIMITED,https://jaysis.ai/,DNS_ERROR,CANDIDATES_FOUND,5,5,JAYSIS GREEN ENERGY INFRA PRIVATE LIMITED - QorpIQ,https://qorpiq.com/company/jaysis-green-energy-infra-private-limited/U40106MH2021PTC362931,qorpiq.com,"""JAYSIS GREEN ENERGY INFRA PRIVATE LIMITED"" Nagpur",Jaysis Green Energy Infra Private Limited,https://www.ynos.in/startup/jaysis-green-energy-infra-private-limited-402577,ynos.in,"""JAYSIS GREEN ENERGY INFRA PRIVATE LIMITED"" website",JAYSIS GREEN ENERGY INFRA PRIVATE LIMITED - IndiaFilings,https://www.indiafilings.com/search/jaysis-green-energy-infra-private-limited-cin-U40106MH2021PTC362931,indiafilings.com,"""JAYSIS GREEN ENERGY INFRA PRIVATE LIMITED"" official website",JAYSIS GREEN ENERGY INFRA PRIVATE LIMITED - Busi Detail,https://www.busidetail.com/company/jaysis-green-energy-infra-private-limited-u40106mh2021ptc362931,busidetail.com,"""JAYSIS GREEN ENERGY INFRA PRIVATE LIMITED"" India",Jaysis Green Energy Infra Private Limited,https://www.filesure.in/company/jaysis-green-energy-infra-private-limited/U40106MH2021PTC362931?tab=charges,filesure.in,"""JAYSIS GREEN ENERGY INFRA PRIVATE LIMITED"" founder"
6128cddbe4b0f62f92fca71d,THIRTY MORE CHRONICLE PRIVATE LIMITED,https://Fostrreads.com,DNS_ERROR,CANDIDATES_FOUND,1,1,THIRTY MORE CHRONICLE PRIVATE LIMITED Company Profile | Nagpur ...,https://www.dnb.com/business-directory/company-profiles.thirty_more_chronicle_private_limited.a2d3d304092d3bdbf4f2d625a587b754.html,dnb.com,"""THIRTY MORE CHRONICLE PRIVATE LIMITED"" Nagpur",Thirty More Chronicle Private Limited | Gbr,https://www.globalbizreport.com/thirty-more-chronicle-private-limited/U74999MH2021PTC366341/india/maharashtra/company-business-financial-credit-report,globalbizreport.com,"""THIRTY MORE CHRONICLE PRIVATE LIMITED"" Nagpur",THIRTY MORE CHRONICLE PRIVATE LIMITED - filesure.in,https://www.filesure.in/company/thirty-more-chronicle-private-limited/U74999MH2021PTC366341?tab=about,filesure.in,"""THIRTY MORE CHRONICLE PRIVATE LIMITED"" Nagpur",CIN Details | THIRTY MORE CHRONICLE PRIVATE LIMITED,https://cin.iadv.io/THIRTY-MORE-CHRONICLE-PRIVATE-LIMITED-U74999MH2021PTC366341/,cin.iadv.io,"""THIRTY MORE CHRONICLE PRIVATE LIMITED"" Nagpur",THIRTY MORE CHRONICLE PRIVATE LIMITED - Company Information,https://www.registrationwala.com/company/thirty-more-chronicle-private-limited/U74999MH2021PTC366341,registrationwala.com,"""THIRTY MORE CHRONICLE PRIVATE LIMITED"" Nagpur"
611e1290e4b0aee5cebab396,FIDROO CORPORATIONS PRIVATE LIMITED,https://www.fidroo.com,DNS_ERROR,CANDIDATES_FOUND,2,2,"Fidroo Corporations Private Limited - Food and Beverage Startup, Nagpur ...",https://www.ynos.in/startup/fidroo-corporations-private-limited-400027,ynos.in,"""FIDROO CORPORATIONS PRIVATE LIMITED"" Nagpur","FIDROO CORPORATIONS PRIVATE LIMITED - Company Info, CIN, Directors",https://buysellprivatelimited.com/company/fidroo-corporations-private-limited/U55101MH2021PTC365854,buysellprivatelimited.com,"""FIDROO CORPORATIONS PRIVATE LIMITED"" Nagpur",FIDROO CORPORATIONS PRIVATE LIMITED | U55101MH2021PTC365854 - IndiaFilings,https://www.indiafilings.com/search/fidroo-corporations-private-limited-cin-U55101MH2021PTC365854,indiafilings.com,"""FIDROO CORPORATIONS PRIVATE LIMITED"" Nagpur",Fidroo Corporations Private Limited - U55101mh2021ptc365854,https://www.instafinancials.com/company/fidroo-corporations-private-limited-U55101MH2021PTC365854/company-overview,instafinancials.com,"""FIDROO CORPORATIONS PRIVATE LIMITED"" Nagpur","FIDROO CORPORATIONS PRIVATE LIMITED: Company Info, Directors ...",https://corpveda.authbridge.com/company/fidroo-corporations-private-limited/U55101MH2021PTC365854,corpveda.authbridge.com,"""FIDROO CORPORATIONS PRIVATE LIMITED"" website"
61175323e4b0aee5ceb61974,PAYIFY TECHNOLOGIES PRIVATE LIMITED,https://www.payify.in,DNS_ERROR,CANDIDATES_FOUND,2,2,Payify Technologies Private Limited - U72900mh2021ptc364491,https://www.instafinancials.com/company/payify-technologies-private-limited/U72900MH2021PTC364491/index.html,instafinancials.com,"""PAYIFY TECHNOLOGIES PRIVATE LIMITED"" Nagpur",PAYIFY TECHNOLOGIES PRIVATE LIMITED | CompFilings,https://compfilings.com/company/PAYIFY-TECHNOLOGIES-PRIVATE-LIMITED-U72900MH2021PTC364491,compfilings.com,"""PAYIFY TECHNOLOGIES PRIVATE LIMITED"" Nagpur",Contact Us - We'd love to hear from you,https://www.thedezine.in/sites/payify/contact-us.html,thedezine.in,"""PAYIFY TECHNOLOGIES PRIVATE LIMITED"" Nagpur","Payify - Fin-Tech Startup, Nagpur | YNOS",https://www.ynos.in/startup/payify-383701,ynos.in,"""PAYIFY TECHNOLOGIES PRIVATE LIMITED"" Nagpur",PAYIFY TECHNOLOGIES PRIVATE LIMITED | U72900MH2021PTC364491 - IndiaFilings,https://www.indiafilings.com/search/payify-technologies-private-limited-cin-U72900MH2021PTC364491,indiafilings.com,"""PAYIFY TECHNOLOGIES PRIVATE LIMITED"" website"
61126aeae4b0aee5ceb2ac8f,MAXTRACT ENGINEERS PRIVATE LIMITED,https://www.maxtract.in,DNS_ERROR,CANDIDATES_FOUND,5,5,Maxtract Engineers Private Limited,https://www.maxtract.co.in/,maxtract.co.in,"""MAXTRACT ENGINEERS PRIVATE LIMITED"" Nagpur",MAXTRACT ENGINEERS PRIVATE LIMITED Company Profile | Nagpur ...,https://www.dnb.com/business-directory/company-profiles.maxtract_engineers_private_limited.405a7dbde2d6c1b2a95cf442770bbda7.html,dnb.com,"""MAXTRACT ENGINEERS PRIVATE LIMITED"" Nagpur",MAXTRACT ENGINEERS PRIVATE LIMITED - IndiaFilings,https://www.indiafilings.com/search/maxtract-engineers-private-limited-cin-U74999MH2017PTC292952,indiafilings.com,"""MAXTRACT ENGINEERS PRIVATE LIMITED"" India","MAXTRACT ENGINEERS PRIVATE LIMITED Company, Legal Audit, Directors ...",https://lextechsuite.com/MAXTRACT-ENGINEERS-PVT-LTD--U74999MH2017PTC292952--84515038,lextechsuite.com,"""MAXTRACT ENGINEERS PRIVATE LIMITED"" founder",Maxtract Engineers Private Limited (U74999MH2017PTC292952 ...,https://corpintel.io/MAXTRACT-ENGINEERS-PRIVATE-LIMITED-U74999MH2017PTC292952,corpintel.io,"""MAXTRACT ENGINEERS PRIVATE LIMITED"" founder"
60e3aae5e4b0a8de6fd7b8ac,VEE VIRTUAL FARMS PRIVATE LIMITED,https://www.virtualfarmapp.com,DNS_ERROR,CANDIDATES_FOUND,1,1,VEE VIRTUAL FARMS PRIVATE LIMITED - U70109MH2021PTC363013 - InstaFinancials,https://www.instafinancials.com/company/vee-virtual-farms-private-limited-U70109MH2021PTC363013,instafinancials.com,"""VEE VIRTUAL FARMS PRIVATE LIMITED"" Nagpur",VEE VIRTUAL FARMS PRIVATE LIMITED - IndiaFilings,https://www.indiafilings.com/search/vee-virtual-farms-private-limited-cin-U70109MH2021PTC363013,indiafilings.com,"""VEE VIRTUAL FARMS PRIVATE LIMITED"" Nagpur",Vee Virtual Farms Private Limited - corpintel.io,https://corpintel.io/VEE-VIRTUAL-FARMS-PRIVATE-LIMITED-U70109MH2021PTC363013,corpintel.io,"""VEE VIRTUAL FARMS PRIVATE LIMITED"" Nagpur",Vee Virtual Farms Private Limited | Cin: U70109mh2021ptc363013 | Roc ...,https://infomint.co.in/companies/vee-virtual-farms-private-limited/U70109MH2021PTC363013/roc-mumbai/maharashtra/,infomint.co.in,"""VEE VIRTUAL FARMS PRIVATE LIMITED"" Nagpur",Vee Virtual Farms Private Limited - Easyleadz,https://www.easyleadz.com/company/vee-virtual-farms-private-limited-U70109MH2021PTC363013,easyleadz.com,"""VEE VIRTUAL FARMS PRIVATE LIMITED"" Nagpur"
60dff71ce4b0a8de6fd6c932,Medicamentaid Private Limited,https://medicamentaid.Com,DNS_ERROR,CANDIDATES_FOUND,6,6,MEDICAMENTAID PRIVATE LIMITED - U52520MH2021PTC359482 - InstaFinancials,https://www.instafinancials.com/company/medicamentaid-private-limited-U52520MH2021PTC359482/company-overview,instafinancials.com,"""Medicamentaid Private Limited"" Nagpur",MEDICAMENTAID PRIVATE LIMITED | U52520MH2021PTC359482 - IndiaFilings,https://www.indiafilings.com/search/medicamentaid-private-limited-cin-U52520MH2021PTC359482,indiafilings.com,"""Medicamentaid Private Limited"" Nagpur",,,,,,,,,,,,
5b11126ee4b03c10743a8f8e,SOMEBUDDY TECHNOLOGIES LLP,https://kreativbricks.com,DNS_ERROR,CANDIDATES_FOUND,6,6,Somebuddy Technologies Llp | Gst: 27adkfs6502q1ze,https://gst.iadv.io/SOMEBUDDY-TECHNOLOGIES-LLP-27ADKFS6502Q1ZE/,gst.iadv.io,"""SOMEBUDDY TECHNOLOGIES LLP"" Nagpur",Somebuddy Technologies Llp (27ADKFS6502Q1ZE) - Know Your GST,https://www.knowyourgst.com/gst-number-search/somebuddy-technologies-llp-27ADKFS6502Q1ZE/,knowyourgst.com,"""SOMEBUDDY TECHNOLOGIES LLP"" Nagpur",Somebuddy Technologies LLP Overview - SignalHire,https://www.signalhire.com/companies/somebuddy-technologies-llp,signalhire.com,"""SOMEBUDDY TECHNOLOGIES LLP"" website",Vaibhav Kaushik | CEO & Co-founder at Somebuddy Technologies LLP | F6S ...,https://www.f6s.com/member/vaibhavkaushik1,f6s.com,"""SOMEBUDDY TECHNOLOGIES LLP"" founder",,,,
60c989bee4b01e72abcf5fa4,INTELLERO TECHNOLOGY AND MANAGEMENT SOLUTIONS PRIVATE LIMITED,https://htp://intellero.com/,DNS_ERROR,CANDIDATES_FOUND,1,1,Intellero Technology and Management Solutions Private Limited,https://www.indiafilings.com/search/intellero-technology-and-management-solutions-private-limited-cin-U72900MH2021PTC359304,indiafilings.com,"""INTELLERO TECHNOLOGY AND MANAGEMENT SOLUTIONS PRIVATE LIMITED"" Nagpur","INTELLERO TECHNOLOGY AND MANAGEMENT SOLUTIONS PRIVATE LIMITED, Nagpur ...",https://www.verif.com/en/company/INTELLERO-TECHNOLOGY-AND-MANAGEMENT-SOLUTIONS-PRIVATE-LIMITED-1451f06357e835f5aad8b0c6d32784b10ad1a797b6ba2c34e8a6ec2a8b12f478/,verif.com,"""INTELLERO TECHNOLOGY AND MANAGEMENT SOLUTIONS PRIVATE LIMITED"" Nagpur",Intellero Technology And Management Solutions Private Limited ...,https://company.vakilsearch.com/intellero-technology-and-management-solutions-private-limited/U72900MH2021PTC359304,company.vakilsearch.com,"""INTELLERO TECHNOLOGY AND MANAGEMENT SOLUTIONS PRIVATE LIMITED"" Nagpur",Intellero Technology and Management Solutions Private Limited,https://www.busidetail.com/company/intellero-technology-and-management-solutions-private-limited-u72900mh2021ptc359304,busidetail.com,"""INTELLERO TECHNOLOGY AND MANAGEMENT SOLUTIONS PRIVATE LIMITED"" Nagpur",Intellero Technology and Management Solutions Private Limited ...,https://www.instafinancials.com/company/intellero-technology-and-management-solutions-private-limited-U72900MH2021PTC359304/company-overview,instafinancials.com,"""INTELLERO TECHNOLOGY AND MANAGEMENT SOLUTIONS PRIVATE LIMITED"" Nagpur"
60c8378fe4b027c65da238ec,GOLDENVOWS SERVICES PRIVATE LIMITED,https://www.goldenvows.com,DNS_ERROR,NO_CANDIDATES,6,0,,,,,,,,,,,,,,,,,,,,
60bf3fd8e4b027c65d9c14b1,ARVIND TECHNO EQUIPMENTS,http://www.arvindtech.net,DNS_ERROR,CANDIDATES_FOUND,6,6,"ARVIND TECHNO EQUIPMENTS Company Profile | Nagpur, Maharashtra, India ...",https://www.dnb.com/business-directory/company-profiles.arvind_techno_equipments.33699a6806f31def026119d0b430a019.html,dnb.com,"""ARVIND TECHNO EQUIPMENTS"" Nagpur",ARVIND TECHNO EQUIPMENTS - GST Details,https://gst.unifers.ai/gst/27ABUFA7326E1Z7/arvind-techno-equipments,gst.unifers.ai,"""ARVIND TECHNO EQUIPMENTS"" Nagpur",Arvind Techno Equipments in Nagpur Urban - Infobel,https://www.infobel.com/en/india/arvind_techno_equipments/nagpur_urban/IN120370981/businessdetails.aspx,infobel.com,"""ARVIND TECHNO EQUIPMENTS"" Nagpur",ARVIND TECHNO EQUIPMENTS GST Number - Masters India,https://www.mastersindia.co/gst-search/?name=arvind-techno-equipments&gstin=27ABUFA7326E1Z7,mastersindia.co,"""ARVIND TECHNO EQUIPMENTS"" Nagpur",,,,
60be305ee4b027c65d9b02d0,MODCAVE SHELTER TECH PRIVATE LIMITED,https://modcave.in/,DNS_ERROR,CANDIDATES_FOUND,5,5,Modcave Shelter Tech Private Limited,https://www.modcavecabins.com/,modcavecabins.com,"""MODCAVE SHELTER TECH PRIVATE LIMITED"" Nagpur","MODCAVE SHELTER TECH PRIVATE LIMITED Nagpur, Maharashtra",https://www.indianyellowpages.com/nagpur/modcave-shelter-tech-private-limited-14017783/,indianyellowpages.com,"""MODCAVE SHELTER TECH PRIVATE LIMITED"" Nagpur",MODCAVE SHELTER TECH PRIVATE LIMITED Company Profile | Nagpur ...,https://www.dnb.com/business-directory/company-profiles.modcave_shelter_tech_private_limited.8954a001fe7b1d2060804de557689e81.html,dnb.com,"""MODCAVE SHELTER TECH PRIVATE LIMITED"" Nagpur",Contact Us - Modcave Shelter Tech Private Limited in Nagpur,https://www.aajjo.com/store/modcave-shelter-tech-private-limited/contact-us,aajjo.com,"""MODCAVE SHELTER TECH PRIVATE LIMITED"" website","Modcave Shelter Tech - Manufacturing Startup, Nagpur | YNOS",https://www.ynos.in/startup/modcave-shelter-tech-377356,ynos.in,"""MODCAVE SHELTER TECH PRIVATE LIMITED"" founder"
60b4c2c9e4b003351f32cf2f,ACREDIT TECHNOLOGY PRIVATE LIMITED,https://www.tezbooks.com,DNS_ERROR,CANDIDATES_FOUND,1,1,ACREDIT TECHNOLOGY PRIVATE LIMITED Company Profile | Nagpur ...,https://www.dnb.com/business-directory/company-profiles.acredit_technology_private_limited.6362664ec66d8c241ab9a3eafe89449c.html,dnb.com,"""ACREDIT TECHNOLOGY PRIVATE LIMITED"" Nagpur",ACREDIT TECHNOLOGY PRIVATE LIMITED - IndiaFilings,https://www.indiafilings.com/search/acredit-technology-private-limited-cin-U72200MH2019PTC327249,indiafilings.com,"""ACREDIT TECHNOLOGY PRIVATE LIMITED"" Nagpur","Acredit Technology Private Limited - Company, Directors ... - FileSure",https://www.filesure.in/company/acredit-technology-private-limited/U72200MH2019PTC327249?tab=about,filesure.in,"""ACREDIT TECHNOLOGY PRIVATE LIMITED"" Nagpur",Acredit Technology Private Limited (U72200MH2019PTC327249 ...,https://corpintel.io/ACREDIT-TECHNOLOGY-PRIVATE-LIMITED-U72200MH2019PTC327249,corpintel.io,"""ACREDIT TECHNOLOGY PRIVATE LIMITED"" Nagpur",Acredit Technology Private Limited - U72200mh2019ptc327249,https://www.instafinancials.com/company/acredit-technology-private-limited-U72200MH2019PTC327249,instafinancials.com,"""ACREDIT TECHNOLOGY PRIVATE LIMITED"" Nagpur"
60a9f10fe4b0e73e1e61d199,AVADHOOT URJA ABHIYAN LLP,https://www.aua-l.com,DNS_ERROR,CANDIDATES_FOUND,2,2,"AVADHOOT URJA ABHIYAN LLP Company Profile | Nagpur, Maharashtra ...",https://www.dnb.com/business-directory/company-profiles.avadhoot_urja_abhiyan_llp.c57264b18621361d04e30d9b2ea2bdc9.html,dnb.com,"""AVADHOOT URJA ABHIYAN LLP"" Nagpur",Avadhoot Urja Abhiyan LLP - Company Profile & Staff Directory | ContactOut,https://contactout.com/company/Avadhoot-Urja-Abhiyan-LLP-23559,contactout.com,"""AVADHOOT URJA ABHIYAN LLP"" Nagpur","Avadhoot Urja Abhiyan LLP Nagpr, Maharashtra",https://www.indianyellowpages.com/nagpur/avadhoot-urja-abhiyan-llp-4978224/,indianyellowpages.com,"""AVADHOOT URJA ABHIYAN LLP"" Nagpur",Contact - Avadhoot Urja Abhiyan LLP,https://auallp.wordpress.com/contact/,auallp.wordpress.com,"""AVADHOOT URJA ABHIYAN LLP"" website",Avadhoot Urja Abhiyan LLP (avadhooturjaabhiyan) | Pearltrees,https://www.pearltrees.com/avadhooturjaabhiyan,pearltrees.com,"""AVADHOOT URJA ABHIYAN LLP"" website"
609bbd13e4b04486ed6ed2ab,BATBIRD TECHNOLOGY SERVICES PRIVATE LIMITED,http://Batbird.in,DNS_ERROR,CANDIDATES_FOUND,6,2,BATBIRD TECHNOLOGY SERVICES PRIVATE LIMITED Company Profile | Nagpur ...,https://www.dnb.com/business-directory/company-profiles.batbird_technology_services_private_limited.9c9789cb026eb2e8b70ee1a57b773dfc.html,dnb.com,"""BATBIRD TECHNOLOGY SERVICES PRIVATE LIMITED"" Nagpur",Batbird Technology Services Private Limited - Detailed Company ...,https://mycorporateinfo.com/business/batbird-technology-services-private-limited,mycorporateinfo.com,"""BATBIRD TECHNOLOGY SERVICES PRIVATE LIMITED"" Nagpur",BATBIRD TECHNOLOGY SERVICES PRIVATE LIMITED | CompFilings,https://compfilings.com/company/BATBIRD-TECHNOLOGY-SERVICES-PRIVATE-LIMITED-U72900MH2021PTC357214,compfilings.com,"""BATBIRD TECHNOLOGY SERVICES PRIVATE LIMITED"" Nagpur",Batbird Technology Services Private Limited - U72900mh2021ptc357214,https://www.instafinancials.com/company/batbird-technology-services-private-limited-U72900MH2021PTC357214,instafinancials.com,"""BATBIRD TECHNOLOGY SERVICES PRIVATE LIMITED"" Nagpur",,,,
60851f85e4b0d2ddc90bf75e,BONDRE GREEN ENERGY PRIVATE LIMITED INDIA,https://www.bondregroups.com/,DNS_ERROR,CANDIDATES_FOUND,6,6,BONDRE GREEN ENERGY PRIVATE LIMITED INDIA :BiogasWorld,https://biogasworld.com/companies/bondre-green-energy-private-limited-india/,biogasworld.com,"""BONDRE GREEN ENERGY PRIVATE LIMITED INDIA"" Nagpur",,,,,,,,,,,,,,,,
60797fabe4b0d2ddc907e908,DIASPORA INNOVATIONS PRIVATE LIMITED,https://www.therightgate.com/,DNS_ERROR,CANDIDATES_FOUND,2,2,DIASPORA INNOVATIONS PRIVATE LIMITED Company Profile | Nagpur ...,https://www.dnb.com/business-directory/company-profiles.diaspora_innovations_private_limited.77d7210c00428c2e9944671278c1ed15.html,dnb.com,"""DIASPORA INNOVATIONS PRIVATE LIMITED"" Nagpur",Diaspora Innovations Private Limited - U80100mh2019ptc332271,https://www.instafinancials.com/company/diaspora-innovations-private-limited-U80100MH2019PTC332271/index.html,instafinancials.com,"""DIASPORA INNOVATIONS PRIVATE LIMITED"" Nagpur",Diaspora Innovations Private Limited (U80100MH2019PTC332271 ...,https://corpintel.io/DIASPORA-INNOVATIONS-PRIVATE-LIMITED-U80100MH2019PTC332271,corpintel.io,"""DIASPORA INNOVATIONS PRIVATE LIMITED"" Nagpur","Diaspora Innovations Private Limited - Edu-Tech Startup, Nagpur | YNOS",https://www.ynos.in/startup/diaspora-innovations-private-limited-378572,ynos.in,"""DIASPORA INNOVATIONS PRIVATE LIMITED"" Nagpur",DIASPORA INNOVATIONS PRIVATE LIMITED - qorpiq.com,https://qorpiq.com/company/diaspora-innovations-private-limited/U80100MH2019PTC332271,qorpiq.com,"""DIASPORA INNOVATIONS PRIVATE LIMITED"" website"
60767796e4b0d2ddc906831d,DATALYTICS TECHNOLOGIES PRIVATE LIMITED,https://www.datalytics.co.in,DNS_ERROR,CANDIDATES_FOUND,2,2,DATALYTICS TECHNOLOGIES PRIVATE LIMITED Company Profile | Nagpur ...,https://www.dnb.com/business-directory/company-profiles.datalytics_technologies_private_limited.42a1027df7ba76134b2d923808499042.html,dnb.com,"""DATALYTICS TECHNOLOGIES PRIVATE LIMITED"" Nagpur",DATALYTICS TECHNOLOGIES PRIVATE LIMITED - Insider Biz,https://www.insiderbiz.in/company/DATALYTICS-TECHNOLOGIES-PRIVATE-LIMITED,insiderbiz.in,"""DATALYTICS TECHNOLOGIES PRIVATE LIMITED"" Nagpur",Datalytics Technologies Private Limited - corpintel.io,https://corpintel.io/DATALYTICS-TECHNOLOGIES-PRIVATE-LIMITED-U72900MH2020PTC347137,corpintel.io,"""DATALYTICS TECHNOLOGIES PRIVATE LIMITED"" Nagpur",Datalytics Technologies Private Limited | Gbr,https://www.globalbizreport.com/datalytics-technologies-private-limited/U72900MH2020PTC347137/india/maharashtra/company-business-financial-credit-report,globalbizreport.com,"""DATALYTICS TECHNOLOGIES PRIVATE LIMITED"" Nagpur",Datalytics Technologies Private Limited - ezzus.com,https://www.ezzus.com/biz/datalytics-technologies-private-limited/U72900MH2020PTC347137,ezzus.com,"""DATALYTICS TECHNOLOGIES PRIVATE LIMITED"" website"
60740a52e4b0d2ddc9053ede,GOBASKET AGROTECH PRIVATE LIMITED,https://gobasket.org,DNS_ERROR,CANDIDATES_FOUND,3,3,Company Master Detail on Gobasket Agrotech Private Limited,https://mycorporateinfo.com/business/gobasket-agrotech-private-limited,mycorporateinfo.com,"""GOBASKET AGROTECH PRIVATE LIMITED"" Nagpur",Gobasket Agrotech Private Limited | Company Details,https://www.allindiaitr.com/company/gobasket-agrotech-private-limited/U01110MH2021PTC355864,allindiaitr.com,"""GOBASKET AGROTECH PRIVATE LIMITED"" Nagpur",Gobasket Agrotech Private Limited - ezzus.com,https://www.ezzus.com/biz/gobasket-agrotech-private-limited/U01110MH2021PTC355864,ezzus.com,"""GOBASKET AGROTECH PRIVATE LIMITED"" Nagpur",GOBASKET AGROTECH PRIVATE LIMITED - IndiaFilings,https://www.indiafilings.com/search/gobasket-agrotech-private-limited-cin-U01110MH2021PTC355864,indiafilings.com,"""GOBASKET AGROTECH PRIVATE LIMITED"" website",GOBASKET AGROTECH PRIVATE LIMITED - Active Mumbai Since 2021,https://indscout.com/company/gobasket-agrotech-private-limited-u01110mh2021ptc355864,indscout.com,"""GOBASKET AGROTECH PRIVATE LIMITED"" official website"
606820d4e4b03f92cbd3c145,EVEN HEALTHCARE PRIVATE LIMITED,https://www.evenhealthcare.com/,DNS_ERROR,CANDIDATES_FOUND,1,1,Even Healthcare Private Limited - OpenCorpData,https://opencorpdata.com/lei/2549009B258RP6ZE8F90,opencorpdata.com,"""EVEN HEALTHCARE PRIVATE LIMITED"" Nagpur",EVEN HEALTHCARE PRIVATE LIMITED - Insider Biz,https://www.insiderbiz.in/company/EVEN-HEALTHCARE-PRIVATE-LIMITED,insiderbiz.in,"""EVEN HEALTHCARE PRIVATE LIMITED"" Nagpur",Even-healthcare-private-limited | Vakilsearch,https://company.vakilsearch.com/even-healthcare-private-limited/U85300MH2020PTC345050,company.vakilsearch.com,"""EVEN HEALTHCARE PRIVATE LIMITED"" Nagpur",EVEN HEALTHCARE PRIVATE LIMITED :: India :: OpenCorporates,https://opencorporates.com/companies/in/U85300MH2020PTC345050,opencorporates.com,"""EVEN HEALTHCARE PRIVATE LIMITED"" Nagpur","""Even Healthcare Private Limited"" - Lei 2549009b258rp6ze8f90",https://leiworldwide.com/lei_record/2549009B258RP6ZE8F90,leiworldwide.com,"""EVEN HEALTHCARE PRIVATE LIMITED"" Nagpur"
606196dde4b03f92cbd07b01,ADWARB LOGISTICS SERVICES (OPC) PRIVATE LIMITED,https://aachalgroup.co.in,DNS_ERROR,NO_CANDIDATES,6,0,,,,,,,,,,,,,,,,,,,,
602e78dae4b017a8daec865b,Saur Neer Technologies,https://www.saurneer.in,DNS_ERROR,NO_CANDIDATES,6,0,,,,,,,,,,,,,,,,,,,,
602795c1e4b07bc22e783697,SAI BIOSYSTEMS PRIVATE LIMITED,https://www.saibiosystems.com,DNS_ERROR,CANDIDATES_FOUND,2,2,"sai biosystems private limited Raghuji Nagar, Nagpur, Maharashtra",https://www.indianyellowpages.com/nagpur/sai-biosystems-private-limited-raghuji-nagar-nagpur-4229794/,indianyellowpages.com,"""SAI BIOSYSTEMS PRIVATE LIMITED"" Nagpur","Sai Biosystems Private Limited, Nagpur - Wholesale Supplier ...",https://www.dial4trade.com/sai-biosystems-private-limited/,dial4trade.com,"""SAI BIOSYSTEMS PRIVATE LIMITED"" Nagpur",SAI BIOSYSTEMS PRIVATE LIMITED - U74999MH2015PTC269925 - InstaFinancials,https://www.instafinancials.com/company/sai-biosystems-private-limited-U74999MH2015PTC269925/company-overview,instafinancials.com,"""SAI BIOSYSTEMS PRIVATE LIMITED"" Nagpur",SAI BIOSYSTEMS PRIVATE LIMITED - IndiaFilings,https://www.indiafilings.com/search/sai-biosystems-private-limited-cin-U74999MH2015PTC269925,indiafilings.com,"""SAI BIOSYSTEMS PRIVATE LIMITED"" website",Sai Biosystems Private Limited - Construction & Building Materials ...,https://indiatradezone.com/company/730196-sai-biosystems-private-limited,indiatradezone.com,"""SAI BIOSYSTEMS PRIVATE LIMITED"" website"
6023e2f8e4b07bc22e76c563,CLIDE MANAGEMENT CONSULTANCY PRIVATE LIMITED,https://clideg.clideoffice.com/,DNS_ERROR,CANDIDATES_FOUND,2,2,Clide Management Consultancy Private Limited - Detailed Company ...,https://mycorporateinfo.com/business/clide-management-consultancy-private-limited,mycorporateinfo.com,"""CLIDE MANAGEMENT CONSULTANCY PRIVATE LIMITED"" Nagpur",Clide Management Consultancy Private Limited - Company overview,https://www.infyner.com/company/clide-management-consultancy-private-limited/U74999MH2012PTC229470,infyner.com,"""CLIDE MANAGEMENT CONSULTANCY PRIVATE LIMITED"" Nagpur",Clide Management Consultancy Private Limited - Company Details,https://www.infoqik.com/company/u74999mh2012ptc229470/clide-management-consultancy-private-limited.html,infoqik.com,"""CLIDE MANAGEMENT CONSULTANCY PRIVATE LIMITED"" Nagpur",Clide Management Consultancy Private Limited,https://qorpiq.com/company/clide-management-consultancy-private-limited/U74999MH2012PTC229470,qorpiq.com,"""CLIDE MANAGEMENT CONSULTANCY PRIVATE LIMITED"" Nagpur",CLIDE MANAGEMENT CONSULTANCY PRIVATE LIMITED — GST Number ...,https://gstverify.co.in/gst/clide-management-consultancy-private-limited-27aaecc8253e1zp/,gstverify.co.in,"""CLIDE MANAGEMENT CONSULTANCY PRIVATE LIMITED"" website"
600bd9dce4b06d1acbcb3e2b,MOTORODI AUTOMOBILE SERVICES PRIVATE LIMITED,https://www.motorodi.com,DNS_ERROR,CANDIDATES_FOUND,5,5,"MOTORODI AUTOMOBILE SERVICES PRIVATE LIMITED, Nagpur, (India), Verif",https://www.verif.com/en/company/MOTORODI-AUTOMOBILE-SERVICES-PRIVATE-LIMITED-68d9df8c12992303387fd0c7/,verif.com,"""MOTORODI AUTOMOBILE SERVICES PRIVATE LIMITED"" Nagpur",MOTORODI AUTOMOBILE SERVICES PRIVATE LIMITED - IndiaFilings,https://www.indiafilings.com/search/motorodi-automobile-services-private-limited-cin-U50100MH2016PTC288952,indiafilings.com,"""MOTORODI AUTOMOBILE SERVICES PRIVATE LIMITED"" Nagpur",Motorodi Automobile Services Private Limited Information,https://rocketreach.co/motorodi-automobile-services-private-limited-profile_b451fe71fc779b82,rocketreach.co,"""MOTORODI AUTOMOBILE SERVICES PRIVATE LIMITED"" Nagpur",Motorodi Automobile Services Private Limited | Gbr,https://www.globalbizreport.com/motorodi-automobile-services-private-limited/U50100MH2016PTC288952/india/maharashtra/company-business-financial-credit-report,globalbizreport.com,"""MOTORODI AUTOMOBILE SERVICES PRIVATE LIMITED"" official website",Motorodi Automobile Services Private Limited - U50100mh2016ptc288952,https://www.instafinancials.com/company/motorodi-automobile-services-private-limited/U50100MH2016PTC288952,instafinancials.com,"""MOTORODI AUTOMOBILE SERVICES PRIVATE LIMITED"" founder"
600a9f3be4b0c081f74bd44c,WAGEV ELECTRIC VEHICLES MANUFACTURING PRIVATE LIMITED,https://wag-ev.com/,DNS_ERROR,CANDIDATES_FOUND,2,2,Wagev Electric Vehicles Manufacturing Private Limited,https://www.dnb.com/business-directory/company-profiles.wagev_electric_vehicles_manufacturing_private_limited.b273fa9fdc36b44935c99d7b40dc332b.html,dnb.com,"""WAGEV ELECTRIC VEHICLES MANUFACTURING PRIVATE LIMITED"" Nagpur",Wagev Electric Vehicles Manufacturing Private Limited,https://www.allindiaitr.com/company/wagev-electric-vehicles-manufacturing-private-limited/U34300MH2020PTC347772,allindiaitr.com,"""WAGEV ELECTRIC VEHICLES MANUFACTURING PRIVATE LIMITED"" Nagpur",WAGEV ELECTRIC VEHICLES MANUFACTURING PRIVATE LIMITED ... - InstaFinancials,https://www.instafinancials.com/company/wagev-electric-vehicles-manufacturing-private-limited-U34300MH2020PTC347772,instafinancials.com,"""WAGEV ELECTRIC VEHICLES MANUFACTURING PRIVATE LIMITED"" Nagpur",Wagev Electric Vehicles Manufacturing Private Limited - Detailed ...,https://mycorporateinfo.com/business/wagev-electric-vehicles-manufacturing-private-limited,mycorporateinfo.com,"""WAGEV ELECTRIC VEHICLES MANUFACTURING PRIVATE LIMITED"" Nagpur",Wagev Electric Vehicles Manufacturing Private Limited,https://corpintel.io/WAGEV-ELECTRIC-VEHICLES-MANUFACTURING-PRIVATE-LIMITED-U34300MH2020PTC347772,corpintel.io,"""WAGEV ELECTRIC VEHICLES MANUFACTURING PRIVATE LIMITED"" website"
600a8769e4b0c081f74bc7e7,OCRE8 TECHNOLOGIES PRIVATE LIMITED ,https://www.ocre8technologies.com,DNS_ERROR,CANDIDATES_FOUND,2,2,OCRE8 TECHNOLOGIES PRIVATE LIMITED Company Profile | Nagpur ...,https://www.dnb.com/business-directory/company-profiles.ocre8_technologies_private_limited.bb1c32a0a4bcd21a47e2d118feddf167.html,dnb.com,"""OCRE8 TECHNOLOGIES PRIVATE LIMITED"" Nagpur",Ocre8 Technologies Private Limited - Company Check and Director Information,https://www.companyseekers.com/company/ocre8-technologies-private-limited/U74999MH2020PTC352437,companyseekers.com,"""OCRE8 TECHNOLOGIES PRIVATE LIMITED"" Nagpur",Ocre8 Technologies Private Limited | Gbr,https://www.globalbizreport.com/ocre8-technologies-private-limited/U74999MH2020PTC352437/india/maharashtra/company-business-financial-credit-report,globalbizreport.com,"""OCRE8 TECHNOLOGIES PRIVATE LIMITED"" Nagpur",Company Master Detail on Ocre8 Technologies Private Limited,https://mycorporateinfo.com/business/ocre8-technologies-private-limited,mycorporateinfo.com,"""OCRE8 TECHNOLOGIES PRIVATE LIMITED"" Nagpur",OCRE8 TECHNOLOGIES PRIVATE LIMITED - paperli.ai,https://paperli.ai/company/ocre8-technologies-private-limited-U74999MH2020PTC352437,paperli.ai,"""OCRE8 TECHNOLOGIES PRIVATE LIMITED"" website"
6007d9a4e4b0c081f74a975f,NEXT TRACK ENGINEERING PRIVATE LIMITED,https://nextrack.in/,DNS_ERROR,CANDIDATES_FOUND,6,6,"Next Track Engineering Private Limited, Nagpur - Manufacturer of ...",https://www.nexttrack.in/,nexttrack.in,"""NEXT TRACK ENGINEERING PRIVATE LIMITED"" Nagpur",NEXT TRACK ENGINEERING PRIVATE LIMITED Company Profile | Nagpur ...,https://www.dnb.com/business-directory/company-profiles.next_track_engineering_private_limited.8f9b0ce99d9e6c82698ea4422ae40bae.html,dnb.com,"""NEXT TRACK ENGINEERING PRIVATE LIMITED"" Nagpur","Next Track Engineering Private Limited Hingna, Nagpur, Maharashtra",https://www.indianyellowpages.com/nagpur/next-track-engineering-private-limited-hingna-nagpur-8649619/,indianyellowpages.com,"""NEXT TRACK ENGINEERING PRIVATE LIMITED"" website",,,,,,,,
6007bd31e4b0c081f74a8d92,DIAGNO ON MEDICAL &amp; DIAGNOSTICS SERVICESINDIA PRIVATE LIMITED,https://www.diagnoon.com,DNS_ERROR,NO_CANDIDATES,6,0,,,,,,,,,,,,,,,,,,,,
60045f0be4b0c081f7499b8a,NATTY & CANNY PRIVATE LIMITED,https://www.walkingwardrobe.in,DNS_ERROR,CANDIDATES_FOUND,1,1,"NATTY & CANNY PRIVATE LIMITED Company Profile | Nagpur, Maharashtra ...",https://www.dnb.com/business-directory/company-profiles.natty__canny_private_limited.374cd4f64648f36f6e1d0ffd1a4bbe9f.html,dnb.com,"""NATTY & CANNY PRIVATE LIMITED"" Nagpur",Company Master Detail on Natty & Canny Private Limited,https://mycorporateinfo.com/business/natty-canny-private-limited,mycorporateinfo.com,"""NATTY & CANNY PRIVATE LIMITED"" Nagpur",NATTY & CANNY PRIVATE LIMITED | GBR - globalbizreport.com,https://www.globalbizreport.com/natty-and-canny-private-limited/U17110MH2020PTC343497/india/maharashtra/company-business-financial-credit-report,globalbizreport.com,"""NATTY & CANNY PRIVATE LIMITED"" Nagpur",NATTY & CANNY PRIVATE LIMITED - IndiaFilings,https://www.indiafilings.com/search/natty--canny-private-limited-cin-U17110MH2020PTC343497,indiafilings.com,"""NATTY & CANNY PRIVATE LIMITED"" Nagpur",NATTY & CANNY PRIVATE LIMITED - U17110MH2020PTC343497 - InstaFinancials,https://www.instafinancials.com/company/natty-canny-private-limited-U17110MH2020PTC343497,instafinancials.com,"""NATTY & CANNY PRIVATE LIMITED"" Nagpur"
5ff2e370e4b072ce6640bcea,BIOS INNOVATIVE HEALTHCARE SOLUTIONS PRIVATE LIMITED,http://biosinnovations.com/,DNS_ERROR,CANDIDATES_FOUND,1,1,BIOS INNOVATIVE HEALTHCARE SOLUTIONS PRIVATE LIMITED ... - InstaFinancials,https://www.instafinancials.com/company/bios-innovative-healthcare-solutions-private-limited-U72501MH2019PTC320086/company-overview,instafinancials.com,"""BIOS INNOVATIVE HEALTHCARE SOLUTIONS PRIVATE LIMITED"" Nagpur",Bios Innovative Healthcare Solutions Private Limited,https://www.ynos.in/startup/bios-innovative-healthcare-solutions-private-limited-359249,ynos.in,"""BIOS INNOVATIVE HEALTHCARE SOLUTIONS PRIVATE LIMITED"" Nagpur",Bios Innovative Healthcare Solutions Private Limited,https://www.dnb.com/business-directory/company-profiles.bios_innovative_healthcare_solutions_private_limited.8e250ac6ce4ae391782e325bd84d0e7c.html,dnb.com,"""BIOS INNOVATIVE HEALTHCARE SOLUTIONS PRIVATE LIMITED"" Nagpur",Bios Innovative Healthcare Solutions Private Limited - Detailed Company ...,https://mycorporateinfo.com/business/bios-innovative-healthcare-solutions-private-limited,mycorporateinfo.com,"""BIOS INNOVATIVE HEALTHCARE SOLUTIONS PRIVATE LIMITED"" Nagpur",Bios Innovative Healthcare Solutions Private Limited,https://qorpiq.com/company/bios-innovative-healthcare-solutions-private-limited/U72501MH2019PTC320086,qorpiq.com,"""BIOS INNOVATIVE HEALTHCARE SOLUTIONS PRIVATE LIMITED"" Nagpur"
5fe8cb30e4b0db7e4f388358,WEREHAB TECHNOLOGIES PRIVATE LIMITED,https://www.werehabtech.com/,DNS_ERROR,CANDIDATES_FOUND,2,2,WEREHAB TECHNOLOGIES PRIVATE LIMITED Company Profile | Nagpur ...,https://www.dnb.com/business-directory/company-profiles.werehab_technologies_private_limited.2e9acbb2ec186192d87369edf7a4460b.html,dnb.com,"""WEREHAB TECHNOLOGIES PRIVATE LIMITED"" Nagpur",Company Master Detail on Werehab Technologies Private Limited,https://mycorporateinfo.com/business/werehab-technologies-private-limited,mycorporateinfo.com,"""WEREHAB TECHNOLOGIES PRIVATE LIMITED"" Nagpur",WEREHAB TECHNOLOGIES PRIVATE LIMITED - Insider Biz,https://www.insiderbiz.in/company/WEREHAB-TECHNOLOGIES-PRIVATE-LIMITED,insiderbiz.in,"""WEREHAB TECHNOLOGIES PRIVATE LIMITED"" Nagpur",WEREHAB TECHNOLOGIES PRIVATE LIMITED | InstaFinancials,https://www.instafinancials.com/company/werehab-technologies-private-limited/U85300MH2020PTC351417/company-overview,instafinancials.com,"""WEREHAB TECHNOLOGIES PRIVATE LIMITED"" Nagpur",Werehab Technologies Private Limited (U85300mh2020ptc351417 ...,https://qorpiq.com/company/werehab-technologies-private-limited/U85300MH2020PTC351417,qorpiq.com,"""WEREHAB TECHNOLOGIES PRIVATE LIMITED"" website"
5fe350c9e4b0db7e4f369c6e,DDAARC PICKUP SERVICES PRIVATE LIMITED,https://www.apoux.com,DNS_ERROR,CANDIDATES_FOUND,2,2,DDAARC PICKUP SERVICES PRIVATE LIMITED - IndiaFilings,https://www.indiafilings.com/search/ddaarc-pickup-services-private-limited-cin-U64203MH2021PTC362366,indiafilings.com,"""DDAARC PICKUP SERVICES PRIVATE LIMITED"" Nagpur",Ddaarc Pickup Services Private Limited - U64203mh2021ptc362366,https://www.instafinancials.com/company/ddaarc-pickup-services-private-limited-U64203MH2021PTC362366/company-overview,instafinancials.com,"""DDAARC PICKUP SERVICES PRIVATE LIMITED"" Nagpur",Ddaarc Pickup Services Private Limited - corpintel.io,https://corpintel.io/DDAARC-PICKUP-SERVICES-PRIVATE-LIMITED-U64203MH2021PTC362366,corpintel.io,"""DDAARC PICKUP SERVICES PRIVATE LIMITED"" Nagpur",DDAARC PICKUP SERVICES PRIVATE LIMITED - filesure.in,https://www.filesure.in/company/ddaarc-pickup-services-private-limited/U64203MH2021PTC362366?tab=compliance,filesure.in,"""DDAARC PICKUP SERVICES PRIVATE LIMITED"" Nagpur",Ddaarc Pickup Services Private Limited (U64203mh2021ptc3623…,https://www.inspex.in/company/DDAARC-PICKUP-SERVICES-PRIVATE-LIMITED-U64203MH2021PTC362366,inspex.in,"""DDAARC PICKUP SERVICES PRIVATE LIMITED"" website"
5fe18b0ee4b0db7e4f35cfaa,Radium Technologies,https://www.radiumtechnologies.in,DNS_ERROR,CANDIDATES_FOUND,2,2,radium technologies,https://radium.wtf/,radium.wtf,"""Radium Technologies"" Nagpur",Radium Technologies Headquarters and Office Locations,https://craft.co/radium-technologies/locations,craft.co,"""Radium Technologies"" Nagpur",Radium Technologies — Agentic Engineering Studio,https://radiumtech.co/,radiumtech.co,"""Radium Technologies"" Nagpur","Radium Technologies Co., Ltd. - SMTnet",https://smtnet.com/company/index.cfm?fuseaction=view_company&company_id=52587,smtnet.com,"""Radium Technologies"" Nagpur",Business Automation Services | Radium Technologies,https://radium.ie/business-automation-services,radium.ie,"""Radium Technologies"" website"
5fc1de15e4b016b44cb3de01,GoBasket Agrotech Private Limited,https://gobasket.org,DNS_ERROR,CANDIDATES_FOUND,4,4,GOBASKET AGROTECH PRIVATE LIMITED - IndiaFilings,https://www.indiafilings.com/search/gobasket-agrotech-private-limited-cin-U01110MH2021PTC355864,indiafilings.com,"""GoBasket Agrotech Private Limited"" Nagpur",Company Master Detail on Gobasket Agrotech Private Limited,https://mycorporateinfo.com/business/gobasket-agrotech-private-limited,mycorporateinfo.com,"""GoBasket Agrotech Private Limited"" Nagpur",GOBASKET AGROTECH PRIVATE LIMITED - Active Mumbai Since 2021,https://indscout.com/company/gobasket-agrotech-private-limited-u01110mh2021ptc355864,indscout.com,"""GoBasket Agrotech Private Limited"" website",Gobasket Agrotech Private Limited | Company Details,https://www.allindiaitr.com/company/gobasket-agrotech-private-limited/U01110MH2021PTC355864,allindiaitr.com,"""GoBasket Agrotech Private Limited"" official website",Gobasket Agrotech Private Limited (U01110MH2021PTC355864) — Maharashtra ...,https://corpintel.io/GOBASKET-AGROTECH-PRIVATE-LIMITED-U01110MH2021PTC355864,corpintel.io,"""GoBasket Agrotech Private Limited"" India"
5fbe1f81e4b016b44cb2aae4,Oyster Technocon,https://oystertechnocon.com,DNS_ERROR,CANDIDATES_FOUND,6,6,Contact Us - Get in Touch with Inquiries | Oyster Technocon,https://www.oystertechnocon.in/contact-us,oystertechnocon.in,"""Oyster Technocon"" Nagpur","Oyster Technocon, Nagpur Urban, IN | Company Information",https://www.infobel.com/en/india/oyster_technocon/nagpur_urban/IN121637132/businessdetails.aspx,infobel.com,"""Oyster Technocon"" Nagpur",Oyster Technocon - 27AAHFO1666K1ZW - Maharashtra - Know Your GST,https://www.knowyourgst.com/gst-number-search/oyster-technocon-27AAHFO1666K1ZW/,knowyourgst.com,"""Oyster Technocon"" founder",,,,,,,,
5fb8bac0e4b0dca0779d0c9c,PRECISURG PRIVATE LIMITED,https://precisurg.co.in,DNS_ERROR,CANDIDATES_FOUND,2,2,"PRECISURG PRIVATE LIMITED Company Profile | Nagpur, Maharashtra ...",https://www.dnb.com/business-directory/company-profiles.precisurg_private_limited.b58dd515bad1ea5fad7ec1b75ad6a196.html,dnb.com,"""PRECISURG PRIVATE LIMITED"" Nagpur",PRECISURG PRIVATE LIMITED - IndiaFilings,https://www.indiafilings.com/search/precisurg-private-limited-cin-U33119PN2019PTC185636,indiafilings.com,"""PRECISURG PRIVATE LIMITED"" Nagpur","Precisurg Private Limited - Detailed Company Information, Directors ...",https://mycorporateinfo.com/business/precisurg-private-limited,mycorporateinfo.com,"""PRECISURG PRIVATE LIMITED"" Nagpur",Precisurg Private Limited - U33119pn2019ptc185636,https://www.instafinancials.com/company/precisurg-private-limited/U33119PN2019PTC185636,instafinancials.com,"""PRECISURG PRIVATE LIMITED"" Nagpur",Precisurg Private Limited - Biotechnology Ignition Grant,https://www.big.venturecenter.co.in/precisurg-private-limited/,big.venturecenter.co.in,"""PRECISURG PRIVATE LIMITED"" website"
5fb29bd8e4b01f96edfb30dd,Movench,https://www.movench.com,DNS_ERROR,CANDIDATES_FOUND,2,2,"Movench - Products, Competitors, Financials, Employees, Headquarters ...",https://www.cbinsights.com/company/movench,cbinsights.com,"""Movench"" Nagpur",Movench - Crunchbase Company Profile & Funding,https://www.crunchbase.com/organization/movench,crunchbase.com,"""Movench"" Nagpur",Movench - Software company in India - F6S Companies,https://www.f6s.com/company/movench,f6s.com,"""Movench"" website",Movench - An Enterprise Services Bootstrapped Company Based Out Of London,https://inc42.com/company/movench/,inc42.com,"""Movench"" website","Movench - Employees, Business, Industry & CEO | EasyLeadz",https://www.easyleadz.com/company/movench,easyleadz.com,"""Movench"" website"
5f9690b1e4b073af970419b9,SHAKTIMAAN SOLAR LLP,https://www.shaktimaansolar.com,DNS_ERROR,CANDIDATES_FOUND,5,5,SHAKTIMAAN SOLAR LLP - credhive.in,https://www.credhive.in/ind/corporate/AAT-2533/SHAKTIMAAN%2525252520SOLAR%2525252520LLP/overview,credhive.in,"""SHAKTIMAAN SOLAR LLP"" Nagpur","Shaktimaan Solar Llp, Nagpur - Manufacturer of Gi Two Arm Street Light ...",https://www.dial4trade.com/shaktimaan-solar-llp/,dial4trade.com,"""SHAKTIMAAN SOLAR LLP"" Nagpur",Shaktimaan Solar Llp | CMD Register - mcamasterdata.com,https://mcamasterdata.com/company/SHAKTIMAAN-SOLAR-LLP/AAT-2533,mcamasterdata.com,"""SHAKTIMAAN SOLAR LLP"" Nagpur",SHAKTIMAAN SOLAR LLP | AAT-2533 -IndiaFilings,https://www.indiafilings.com/search/shaktimaan-solar-llp-AAT-2533,indiafilings.com,"""SHAKTIMAAN SOLAR LLP"" official website",SHAKTIMAAN SOLAR LLP (AAT-2533) - Company Profile | QorpIQ,https://qorpiq.com/company/shaktimaan-solar-llp/AAT-2533,qorpiq.com,"""SHAKTIMAAN SOLAR LLP"" founder"
5f7ef2bfe4b0cbc0da807afa,TNB FOODS PRIVATE LIMITED,https://www.thenaturesbowl.com,DNS_ERROR,CANDIDATES_FOUND,2,2,Tnb Foods Private Limited - U51909mh2020ptc347034,https://www.instafinancials.com/company/tnb-foods-private-limited-U51909MH2020PTC347034,instafinancials.com,"""TNB FOODS PRIVATE LIMITED"" Nagpur",TNB FOODS PRIVATE LIMITED :: India :: OpenCorporates,https://opencorporates.com/companies/in/U51909MH2020PTC347034,opencorporates.com,"""TNB FOODS PRIVATE LIMITED"" Nagpur",CIN Details | TNB FOODS PRIVATE LIMITED,https://cin.iadv.io/TNB-FOODS-PRIVATE-LIMITED-U51909MH2020PTC347034/,cin.iadv.io,"""TNB FOODS PRIVATE LIMITED"" Nagpur","TNB FOODS PRIVATE LIMITED — Directors, Financials",https://www.inspex.in/company/TNB-FOODS-PRIVATE-LIMITED-U51909MH2020PTC347034,inspex.in,"""TNB FOODS PRIVATE LIMITED"" Nagpur",Tnb Foods Private Limited-u51909mh2020ptc347034,https://www.bizindigo.com/tnb-foods-private-limited/,bizindigo.com,"""TNB FOODS PRIVATE LIMITED"" website"
5f72daf8e4b0cbc0da7e0a98,YOUBOTICS INNOVATIONS PRIVATE LIMITED,https://www.youbotics.in,DNS_ERROR,CANDIDATES_FOUND,2,2,YOUBOTICS INNOVATIONS PRIVATE LIMITED Company Profile | Nagpur ...,https://www.dnb.com/business-directory/company-profiles.youbotics_innovations_private_limited.ffd9af1e7c7490b4e292995e93fe2873.html,dnb.com,"""YOUBOTICS INNOVATIONS PRIVATE LIMITED"" Nagpur",YOUBOTICS INNOVATIONS PRIVATE LIMITED MCA Profile | QorpIQ,https://qorpiq.com/company/youbotics-innovations-private-limited/U72900MH2020PTC345875,qorpiq.com,"""YOUBOTICS INNOVATIONS PRIVATE LIMITED"" Nagpur",Youbotics Innovations Private Limited - U72900mh2020ptc345875,https://www.instafinancials.com/company/youbotics-innovations-private-limited-U72900MH2020PTC345875,instafinancials.com,"""YOUBOTICS INNOVATIONS PRIVATE LIMITED"" Nagpur",Youbotics Innovations Private Limited (U72900MH2020PTC345875 ...,https://corpintel.io/YOUBOTICS-INNOVATIONS-PRIVATE-LIMITED-U72900MH2020PTC345875,corpintel.io,"""YOUBOTICS INNOVATIONS PRIVATE LIMITED"" website",Youbotics Innovations Private Limited - ezzus.com,https://www.ezzus.com/biz/youbotics-innovations-private-limited/U72900MH2020PTC345875,ezzus.com,"""YOUBOTICS INNOVATIONS PRIVATE LIMITED"" website"
5f6dd7d0e4b063729925e487,GIRLSCRIPT TECHNOLOGIES PRIVATE LIMITED,https://gsyay.com,DNS_ERROR,CANDIDATES_FOUND,2,2,GIRLSCRIPT TECHNOLOGIES PRIVATE LIMITED - IndiaFilings,https://www.indiafilings.com/search/girlscript-technologies-private-limited-cin-U80900PN2020PTC191349,indiafilings.com,"""GIRLSCRIPT TECHNOLOGIES PRIVATE LIMITED"" Nagpur","Girlscript Technologies Private Limited - Edu-Tech Startup, Nagpur | YNOS",https://www.ynos.in/startup/girlscript-technologies-private-limited-361158,ynos.in,"""GIRLSCRIPT TECHNOLOGIES PRIVATE LIMITED"" Nagpur","Girlscript Technologies Private Limited - Company, Directors, Charges ...",https://www.filesure.in/company/girlscript-technologies-private-limited/U80900PN2020PTC191349?tab=about,filesure.in,"""GIRLSCRIPT TECHNOLOGIES PRIVATE LIMITED"" Nagpur",Girlscript Technologies Private Limited - ezzus.com,https://www.ezzus.com/biz/girlscript-technologies-private-limited/U80900PN2020PTC191349,ezzus.com,"""GIRLSCRIPT TECHNOLOGIES PRIVATE LIMITED"" Nagpur",GIRLSCRIPT TECHNOLOGIES PRIVATE LIMITED - qorpiq.com,https://qorpiq.com/company/girlscript-technologies-private-limited/U80900PN2020PTC191349,qorpiq.com,"""GIRLSCRIPT TECHNOLOGIES PRIVATE LIMITED"" website"
5f6d8e3fe4b063729925bc71,RIDDHIMANN TECHNOLOGIES PRIVATE LIMITED,https://mysoniji.com/,DNS_ERROR,NO_CANDIDATES,6,0,,,,,,,,,,,,,,,,,,,,
5f6af778e4b063729925337c,MEGA PETROLEUMS LLP,http://megapetroleums.in.net/,DNS_ERROR,CANDIDATES_FOUND,6,6,"Mega Petroleums Llp - Energy Startup, Nagpur | YNOS",https://www.ynos.in/startup/mega-petroleums-llp-360878,ynos.in,"""MEGA PETROLEUMS LLP"" Nagpur",MEGA PETROLEUMS LLP - credhive.in,https://www.credhive.in/ind/corporate/AAT-6934/MEGA%2525252520PETROLEUMS%2525252520LLP/overview,credhive.in,"""MEGA PETROLEUMS LLP"" Nagpur","Parag Jugalkishor Agrawal - Director Insights, Profile, and Associated ...",https://www.filesure.in/director/parag-jugalkishor-agrawal/08866316,filesure.in,"""MEGA PETROLEUMS LLP"" website",,,,,,,,
5f5c7f41e4b094dd1b664d8c,UCOB100 BIOENERGY PRIVATE LIMITED,http://ucob100.com/,DNS_ERROR,CANDIDATES_FOUND,5,5,UCOB100 BIOENERGY PRIVATE LIMITED - IndiaFilings,https://www.indiafilings.com/search/ucob100-bioenergy-private-limited-cin-U24111MH2020PTC337311,indiafilings.com,"""UCOB100 BIOENERGY PRIVATE LIMITED"" Nagpur",UCOB100 BIOENERGY PRIVATE LIMITED - U24111MH2020PTC337311 - InstaFinancials,https://www.instafinancials.com/company/ucob100-bioenergy-private-limited/U24111MH2020PTC337311,instafinancials.com,"""UCOB100 BIOENERGY PRIVATE LIMITED"" Nagpur",UCOB100 BIOENERGY PRIVATE LIMITED - qorpiq.com,https://qorpiq.com/company/ucob100-bioenergy-private-limited/U24111MH2020PTC337311,qorpiq.com,"""UCOB100 BIOENERGY PRIVATE LIMITED"" website",UCOB100 BIOENERGY PRIVATE LIMITED | Infomint,https://infomint.co.in/companies/ucob100-bioenergy-private-limited/U24111MH2020PTC337311/roc-mumbai/maharashtra/,infomint.co.in,"""UCOB100 BIOENERGY PRIVATE LIMITED"" India",UCOB100 BIOENERGY PRIVATE LIMITED - inspex,https://www.inspex.in/company/UCOB100-BIOENERGY-PRIVATE-LIMITED-U24111MH2020PTC337311,inspex.in,"""UCOB100 BIOENERGY PRIVATE LIMITED"" founder"
5f378719e4b0b0f1fd25a1dc,AMPHAN TECHNOLOGIES PRIVATE LIMITED,http://neovantium.com,DNS_ERROR,CANDIDATES_FOUND,1,1,Amphan Technologies Private Limited - Detailed Company Information ...,https://mycorporateinfo.com/business/amphan-technologies-private-limited,mycorporateinfo.com,"""AMPHAN TECHNOLOGIES PRIVATE LIMITED"" Nagpur",AMPHAN TECHNOLOGIES PRIVATE LIMITED - credhive.in,https://www.credhive.in/ind/corporate/U01100MH2020PTC343292/AMPHAN%2525252520TECHNOLOGIES%2525252520PRIVATE%2525252520LIMITED/overview,credhive.in,"""AMPHAN TECHNOLOGIES PRIVATE LIMITED"" Nagpur",Amphan Technologies Private Limited - ezzus.com,https://www.ezzus.com/biz/amphan-technologies-private-limited/U01100MH2020PTC343292,ezzus.com,"""AMPHAN TECHNOLOGIES PRIVATE LIMITED"" Nagpur",Amphan Technologies Private Limited - Agritech and Farming Startup ...,https://www.ynos.in/startup/amphan-technologies-private-limited-362214,ynos.in,"""AMPHAN TECHNOLOGIES PRIVATE LIMITED"" Nagpur",AMPHAN TECHNOLOGIES PRIVATE LIMITED - qorpiq.com,https://qorpiq.com/company/amphan-technologies-private-limited/U01100MH2020PTC343292,qorpiq.com,"""AMPHAN TECHNOLOGIES PRIVATE LIMITED"" Nagpur"
5f117719e4b08a4759a57da0,SAZO MANAGEMENT PRIVATE LIMITED,http://www.sazompl.in,DNS_ERROR,CANDIDATES_FOUND,1,1,"SAZO MANAGEMENT PRIVATE LIMITED Company Profile | Nagpur, Maharashtra ...",https://www.dnb.com/business-directory/company-profiles.sazo_management_private_limited.08cf8f69105aa4ebf37e7af2e00d42f4.html,dnb.com,"""SAZO MANAGEMENT PRIVATE LIMITED"" Nagpur",Sazo Management Private Limited | Company Details,https://www.allindiaitr.com/company/sazo-management-private-limited/U93000PN2020PTC191402,allindiaitr.com,"""SAZO MANAGEMENT PRIVATE LIMITED"" Nagpur",SAZO MANAGEMENT PRIVATE LIMITED - IndiaFilings,https://www.indiafilings.com/search/sazo-management-private-limited-cin-U74900PN2020PTC191402,indiafilings.com,"""SAZO MANAGEMENT PRIVATE LIMITED"" Nagpur",SAZO MANAGEMENT PRIVATE LIMITED - U93000PN2020PTC191402 - InstaFinancials,https://www.instafinancials.com/company/sazo-management-private-limited-U93000PN2020PTC191402,instafinancials.com,"""SAZO MANAGEMENT PRIVATE LIMITED"" Nagpur",SAZO MANAGEMENT PRIVATE LIMITED - India LEI,https://indialei.in/detailed-information/11832077/sazo-management-private-limited/,indialei.in,"""SAZO MANAGEMENT PRIVATE LIMITED"" Nagpur"
5f0094e2e4b022bc24f9d2f8,XPRENZA ROBOTICS PRIVATE LIMITED,https://www.xprenza.com/,DNS_ERROR,NO_CANDIDATES,6,0,,,,,,,,,,,,,,,,,,,,
5eef704be4b0935c8cebfcac,BRAINIEST DIGITAL PLATFORM PRIVATE LIMITED,https://www.brainyguru.in,DNS_ERROR,CANDIDATES_FOUND,2,2,BRAINIEST DIGITAL PLATFORM PRIVATE LIMITED - IndiaFilings,https://www.indiafilings.com/search/brainiest-digital-platform-private-limited-cin-U72900MH2020PTC340358,indiafilings.com,"""BRAINIEST DIGITAL PLATFORM PRIVATE LIMITED"" Nagpur",CIN Details | BRAINIEST DIGITAL PLATFORM PRIVATE LIMITED,https://cin.iadv.io/BRAINIEST-DIGITAL-PLATFORM-PRIVATE-LIMITED-U72900MH2020PTC340358/,cin.iadv.io,"""BRAINIEST DIGITAL PLATFORM PRIVATE LIMITED"" Nagpur",Brainiest Digital Platform Private Limited - corpintel.io,https://corpintel.io/BRAINIEST-DIGITAL-PLATFORM-PRIVATE-LIMITED-U72900MH2020PTC340358,corpintel.io,"""BRAINIEST DIGITAL PLATFORM PRIVATE LIMITED"" Nagpur",Brainiest Digital Platform Private Limited - U72900mh2020ptc340358,https://www.instafinancials.com/company/brainiest-digital-platform-private-limited/U72900MH2020PTC340358,instafinancials.com,"""BRAINIEST DIGITAL PLATFORM PRIVATE LIMITED"" Nagpur",Brainiest Digital Platform Private Limited,https://buysellprivatelimited.com/company/brainiest-digital-platform-private-limited/U72900MH2020PTC340358,buysellprivatelimited.com,"""BRAINIEST DIGITAL PLATFORM PRIVATE LIMITED"" website"
5ec79036e4b03e7099593836,SAMVARU TECHNOSOL LLP,https://www.quotemysurgery.com,DNS_ERROR,CANDIDATES_FOUND,6,6,"SAMVARU TECHNOSOL LLP Company Profile | Nagpur, Maharashtra, India ...",https://www.dnb.com/business-directory/company-profiles.samvaru_technosol_llp.f23c139ed64d2b478c1ce20acec6d6c9.html,dnb.com,"""SAMVARU TECHNOSOL LLP"" Nagpur",Samvaru Technosol Llp | Company Details | All India Itr,https://www.allindiaitr.com/company/samvaru-technosol-llp/AAP-6904,allindiaitr.com,"""SAMVARU TECHNOSOL LLP"" Nagpur",Samvaru Technosol LLP - GST Details,https://gst.unifers.ai/gst/27ADYFS7616M1ZZ/samvaru-technosol-llp,gst.unifers.ai,"""SAMVARU TECHNOSOL LLP"" Nagpur","Samvaru Technosol Llp - Company, Directors, Charges and Compliance ...",https://www.filesure.in/company/samvaru-technosol-llp/AAP-6904?tab=about,filesure.in,"""SAMVARU TECHNOSOL LLP"" official website",,,,
5ec00b7ae4b072672dd90446,ADITI GREENTECH INDIA PRIVATE LIMITED,https://www.adititech.in,DNS_ERROR,CANDIDATES_FOUND,1,1,Aditi Greentech India Private Limited - Agritech and Farming Startup ...,https://www.ynos.in/startup/aditi-greentech-india-private-limited-363485,ynos.in,"""ADITI GREENTECH INDIA PRIVATE LIMITED"" Nagpur",ADITI GREENTECH INDIA PRIVATE LIMITED | CompFilings,https://compfilings.com/company/ADITI-GREENTECH-INDIA-PRIVATE-LIMITED-U29309MH2020PTC337380,compfilings.com,"""ADITI GREENTECH INDIA PRIVATE LIMITED"" Nagpur",Aditi Greentech India Private Limited - U29309mh2020ptc337380,https://www.instafinancials.com/company/aditi-greentech-india-private-limited-U29309MH2020PTC337380/company-overview,instafinancials.com,"""ADITI GREENTECH INDIA PRIVATE LIMITED"" Nagpur",Aditi Greentech India Private Limited Company Profile - Business ...,https://info.edgeinsights.in/company/Aditi-Greentech-India-Private-Limited/417301,info.edgeinsights.in,"""ADITI GREENTECH INDIA PRIVATE LIMITED"" Nagpur",ADITI GREENTECH INDIA PRIVATE LIMITED - MyCorporateInfo,https://mycorporateinfo.com/business/aditi-greentech-india-private-limited/summary,mycorporateinfo.com,"""ADITI GREENTECH INDIA PRIVATE LIMITED"" Nagpur"
5ebe9f97e4b092c4326099b3,DHRUV DAGA PROFESSIONAL LEARNING PRIVATELIMITED,https://www.dhruvdaga.in,DNS_ERROR,CANDIDATES_FOUND,6,6,Dhruv Daga Professional Learning Privatelimited - U80902mh2019ptc333657,https://www.instafinancials.com/company/dhruv-daga-professional-learning-privatelimited/U80902MH2019PTC333657/index.html,instafinancials.com,"""DHRUV DAGA PROFESSIONAL LEARNING PRIVATELIMITED"" Nagpur",Check Dhruv Adarsh Daga - Director Profile & Company,https://www.companyseekers.com/people-profile/dhruv-adarsh-daga/08581342,companyseekers.com,"""DHRUV DAGA PROFESSIONAL LEARNING PRIVATELIMITED"" Nagpur",,,,,,,,,,,,
5e954b47e4b0363cb6319962,DHARKAR ONLINE SERVICES (OPC) PRIVATE LIMITED,https://www.tomatino.in,DNS_ERROR,NO_CANDIDATES,6,0,,,,,,,,,,,,,,,,,,,,
5e91465ce4b0363cb6312211,BEETROOT AGRO (OPC) PRIVATE LIMITED,http://www.beetrootagro.com/,DNS_ERROR,NO_CANDIDATES,6,0,,,,,,,,,,,,,,,,,,,,
5e908bb4e4b0363cb6311d0a,TULJAI LABPOINT PRIVATE LIMITED,https://tuljaihealthcare.com,DNS_ERROR,CANDIDATES_FOUND,6,6,"TULJAI LABPOINT PRIVATE LIMITED Company Profile | Nagpur, Maharashtra ...",https://www.dnb.com/business-directory/company-profiles.tuljai_labpoint_private_limited.b2e45f76667a6c3a300cc079230ef3e9.html,dnb.com,"""TULJAI LABPOINT PRIVATE LIMITED"" Nagpur",TULJAI LABPOINT PRIVATE LIMITED - IndiaFilings,https://www.indiafilings.com/search/tuljai-labpoint-private-limited-cin-U74999PN2017PTC171045,indiafilings.com,"""TULJAI LABPOINT PRIVATE LIMITED"" Nagpur",TULJAI LABPOINT PRIVATE LIMITED - U74999PN2017PTC171045 - InstaFinancials,https://www.instafinancials.com/company/tuljai-labpoint-private-limited-U74999PN2017PTC171045/contact-us.html,instafinancials.com,"""TULJAI LABPOINT PRIVATE LIMITED"" official website",,,,,,,,
5e89f4a8e4b055bfaeaafa54,EUTRONIX TECHNOLOGIES PRIVATE LIMITED,https://www.eutronix.in,DNS_ERROR,CANDIDATES_FOUND,2,2,EUTRONIX TECHNOLOGIES PRIVATE LIMITED Company Profile | Nagpur ...,https://www.dnb.com/business-directory/company-profiles.eutronix_technologies_private_limited.fd773a8e4542b08be7ffae4a85e0f95f.html,dnb.com,"""EUTRONIX TECHNOLOGIES PRIVATE LIMITED"" Nagpur","Eutronix Technologies Private Limited, Nagpur, Manufacturer of AC AND ...",https://onetradepark.com/eutronix-technologies-private-limited,onetradepark.com,"""EUTRONIX TECHNOLOGIES PRIVATE LIMITED"" Nagpur",Eutronix Technologies Private Limited - U74999mh2018ptc306906,https://www.instafinancials.com/company/eutronix-technologies-private-limited-U74999MH2018PTC306906/company-overview,instafinancials.com,"""EUTRONIX TECHNOLOGIES PRIVATE LIMITED"" Nagpur",EUTRONIX TECHNOLOGIES PRIVATE LIMITED - msmemart.com,https://www.msmemart.com/member/contactus/188450/eutronix-technologies-private-limited,msmemart.com,"""EUTRONIX TECHNOLOGIES PRIVATE LIMITED"" Nagpur",2025 - Eutronix Technologies Private Limited,https://www.eutronixtechnologies.com/2025/,eutronixtechnologies.com,"""EUTRONIX TECHNOLOGIES PRIVATE LIMITED"" website"
5e6f456ae4b0bf8415d24332,TITANDLT IT SOLUTIONS PRIVATE LIMITED,https://www.titandlt.co,DNS_ERROR,CANDIDATES_FOUND,6,1,TITANDLT IT SOLUTIONS PRIVATE LIMITED - Dun & Bradstreet,https://www.dnb.com/business-directory/company-profiles.titandlt_it_solutions_private_limited.88ac04322d8ff9f77c28af03c4918aba.html,dnb.com,"""TITANDLT IT SOLUTIONS PRIVATE LIMITED"" official website",TITANDLT IT SOLUTIONS PRIVATE LIMITED - IndiaFilings,https://www.indiafilings.com/search/titandlt-it-solutions-private-limited-cin-U72900MH2019PTC330518,indiafilings.com,"""TITANDLT IT SOLUTIONS PRIVATE LIMITED"" official website",TITANDLT IT SOLUTIONS PRIVATE LIMITED - Insider Biz,https://www.insiderbiz.in/company/TITANDLT-IT-SOLUTIONS-PRIVATE-LIMITED,insiderbiz.in,"""TITANDLT IT SOLUTIONS PRIVATE LIMITED"" official website",TITANDLT IT SOLUTIONS PRIVATE LIMITED - MyCorporateInfo,https://mycorporateinfo.com/business/titandlt-it-solutions-private-limited/summary,mycorporateinfo.com,"""TITANDLT IT SOLUTIONS PRIVATE LIMITED"" official website",,,,
5e675014e4b0bf8415d1c9fc,SHOONYATVAM FOUNDATION,https://www.shoonyatvam.org,DNS_ERROR,CANDIDATES_FOUND,1,1,"SHOONYATVAM FOUNDATION Company Profile | Nagpur, Maharashtra ...",https://www.dnb.com/business-directory/company-profiles.shoonyatvam_foundation.ab82e96ae69a42ea33d3da77672f6e73.html,dnb.com,"""SHOONYATVAM FOUNDATION"" Nagpur",SHOONYATVAM FOUNDATION - Registered NGO in Maharashtra | NGO Details,https://ngodetails.com/india/maharashtra/shoonyatvam-foundation/,ngodetails.com,"""SHOONYATVAM FOUNDATION"" Nagpur",SHOONYATVAM FOUNDATION - IndiaFilings,https://www.indiafilings.com/search/shoonyatvam-foundation-cin-U85300MH2022NPL378741,indiafilings.com,"""SHOONYATVAM FOUNDATION"" Nagpur",Shoonyatvam Foundation - Crunchbase Company Profile & Funding,https://www.crunchbase.com/organization/shoonyatvam-foundation,crunchbase.com,"""SHOONYATVAM FOUNDATION"" Nagpur",Shoonyatvam Foundation - A Health Tech Funded Company Based Out Of Nagpur,https://inc42.com/company/shoonyatvam-foundation/,inc42.com,"""SHOONYATVAM FOUNDATION"" Nagpur"
5e5e5324e4b0bf8415d12e40,BINJA TECH PRIVATE LIMITED,https://www.binjatech.com,DNS_ERROR,CANDIDATES_FOUND,5,5,BINJA TECH PRIVATE LIMITED - ezzus.com,https://www.ezzus.com/biz/binja-tech-private-limited/U72900MH2020PTC335415,ezzus.com,"""BINJA TECH PRIVATE LIMITED"" Nagpur",BINJA TECH PRIVATE LIMITED - IndiaFilings,https://www.indiafilings.com/search/binja-tech-private-limited-cin-U72900MH2020PTC335415,indiafilings.com,"""BINJA TECH PRIVATE LIMITED"" Nagpur",Company Master Detail on Binja Tech Private Limited,https://mycorporateinfo.com/business/binja-tech-private-limited,mycorporateinfo.com,"""BINJA TECH PRIVATE LIMITED"" website",CIN Details | BINJA TECH PRIVATE LIMITED,https://cin.iadv.io/BINJA-TECH-PRIVATE-LIMITED-U72900MH2020PTC335415/,cin.iadv.io,"""BINJA TECH PRIVATE LIMITED"" website",Binja Tech Private Limited - U72900mh2020ptc335415,https://www.instafinancials.com/company/binja-tech-private-limited/U72900MH2020PTC335415,instafinancials.com,"""BINJA TECH PRIVATE LIMITED"" founder"
5e56b1d8e4b0bf8415d0a568,GLANCIEL INFOTECH PRIVATE LIMITED,https://www.glancielinfotech.com,DNS_ERROR,CANDIDATES_FOUND,2,2,"GLANCIEL INFOTECH PRIVATE LIMITED Company Profile | Nagpur, Maharashtra ...",https://www.dnb.com/business-directory/company-profiles.glanciel_infotech_private_limited.f6313b267782ece7d89f2381cef7a925.html,dnb.com,"""GLANCIEL INFOTECH PRIVATE LIMITED"" Nagpur",GLANCIEL INFOTECH PRIVATE LIMITED - IndiaFilings,https://www.indiafilings.com/search/glanciel-infotech-private-limited-cin-U74990MH2018PTC313736,indiafilings.com,"""GLANCIEL INFOTECH PRIVATE LIMITED"" Nagpur",GLANCIEL INFOTECH PRIVATE LIMITED - U74990MH2018PTC313736 - InstaFinancials,https://www.instafinancials.com/company/glanciel-infotech-private-limited-U74990MH2018PTC313736,instafinancials.com,"""GLANCIEL INFOTECH PRIVATE LIMITED"" Nagpur",GLANCIEL INFOTECH PRIVATE LIMITED | GBR - globalbizreport.com,https://www.globalbizreport.com/GLANCIEL-INFOTECH-PRIVATE-LIMITED/U74990MH2018PTC313736/india/maharashtra/company-business-financial-credit-report,globalbizreport.com,"""GLANCIEL INFOTECH PRIVATE LIMITED"" Nagpur",CIN Details | GLANCIEL INFOTECH PRIVATE LIMITED,https://cin.iadv.io/GLANCIEL-INFOTECH-PRIVATE-LIMITED-U74990MH2018PTC313736/,cin.iadv.io,"""GLANCIEL INFOTECH PRIVATE LIMITED"" website"
5e521a2de4b0bf8415d01d4d,STEM LEARNING SOLUTIONS PRIVATE LIMITED,https://mystemzone.com,DNS_ERROR,CANDIDATES_FOUND,1,1,STEM LEARNING SOLUTIONS PRIVATE LIMITED Company Profile | Nagpur ...,https://www.dnb.com/business-directory/company-profiles.stem_learning_solutions_private_limited.cfd1d82a55e9c67c51b0fa37055cf34e.html,dnb.com,"""STEM LEARNING SOLUTIONS PRIVATE LIMITED"" Nagpur",STEM LEARNING SOLUTIONS PRIVATE LIMITED - IndiaFilings,https://www.indiafilings.com/search/stem-learning-solutions-private-limited-cin-U80302MH2019PTC330888,indiafilings.com,"""STEM LEARNING SOLUTIONS PRIVATE LIMITED"" Nagpur",Stem Learning Solutions Private Limited - MyCorporateInfo,https://mycorporateinfo.com/business/stem-learning-solutions-private-limited,mycorporateinfo.com,"""STEM LEARNING SOLUTIONS PRIVATE LIMITED"" Nagpur",STEM LEARNING SOLUTIONS PRIVATE LIMITED - ClearTax,https://cleartax.in/f/company/stem-learning-solutions-private-limited/U80302MH2019PTC330888/,cleartax.in,"""STEM LEARNING SOLUTIONS PRIVATE LIMITED"" Nagpur",Stem Learning Solutions Private Limited - KnowyourGST,https://www.knowyourgst.com/gst-number-search/stem-learning-solutions-private-limited-27ABCCS6706K1Z2/,knowyourgst.com,"""STEM LEARNING SOLUTIONS PRIVATE LIMITED"" Nagpur"
5e368763e4b0bf34fcfa2522,ANTMAN CONSULTANTS AND LOGISTICS PRIVATELIMITED,https://www.coldstoragetoday.com,DNS_ERROR,CANDIDATES_FOUND,6,6,Antman Consultants and Logistics Privatelimited,https://www.indiafilings.com/search/antman-consultants-and-logistics-privatelimited-cin-U74990MH2018PTC313763,indiafilings.com,"""ANTMAN CONSULTANTS AND LOGISTICS PRIVATELIMITED"" Nagpur",SIDDHARTH SINGH - 8220025 Director Info | MyCorporateInfo,https://mycorporateinfo.com/director/siddharth-singh-8220025,mycorporateinfo.com,"""ANTMAN CONSULTANTS AND LOGISTICS PRIVATELIMITED"" Nagpur",,,,,,,,,,,,
5e355cfae4b0bf34fcfa1766,ALLIANCE TECHNOLOGIST,https://www.alliancetechnologist.com,DNS_ERROR,NO_CANDIDATES,6,0,,,,,,,,,,,,,,,,,,,,
5e2aff50e4b0978ef9bf70dd,VILLARBAN RETAIL AND WHOLESALE HUB PRIVATE LIMITED,https://www.villarban.com,DNS_ERROR,CANDIDATES_FOUND,6,3,Villarban Retail and Wholesale Hub Private Limited,https://www.wintro.in/company/VILLARBAN-RETAIL-AND-WHOLESALE-HUB-PRIVATE-LIMITED,wintro.in,"""VILLARBAN RETAIL AND WHOLESALE HUB PRIVATE LIMITED"" Nagpur",Villarban Retail and Wholesale Hub Private Limited,https://gst.unifers.ai/gst/27AAGCV6108D1ZG/villarban-retail-and-wholesale-hub-private-limited,gst.unifers.ai,"""VILLARBAN RETAIL AND WHOLESALE HUB PRIVATE LIMITED"" Nagpur",VILLARBAN RETAIL AND WHOLESALE HUB PRIVATE LIMITED GST Number ...,https://www.mastersindia.co/gst-search/?name=villarban-retail-and-wholesale-hub-private-limited&gstin=27AAGCV6108D1ZG,mastersindia.co,"""VILLARBAN RETAIL AND WHOLESALE HUB PRIVATE LIMITED"" Nagpur",Nitin Anandrao Nagrale - 8233046 Director Info | MyCorporateInfo,https://mycorporateinfo.com/director/nitin-anandrao-nagrale-8233046,mycorporateinfo.com,"""VILLARBAN RETAIL AND WHOLESALE HUB PRIVATE LIMITED"" Nagpur",,,,
5e25bbace4b0978ef9bf0332,AUR INNOVATIONS PRIVATE LIMITED,https://www.Hippojaws.com,DNS_ERROR,CANDIDATES_FOUND,2,2,"Aur Innovations Private Limited - Company, Directors, Charges and ...",https://www.filesure.in/company/aur-innovations-private-limited/U33125PN2020PTC196022?tab=about,filesure.in,"""AUR INNOVATIONS PRIVATE LIMITED"" Nagpur",AUR INNOVATIONS PRIVATE LIMITED - U33125PN2020PTC196022 - InstaFinancials,https://www.instafinancials.com/company/aur-innovations-private-limited-U33125PN2020PTC196022/company-overview,instafinancials.com,"""AUR INNOVATIONS PRIVATE LIMITED"" Nagpur",AUR INNOVATIONS PRIVATE LIMITED - Insider Biz,https://www.insiderbiz.in/company/AUR-INNOVATIONS-PRIVATE-LIMITED,insiderbiz.in,"""AUR INNOVATIONS PRIVATE LIMITED"" Nagpur",Company Master Detail on Aur Innovations Private Limited,https://mycorporateinfo.com/business/aur-innovations-private-limited,mycorporateinfo.com,"""AUR INNOVATIONS PRIVATE LIMITED"" Nagpur",AUR INNOVATIONS PRIVATE LIMITED | Company details | Director details,https://www.wintro.in/company/AUR-INNOVATIONS-PRIVATE-LIMITED,wintro.in,"""AUR INNOVATIONS PRIVATE LIMITED"" website"
5e1c6802e4b04bc11ecd65e2,WATTFIN VENTURES PRIVATE LIMITED,https://www.atant.in,DNS_ERROR,CANDIDATES_FOUND,6,6,"Wattfin Ventures Private Limited - Directors, Financials, Charges & MCA ...",https://www.infyner.com/company/wattfin-ventures-private-limited/U74999MH2019PTC324312,infyner.com,"""WATTFIN VENTURES PRIVATE LIMITED"" Nagpur","Wattfin Ventures Private Limited - Company, Directors ... - FileSure",https://www.filesure.in/company/wattfin-ventures-private-limited/U74999MH2019PTC324312?tab=about,filesure.in,"""WATTFIN VENTURES PRIVATE LIMITED"" Nagpur",New Business | My Site,https://www.wattfin.in/new-business,wattfin.in,"""WATTFIN VENTURES PRIVATE LIMITED"" website",CIN Details | WATTFIN VENTURES PRIVATE LIMITED,https://cin.iadv.io/WATTFIN-VENTURES-PRIVATE-LIMITED-U74999MH2019PTC324312/,cin.iadv.io,"""WATTFIN VENTURES PRIVATE LIMITED"" website",Tender Executive at Wattfin Ventures Private Limited - Jooble,https://in.jooble.org/jdp/-390798393093878723,in.jooble.org,"""WATTFIN VENTURES PRIVATE LIMITED"" LinkedIn"
5e1b0a61e4b0cb88a1d4cf50,ATHARVASHREE INFRAVENTURES PRIVATE LIMITED,https://www.atharvashree.co.in,DNS_ERROR,CANDIDATES_FOUND,2,2,"Atharvashree Infraventures Private Limited - Directors, Financials ...",https://www.infyner.com/company/atharvashree-infraventures-private-limited/U70101MH2016PTC280857,infyner.com,"""ATHARVASHREE INFRAVENTURES PRIVATE LIMITED"" Nagpur",ATHARVASHREE INFRAVENTURES PRIVATE LIMITED — GST Number 27AAOCA3835E1ZN ...,https://gstverify.co.in/gst/atharvashree-infraventures-private-limited-27aaoca3835e1zn/,gstverify.co.in,"""ATHARVASHREE INFRAVENTURES PRIVATE LIMITED"" Nagpur",Atharvashree Infraventures Private Limited,https://www.insiderbiz.in/company/ATHARVASHREE-INFRAVENTURES-PRIVATE-LIMITED,insiderbiz.in,"""ATHARVASHREE INFRAVENTURES PRIVATE LIMITED"" Nagpur",Atharvashree Infraventures Private Limited,https://www.dnb.com/business-directory/company-profiles.atharvashree_infraventures_private_limited.73b41f52d9b23040f29bc86e78470bc4.html,dnb.com,"""ATHARVASHREE INFRAVENTURES PRIVATE LIMITED"" website",Atharvashree Infraventures Private Limited,https://corpintel.io/ATHARVASHREE-INFRAVENTURES-PRIVATE-LIMITED-U70101MH2016PTC280857,corpintel.io,"""ATHARVASHREE INFRAVENTURES PRIVATE LIMITED"" website"
5e094611e4b098d21eef48ae,ECOBUGY LOGISTICS SOLUTION LLP,http://ecobugy.com,DNS_ERROR,CANDIDATES_FOUND,2,2,Ecobugy Logistics Solution Llp - StartupCA,https://www.startupcaservices.com/llpfirm/maharashtra/e/ecobugy-logistics-solution-llp-aaq-6662,startupcaservices.com,"""ECOBUGY LOGISTICS SOLUTION LLP"" Nagpur","Ecobugy - Transportation and Logistics Startup, Nagpur | YNOS",https://www.ynos.in/startup/ecobugy-341259,ynos.in,"""ECOBUGY LOGISTICS SOLUTION LLP"" Nagpur",Ecobugy Logistics Solution Llp | Gst: 27aahfe9655l1zr,https://gst.iadv.io/ECOBUGY-LOGISTICS-SOLUTION-LLP-27AAHFE9655L1ZR/,gst.iadv.io,"""ECOBUGY LOGISTICS SOLUTION LLP"" Nagpur",ECOBUGY LOGISTICS SOLUTION LLP :: India :: OpenCorporates,https://opencorporates.com/companies/in/AAQ-6662,opencorporates.com,"""ECOBUGY LOGISTICS SOLUTION LLP"" Nagpur",ECOBUGY LOGISTICS SOLUTION LLP | CIN AAQ-6662 Company Profile ...,https://qorpiq.com/company/ecobugy-logistics-solution-llp/AAQ-6662,qorpiq.com,"""ECOBUGY LOGISTICS SOLUTION LLP"" website"
5e05fb71e4b098d21eee94b0,RMR ENVITECH PRIVATE LIMITED,http://www.rmrenvitech.com/,DNS_ERROR,CANDIDATES_FOUND,6,6,"RMR ENVITECH PRIVATE LIMITED Company Profile | Nagpur, Maharashtra ...",https://www.dnb.com/business-directory/company-profiles.rmr_envitech_private_limited.742bf5668d771640a576a1043170c9d2.html,dnb.com,"""RMR ENVITECH PRIVATE LIMITED"" Nagpur",RMR ENVITECH PRIVATE LIMITED - IndiaFilings,https://www.indiafilings.com/search/rmr-envitech-private-limited-cin-U74900MH2014PTC258148,indiafilings.com,"""RMR ENVITECH PRIVATE LIMITED"" Nagpur",RMR ENVITECH PRIVATE LIMITED (U74900MH2014PTC258148) - Company Profile ...,https://qorpiq.com/company/rmr-envitech-private-limited/U74900MH2014PTC258148,qorpiq.com,"""RMR ENVITECH PRIVATE LIMITED"" founder",,,,,,,,
5dfaf5fae4b026527442c4c5,DRISHTEE FEEDS AND NUTRITION PRIVATE LIMITED,https://www.drishteefeeds.com,DNS_ERROR,CANDIDATES_FOUND,2,2,Drishtee Feeds and Nutrition Private Limited - Cybo,https://www.cybo.com/IN-biz/drishtee-feeds-and-nutrition-private,cybo.com,"""DRISHTEE FEEDS AND NUTRITION PRIVATE LIMITED"" Nagpur",Drishtee Feeds And Nutrition Private Limited - Company overview,https://www.infyner.com/company/drishtee-feeds-and-nutrition-private-limited/U74999MH2018PTC314582,infyner.com,"""DRISHTEE FEEDS AND NUTRITION PRIVATE LIMITED"" Nagpur",DRISHTEE FEEDS AND NUTRITION PRIVATE LIMITED - Registered Office ...,https://www.insiderbiz.in/company-map/DRISHTEE-FEEDS-AND-NUTRITION-PRIVATE-LIMITED,insiderbiz.in,"""DRISHTEE FEEDS AND NUTRITION PRIVATE LIMITED"" Nagpur",Drishtee Feeds and Nutrition Private Limited - U74999mh2018ptc314582,https://www.instafinancials.com/company/drishtee-feeds-and-nutrition-private-limited-U74999MH2018PTC314582/contact-us.html,instafinancials.com,"""DRISHTEE FEEDS AND NUTRITION PRIVATE LIMITED"" Nagpur",Drishtee Feeds and Nutrition Private Limited,https://www.paperli.ai/company/drishtee-feeds-and-nutrition-private-limited-U74999MH2018PTC314582,paperli.ai,"""DRISHTEE FEEDS AND NUTRITION PRIVATE LIMITED"" website"
5dea033fe4b04e0095275d82,KKE CHEMICALS PRIVATE LIMITED,https://www.kkeautocare.com,DNS_ERROR,CANDIDATES_FOUND,5,3,KKE CHEMICALS PRIVATE LIMITED - IndiaFilings,https://www.indiafilings.com/search/kke-chemicals-private-limited-cin-U24233MH2012PTC230331,indiafilings.com,"""KKE CHEMICALS PRIVATE LIMITED"" Nagpur",KKE CHEMICALS PRIVATE LIMITED (U24233MH2012PTC230331) - Company Profile ...,https://qorpiq.com/company/kke-chemicals-private-limited/U24233MH2012PTC230331,qorpiq.com,"""KKE CHEMICALS PRIVATE LIMITED"" India","Kke Chemicals Private Limited - Consumer Products Startup, Nagpur | YNOS",https://www.ynos.in/startup/kke-chemicals-private-limited-342757,ynos.in,"""KKE CHEMICALS PRIVATE LIMITED"" founder","KKE CHEMICALS PRIVATE LIMITED — Directors, Financials",https://www.inspex.in/company/KKE-CHEMICALS-PRIVATE-LIMITED-U24233MH2012PTC230331,inspex.in,"""KKE CHEMICALS PRIVATE LIMITED"" founder",Kke Chemicals Private Limited (U24233MH2012PTC230331) — Maharashtra ...,https://corpintel.io/KKE-CHEMICALS-PRIVATE-LIMITED-U24233MH2012PTC230331,corpintel.io,"""KKE CHEMICALS PRIVATE LIMITED"" founder"
5dcab061e4b0be63b6d6c17b,TAGSCOLLECTIVE INDIA PRIVATE LIMITED,https://WWW.ourbix.COM,DNS_ERROR,NO_CANDIDATES,6,0,,,,,,,,,,,,,,,,,,,,
5dc41628e4b0437dbc4869e9,YOUBOTICS SOFTWARE PRIVATE LIMITED,https://youbotics.ai/,DNS_ERROR,CANDIDATES_FOUND,6,6,YOUBOTICS SOFTWARE PRIVATE LIMITED - ClearTax,https://cleartax.in/f/company/youbotics-software-private-limited/U72900MH2019PTC331866/,cleartax.in,"""YOUBOTICS SOFTWARE PRIVATE LIMITED"" Nagpur",Check Prashant Bhaskarrao Chaware - Director Profile & Company,https://www.companyseekers.com/people-profile/prashant-bhaskarrao-chaware/08591073,companyseekers.com,"""YOUBOTICS SOFTWARE PRIVATE LIMITED"" Nagpur",YouBotics - Crunchbase Company Profile & Funding,https://www.crunchbase.com/organization/youbotics,crunchbase.com,"""YOUBOTICS SOFTWARE PRIVATE LIMITED"" website",,,,,,,,
5db052c6e4b08fc2aba5c7aa,NITESCO FACILITY SERVICES PRIVATE LIMITED,http://nitesco.in/,DNS_ERROR,CANDIDATES_FOUND,5,5,Nitesco Facility Services Private Limited - corpintel.io,https://corpintel.io/NITESCO-FACILITY-SERVICES-PRIVATE-LIMITED-U74999MH2019PTC328862,corpintel.io,"""NITESCO FACILITY SERVICES PRIVATE LIMITED"" Nagpur",Nitesco Facility Services Private Limited | Cin: U74999mh2019ptc328862 ...,https://infomint.co.in/companies/nitesco-facility-services-private-limited/U74999MH2019PTC328862/roc-mumbai/maharashtra/,infomint.co.in,"""NITESCO FACILITY SERVICES PRIVATE LIMITED"" Nagpur",NITESCO FACILITY SERVICES PRIVATE LIMITED - IndiaFilings,https://www.indiafilings.com/search/nitesco-facility-services-private-limited-cin-U74999MH2019PTC328862,indiafilings.com,"""NITESCO FACILITY SERVICES PRIVATE LIMITED"" website",Nitesco Facility Services Private Limited (U74999mh2019ptc3…,https://www.inspex.in/company/NITESCO-FACILITY-SERVICES-PRIVATE-LIMITED-U74999MH2019PTC328862,inspex.in,"""NITESCO FACILITY SERVICES PRIVATE LIMITED"" website","Nitesco Facility Services Private Limited - Company, Directors, Charges ...",https://www.filesure.in/company/nitesco-facility-services-private-limited/U74999MH2019PTC328862?tab=compliance,filesure.in,"""NITESCO FACILITY SERVICES PRIVATE LIMITED"" founder"
5d8b49b9e4b05eaf4e0caf03,RUDRA SPECTRA PRIVATE LIMITED,https://www.rudraspectra.com,DNS_ERROR,CANDIDATES_FOUND,2,2,RUDRA SPECTRA PRIVATE LIMITED MCA Profile | QorpIQ,https://qorpiq.com/company/rudra-spectra-private-limited/U74999MH2019PTC330948,qorpiq.com,"""RUDRA SPECTRA PRIVATE LIMITED"" Nagpur",RUDRA SPECTRA PRIVATE LIMITED - IndiaFilings,https://www.indiafilings.com/search/rudra-spectra-private-limited-cin-U74999MH2019PTC330948,indiafilings.com,"""RUDRA SPECTRA PRIVATE LIMITED"" Nagpur",RUDRA SPECTRA PRIVATE LIMITED — GST Details — 27AAJCR8270P1ZH,https://gstverify.co.in/gst/rudra-spectra-private-limited-27aajcr8270p1zh/,gstverify.co.in,"""RUDRA SPECTRA PRIVATE LIMITED"" Nagpur",Rudra-spectraprivatelimited | Vakilsearch,https://company.vakilsearch.com/RUDRA-SPECTRAPRIVATELIMITED/U74999MH2019PTC330948,company.vakilsearch.com,"""RUDRA SPECTRA PRIVATE LIMITED"" website",RUDRA SPECTRA PRIVATE LIMITED - U74999MH2019PTC330948 - InstaFinancials,https://www.instafinancials.com/company/rudra-spectra-private-limited/U74999MH2019PTC330948,instafinancials.com,"""RUDRA SPECTRA PRIVATE LIMITED"" website"
5d7aac4ee4b0fad8ed6c6866,LENERGY MOBILITY PRIVATE LIMITED,https://lenergymobility.com,DNS_ERROR,CANDIDATES_FOUND,2,2,Lenergy Mobility Private Limited | Nagpur,https://www.indiabiz.info/en/lenergy-mobility-private-limited,indiabiz.info,"""LENERGY MOBILITY PRIVATE LIMITED"" Nagpur","Lenergy Mobility Private Limited - Company, Directors, Charges and ...",https://www.filesure.in/company/lenergy-mobility-private-limited/U80301MH2019PTC329155,filesure.in,"""LENERGY MOBILITY PRIVATE LIMITED"" Nagpur",LENERGY MOBILITY PRIVATE LIMITED - U80301MH2019PTC329155 - InstaFinancials,https://www.instafinancials.com/company/lenergy-mobility-private-limited-U80301MH2019PTC329155/company-overview,instafinancials.com,"""LENERGY MOBILITY PRIVATE LIMITED"" Nagpur","LENERGY MOBILITY PRIVATE LIMITED - Directors, Contact Details & CIN ...",https://qorpiq.com/company/lenergy-mobility-private-limited/U80301MH2019PTC329155,qorpiq.com,"""LENERGY MOBILITY PRIVATE LIMITED"" Nagpur",Lenergy Mobility Private Limited (U80301MH2019PTC329155) — Maharashtra ...,https://corpintel.io/LENERGY-MOBILITY-PRIVATE-LIMITED-U80301MH2019PTC329155,corpintel.io,"""LENERGY MOBILITY PRIVATE LIMITED"" website"
5d4bc685e4b0d334677e8125,3NOT ROBOTICS PRIVATE LIMITED,https://www.3notrobotics.in,DNS_ERROR,CANDIDATES_FOUND,2,2,Company Master Detail on 3not Robotics Private Limited,https://mycorporateinfo.com/business/3not-robotics-private-limited,mycorporateinfo.com,"""3NOT ROBOTICS PRIVATE LIMITED"" Nagpur",3Not Robotics Private Limited - Company overview,https://www.infyner.com/company/3not-robotics-private-limited/U29309MH2019PTC328836,infyner.com,"""3NOT ROBOTICS PRIVATE LIMITED"" Nagpur","3not Robotics Private Limited - Company, Directors, Charges and ...",https://www.filesure.in/company/3not-robotics-private-limited/U29309MH2019PTC328836,filesure.in,"""3NOT ROBOTICS PRIVATE LIMITED"" Nagpur",3NOT ROBOTICS PRIVATE LIMITED - U29309MH2019PTC328836 - InstaFinancials,https://www.instafinancials.com/company/3not-robotics-private-limited-U29309MH2019PTC328836/company-overview,instafinancials.com,"""3NOT ROBOTICS PRIVATE LIMITED"" Nagpur",3NOT - Crunchbase Company Profile & Funding,https://www.crunchbase.com/organization/3not,crunchbase.com,"""3NOT ROBOTICS PRIVATE LIMITED"" website"
5d498456e4b0d334677e2b77,TABXO LABS LLP,https://www.tabxolabs.com,DNS_ERROR,CANDIDATES_FOUND,3,3,Tabxo Labs LLP | नागपुर,https://www.indiabiz.info/tabxo-labs-llp_1j,indiabiz.info,"""TABXO LABS LLP"" Nagpur",TABXO LABS | LLP AAO-3963 Details - AAO-3963 -IndiaFilings,https://www.indiafilings.com/search/tabxo-labs-llp-AAO-3963,indiafilings.com,"""TABXO LABS LLP"" Nagpur","Tabxo Labs Llp - Company, Directors, Charges and Compliance details ...",https://www.filesure.in/company/tabxo-labs-llp/AAO-3963?tab=about,filesure.in,"""TABXO LABS LLP"" Nagpur",TabXO Labs - Crunchbase Company Profile & Funding,https://www.crunchbase.com/organization/tabxo-labs,crunchbase.com,"""TABXO LABS LLP"" website",TabXo Labs LLP Email ID Format | Official Contacts - SalezShark,https://www.salezshark.com/company/tabxo-labs-llp,salezshark.com,"""TABXO LABS LLP"" official website"
5d3ab10ee4b03beb13607abb,SAFEGUARD DETECTIVE & MANPOWER SOLUTIONS PRIVATE LIMITED,https://www.safeguardindia.in,DNS_ERROR,CANDIDATES_FOUND,6,6,Safeguard Detective & Manpower Solutions Private Limited,https://www.indiafilings.com/search/safeguard-detective--manpower-solutions-private-limited-cin-U74120MH2015PTC270419,indiafilings.com,"""SAFEGUARD DETECTIVE & MANPOWER SOLUTIONS PRIVATE LIMITED"" Nagpur",Safeguard Detective Manpower Solutions Private Limited ...,https://company.vakilsearch.com/safeguard-detective-manpower-solutions-private-limited/U74120MH2015PTC270419,company.vakilsearch.com,"""SAFEGUARD DETECTIVE & MANPOWER SOLUTIONS PRIVATE LIMITED"" Nagpur",Safeguard Detective & Manpower Solutions Private Limited - Business ...,https://www.ynos.in/startup/safeguard-detective-manpower-solutions-private-limited-302885,ynos.in,"""SAFEGUARD DETECTIVE & MANPOWER SOLUTIONS PRIVATE LIMITED"" website",,,,,,,,
5d15c3ece4b0659b5265b973,KICKTOWN SPORTS PRIVATE LIMITED,http://kicktown.in,DNS_ERROR,CANDIDATES_FOUND,5,5,KICKTOWN SPORTS PRIVATE LIMITED - U92419MH2018PTC312572 - InstaFinancials,https://www.instafinancials.com/company/kicktown-sports-private-limited-U92419MH2018PTC312572,instafinancials.com,"""KICKTOWN SPORTS PRIVATE LIMITED"" Nagpur",Kicktown Sports Private Limited (U92419MH2018PTC312572) — Maharashtra ...,https://corpintel.io/KICKTOWN-SPORTS-PRIVATE-LIMITED-U92419MH2018PTC312572,corpintel.io,"""KICKTOWN SPORTS PRIVATE LIMITED"" Nagpur",KICKTOWN SPORTS PRIVATE LIMITED - ClearTax,https://cleartax.in/f/company/kicktown-sports-private-limited/U92419MH2018PTC312572/,cleartax.in,"""KICKTOWN SPORTS PRIVATE LIMITED"" Nagpur",KICKTOWN SPORTS PRIVATE LIMITED - insiderbiz.in,https://www.insiderbiz.in/documents/KICKTOWN-SPORTS-PRIVATE-LIMITED,insiderbiz.in,"""KICKTOWN SPORTS PRIVATE LIMITED"" Nagpur",HIMANSHU SHYAM WARTHI - 8195339 Director Info | MyCorporateInfo,https://mycorporateinfo.com/director/himanshu-shyam-warthi-8195339,mycorporateinfo.com,"""KICKTOWN SPORTS PRIVATE LIMITED"" founder"
5cf6a3a2e4b08f8b1a99aea2,YUA TECH PRIVATE LIMITED,https://www.Caffice.Space,DNS_ERROR,CANDIDATES_FOUND,6,6,YUA TECH PRIVATE LIMITED | CIN U70109MH2019PTC325666 Company Details,https://www.indiafilings.com/search/yua-tech-private-limited-cin-U70109MH2019PTC325666,indiafilings.com,"""YUA TECH PRIVATE LIMITED"" Nagpur",Yua Tech Private Limited - U70109mh2019ptc325666,https://www.instafinancials.com/company/yua-tech-private-limited-U70109MH2019PTC325666,instafinancials.com,"""YUA TECH PRIVATE LIMITED"" Nagpur",YUA TECH PRIVATE LIMITED - Vakilsearch,https://company.vakilsearch.com/yua-tech-private-limited/U70109MH2019PTC325666,company.vakilsearch.com,"""YUA TECH PRIVATE LIMITED"" Nagpur",ANSH DAMODARAN VIVEK - 6930620 Director Info | MyCorporateInfo,https://mycorporateinfo.com/director/ansh-damodaran-vivek-6930620,mycorporateinfo.com,"""YUA TECH PRIVATE LIMITED"" founder",YUA TECH PRIVATE LIMITED - LEI: U70109MH2019PTC325666 | LEI Register India,https://www.legalentityidentifier.in/leicert/U70109MH2019PTC325666/,legalentityidentifier.in,"""YUA TECH PRIVATE LIMITED"" LinkedIn"
5cdad530e4b08f8b1a95db39,ADITYA BIOINNOVATION PRIVATE LIMITED,https://www.adityabioinnovation.com,DNS_ERROR,CANDIDATES_FOUND,6,6,About Us - Aditya Bioinnovation,https://adityabioinnovation.in/about-us/,adityabioinnovation.in,"""ADITYA BIOINNOVATION PRIVATE LIMITED"" Nagpur",Aditya Bioinnovation Private Limited | U74999mh2017ptc299532,https://www.indiafilings.com/search/aditya-bioinnovation-private-limited-cin-U74999MH2017PTC299532,indiafilings.com,"""ADITYA BIOINNOVATION PRIVATE LIMITED"" India",Aditya Bioinnovation Pvt. Ltd. | Nanotechnology Company | NPD,https://product.statnano.com/company/aditya-bioinnovation-pvt.-ltd.,product.statnano.com,"""ADITYA BIOINNOVATION PRIVATE LIMITED"" founder",,,,,,,,
5cdaa557e4b08f8b1a95b7d1,BLUEWINGS INDUSTRIES INDIA PRIVATE LIMITED,https://www.bluewingsindustries.com,DNS_ERROR,CANDIDATES_FOUND,5,5,Bluewings Industries India Private Limited - U51909mh2019ptc325315,https://www.instafinancials.com/company/bluewings-industries-india-private-limited-U51909MH2019PTC325315/company-overview,instafinancials.com,"""BLUEWINGS INDUSTRIES INDIA PRIVATE LIMITED"" Nagpur",Bluewings Industries India Private Limited - Detailed Company ...,https://mycorporateinfo.com/business/bluewings-industries-india-private-limited,mycorporateinfo.com,"""BLUEWINGS INDUSTRIES INDIA PRIVATE LIMITED"" Nagpur",BLUEWINGS INDUSTRIES INDIA PRIVATE LIMITED - IndiaFilings,https://www.indiafilings.com/search/bluewings-industries-india-private-limited-cin-U51909MH2019PTC325315,indiafilings.com,"""BLUEWINGS INDUSTRIES INDIA PRIVATE LIMITED"" Nagpur",Bluewings Industries India Private Limited - corpintel.io,https://corpintel.io/BLUEWINGS-INDUSTRIES-INDIA-PRIVATE-LIMITED-U51909MH2019PTC325315,corpintel.io,"""BLUEWINGS INDUSTRIES INDIA PRIVATE LIMITED"" Nagpur",CIN Details | BLUEWINGS INDUSTRIES INDIA PRIVATE LIMITED,https://cin.iadv.io/BLUEWINGS-INDUSTRIES-INDIA-PRIVATE-LIMITED-U51909MH2019PTC325315/,cin.iadv.io,"""BLUEWINGS INDUSTRIES INDIA PRIVATE LIMITED"" founder"
5cd14c49e4b085366353507b,TECHNOSOFT INTEGRATED SOLUTIONS PRIVATE LIMITED,https://www.tisplautomation.com,DNS_ERROR,CANDIDATES_FOUND,3,3,Technosoft Integrated Solutions Private Limited,https://www.dnb.com/business-directory/company-profiles.technosoft_integrated_solutions_private_limited.d61531a2410340f3661fecb13b884f3a.html,dnb.com,"""TECHNOSOFT INTEGRATED SOLUTIONS PRIVATE LIMITED"" Nagpur",Technosoft Integrated Solutions Private Limited,https://www.indiafilings.com/search/technosoft-integrated-solutions-private-limited-cin-U74999MH2015PTC262247,indiafilings.com,"""TECHNOSOFT INTEGRATED SOLUTIONS PRIVATE LIMITED"" Nagpur",Technosoft Integrated Solutions Private Limited - Company Details,https://www.infoqik.com/company/u74999mh2015ptc262247/technosoft-integrated-solutions-private-limited.html,infoqik.com,"""TECHNOSOFT INTEGRATED SOLUTIONS PRIVATE LIMITED"" Nagpur",About Us | Leading Smart Home Automation Company India,https://thesmarthomeautomation.com/about-us/,thesmarthomeautomation.com,"""TECHNOSOFT INTEGRATED SOLUTIONS PRIVATE LIMITED"" website",Technosoft Integrated Solutions Private Limited - Detailed Company ...,https://mycorporateinfo.com/business/technosoft-integrated-solutions-private-limited,mycorporateinfo.com,"""TECHNOSOFT INTEGRATED SOLUTIONS PRIVATE LIMITED"" official website"
5ca1d903e4b0d381ea045ca4,ROMINENCE BUILDERS PRIVATE LIMITED,https://rominence.in,DNS_ERROR,NO_CANDIDATES,6,0,,,,,,,,,,,,,,,,,,,,
5c829d75e4b0563d5c5f8a44,PEARL COMMERZ PRIVATE LIMITED,https://www.pearlcommerz.com,DNS_ERROR,CANDIDATES_FOUND,2,2,"Pearl Commerz Private Limited Omkar Nagar, Nagpur, Maharashtra",https://www.indianyellowpages.com/nagpur/pearl-commerz-private-limited-omkar-nagar-nagpur-6427109/,indianyellowpages.com,"""PEARL COMMERZ PRIVATE LIMITED"" Nagpur",PEARL COMMERZ PRIVATE LIMITED - U74999MH2017PTC299510 - InstaFinancials,https://www.instafinancials.com/company/pearl-commerz-private-limited-U74999MH2017PTC299510,instafinancials.com,"""PEARL COMMERZ PRIVATE LIMITED"" Nagpur",PEARL COMMERZ PRIVATE LIMITED | U74999MH2017PTC299510 - IndiaFilings,https://www.indiafilings.com/search/pearl-commerz-private-limited-cin-U74999MH2017PTC299510,indiafilings.com,"""PEARL COMMERZ PRIVATE LIMITED"" Nagpur","Pearl Commerz Private Limited - Company, Directors, Charges and ...",https://www.filesure.in/company/pearl-commerz-private-limited/U74999MH2017PTC299510?tab=about,filesure.in,"""PEARL COMMERZ PRIVATE LIMITED"" Nagpur",Pearl Commerz Private Limited Company Profile - Business Profile | Edge ...,https://info.edgeinsights.in/company/Pearl-Commerz-Private-Limited/174028,info.edgeinsights.in,"""PEARL COMMERZ PRIVATE LIMITED"" website"
5c70fad9e4b0ba900e11deba,GENEXT GENOMICS PRIVATE LIMITED,https://www.gng.asia,DNS_ERROR,CANDIDATES_FOUND,6,2,GENEXT GENOMICS PRIVATE LIMITED - Company Profile | MasterData,https://masterdata.in/company/genext_genomics_private_limited/U73100MH2011PTC212683,masterdata.in,"""GENEXT GENOMICS PRIVATE LIMITED"" India",GENEXT GENOMICS PRIVATE LIMITED | U73100MH2011PTC212683 - IndiaFilings,https://www.indiafilings.com/search/genext-genomics-private-limited-cin-U73100MH2011PTC212683,indiafilings.com,"""GENEXT GENOMICS PRIVATE LIMITED"" India",,,,,,,,,,,,
5c6eb6dce4b0ba900e119bf3,TECHNOTE SOFTWARE SOLUTION PRIVATE LIMITED,http://technotesoftware.in/,DNS_ERROR,CANDIDATES_FOUND,2,2,Technote software solution private limited - U72900MH2014PTC256641,https://www.instafinancials.com/company/technote-software-solution-private-limited-U72900MH2014PTC256641/company-overview,instafinancials.com,"""TECHNOTE SOFTWARE SOLUTION PRIVATE LIMITED"" Nagpur",Technote Software Solution Private Limited,https://info.edgeinsights.in/company/Technote-Software-Solution-Private-Limited/172379,info.edgeinsights.in,"""TECHNOTE SOFTWARE SOLUTION PRIVATE LIMITED"" Nagpur",TECHNOTE SOFTWARE SOLUTION PRIVATE LIMITED - IndiaFilings,https://www.indiafilings.com/search/technote-software-solution-private-limited-cin-U72900MH2014PTC256641,indiafilings.com,"""TECHNOTE SOFTWARE SOLUTION PRIVATE LIMITED"" Nagpur",TECHNOTE SOFTWARE SOLUTION PRIVATE LIMITED | Company Details,https://infomint.co.in/companies/technote-software-solution-private-limited/U72900MH2014PTC256641/roc-mumbai/maharashtra/,infomint.co.in,"""TECHNOTE SOFTWARE SOLUTION PRIVATE LIMITED"" website",Technote Software Solution Private Limited - Detailed Company ...,https://mycorporateinfo.com/business/technote-software-solution-private-limited,mycorporateinfo.com,"""TECHNOTE SOFTWARE SOLUTION PRIVATE LIMITED"" website"
5c26ff9de4b0bd844e94500a,ALTIN STRATEGIST ENDEAVOUR PRIVATE LIMITED,https://www.altinsyndicate.com,DNS_ERROR,CANDIDATES_FOUND,6,6,Altin Strategist Endeavour Private Limited - Detailed Company ...,https://mycorporateinfo.com/business/altin-strategist-endeavour-private-limited,mycorporateinfo.com,"""ALTIN STRATEGIST ENDEAVOUR PRIVATE LIMITED"" Nagpur",ALTIN STRATEGIST ENDEAVOUR PRIVATE LIMITED - IndiaFilings,https://www.indiafilings.com/search/altin-strategist-endeavour-private-limited-cin-U22100PN2018PTC177930,indiafilings.com,"""ALTIN STRATEGIST ENDEAVOUR PRIVATE LIMITED"" Nagpur",Altin-strategistendeavourprivatelimited | Vakilsearch,https://company.vakilsearch.com/ALTIN-STRATEGISTENDEAVOURPRIVATELIMITED/U22100PN2018PTC177930,company.vakilsearch.com,"""ALTIN STRATEGIST ENDEAVOUR PRIVATE LIMITED"" Nagpur",Altin Strategist Endeavour Private Limited (U22100pn2018ptc…,https://www.inspex.in/company/ALTIN-STRATEGIST-ENDEAVOUR-PRIVATE-LIMITED-U22100PN2018PTC177930,inspex.in,"""ALTIN STRATEGIST ENDEAVOUR PRIVATE LIMITED"" website",,,,
5b051dcee4b0a9285b5ba7cc,PIPELINE FNB PRIVATE LIMITED,https://www.pipelinefnb.com,DNS_ERROR,CANDIDATES_FOUND,2,2,"PIPELINE FNB PRIVATE LIMITED Company Profile | Nagpur, Maharashtra ...",https://www.dnb.com/business-directory/company-profiles.pipeline_fnb_private_limited.dadd90b1d7931eb87fca0bc3fbca2eed.html,dnb.com,"""PIPELINE FNB PRIVATE LIMITED"" Nagpur",PIPELINE FNB PRIVATE LIMITED - Company Details,https://masterdata.in/company/pipeline_fnb_private_limited/U74999MH2016PTC285400,masterdata.in,"""PIPELINE FNB PRIVATE LIMITED"" Nagpur",Pipeline Fnb Private Limited - Company Details - infoqik.com,https://www.infoqik.com/company/u74999mh2016ptc285400/pipeline-fnb-private-limited.html,infoqik.com,"""PIPELINE FNB PRIVATE LIMITED"" Nagpur",PIPELINE FNB PRIVATE LIMITED - IndiaFilings,https://www.indiafilings.com/search/pipeline-fnb-private-limited-cin-U74999MH2016PTC285400,indiafilings.com,"""PIPELINE FNB PRIVATE LIMITED"" Nagpur",Pipeline Fnb Private Limited Company Profile - Business Profile | Edge ...,https://info.edgeinsights.in/company/Pipeline-Fnb-Private-Limited/166885,info.edgeinsights.in,"""PIPELINE FNB PRIVATE LIMITED"" website"
5bd5909be4b0d01c027e4259,VASUDHA WOODLESS CREMATION FOUNDATION,https://www.vasudhawoodlesscremationfoundation.com,DNS_ERROR,CANDIDATES_FOUND,1,1,VASUDHA WOODLESS CREMATION FOUNDATION - IndiaFilings,https://www.indiafilings.com/search/vasudha-woodless-cremation-foundation-cin-U85100MH2016NPL284602,indiafilings.com,"""VASUDHA WOODLESS CREMATION FOUNDATION"" Nagpur","VASUDHA WOODLESS CREMATION FOUNDATION - Company Info, CIN, Directors",https://buysellprivatelimited.com/company/vasudha-woodless-cremation-foundation/U85100MH2016NPL284602,buysellprivatelimited.com,"""VASUDHA WOODLESS CREMATION FOUNDATION"" Nagpur",Vasudha Woodless Cremation Foundation - Company Details,https://www.infoqik.com/company/u85100mh2016npl284602/vasudha-woodless-cremation-foundation.html,infoqik.com,"""VASUDHA WOODLESS CREMATION FOUNDATION"" Nagpur",Vasudha Woodless Cremation Foundation | Gst: 27aafcv5758e1z1,https://gst.iadv.io/VASUDHA-WOODLESS-CREMATION-FOUNDATION-27AAFCV5758E1Z1/,gst.iadv.io,"""VASUDHA WOODLESS CREMATION FOUNDATION"" Nagpur",VASUDHA WOODLESS CREMATION FOUNDATION | Infomint,https://infomint.co.in/companies/vasudha-woodless-cremation-foundation/U85100MH2016NPL284602/roc-mumbai/maharashtra/,infomint.co.in,"""VASUDHA WOODLESS CREMATION FOUNDATION"" Nagpur"
5bd374ace4b0d01c027e3c35,SNUGTECH SERVICES PRIVATE LIMITED,https://www.snugtechservices.com,DNS_ERROR,NO_CANDIDATES,6,0,,,,,,,,,,,,,,,,,,,,
5bc8b5d4e4b0a0446f01bc9c,ZEONE TECHNOLOGIES (OPC) PRIVATE LIMITED,https://www.zeone.co.in,DNS_ERROR,NO_CANDIDATES,6,0,,,,,,,,,,,,,,,,,,,,
5bb08cf0e4b0410db0ca79ca,BLACK LEAF WASTE MANAGEMENT PRIVATE LIMITED,https://www.scrapee.in,DNS_ERROR,CANDIDATES_FOUND,6,5,Black Leaf Waste Management Private Limited,https://www.ynos.in/startup/black-leaf-waste-management-private-limited-298752,ynos.in,"""BLACK LEAF WASTE MANAGEMENT PRIVATE LIMITED"" Nagpur",,,,,,,,,,,,,,,,
5baef206e4b0410db0c9dea0,HARBOR VISION PRIVATE LIMITED,https://harborvision.in,DNS_ERROR,CANDIDATES_FOUND,2,2,HARBOR VISION PRIVATE LIMITED - India LEI,https://indialei.in/detailed-information/11268085/harbor-vision-private-limited/,indialei.in,"""HARBOR VISION PRIVATE LIMITED"" Nagpur",HARBOR VISION PRIVATE LIMITED - U72900MH2018PTC309351 - InstaFinancials,https://www.instafinancials.com/company/harbor-vision-private-limited-U72900MH2018PTC309351/company-overview,instafinancials.com,"""HARBOR VISION PRIVATE LIMITED"" Nagpur",Harbor Vision Private Limited - StartupCA,https://www.startupcaservices.com/firm/maharashtra/h/harbor-vision-private-limited-u72900mh2018ptc309351,startupcaservices.com,"""HARBOR VISION PRIVATE LIMITED"" Nagpur",HARBOR VISION PRIVATE LIMITED - IndiaFilings,https://www.indiafilings.com/search/harbor-vision-private-limited-cin-U72900MH2018PTC309351,indiafilings.com,"""HARBOR VISION PRIVATE LIMITED"" Nagpur","Harbor Vision Private Limited - Health-Tech Startup, Nagpur | YNOS",https://www.ynos.in/startup/harbor-vision-private-limited-334822,ynos.in,"""HARBOR VISION PRIVATE LIMITED"" website"
5ba254aae4b05f0501954fba,SAMVID INTERNATIONAL PRIVATE LIMITED,https://www.samvidinternational.com,DNS_ERROR,CANDIDATES_FOUND,4,4,SAMVID INTERNATIONAL PRIVATE LIMITED Company Profile | Nagpur ...,https://www.dnb.com/business-directory/company-profiles.samvid_international_private_limited.8d2384b1200584090d5f94ed759ef601.html,dnb.com,"""SAMVID INTERNATIONAL PRIVATE LIMITED"" Nagpur","Samvid International Private Limited, Nagpur - Wholesale Supplier ...",https://www.dial4trade.com/samvid-international-private-limited/,dial4trade.com,"""SAMVID INTERNATIONAL PRIVATE LIMITED"" Nagpur",Samvid international private limited - U33100MH2014PTC257027,https://www.instafinancials.com/company/samvid-international-private-limited-U33100MH2014PTC257027/company-overview,instafinancials.com,"""SAMVID INTERNATIONAL PRIVATE LIMITED"" website",Samvid International Private Limited - Company Check and Director ...,https://www.companyseekers.com/company/samvid-international-private-limited/U33100MH2014PTC257027,companyseekers.com,"""SAMVID INTERNATIONAL PRIVATE LIMITED"" website",SAMVID INTERNATIONAL PRIVATE LIMITED - India LEI,https://indialei.in/detailed-information/46017637/samvid-international-private-limited/,indialei.in,"""SAMVID INTERNATIONAL PRIVATE LIMITED"" India"
5ba0b717e4b05f050191b8f0,YOUBOTICS,https://www.youbotics.ai,DNS_ERROR,CANDIDATES_FOUND,2,2,YouBotics - Headquarters & Office Locations | ContactOut,https://contactout.com/company/YouBotics-34377/headquarters,contactout.com,"""YOUBOTICS"" Nagpur",YOUBOTICS INNOVATIONS PRIVATE LIMITED Company Profile | Nagpur ...,https://www.dnb.com/business-directory/company-profiles.youbotics_innovations_private_limited.ffd9af1e7c7490b4e292995e93fe2873.html,dnb.com,"""YOUBOTICS"" Nagpur",YouBotics - An Edtech Bootstrapped Company Based Out Of Nagpur,https://inc42.com/company/youbotics/,inc42.com,"""YOUBOTICS"" Nagpur","YouBotics - Products, Competitors, Financials, Employees, Headquarters ...",https://www.cbinsights.com/company/youbotics,cbinsights.com,"""YOUBOTICS"" Nagpur",» Hello world! - youbotics.in,https://youbotics.in/hello-world/,youbotics.in,"""YOUBOTICS"" website"
5b81aecce4b0637a70120a23,ASTROVIS TEXTILE SERVICES PRIVATE LIMITED,https://www.astrovis.org,DNS_ERROR,CANDIDATES_FOUND,4,4,"Astrovis Textile Services Private Limited - Textiles Startup, Nagpur | YNOS",https://www.ynos.in/startup/astrovis-textile-services-private-limited-335478,ynos.in,"""ASTROVIS TEXTILE SERVICES PRIVATE LIMITED"" Nagpur",Astrovis Textile Services Private Limited | Company Details,https://www.allindiaitr.com/company/astrovis-textile-services-private-limited/U74999MH2018PTC310888,allindiaitr.com,"""ASTROVIS TEXTILE SERVICES PRIVATE LIMITED"" Nagpur",Astrovis Textile Services Private Limited - Detailed Company ...,https://mycorporateinfo.com/business/astrovis-textile-services-private-limited,mycorporateinfo.com,"""ASTROVIS TEXTILE SERVICES PRIVATE LIMITED"" Nagpur",Astrovis Textile Services Private Limited - U74999mh2018ptc310888,https://www.instafinancials.com/company/astrovis-textile-services-private-limited/U74999MH2018PTC310888,instafinancials.com,"""ASTROVIS TEXTILE SERVICES PRIVATE LIMITED"" Nagpur",ASTROVIS TEXTILE SERVICES PRIVATE LIMITED - IndiaFilings,https://www.indiafilings.com/search/astrovis-textile-services-private-limited-cin-U74999MH2018PTC310888,indiafilings.com,"""ASTROVIS TEXTILE SERVICES PRIVATE LIMITED"" India"
5b7d7212e4b0637a7011f79c,MOONY MONK DESIGN STUDIO PRIVATE LIMITED,https://WWW.MOONYMONK.COM,DNS_ERROR,CANDIDATES_FOUND,6,6,Moony Monk Design Studio Private Limited - Ynos,https://www.ynos.in/startup/moony-monk-design-studio-private-limited-335465,ynos.in,"""MOONY MONK DESIGN STUDIO PRIVATE LIMITED"" Nagpur",MOONY MONK DESIGN STUDIO PRIVATE LIMITED - IndiaFilings,https://www.indiafilings.com/search/moony-monk-design-studio-private-limited-cin-U74999MH2017PTC295081,indiafilings.com,"""MOONY MONK DESIGN STUDIO PRIVATE LIMITED"" India",Moony Monk Design Studio Private Limited Company Profile - Business ...,https://info.edgeinsights.in/company/Moony-Monk-Design-Studio-Private-Limited/163816,info.edgeinsights.in,"""MOONY MONK DESIGN STUDIO PRIVATE LIMITED"" India",Moony Monk Design Studio Private Limited - U74999mh2017ptc295081,https://www.instafinancials.com/company/moony-monk-design-studio-private-limited-U74999MH2017PTC295081,instafinancials.com,"""MOONY MONK DESIGN STUDIO PRIVATE LIMITED"" India",,,,
5b7d4955e4b0637a7011ea3c,COMMUNIXLAB PRIVATE LIMITED,https://communixlab.com/,DNS_ERROR,CANDIDATES_FOUND,3,3,"Communixlab Private Limited - Adtech Startup, Nagpur | YNOS",https://www.ynos.in/startup/communixlab-private-limited-334436,ynos.in,"""COMMUNIXLAB PRIVATE LIMITED"" Nagpur","COMMUNIXLAB PRIVATE LIMITED - Company Info, CIN, Directors",https://buysellprivatelimited.com/company/communixlab-private-limited/U74110MH2018PTC309167,buysellprivatelimited.com,"""COMMUNIXLAB PRIVATE LIMITED"" website",Communixlab private limited official website - There's An AI For That®,https://theresanaiforthat.com/s/COMMUNIXLAB+PRIVATE+LIMITED+official+website/,theresanaiforthat.com,"""COMMUNIXLAB PRIVATE LIMITED"" website",COMMUNIXLAB PRIVATE LIMITED (U74110MH2018PTC309167) - Company Profile ...,https://qorpiq.com/company/communixlab-private-limited/U74110MH2018PTC309167,qorpiq.com,"""COMMUNIXLAB PRIVATE LIMITED"" official website",COMMUNIXLAB PRIVATE LIMITED | CIN U72900MH2018PTC309167 Company Details,https://www.indiafilings.com/search/communixlab-private-limited-cin-U72900MH2018PTC309167,indiafilings.com,"""COMMUNIXLAB PRIVATE LIMITED"" official website"
5b62dba7e4b070f883426b7e,PHOTRONIX LED LIGHTS PRIVATE LIMITED,https://www.photronixled.com,DNS_ERROR,CANDIDATES_FOUND,4,4,PHOTRONIX LED LIGHTS PRIVATE LIMITED Company Profile | Nagpur ...,https://www.dnb.com/business-directory/company-profiles.photronix_led_lights_private_limited.9fe402f87890db3e77e1f25a2e00ed14.html,dnb.com,"""PHOTRONIX LED LIGHTS PRIVATE LIMITED"" Nagpur",Photronix Led Lights Private Limited - registerkaro.in,https://www.registerkaro.in/company/photronix-led-lights-private-limited-U31907MH2017PTC297766,registerkaro.in,"""PHOTRONIX LED LIGHTS PRIVATE LIMITED"" Nagpur",Photronix Led Lights Private Limited - U31907mh2017ptc297766,https://www.instafinancials.com/company/photronix-led-lights-private-limited-U31907MH2017PTC297766/contact-us.html,instafinancials.com,"""PHOTRONIX LED LIGHTS PRIVATE LIMITED"" website",Photronix Led Lights Private Limited Company Profile - Business Profile ...,https://info.edgeinsights.in/company/Photronix-Led-Lights-Private-Limited/169422,info.edgeinsights.in,"""PHOTRONIX LED LIGHTS PRIVATE LIMITED"" website",PHOTRONIX LED LIGHTS PRIVATE LIMITED | U31907MH2017PTC297766 - IndiaFilings,https://www.indiafilings.com/search/photronix-led-lights-private-limited-cin-U31907MH2017PTC297766,indiafilings.com,"""PHOTRONIX LED LIGHTS PRIVATE LIMITED"" India"
5b1637e6e4b04e859d296d27,KALINDI VENTURES,https://www.CalvayFood.com,DNS_ERROR,CANDIDATES_FOUND,2,2,"KALINDI VENTURES PRIVATE LIMITED Company Profile | Nagpur, Maharashtra ...",https://www.dnb.com/business-directory/company-profiles.kalindi_ventures_private_limited.3faef3defc74419a26b30d44f2f3687b.html,dnb.com,"""KALINDI VENTURES"" Nagpur",Kalindi Ventures Private Limited - Company overview,https://www.infyner.com/company/kalindi-ventures-private-limited/U70109MH2021PTC366091,infyner.com,"""KALINDI VENTURES"" Nagpur",KALINDI VENTURES PRIVATE LIMITED | U70109MH2021PTC366091 - IndiaFilings,https://www.indiafilings.com/search/kalindi-ventures-private-limited-cin-U70109MH2021PTC366091,indiafilings.com,"""KALINDI VENTURES"" Nagpur","Kalindi Ventures Private Limited - Company, Directors, Charges and ...",https://www.filesure.in/company/kalindi-ventures-private-limited/U70109MH2021PTC366091?tab=about,filesure.in,"""KALINDI VENTURES"" Nagpur",Kalindi Ventures Private Limited Company Profile - Business Profile ...,https://info.edgeinsights.in/company/Kalindi-Ventures-Private-Limited/212344,info.edgeinsights.in,"""KALINDI VENTURES"" website"
5acaff98e4b0c13abcef2985,GRAPE FOODTECH PRIVATE LIMITED,https://www.grapecorp.in,DNS_ERROR,CANDIDATES_FOUND,1,1,GRAPE FOODTECH PRIVATE LIMITED - CIN U15125MH2017PTC294791 | Company ...,https://www.mhrera.com/company-details?id=U15125MH2017PTC294791,mhrera.com,"""GRAPE FOODTECH PRIVATE LIMITED"" Nagpur","GRAPE FOODTECH PRIVATE LIMITED Company Profile | Nagpur, Maharashtra ...",https://www.dnb.com/business-directory/company-profiles.grape_foodtech_private_limited.20cc450ae8c7ae51f078cc1fd3c322f2.html,dnb.com,"""GRAPE FOODTECH PRIVATE LIMITED"" Nagpur","Grape Foodtech Private Limited - Company Details, CIN, Directors ...",https://www.registerkaro.in/company/grape-foodtech-private-limited-U15125MH2017PTC294791,registerkaro.in,"""GRAPE FOODTECH PRIVATE LIMITED"" Nagpur",GRAPE FOODTECH PRIVATE LIMITED - IndiaFilings,https://www.indiafilings.com/search/grape-foodtech-private-limited-cin-U15125MH2017PTC294791,indiafilings.com,"""GRAPE FOODTECH PRIVATE LIMITED"" Nagpur",Grape Foodtech Private Limited (U15125MH2017PTC294791) — Maharashtra ...,https://corpintel.io/GRAPE-FOODTECH-PRIVATE-LIMITED-U15125MH2017PTC294791,corpintel.io,"""GRAPE FOODTECH PRIVATE LIMITED"" Nagpur"
5aca6132e4b0c13abcef287b,AIRAVAT CORPORATE SERVICES PRIVATE LIMITED,https://www.airavatcs.in,DNS_ERROR,CANDIDATES_FOUND,4,4,AIRAVAT CORPORATE SERVICES PRIVATE LIMITED Company Profile | Nagpur ...,https://www.dnb.com/business-directory/company-profiles.airavat_corporate_services_private_limited.a35664a707b8bd740639ce6bf84bd34d.html,dnb.com,"""AIRAVAT CORPORATE SERVICES PRIVATE LIMITED"" Nagpur",Airavat Corporate Services Private Limited - U72100mh2015ptc267581,https://www.instafinancials.com/company/airavat-corporate-services-private-limited-U72100MH2015PTC267581,instafinancials.com,"""AIRAVAT CORPORATE SERVICES PRIVATE LIMITED"" Nagpur",Airavat Corporate Services Private Limited Company Profile - Business ...,https://info.edgeinsights.in/company/Airavat-Corporate-Services-Private-Limited/155678,info.edgeinsights.in,"""AIRAVAT CORPORATE SERVICES PRIVATE LIMITED"" official website",AIRAVAT CORPORATE SERVICES PRIVATE LIMITED - IndiaFilings,https://www.indiafilings.com/search/airavat-corporate-services-private-limited-cin-U72100MH2015PTC267581,indiafilings.com,"""AIRAVAT CORPORATE SERVICES PRIVATE LIMITED"" official website",Airavat Corporate Services Private Limited - corpintel.io,https://corpintel.io/AIRAVAT-CORPORATE-SERVICES-PRIVATE-LIMITED-U72100MH2015PTC267581,corpintel.io,"""AIRAVAT CORPORATE SERVICES PRIVATE LIMITED"" India"
5ac0c31fe4b026aa2861d930,HOARDKINGS PRIVATE LIMITED,https://www.hoardking.com,DNS_ERROR,NO_CANDIDATES,6,0,,,,,,,,,,,,,,,,,,,,
5abf7661e4b026aa2861d742,VRIDDH PATH TRAVELLING ASSISTANCE PRIVATE LIMITED,https://www.cabnotels.com,DNS_ERROR,CANDIDATES_FOUND,6,6,Vriddh Path Travelling Assistance Private Limited,https://www.indiafilings.com/search/vriddh-path-travelling-assistance-private-limited-cin-U63030MH2018PTC303743,indiafilings.com,"""VRIDDH PATH TRAVELLING ASSISTANCE PRIVATE LIMITED"" Nagpur",,,,,,,,,,,,,,,,
5a7f0223e4b075325d8bb9f2,BLAST ENTERPRISES PRIVATE LIMITED,https://www.sabzilana.com,DNS_ERROR,CANDIDATES_FOUND,1,1,"BLAST ENTERPRISES PRIVATE LIMITED Company Profile | Nagpur, Maharashtra ...",https://www.dnb.com/business-directory/company-profiles.blast_enterprises_private_limited.f6464810668d4d4d62f4e162619bb6d5.html,dnb.com,"""BLAST ENTERPRISES PRIVATE LIMITED"" Nagpur",BLAST ENTERPRISES PRIVATE LIMITED MCA Profile | QorpIQ,https://qorpiq.com/company/blast-enterprises-private-limited/U74999MH2015PTC267330,qorpiq.com,"""BLAST ENTERPRISES PRIVATE LIMITED"" Nagpur","Blast Enterprises Private Limited - Directors, Financials, Charges ...",https://www.infyner.com/company/blast-enterprises-private-limited/U74999MH2015PTC267330,infyner.com,"""BLAST ENTERPRISES PRIVATE LIMITED"" Nagpur",BLAST ENTERPRISES PRIVATE LIMITED - IndiaFilings,https://www.indiafilings.com/search/blast-enterprises-private-limited-cin-U74999MH2015PTC267330,indiafilings.com,"""BLAST ENTERPRISES PRIVATE LIMITED"" Nagpur","Blast Enterprises Private Limited - Company, Directors, Charges and ...",https://www.filesure.in/company/blast-enterprises-private-limited/U74999MH2015PTC267330?tab=about,filesure.in,"""BLAST ENTERPRISES PRIVATE LIMITED"" Nagpur"
5a7e0489e4b075325d8bb6f3,INSPIRED FOODS PRIVATE LIMITED,https://www.guavaz.co,DNS_ERROR,CANDIDATES_FOUND,2,2,INSPIRED FOODS PRIVATE LIMITED - Company Details,https://www.masterdata.in/company/inspired_foods_private_limited/U15122MH2013PTC250373,masterdata.in,"""INSPIRED FOODS PRIVATE LIMITED"" Nagpur",Inspired Foods Private Limited - Company Details,https://www.infoqik.com/company/u15122mh2013ptc250373/inspired-foods-private-limited.html,infoqik.com,"""INSPIRED FOODS PRIVATE LIMITED"" Nagpur",INSPIRED FOODS PRIVATE LIMITED - credhive.in,https://www.credhive.in/ind/corporate/U15122MH2013PTC250373/INSPIRED%2525252520FOODS%2525252520PRIVATE%2525252520LIMITED/overview,credhive.in,"""INSPIRED FOODS PRIVATE LIMITED"" Nagpur",INSPIRED FOODS PRIVATE LIMITED - IndiaFilings,https://www.indiafilings.com/search/inspired-foods-private-limited-cin-U15122MH2013PTC250373,indiafilings.com,"""INSPIRED FOODS PRIVATE LIMITED"" website",Company Master Detail on Inspired Foods Private Limited,https://mycorporateinfo.com/business/inspired-foods-private-limited,mycorporateinfo.com,"""INSPIRED FOODS PRIVATE LIMITED"" website"
5a7bd59ee4b075325d8bae47,UPRUDENCE DIGITAL SOLUTIONS PRIVATE LIMITED,https://www.uprudenceagro.com,DNS_ERROR,NO_CANDIDATES,6,0,,,,,,,,,,,,,,,,,,,,
5a4bae35e4b0865903d62291,HOZANA INFOTECH PRIVATE LIMITED,https://nativoe.com,DNS_ERROR,CANDIDATES_FOUND,6,5,Company Master Detail on Hozana Infotech Private Limited,https://mycorporateinfo.com/business/hozana-infotech-private-limited,mycorporateinfo.com,"""HOZANA INFOTECH PRIVATE LIMITED"" website",HOZANA INFOTECH PRIVATE LIMITED - credhive.in,https://www.credhive.in/ind/corporate/U74999MH2018PTC308440/HOZANA%2520INFOTECH%2520PRIVATE%2520LIMITED/overview,credhive.in,"""HOZANA INFOTECH PRIVATE LIMITED"" website",HOZANA INFOTECH PRIVATE LIMITED - D… | inspex,https://www.inspex.in/company/HOZANA-INFOTECH-PRIVATE-LIMITED-U74999MH2018PTC308440,inspex.in,"""HOZANA INFOTECH PRIVATE LIMITED"" website",,,,,,,,
5a434e7be4b0762f513dbbbb,ATS IT WORLD PRIVATE LIMITED,http://www.atsitworld.com/,DNS_ERROR,CANDIDATES_FOUND,1,1,"ATS IT WORLD PRIVATE LIMITED Company Profile | Nagpur, Maharashtra ...",https://www.dnb.com/business-directory/company-profiles.ats_it_world_private_limited.908c0f8758e98203dc72294ca46880e7.html,dnb.com,"""ATS IT WORLD PRIVATE LIMITED"" Nagpur",ATS IT WORLD PRIVATE LIMITED - Company Profile | MasterData,https://www.masterdata.in/company/ats_it_world_private_limited/U74900MH2016PTC273337,masterdata.in,"""ATS IT WORLD PRIVATE LIMITED"" Nagpur",ATS IT WORLD PRIVATE LIMITED - Company Information,https://www.registrationwala.com/company/ats-it-world-private-limited/U74900MH2016PTC273337,registrationwala.com,"""ATS IT WORLD PRIVATE LIMITED"" Nagpur",ATS IT WORLD PRIVATE LIMITED - U74900MH2016PTC273337 - InstaFinancials,https://www.instafinancials.com/company/ats-it-world-private-limited/U74900MH2016PTC273337/index.html,instafinancials.com,"""ATS IT WORLD PRIVATE LIMITED"" Nagpur",ATS IT WORLD PRIVATE LIMITED | U74900MH2016PTC273337 - IndiaFilings,https://www.indiafilings.com/search/ats-it-world-private-limited-cin-U74900MH2016PTC273337,indiafilings.com,"""ATS IT WORLD PRIVATE LIMITED"" Nagpur"
59fdabc0e4b0f281b9ab9071,NEWOPTION ONLINE SERVICES PRIVATE LIMITED,https://www.newoptions.co.in,DNS_ERROR,NO_CANDIDATES,6,0,,,,,,,,,,,,,,,,,,,,
59f97335e4b0f281b9ab8a6a,MVM SOLUTIONS PRIVATE LIMITED,https://www.vngz.in,DNS_ERROR,CANDIDATES_FOUND,3,3,Mvm Solutions Private Limited Company Profile - Business Profile | Edge ...,https://info.edgeinsights.in/company/Mvm-Solutions-Private-Limited/137145,info.edgeinsights.in,"""MVM SOLUTIONS PRIVATE LIMITED"" Nagpur","Mvm Solutions Private Limited - Company, Directors, Charges and ...",https://www.filesure.in/company/mvm-solutions-private-limited/U72200MH2017PTC295892?tab=about,filesure.in,"""MVM SOLUTIONS PRIVATE LIMITED"" Nagpur",MVM SOLUTIONS PRIVATE LIMITED - IndiaFilings,https://www.indiafilings.com/search/mvm-solutions-private-limited-cin-U72200MH2017PTC295892,indiafilings.com,"""MVM SOLUTIONS PRIVATE LIMITED"" Nagpur",MVM SOLUTIONS PRIVATE LIMITED - Dun & Bradstreet,https://www.dnb.com/business-directory/company-profiles.mvm_solutions_private_limited.aeb96410ac4f7632ecd7123a5b8bfa7e.html,dnb.com,"""MVM SOLUTIONS PRIVATE LIMITED"" website",MVM SOLUTIONS PRIVATE LIMITED (U72200MH2017PTC295892) — Dir…,https://www.inspex.in/company/MVM-SOLUTIONS-PRIVATE-LIMITED-U72200MH2017PTC295892,inspex.in,"""MVM SOLUTIONS PRIVATE LIMITED"" official website"
5957d90de4b0bcdc8b670de6,VCREATORSS IT LLP,https://www.vcreatorss.com,DNS_ERROR,CANDIDATES_FOUND,2,2,"VCREATORSS IT LLP Company Profile | Nagpur, Maharashtra | Competitors ...",https://www.dnb.com/business-directory/company-profiles.vcreatorss_it_llp.d34d43f9f7640c5bde8d3ec517f18b8e.html,dnb.com,"""VCREATORSS IT LLP"" Nagpur",VCREATORSS IT LLP | AAG-8330 -IndiaFilings,https://www.indiafilings.com/search/vcreatorss-it-llp-AAG-8330,indiafilings.com,"""VCREATORSS IT LLP"" Nagpur","Vcreatorss It Llp - Company, Directors, Charges and Compliance details ...",https://www.filesure.in/company/vcreatorss-it-llp/AAG-8330?tab=about,filesure.in,"""VCREATORSS IT LLP"" Nagpur",VCREATORSS IT LLP - AAG-8330 - India LEI,https://indialei.in/detailed-information/12049561/vcreatorss-it-llp/,indialei.in,"""VCREATORSS IT LLP"" Nagpur",VCreatorss IT LLP Company Profile - Business Profile | Edge Insights,https://info.edgeinsights.in/company/VCreatorss-IT-LLP/125653,info.edgeinsights.in,"""VCREATORSS IT LLP"" website"
59569d5ee4b0bcdc8b670d6e,Lihos Motors Pvt. Ltd.,https://www.lithosmotors.com,DNS_ERROR,NO_CANDIDATES,6,0,,,,,,,,,,,,,,,,,,,,
